Title,Affiliate_URL,Price_EUR,Original_Price_EUR,Discount_Pct,Keepa_ATL_EUR,Category,Subcategory,Brand,ASIN,Is_Cyclical,Cycle_Days,Virality_Score
Florence Bio Sieri Viso & Trattamenti Anti-Age Premium Edition Mod. 21 (0021),https://www.amazon.it/dp/B001000021?tag=offertissimes-21,8.99,15.13,33.8,8.99,Bellezza e Cura della Persona,Sieri Viso & Trattamenti Anti-Age,Florence Bio,B001000021,1,54,91
COSRX Bava di Lumaca 96% Advanced Snail Mucin Power Essence (100ml),https://www.amazon.it/dp/B00PBX3L7K?tag=offertissimes-21,14.5,24.9,33.5,13.9,Bellezza e Cura della Persona,Sieri Viso & Trattamenti Anti-Age,COSRX,B00PBX3L7K,1,45,98
Spazzola Toglipelo Ace2Ace Rullo Elettrostatico Riutilizzabile per Cani e Gatti,https://www.amazon.it/dp/B0819XVK92?tag=offertissimes-21,11.99,19.99,29.1,11.49,Animali Domestici (Pet Care),Spazzole Rullo Toglipelo Elettrostatiche,Ace2Ace,B0819XVK92,0,240,98
"Florence Siero Viso Bio Vitamina C, E e Acido Ialuronico Puro 60ml",https://www.amazon.it/dp/B076611K66?tag=offertissimes-21,9.99,15.99,28.1,9.49,Bellezza e Cura della Persona,Sieri Viso & Trattamenti Anti-Age,Florence Bio,B076611K66,1,40,95
The Pink Stuff Pasta Pulente Miracolosa Multiuso 850g per Forni e Pentole,https://www.amazon.it/dp/B00DU5SRIY?tag=offertissimes-21,7.9,12.9,27.5,6.99,Cura della Casa e Pulizia,Pulitori Miracolosi Virali & Spugne,The Pink Stuff,B00DU5SRIY,0,120,99
Optimum Nutrition Creatina Monoidrato Polvere Pura 100% 317g (63 Porzioni),https://www.amazon.it/dp/B002DYIZEO?tag=offertissimes-21,16.99,24.99,25.8,16.5,"Salute, Igiene e Integratori",Creatina Monoidrato & Pre-Workout,Optimum Nutrition,B002DYIZEO,1,30,93
Aqualogis Pure+ Cartuccia per Filtro dell Acqua Compatibile Brita Maxtra+ (Confezione da 3 Pezzi),https://www.amazon.it/Aqualogis-Pure/dp/B07KYZ6X33?tag=offertissimes-21,16.49,21.99,25.0,14.99,"Casa, Cucina ed Elettrodomestici",Filtri Acqua e Caraffe,Aqualogis,B07KYZ6X33,1,90,88
Finish Quantum Ultimate Pastiglie Lavastoviglie Limone (Maxi Box 160 Caps),https://www.amazon.it/dp/B08N582H3N?tag=offertissimes-21,28.9,44.9,24.9,27.9,Cura della Casa e Pulizia,Capsule Lavastoviglie Maxi Box (100-160pz),Finish,B08N582H3N,1,60,94
Pampers Progressi Maxi Taglia 4 (7-18 kg) Box Scorta Mensile 156 Pannolini,https://www.amazon.it/dp/B07N8Z78X8?tag=offertissimes-21,48.9,72.0,24.7,47.9,Prima Infanzia e Maternità,Pannolini Box Scorta Mensile (120-180pz),Pampers,B07N8Z78X8,1,22,97
TP-Link Tapo P110 Presa Smart Wi-Fi con Monitoraggio Consumo Energetico 16A,https://www.amazon.it/dp/B083Q7L7GB?tag=offertissimes-21,10.99,15.99,24.2,9.99,"Elettronica, Accessori e Gadget Smart",Prese Smart Wi-Fi Monitoraggio Consumi,TP-Link,B083Q7L7GB,0,360,95
Oral-B CrossAction Testine Spazzolino Elettrico con Tecnologia CleanMaximiser (10pz),https://www.amazon.it/dp/B0892B1MCR?tag=offertissimes-21,28.99,44.9,23.7,27.5,Bellezza e Cura della Persona,Igiene Orale & Ricambi Spazzolini,Oral-B,B0892B1MCR,1,90,93
Anker Cavo USB-C a USB-C PowerLine Flow 100W Morbido al Tatto (1.8m),https://www.amazon.it/dp/B093L371T8?tag=offertissimes-21,12.99,18.99,23.5,11.99,"Elettronica, Accessori e Gadget Smart",Cavi USB-C Fast Charge 100W/240W Multipack,Anker,B093L371T8,0,180,94
Xiaomi Portable Electric Air Compressor 2 - Compressore Portatile Digitale 150 PSI,https://www.amazon.it/dp/B0C7491XRN?tag=offertissimes-21,39.99,59.99,23.1,38.5,Auto e Moto (Accessori & Manutenzione),Compressori Portatili Ricaricabili Wireless,Xiaomi,B0C7491XRN,0,360,97
Caffè Borbone Miscela Nera - Box 150 Cialde ESE 44mm Compostabili,https://www.amazon.it/dp/B073XVK2V1?tag=offertissimes-21,17.5,24.9,21.9,16.9,"Alimentari, Caffè e Bevande",Cialde & Capsule Caffè Scorte 100-150pz,Caffè Borbone,B073XVK2V1,1,30,96
Brita Maxtra+ Confezione 6 Filtri Ricambio per Caraffe Filtranti (Durata 6 Mesi),https://www.amazon.it/dp/B073ZFM4Q8?tag=offertissimes-21,27.9,39.99,21.4,26.9,Cura della Casa e Pulizia,Filtri Ricambio Caraffe & Depuratori Acqua,Brita,B073ZFM4Q8,1,60,91
Lattafa Asad Eau de Parfum 100ml - Fragranza Orientale Virale TikTok,https://www.amazon.it/dp/B09W2B472L?tag=offertissimes-21,27.5,39.9,21.2,25.9,Bellezza e Cura della Persona,Profumeria & Fragranze Virali,Lattafa,B09W2B472L,0,180,99
Optimum Nutrition Gold Standard 100% Whey Proteine in Polvere Isolate 2.27kg,https://www.amazon.it/dp/B000GIQT06?tag=offertissimes-21,54.9,74.99,17.4,53.9,"Salute, Igiene e Integratori",Proteine & Aminoacidi Sportivi,Optimum Nutrition,B000GIQT06,1,40,96
Restivoil Cura dei Capelli & Shampoo Trattanti Premium Edition Mod. 50 (0178),https://www.amazon.it/dp/B001000178?tag=offertissimes-21,36.63,52.97,15.2,33.8,Bellezza e Cura della Persona,Cura dei Capelli & Shampoo Trattanti,Restivoil,B001000178,1,49,89
"Braun Rasatura, Lame & Depilazione Premium Edition Mod. 28 (0219)",https://www.amazon.it/dp/B001000219?tag=offertissimes-21,18.05,24.0,15.2,15.48,Bellezza e Cura della Persona,"Rasatura, Lame & Depilazione",Braun,B001000219,1,44,81
Beurer Dispositivi Elettromedicali & Termometri Premium Edition Mod. 55 (0663),https://www.amazon.it/dp/B001000663?tag=offertissimes-21,33.6,42.07,15.2,32.54,"Salute, Igiene e Integratori",Dispositivi Elettromedicali & Termometri,Beurer,B001000663,0,517,72
Voltrx Shaker Magnetici & Accessori Virali Gym Premium Edition Mod. 02 (0666),https://www.amazon.it/dp/B001000666?tag=offertissimes-21,37.3,48.39,15.2,32.45,"Salute, Igiene e Integratori",Shaker Magnetici & Accessori Virali Gym,Voltrx,B001000666,0,441,89
Lavazza Cialde & Capsule Caffè Scorte 100-150pz Premium Edition Mod. 26 (0746),https://www.amazon.it/dp/B001000746?tag=offertissimes-21,13.61,17.21,15.2,12.18,"Alimentari, Caffè e Bevande",Cialde & Capsule Caffè Scorte 100-150pz,Lavazza,B001000746,1,19,89
Caffè Toraldo Cialde & Capsule Caffè Scorte 100-150pz Premium Edition Mod. 37 (0757),https://www.amazon.it/dp/B001000757?tag=offertissimes-21,38.21,48.73,15.2,36.96,"Alimentari, Caffè e Bevande",Cialde & Capsule Caffè Scorte 100-150pz,Caffè Toraldo,B001000757,1,25,94
Jordan's Skinny Sciroppi Zero Calorie & Aromi Barista Premium Edition Mod. 03 (0931),https://www.amazon.it/dp/B001000931?tag=offertissimes-21,34.56,50.27,15.2,30.99,"Alimentari, Caffè e Bevande",Sciroppi Zero Calorie & Aromi Barista,Jordan's Skinny,B001000931,0,242,89
Finish Quantum Capsule Lavastoviglie Maxi Box (100-160pz) Premium Edition Mod. 27 (1007),https://www.amazon.it/dp/B001001007?tag=offertissimes-21,22.93,29.48,15.2,19.94,Cura della Casa e Pulizia,Capsule Lavastoviglie Maxi Box (100-160pz),Finish Quantum,B001001007,1,53,91
Finish Quantum Capsule Lavastoviglie Maxi Box (100-160pz) Premium Edition Mod. 29 (1009),https://www.amazon.it/dp/B001001009?tag=offertissimes-21,33.34,47.78,15.2,29.48,Cura della Casa e Pulizia,Capsule Lavastoviglie Maxi Box (100-160pz),Finish Quantum,B001001009,1,61,88
Brita Maxtra+ Filtri Ricambio Caraffe & Depuratori Acqua Premium Edition Mod. 11 (1111),https://www.amazon.it/dp/B001001111?tag=offertissimes-21,19.91,23.82,15.2,17.94,Cura della Casa e Pulizia,Filtri Ricambio Caraffe & Depuratori Acqua,Brita Maxtra+,B001001111,1,32,83
Sinland Panni Microfibra Alta Densità & Swiffer Ricambi Premium Edition Mod. 19 (1239),https://www.amazon.it/dp/B001001239?tag=offertissimes-21,29.6,39.46,15.2,28.43,Cura della Casa e Pulizia,Panni Microfibra Alta Densità & Swiffer Ricambi,Sinland,B001001239,1,54,71
Chicco Salviette Umidificate All'Acqua 99% Premium Edition Mod. 35 (1351),https://www.amazon.it/dp/B001001351?tag=offertissimes-21,23.78,37.42,15.2,22.32,Prima Infanzia e Maternità,Salviette Umidificate All'Acqua 99%,Chicco,B001001351,1,22,85
Angelcare Ricariche Mangia-Pannolini Multistrato Premium Edition Mod. 23 (1375),https://www.amazon.it/dp/B001001375?tag=offertissimes-21,52.36,74.56,15.2,48.94,Prima Infanzia e Maternità,Ricariche Mangia-Pannolini Multistrato,Angelcare,B001001375,1,18,84
Purina Dentalife Snack Igiene Dentale Cani Scorte Mensili Premium Edition Mod. 12 (1566),https://www.amazon.it/dp/B001001566?tag=offertissimes-21,19.99,29.76,15.2,18.39,Animali Domestici (Pet Care),Snack Igiene Dentale Cani Scorte Mensili,Purina Dentalife,B001001566,1,36,91
Aumuca Spazzole Rullo Toglipelo Elettrostatiche Premium Edition Mod. 18 (1666),https://www.amazon.it/dp/B001001666?tag=offertissimes-21,20.64,29.71,15.2,18.65,Animali Domestici (Pet Care),Spazzole Rullo Toglipelo Elettrostatiche,Aumuca,B001001666,0,369,97
Spigen Pellicole Salvaschermo Vetro con Dima Installazione Premium Edition Mod. 20 (1814),https://www.amazon.it/dp/B001001814?tag=offertissimes-21,48.15,72.04,15.2,43.04,"Elettronica, Accessori e Gadget Smart",Pellicole Salvaschermo Vetro con Dima Installazione,Spigen,B001001814,1,298,90
Cosori Carta Forno Riutilizzabile & Accessori Friggitrice Aria Premium Edition Mod. 15 (2127),https://www.amazon.it/dp/B001002127?tag=offertissimes-21,109.09,150.13,15.2,95.32,"Casa, Cucina ed Elettrodomestici",Carta Forno Riutilizzabile & Accessori Friggitrice Aria,Cosori,B001002127,1,201,91
iDesign Organizer Frigo & Dispensa Trasparenti Acrilico Premium Edition Mod. 39 (2307),https://www.amazon.it/dp/B001002307?tag=offertissimes-21,44.42,69.49,15.2,42.84,"Casa, Cucina ed Elettrodomestici",Organizer Frigo & Dispensa Trasparenti Acrilico,iDesign,B001002307,0,500,92
Chemical Guys Kit Pulizia & Manutenzione Pelle/Plastiche Auto Premium Edition Mod. 17 (2627),https://www.amazon.it/dp/B001002627?tag=offertissimes-21,24.75,35.23,15.2,22.13,Auto e Moto (Accessori & Manutenzione),Kit Pulizia & Manutenzione Pelle/Plastiche Auto,Chemical Guys,B001002627,1,84,81
Gritin Fasce Elastiche di Resistenza & Loop Bands Tessuto Premium Edition Mod. 28 (2728),https://www.amazon.it/dp/B001002728?tag=offertissimes-21,31.7,48.87,15.2,28.04,"Sport, Fitness e Attrezzatura",Fasce Elastiche di Resistenza & Loop Bands Tessuto,Gritin,B001002728,1,119,91
Prestige Cartridge Cartucce & Toner Compatibili Multipack Premium Edition Mod. 02 (2892),https://www.amazon.it/dp/B001002892?tag=offertissimes-21,16.96,24.41,15.2,14.47,"Cancelleria, Ufficio e Spedizioni",Cartucce & Toner Compatibili Multipack,Prestige Cartridge,B001002892,1,42,84
Fabriano Risme Carta da Stampa A4 80g Scorte 2500ff Premium Edition Mod. 12 (2934),https://www.amazon.it/dp/B001002934?tag=offertissimes-21,48.28,69.94,15.2,45.74,"Cancelleria, Ufficio e Spedizioni",Risme Carta da Stampa A4 80g Scorte 2500ff,Fabriano,B001002934,1,85,75
Levi's Boxer Cotone Elasticizzato Multipack (6-10pz) Premium Edition Mod. 19 (3069),https://www.amazon.it/dp/B001003069?tag=offertissimes-21,14.23,20.61,15.2,12.58,Abbigliamento Base e Calzetteria,Boxer Cotone Elasticizzato Multipack (6-10pz),Levi's,B001003069,1,107,88
Fruit of the Loom T-Shirt Girocollo Cotone Pesante Pack da 5 Premium Edition Mod. 20 (3136),https://www.amazon.it/dp/B001003136?tag=offertissimes-21,24.24,32.77,15.2,22.23,Abbigliamento Base e Calzetteria,T-Shirt Girocollo Cotone Pesante Pack da 5,Fruit of the Loom,B001003136,1,87,93
Dragon Shield Bustine Protettive Carte Collezionabili (100-500pz) Premium Edition Mod. 13 (3193),https://www.amazon.it/dp/B001003193?tag=offertissimes-21,45.05,51.81,15.2,41.3,"Giochi, Hobbies e Tempo Libero",Bustine Protettive Carte Collezionabili (100-500pz),Dragon Shield,B001003193,1,306,86
Newton Compton Romanzi Virali BookTok & Romance Trend Premium Edition Mod. 16 (3352),https://www.amazon.it/dp/B001003352?tag=offertissimes-21,21.87,30.72,15.2,20.0,"Libri, Agende e Self-Help",Romanzi Virali BookTok & Romance Trend,Newton Compton,B001003352,0,396,100
Dingbats Quaderni Puntinati Bullet Journal Dotted 120g Premium Edition Mod. 22 (3380),https://www.amazon.it/dp/B001003380?tag=offertissimes-21,15.68,25.01,15.2,14.99,"Libri, Agende e Self-Help",Quaderni Puntinati Bullet Journal Dotted 120g,Dingbats,B001003380,1,222,87
CeraVe Sieri Viso & Trattamenti Anti-Age Premium Edition Mod. 61 (0061),https://www.amazon.it/dp/B001000061?tag=offertissimes-21,48.97,63.2,15.1,44.9,Bellezza e Cura della Persona,Sieri Viso & Trattamenti Anti-Age,CeraVe,B001000061,1,30,92
L'Oréal Professionnel Cura dei Capelli & Shampoo Trattanti Premium Edition Mod. 31 (0159),https://www.amazon.it/dp/B001000159?tag=offertissimes-21,45.07,55.07,15.1,43.44,Bellezza e Cura della Persona,Cura dei Capelli & Shampoo Trattanti,L'Oréal Professionnel,B001000159,1,45,81
"Gillette Rasatura, Lame & Depilazione Premium Edition Mod. 53 (0244)",https://www.amazon.it/dp/B001000244?tag=offertissimes-21,31.2,41.84,15.1,28.84,Bellezza e Cura della Persona,"Rasatura, Lame & Depilazione",Gillette,B001000244,1,57,75
NYX Make-Up & Accessori Bellezza Virali Premium Edition Mod. 04 (0321),https://www.amazon.it/dp/B001000321?tag=offertissimes-21,15.3,20.82,15.1,13.97,Bellezza e Cura della Persona,Make-Up & Accessori Bellezza Virali,NYX,B001000321,0,391,87
Foodspring Proteine & Aminoacidi Sportivi Premium Edition Mod. 22 (0402),https://www.amazon.it/dp/B001000402?tag=offertissimes-21,55.3,68.52,15.1,47.23,"Salute, Igiene e Integratori",Proteine & Aminoacidi Sportivi,Foodspring,B001000402,1,22,86
Creapure Creatina Monoidrato & Pre-Workout Premium Edition Mod. 11 (0448),https://www.amazon.it/dp/B001000448?tag=offertissimes-21,49.56,68.92,15.1,47.68,"Salute, Igiene e Integratori",Creatina Monoidrato & Pre-Workout,Creapure,B001000448,1,36,95
Nespresso Cialde & Capsule Caffè Scorte 100-150pz Premium Edition Mod. 03 (0723),https://www.amazon.it/dp/B001000723?tag=offertissimes-21,31.19,41.03,15.1,30.51,"Alimentari, Caffè e Bevande",Cialde & Capsule Caffè Scorte 100-150pz,Nespresso,B001000723,1,29,92
Pril Gold Capsule Lavastoviglie Maxi Box (100-160pz) Premium Edition Mod. 05 (0985),https://www.amazon.it/dp/B001000985?tag=offertissimes-21,17.61,26.35,15.1,16.87,Cura della Casa e Pulizia,Capsule Lavastoviglie Maxi Box (100-160pz),Pril Gold,B001000985,1,37,90
Laica Filtri Ricambio Caraffe & Depuratori Acqua Premium Edition Mod. 03 (1103),https://www.amazon.it/dp/B001001103?tag=offertissimes-21,24.44,37.83,15.1,22.73,Cura della Casa e Pulizia,Filtri Ricambio Caraffe & Depuratori Acqua,Laica,B001001103,1,73,87
Sinland Panni Microfibra Alta Densità & Swiffer Ricambi Premium Edition Mod. 20 (1240),https://www.amazon.it/dp/B001001240?tag=offertissimes-21,44.76,52.89,15.1,42.97,Cura della Casa e Pulizia,Panni Microfibra Alta Densità & Swiffer Ricambi,Sinland,B001001240,1,39,76
Angelcare Ricariche Mangia-Pannolini Multistrato Premium Edition Mod. 19 (1371),https://www.amazon.it/dp/B001001371?tag=offertissimes-21,18.77,21.9,15.1,16.63,Prima Infanzia e Maternità,Ricariche Mangia-Pannolini Multistrato,Angelcare,B001001371,1,22,93
Weleda Paste Cambio Protettive Ossido Zinco Premium Edition Mod. 25 (1413),https://www.amazon.it/dp/B001001413?tag=offertissimes-21,68.75,83.86,15.1,65.57,Prima Infanzia e Maternità,Paste Cambio Protettive Ossido Zinco,Weleda,B001001413,1,21,85
Amazon Basics Sacchetti Igienici Cane Biodegradabili (300-600pz) Premium Edition Mod. 12 (1519),https://www.amazon.it/dp/B001001519?tag=offertissimes-21,51.91,77.43,15.1,50.6,Animali Domestici (Pet Care),Sacchetti Igienici Cane Biodegradabili (300-600pz),Amazon Basics,B001001519,1,28,86
Klearlook Kit Pulizia Multifunzione 7-in-1 Tech Premium Edition Mod. 23 (1977),https://www.amazon.it/dp/B001001977?tag=offertissimes-21,62.54,79.87,15.1,55.37,"Elettronica, Accessori e Gadget Smart",Kit Pulizia Multifunzione 7-in-1 Tech,Klearlook,B001001977,0,504,99
Klearlook Kit Pulizia Multifunzione 7-in-1 Tech Premium Edition Mod. 25 (1979),https://www.amazon.it/dp/B001001979?tag=offertissimes-21,51.69,67.87,15.1,50.22,"Elettronica, Accessori e Gadget Smart",Kit Pulizia Multifunzione 7-in-1 Tech,Klearlook,B001001979,0,481,94
Shelly Prese Smart Wi-Fi Monitoraggio Consumi Premium Edition Mod. 17 (2024),https://www.amazon.it/dp/B001002024?tag=offertissimes-21,26.4,41.79,15.1,23.81,"Elettronica, Accessori e Gadget Smart",Prese Smart Wi-Fi Monitoraggio Consumi,Shelly,B001002024,0,424,83
Cosori Carta Forno Riutilizzabile & Accessori Friggitrice Aria Premium Edition Mod. 09 (2121),https://www.amazon.it/dp/B001002121?tag=offertissimes-21,28.86,40.01,15.1,25.37,"Casa, Cucina ed Elettrodomestici",Carta Forno Riutilizzabile & Accessori Friggitrice Aria,Cosori,B001002121,1,65,89
Cosori Carta Forno Riutilizzabile & Accessori Friggitrice Aria Premium Edition Mod. 39 (2151),https://www.amazon.it/dp/B001002151?tag=offertissimes-21,36.27,45.33,15.1,35.25,"Casa, Cucina ed Elettrodomestici",Carta Forno Riutilizzabile & Accessori Friggitrice Aria,Cosori,B001002151,1,357,95
Ninja Friggitrici ad Aria a Doppia Resistenza Premium Edition Mod. 31 (2195),https://www.amazon.it/dp/B001002195?tag=offertissimes-21,28.63,33.16,15.1,26.85,"Casa, Cucina ed Elettrodomestici",Friggitrici ad Aria a Doppia Resistenza,Ninja,B001002195,0,310,97
mDesign Organizer Frigo & Dispensa Trasparenti Acrilico Premium Edition Mod. 12 (2280),https://www.amazon.it/dp/B001002280?tag=offertissimes-21,104.84,165.26,15.1,96.24,"Casa, Cucina ed Elettrodomestici",Organizer Frigo & Dispensa Trasparenti Acrilico,mDesign,B001002280,0,286,96
Vtopmart Organizer Frigo & Dispensa Trasparenti Acrilico Premium Edition Mod. 13 (2281),https://www.amazon.it/dp/B001002281?tag=offertissimes-21,73.01,98.34,15.1,69.07,"Casa, Cucina ed Elettrodomestici",Organizer Frigo & Dispensa Trasparenti Acrilico,Vtopmart,B001002281,0,539,92
Severin Montalatte Elettrici a Induzione Virali Premium Edition Mod. 06 (2325),https://www.amazon.it/dp/B001002325?tag=offertissimes-21,24.11,33.31,15.1,21.79,"Casa, Cucina ed Elettrodomestici",Montalatte Elettrici a Induzione Virali,Severin,B001002325,0,184,90
Duracell Pile Ricaricabili AA / AAA NiMH & Caricatori Smart Premium Edition Mod. 14 (2384),https://www.amazon.it/dp/B001002384?tag=offertissimes-21,58.7,92.9,15.1,56.36,"Fai da Te, Bricolage e Giardinaggio",Pile Ricaricabili AA / AAA NiMH & Caricatori Smart,Duracell,B001002384,1,116,91
Aigostar Lampadine LED Smart Dimmerabili Attacco E27/GU10 Premium Edition Mod. 04 (2410),https://www.amazon.it/dp/B001002410?tag=offertissimes-21,58.44,79.4,15.1,52.19,"Fai da Te, Bricolage e Giardinaggio",Lampadine LED Smart Dimmerabili Attacco E27/GU10,Aigostar,B001002410,1,116,71
Chemical Guys Kit Pulizia & Manutenzione Pelle/Plastiche Auto Premium Edition Mod. 24 (2634),https://www.amazon.it/dp/B001002634?tag=offertissimes-21,42.55,50.55,15.1,41.11,Auto e Moto (Accessori & Manutenzione),Kit Pulizia & Manutenzione Pelle/Plastiche Auto,Chemical Guys,B001002634,1,116,89
Xiaomi Portable Air Pump 2 Compressori Portatili Ricaricabili Wireless Premium Edition Mod. 23 (2663),https://www.amazon.it/dp/B001002663?tag=offertissimes-21,18.12,26.88,15.1,16.82,Auto e Moto (Accessori & Manutenzione),Compressori Portatili Ricaricabili Wireless,Xiaomi Portable Air Pump 2,B001002663,0,228,92
BlazePods Corda per Saltare Professionale con Cuscinetti Rapidi Premium Edition Mod. 23 (2761),https://www.amazon.it/dp/B001002761?tag=offertissimes-21,84.85,102.66,15.1,79.61,"Sport, Fitness e Attrezzatura",Corda per Saltare Professionale con Cuscinetti Rapidi,BlazePods,B001002761,0,533,89
Toplus Tappetini Yoga Antiscivolo Alta Densità TPE Premium Edition Mod. 29 (2843),https://www.amazon.it/dp/B001002843?tag=offertissimes-21,41.25,47.68,15.1,39.01,"Sport, Fitness e Attrezzatura",Tappetini Yoga Antiscivolo Alta Densità TPE,Toplus,B001002843,0,265,87
Tatay Borse Termiche Pranzo Fit & Portavivande Ermetici Premium Edition Mod. 24 (2876),https://www.amazon.it/dp/B001002876?tag=offertissimes-21,29.18,46.12,15.1,26.31,"Sport, Fitness e Attrezzatura",Borse Termiche Pranzo Fit & Portavivande Ermetici,Tatay,B001002876,0,358,83
Aosbos Borse Termiche Pranzo Fit & Portavivande Ermetici Premium Edition Mod. 25 (2877),https://www.amazon.it/dp/B001002877?tag=offertissimes-21,59.48,95.49,15.1,54.52,"Sport, Fitness e Attrezzatura",Borse Termiche Pranzo Fit & Portavivande Ermetici,Aosbos,B001002877,0,394,90
Phomemo Etichette Termiche Adesive Spedizioni 100x150mm Premium Edition Mod. 02 (2956),https://www.amazon.it/dp/B001002956?tag=offertissimes-21,44.93,65.33,15.1,40.93,"Cancelleria, Ufficio e Spedizioni",Etichette Termiche Adesive Spedizioni 100x150mm,Phomemo,B001002956,1,38,96
Danish Endurance Boxer Cotone Elasticizzato Multipack (6-10pz) Premium Edition Mod. 20 (3070),https://www.amazon.it/dp/B001003070?tag=offertissimes-21,35.45,44.57,15.1,32.36,Abbigliamento Base e Calzetteria,Boxer Cotone Elasticizzato Multipack (6-10pz),Danish Endurance,B001003070,1,119,85
Uniqlo style Borse a Tracolla & Marsupi Virali Monospalla Premium Edition Mod. 11 (3159),https://www.amazon.it/dp/B001003159?tag=offertissimes-21,42.42,52.19,15.1,41.07,Abbigliamento Base e Calzetteria,Borse a Tracolla & Marsupi Virali Monospalla,Uniqlo style,B001003159,0,496,86
Eastpak Borse a Tracolla & Marsupi Virali Monospalla Premium Edition Mod. 29 (3177),https://www.amazon.it/dp/B001003177?tag=offertissimes-21,42.39,54.76,15.1,37.0,Abbigliamento Base e Calzetteria,Borse a Tracolla & Marsupi Virali Monospalla,Eastpak,B001003177,0,180,91
Speks Fidget Toys & Antistress Magnetici Virali Premium Edition Mod. 03 (3266),https://www.amazon.it/dp/B001003266?tag=offertissimes-21,15.85,18.96,15.1,13.67,"Giochi, Hobbies e Tempo Libero",Fidget Toys & Antistress Magnetici Virali,Speks,B001003266,0,190,93
Speks Fidget Toys & Antistress Magnetici Virali Premium Edition Mod. 04 (3267),https://www.amazon.it/dp/B001003267?tag=offertissimes-21,8.18,13.03,15.1,7.08,"Giochi, Hobbies e Tempo Libero",Fidget Toys & Antistress Magnetici Virali,Speks,B001003267,0,237,100
The Ordinary Sieri Viso & Trattamenti Anti-Age Premium Edition Mod. 26 (0026),https://www.amazon.it/dp/B001000026?tag=offertissimes-21,22.17,30.19,15.0,21.37,Bellezza e Cura della Persona,Sieri Viso & Trattamenti Anti-Age,The Ordinary,B001000026,1,31,97
"Gillette Rasatura, Lame & Depilazione Premium Edition Mod. 38 (0229)",https://www.amazon.it/dp/B001000229?tag=offertissimes-21,26.95,39.6,15.0,26.41,Bellezza e Cura della Persona,"Rasatura, Lame & Depilazione",Gillette,B001000229,1,42,89
Bandini Creatina Monoidrato & Pre-Workout Premium Edition Mod. 02 (0439),https://www.amazon.it/dp/B001000439?tag=offertissimes-21,25.65,31.01,15.0,23.65,"Salute, Igiene e Integratori",Creatina Monoidrato & Pre-Workout,Bandini,B001000439,1,22,96
"Nutravita Vitamine, Magnesio & Biohacking Sonno Premium Edition Mod. 43 (0537)",https://www.amazon.it/dp/B001000537?tag=offertissimes-21,13.42,15.77,15.0,11.43,"Salute, Igiene e Integratori","Vitamine, Magnesio & Biohacking Sonno",Nutravita,B001000537,1,45,85
Enervit Elettroliti & Idratazione Senza Zucchero Premium Edition Mod. 29 (0580),https://www.amazon.it/dp/B001000580?tag=offertissimes-21,19.88,30.14,15.0,16.96,"Salute, Igiene e Integratori",Elettroliti & Idratazione Senza Zucchero,Enervit,B001000580,1,45,87
BlenderBottle Shaker Magnetici & Accessori Virali Gym Premium Edition Mod. 18 (0682),https://www.amazon.it/dp/B001000682?tag=offertissimes-21,19.74,28.06,15.0,17.66,"Salute, Igiene e Integratori",Shaker Magnetici & Accessori Virali Gym,BlenderBottle,B001000682,0,530,93
BlenderBottle Shaker Magnetici & Accessori Virali Gym Premium Edition Mod. 32 (0696),https://www.amazon.it/dp/B001000696?tag=offertissimes-21,17.05,27.1,15.0,14.88,"Salute, Igiene e Integratori",Shaker Magnetici & Accessori Virali Gym,BlenderBottle,B001000696,0,362,82
Kimbo Caffè in Grani Specialty 1kg Premium Edition Mod. 01 (0773),https://www.amazon.it/dp/B001000773?tag=offertissimes-21,34.62,51.37,15.0,30.73,"Alimentari, Caffè e Bevande",Caffè in Grani Specialty 1kg,Kimbo,B001000773,1,21,79
BPR Nutrition Alimenti Proteici & Creme Spalmabili Zero Premium Edition Mod. 41 (0917),https://www.amazon.it/dp/B001000917?tag=offertissimes-21,40.5,51.39,15.0,38.67,"Alimentari, Caffè e Bevande",Alimenti Proteici & Creme Spalmabili Zero,BPR Nutrition,B001000917,1,18,92
Skinny Food Co Sciroppi Zero Calorie & Aromi Barista Premium Edition Mod. 40 (0968),https://www.amazon.it/dp/B001000968?tag=offertissimes-21,17.09,21.65,15.0,16.09,"Alimentari, Caffè e Bevande",Sciroppi Zero Calorie & Aromi Barista,Skinny Food Co,B001000968,0,489,87
TAPP Water Filtri Ricambio Caraffe & Depuratori Acqua Premium Edition Mod. 19 (1119),https://www.amazon.it/dp/B001001119?tag=offertissimes-21,26.8,31.42,15.0,25.47,Cura della Casa e Pulizia,Filtri Ricambio Caraffe & Depuratori Acqua,TAPP Water,B001001119,1,75,85
Chicco Salviette Umidificate All'Acqua 99% Premium Edition Mod. 11 (1327),https://www.amazon.it/dp/B001001327?tag=offertissimes-21,13.28,18.95,15.0,12.04,Prima Infanzia e Maternità,Salviette Umidificate All'Acqua 99%,Chicco,B001001327,1,27,87
Amazon Basics Sacchetti Igienici Cane Biodegradabili (300-600pz) Premium Edition Mod. 28 (1535),https://www.amazon.it/dp/B001001535?tag=offertissimes-21,46.49,67.11,15.0,39.66,Animali Domestici (Pet Care),Sacchetti Igienici Cane Biodegradabili (300-600pz),Amazon Basics,B001001535,1,33,89
Aumuca Spazzole Rullo Toglipelo Elettrostatiche Premium Edition Mod. 35 (1683),https://www.amazon.it/dp/B001001683?tag=offertissimes-21,54.75,78.09,15.0,52.61,Animali Domestici (Pet Care),Spazzole Rullo Toglipelo Elettrostatiche,Aumuca,B001001683,0,216,98
ESR Pellicole Salvaschermo Vetro con Dima Installazione Premium Edition Mod. 16 (1810),https://www.amazon.it/dp/B001001810?tag=offertissimes-21,77.79,110.17,15.0,66.17,"Elettronica, Accessori e Gadget Smart",Pellicole Salvaschermo Vetro con Dima Installazione,ESR,B001001810,1,245,86
ESR Supporti Auto Magnetici MagSafe Wireless Premium Edition Mod. 01 (1902),https://www.amazon.it/dp/B001001902?tag=offertissimes-21,60.53,70.45,15.0,52.35,"Elettronica, Accessori e Gadget Smart",Supporti Auto Magnetici MagSafe Wireless,ESR,B001001902,0,453,93
Lamicall Supporti Auto Magnetici MagSafe Wireless Premium Edition Mod. 11 (1912),https://www.amazon.it/dp/B001001912?tag=offertissimes-21,83.06,101.97,15.0,73.23,"Elettronica, Accessori e Gadget Smart",Supporti Auto Magnetici MagSafe Wireless,Lamicall,B001001912,0,516,100
Ninja Friggitrici ad Aria a Doppia Resistenza Premium Edition Mod. 50 (2214),https://www.amazon.it/dp/B001002214?tag=offertissimes-21,94.52,138.44,15.0,86.09,"Casa, Cucina ed Elettrodomestici",Friggitrici ad Aria a Doppia Resistenza,Ninja,B001002214,0,189,100
iDesign Organizer Frigo & Dispensa Trasparenti Acrilico Premium Edition Mod. 03 (2271),https://www.amazon.it/dp/B001002271?tag=offertissimes-21,19.62,23.35,15.0,17.39,"Casa, Cucina ed Elettrodomestici",Organizer Frigo & Dispensa Trasparenti Acrilico,iDesign,B001002271,0,372,97
iDesign Organizer Frigo & Dispensa Trasparenti Acrilico Premium Edition Mod. 18 (2286),https://www.amazon.it/dp/B001002286?tag=offertissimes-21,21.56,25.28,15.0,19.49,"Casa, Cucina ed Elettrodomestici",Organizer Frigo & Dispensa Trasparenti Acrilico,iDesign,B001002286,0,512,96
Bialetti Montalatte Elettrici a Induzione Virali Premium Edition Mod. 37 (2356),https://www.amazon.it/dp/B001002356?tag=offertissimes-21,85.39,108.84,15.0,79.63,"Casa, Cucina ed Elettrodomestici",Montalatte Elettrici a Induzione Virali,Bialetti,B001002356,0,287,87
EBL Pile Ricaricabili AA / AAA NiMH & Caricatori Smart Premium Edition Mod. 17 (2387),https://www.amazon.it/dp/B001002387?tag=offertissimes-21,80.37,96.5,15.0,72.65,"Fai da Te, Bricolage e Giardinaggio",Pile Ricaricabili AA / AAA NiMH & Caricatori Smart,EBL,B001002387,1,58,97
Pattex Nastri Adesivi Gorilla & Sigillanti Impermeabilizzanti Premium Edition Mod. 18 (2460),https://www.amazon.it/dp/B001002460?tag=offertissimes-21,27.37,43.49,15.0,24.52,"Fai da Te, Bricolage e Giardinaggio",Nastri Adesivi Gorilla & Sigillanti Impermeabilizzanti,Pattex,B001002460,1,76,83
Claber Sistemi Irrigazione a Goccia Smart per Balconi Premium Edition Mod. 16 (2530),https://www.amazon.it/dp/B001002530?tag=offertissimes-21,66.49,78.39,15.0,58.51,"Fai da Te, Bricolage e Giardinaggio",Sistemi Irrigazione a Goccia Smart per Balconi,Claber,B001002530,0,328,86
Meguiar's Kit Pulizia & Manutenzione Pelle/Plastiche Auto Premium Edition Mod. 29 (2639),https://www.amazon.it/dp/B001002639?tag=offertissimes-21,64.91,80.12,15.0,62.1,Auto e Moto (Accessori & Manutenzione),Kit Pulizia & Manutenzione Pelle/Plastiche Auto,Meguiar's,B001002639,1,129,88
Xiaomi Portable Air Pump 2 Compressori Portatili Ricaricabili Wireless Premium Edition Mod. 06 (2646),https://www.amazon.it/dp/B001002646?tag=offertissimes-21,30.54,45.84,15.0,26.8,Auto e Moto (Accessori & Manutenzione),Compressori Portatili Ricaricabili Wireless,Xiaomi Portable Air Pump 2,B001002646,0,187,93
Eufy Aspirapolvere Portatili per Auto ad Alta Potenza Premium Edition Mod. 17 (2687),https://www.amazon.it/dp/B001002687?tag=offertissimes-21,32.73,45.6,15.0,28.03,Auto e Moto (Accessori & Manutenzione),Aspirapolvere Portatili per Auto ad Alta Potenza,Eufy,B001002687,0,516,88
Black+Decker Aspirapolvere Portatili per Auto ad Alta Potenza Premium Edition Mod. 23 (2693),https://www.amazon.it/dp/B001002693?tag=offertissimes-21,59.95,83.29,15.0,52.28,Auto e Moto (Accessori & Manutenzione),Aspirapolvere Portatili per Auto ad Alta Potenza,Black+Decker,B001002693,0,446,86
Beast Gear Fasce Elastiche di Resistenza & Loop Bands Tessuto Premium Edition Mod. 02 (2702),https://www.amazon.it/dp/B001002702?tag=offertissimes-21,32.63,45.37,15.0,28.22,"Sport, Fitness e Attrezzatura",Fasce Elastiche di Resistenza & Loop Bands Tessuto,Beast Gear,B001002702,1,123,81
BlazePods Corda per Saltare Professionale con Cuscinetti Rapidi Premium Edition Mod. 20 (2758),https://www.amazon.it/dp/B001002758?tag=offertissimes-21,46.52,72.89,15.0,42.48,"Sport, Fitness e Attrezzatura",Corda per Saltare Professionale con Cuscinetti Rapidi,BlazePods,B001002758,0,196,82
Hypervolt Pistole Massaggianti Muscolari Portatili Premium Edition Mod. 06 (2782),https://www.amazon.it/dp/B001002782?tag=offertissimes-21,12.19,15.19,15.0,10.37,"Sport, Fitness e Attrezzatura",Pistole Massaggianti Muscolari Portatili,Hypervolt,B001002782,0,213,96
Lifewit Borse Termiche Pranzo Fit & Portavivande Ermetici Premium Edition Mod. 06 (2858),https://www.amazon.it/dp/B001002858?tag=offertissimes-21,59.02,75.16,15.0,56.24,"Sport, Fitness e Attrezzatura",Borse Termiche Pranzo Fit & Portavivande Ermetici,Lifewit,B001002858,0,214,87
Phomemo Etichette Termiche Adesive Spedizioni 100x150mm Premium Edition Mod. 07 (2961),https://www.amazon.it/dp/B001002961?tag=offertissimes-21,40.98,48.84,15.0,38.08,"Cancelleria, Ufficio e Spedizioni",Etichette Termiche Adesive Spedizioni 100x150mm,Phomemo,B001002961,1,72,95
Pilot Frixion Evidenziatori Pastello & Penne Gel Cancellabili Premium Edition Mod. 01 (2987),https://www.amazon.it/dp/B001002987?tag=offertissimes-21,14.38,17.29,15.0,12.71,"Cancelleria, Ufficio e Spedizioni",Evidenziatori Pastello & Penne Gel Cancellabili,Pilot Frixion,B001002987,1,32,89
Pilot Frixion Evidenziatori Pastello & Penne Gel Cancellabili Premium Edition Mod. 28 (3014),https://www.amazon.it/dp/B001003014?tag=offertissimes-21,7.9,11.49,15.0,7.48,"Cancelleria, Ufficio e Spedizioni",Evidenziatori Pastello & Penne Gel Cancellabili,Pilot Frixion,B001003014,1,32,94
PUMA Boxer Cotone Elasticizzato Multipack (6-10pz) Premium Edition Mod. 17 (3067),https://www.amazon.it/dp/B001003067?tag=offertissimes-21,31.65,41.86,15.0,30.25,Abbigliamento Base e Calzetteria,Boxer Cotone Elasticizzato Multipack (6-10pz),PUMA,B001003067,1,118,95
Amazon Essentials T-Shirt Girocollo Cotone Pesante Pack da 5 Premium Edition Mod. 32 (3148),https://www.amazon.it/dp/B001003148?tag=offertissimes-21,23.89,28.76,15.0,21.23,Abbigliamento Base e Calzetteria,T-Shirt Girocollo Cotone Pesante Pack da 5,Amazon Essentials,B001003148,1,97,90
Dragon Shield Bustine Protettive Carte Collezionabili (100-500pz) Premium Edition Mod. 15 (3195),https://www.amazon.it/dp/B001003195?tag=offertissimes-21,17.64,23.58,15.0,15.82,"Giochi, Hobbies e Tempo Libero",Bustine Protettive Carte Collezionabili (100-500pz),Dragon Shield,B001003195,1,353,89
Infinity Cube Fidget Toys & Antistress Magnetici Virali Premium Edition Mod. 13 (3276),https://www.amazon.it/dp/B001003276?tag=offertissimes-21,22.54,25.85,15.0,20.3,"Giochi, Hobbies e Tempo Libero",Fidget Toys & Antistress Magnetici Virali,Infinity Cube,B001003276,0,369,94
Moleskine Agende Settimanali 12/18 Mesi & Ricariche Premium Edition Mod. 01 (3291),https://www.amazon.it/dp/B001003291?tag=offertissimes-21,17.01,22.95,15.0,14.61,"Libri, Agende e Self-Help",Agende Settimanali 12/18 Mesi & Ricariche,Moleskine,B001003291,1,316,86
Marvis Igiene Orale & Ricambi Spazzolini Premium Edition Mod. 12 (0076),https://www.amazon.it/dp/B001000076?tag=offertissimes-21,40.57,51.23,14.9,35.09,Bellezza e Cura della Persona,Igiene Orale & Ricambi Spazzolini,Marvis,B001000076,1,43,83
Restivoil Cura dei Capelli & Shampoo Trattanti Premium Edition Mod. 27 (0155),https://www.amazon.it/dp/B001000155?tag=offertissimes-21,13.19,18.5,14.9,12.46,Bellezza e Cura della Persona,Cura dei Capelli & Shampoo Trattanti,Restivoil,B001000155,1,27,87
Kérastase Cura dei Capelli & Shampoo Trattanti Premium Edition Mod. 39 (0167),https://www.amazon.it/dp/B001000167?tag=offertissimes-21,13.7,21.11,14.9,13.41,Bellezza e Cura della Persona,Cura dei Capelli & Shampoo Trattanti,Kérastase,B001000167,1,35,91
Afnan Profumeria & Fragranze Virali Premium Edition Mod. 36 (0290),https://www.amazon.it/dp/B001000290?tag=offertissimes-21,29.3,40.52,14.9,27.86,Bellezza e Cura della Persona,Profumeria & Fragranze Virali,Afnan,B001000290,0,481,88
Essence Make-Up & Accessori Bellezza Virali Premium Edition Mod. 21 (0338),https://www.amazon.it/dp/B001000338?tag=offertissimes-21,10.44,12.31,14.9,10.05,Bellezza e Cura della Persona,Make-Up & Accessori Bellezza Virali,Essence,B001000338,0,356,99
Creapure Creatina Monoidrato & Pre-Workout Premium Edition Mod. 36 (0473),https://www.amazon.it/dp/B001000473?tag=offertissimes-21,39.21,62.89,14.9,33.67,"Salute, Igiene e Integratori",Creatina Monoidrato & Pre-Workout,Creapure,B001000473,1,24,94
"Swisse Vitamine, Magnesio & Biohacking Sonno Premium Edition Mod. 27 (0521)",https://www.amazon.it/dp/B001000521?tag=offertissimes-21,24.64,31.7,14.9,22.13,"Salute, Igiene e Integratori","Vitamine, Magnesio & Biohacking Sonno",Swisse,B001000521,1,20,85
"Swisse Vitamine, Magnesio & Biohacking Sonno Premium Edition Mod. 52 (0546)",https://www.amazon.it/dp/B001000546?tag=offertissimes-21,11.27,17.78,14.9,10.75,"Salute, Igiene e Integratori","Vitamine, Magnesio & Biohacking Sonno",Swisse,B001000546,1,42,87
Omron Dispositivi Elettromedicali & Termometri Premium Edition Mod. 24 (0632),https://www.amazon.it/dp/B001000632?tag=offertissimes-21,55.67,66.45,14.9,52.84,"Salute, Igiene e Integratori",Dispositivi Elettromedicali & Termometri,Omron,B001000632,0,377,75
Beurer Dispositivi Elettromedicali & Termometri Premium Edition Mod. 54 (0662),https://www.amazon.it/dp/B001000662?tag=offertissimes-21,16.67,19.67,14.9,14.82,"Salute, Igiene e Integratori",Dispositivi Elettromedicali & Termometri,Beurer,B001000662,0,197,73
BlenderBottle Shaker Magnetici & Accessori Virali Gym Premium Edition Mod. 56 (0720),https://www.amazon.it/dp/B001000720?tag=offertissimes-21,34.76,51.11,14.9,30.27,"Salute, Igiene e Integratori",Shaker Magnetici & Accessori Virali Gym,BlenderBottle,B001000720,0,528,84
Nespresso Cialde & Capsule Caffè Scorte 100-150pz Premium Edition Mod. 47 (0767),https://www.amazon.it/dp/B001000767?tag=offertissimes-21,15.23,19.19,14.9,13.85,"Alimentari, Caffè e Bevande",Cialde & Capsule Caffè Scorte 100-150pz,Nespresso,B001000767,1,25,95
Pellini Caffè in Grani Specialty 1kg Premium Edition Mod. 13 (0785),https://www.amazon.it/dp/B001000785?tag=offertissimes-21,25.44,31.62,14.9,23.83,"Alimentari, Caffè e Bevande",Caffè in Grani Specialty 1kg,Pellini,B001000785,1,34,83
Clipper Tè Matcha Cerimoniale Bio & Tisane Premium Edition Mod. 30 (0854),https://www.amazon.it/dp/B001000854?tag=offertissimes-21,23.44,35.61,14.9,21.77,"Alimentari, Caffè e Bevande",Tè Matcha Cerimoniale Bio & Tisane,Clipper,B001000854,1,28,87
Clipper Tè Matcha Cerimoniale Bio & Tisane Premium Edition Mod. 41 (0865),https://www.amazon.it/dp/B001000865?tag=offertissimes-21,34.76,41.79,14.9,32.22,"Alimentari, Caffè e Bevande",Tè Matcha Cerimoniale Bio & Tisane,Clipper,B001000865,1,20,91
Skinny Food Co Sciroppi Zero Calorie & Aromi Barista Premium Edition Mod. 04 (0932),https://www.amazon.it/dp/B001000932?tag=offertissimes-21,10.27,13.15,14.9,9.29,"Alimentari, Caffè e Bevande",Sciroppi Zero Calorie & Aromi Barista,Skinny Food Co,B001000932,0,413,90
Monin Sciroppi Zero Calorie & Aromi Barista Premium Edition Mod. 22 (0950),https://www.amazon.it/dp/B001000950?tag=offertissimes-21,13.43,20.26,14.9,11.54,"Alimentari, Caffè e Bevande",Sciroppi Zero Calorie & Aromi Barista,Monin,B001000950,0,482,87
Dixan Detersivi Lavatrice Concentrati & Pods Premium Edition Mod. 08 (1048),https://www.amazon.it/dp/B001001048?tag=offertissimes-21,19.75,24.37,14.9,18.51,Cura della Casa e Pulizia,Detersivi Lavatrice Concentrati & Pods,Dixan,B001001048,1,60,87
Laica Filtri Ricambio Caraffe & Depuratori Acqua Premium Edition Mod. 20 (1120),https://www.amazon.it/dp/B001001120?tag=offertissimes-21,37.31,54.08,14.9,31.9,Cura della Casa e Pulizia,Filtri Ricambio Caraffe & Depuratori Acqua,Laica,B001001120,1,57,93
Brita Maxtra+ Filtri Ricambio Caraffe & Depuratori Acqua Premium Edition Mod. 42 (1142),https://www.amazon.it/dp/B001001142?tag=offertissimes-21,41.93,49.6,14.9,36.83,Cura della Casa e Pulizia,Filtri Ricambio Caraffe & Depuratori Acqua,Brita Maxtra+,B001001142,1,34,90
PetiFine Filtri Ricambio Fontanelle Acqua Gatti Premium Edition Mod. 19 (1620),https://www.amazon.it/dp/B001001620?tag=offertissimes-21,23.66,34.11,14.9,22.16,Animali Domestici (Pet Care),Filtri Ricambio Fontanelle Acqua Gatti,PetiFine,B001001620,1,25,82
Ordilend Kit Pulizia Multifunzione 7-in-1 Tech Premium Edition Mod. 27 (1981),https://www.amazon.it/dp/B001001981?tag=offertissimes-21,51.41,79.85,14.9,44.24,"Elettronica, Accessori e Gadget Smart",Kit Pulizia Multifunzione 7-in-1 Tech,Ordilend,B001001981,0,479,100
Ordilend Kit Pulizia Multifunzione 7-in-1 Tech Premium Edition Mod. 43 (1997),https://www.amazon.it/dp/B001001997?tag=offertissimes-21,71.65,90.61,14.9,65.8,"Elettronica, Accessori e Gadget Smart",Kit Pulizia Multifunzione 7-in-1 Tech,Ordilend,B001001997,0,439,99
Shelly Prese Smart Wi-Fi Monitoraggio Consumi Premium Edition Mod. 45 (2052),https://www.amazon.it/dp/B001002052?tag=offertissimes-21,51.0,62.15,14.9,45.26,"Elettronica, Accessori e Gadget Smart",Prese Smart Wi-Fi Monitoraggio Consumi,Shelly,B001002052,0,416,94
Dreame Filtri & Ricambi Robot Aspirapolvere Premium Edition Mod. 02 (2062),https://www.amazon.it/dp/B001002062?tag=offertissimes-21,89.79,108.94,14.9,85.42,"Casa, Cucina ed Elettrodomestici",Filtri & Ricambi Robot Aspirapolvere,Dreame,B001002062,1,128,88
Cosori Carta Forno Riutilizzabile & Accessori Friggitrice Aria Premium Edition Mod. 07 (2119),https://www.amazon.it/dp/B001002119?tag=offertissimes-21,41.88,57.75,14.9,36.06,"Casa, Cucina ed Elettrodomestici",Carta Forno Riutilizzabile & Accessori Friggitrice Aria,Cosori,B001002119,1,76,94
Cecotec Friggitrici ad Aria a Doppia Resistenza Premium Edition Mod. 02 (2166),https://www.amazon.it/dp/B001002166?tag=offertissimes-21,56.18,67.55,14.9,52.35,"Casa, Cucina ed Elettrodomestici",Friggitrici ad Aria a Doppia Resistenza,Cecotec,B001002166,0,494,90
Cosori Friggitrici ad Aria a Doppia Resistenza Premium Edition Mod. 33 (2197),https://www.amazon.it/dp/B001002197?tag=offertissimes-21,107.89,144.26,14.9,93.76,"Casa, Cucina ed Elettrodomestici",Friggitrici ad Aria a Doppia Resistenza,Cosori,B001002197,0,365,95
KitchenBoss Sigillatori Sottovuoto & Rotoli Goffrati Premium Edition Mod. 08 (2224),https://www.amazon.it/dp/B001002224?tag=offertissimes-21,69.93,96.79,14.9,66.56,"Casa, Cucina ed Elettrodomestici",Sigillatori Sottovuoto & Rotoli Goffrati,KitchenBoss,B001002224,1,87,87
Nespresso Aeroccino Montalatte Elettrici a Induzione Virali Premium Edition Mod. 07 (2326),https://www.amazon.it/dp/B001002326?tag=offertissimes-21,34.15,39.98,14.9,32.83,"Casa, Cucina ed Elettrodomestici",Montalatte Elettrici a Induzione Virali,Nespresso Aeroccino,B001002326,0,531,90
Nespresso Aeroccino Montalatte Elettrici a Induzione Virali Premium Edition Mod. 12 (2331),https://www.amazon.it/dp/B001002331?tag=offertissimes-21,64.91,103.28,14.9,56.12,"Casa, Cucina ed Elettrodomestici",Montalatte Elettrici a Induzione Virali,Nespresso Aeroccino,B001002331,0,402,92
TP-Link Tapo Lampadine LED Smart Dimmerabili Attacco E27/GU10 Premium Edition Mod. 31 (2437),https://www.amazon.it/dp/B001002437?tag=offertissimes-21,50.72,76.96,14.9,43.14,"Fai da Te, Bricolage e Giardinaggio",Lampadine LED Smart Dimmerabili Attacco E27/GU10,TP-Link Tapo,B001002437,1,108,86
Meguiar's Kit Pulizia & Manutenzione Pelle/Plastiche Auto Premium Edition Mod. 03 (2613),https://www.amazon.it/dp/B001002613?tag=offertissimes-21,27.75,31.76,14.9,24.36,Auto e Moto (Accessori & Manutenzione),Kit Pulizia & Manutenzione Pelle/Plastiche Auto,Meguiar's,B001002613,1,56,93
Chemical Guys Kit Pulizia & Manutenzione Pelle/Plastiche Auto Premium Edition Mod. 23 (2633),https://www.amazon.it/dp/B001002633?tag=offertissimes-21,26.4,34.65,14.9,22.62,Auto e Moto (Accessori & Manutenzione),Kit Pulizia & Manutenzione Pelle/Plastiche Auto,Chemical Guys,B001002633,1,114,82
Eufy Aspirapolvere Portatili per Auto ad Alta Potenza Premium Edition Mod. 18 (2688),https://www.amazon.it/dp/B001002688?tag=offertissimes-21,30.57,43.54,14.9,26.0,Auto e Moto (Accessori & Manutenzione),Aspirapolvere Portatili per Auto ad Alta Potenza,Eufy,B001002688,0,293,94
Lifewit Borse Termiche Pranzo Fit & Portavivande Ermetici Premium Edition Mod. 22 (2874),https://www.amazon.it/dp/B001002874?tag=offertissimes-21,47.29,61.75,14.9,41.51,"Sport, Fitness e Attrezzatura",Borse Termiche Pranzo Fit & Portavivande Ermetici,Lifewit,B001002874,0,532,89
Zebra Etichette Termiche Adesive Spedizioni 100x150mm Premium Edition Mod. 28 (2982),https://www.amazon.it/dp/B001002982?tag=offertissimes-21,46.91,72.25,14.9,45.79,"Cancelleria, Ufficio e Spedizioni",Etichette Termiche Adesive Spedizioni 100x150mm,Zebra,B001002982,1,62,88
Stabilo Boss Pastel Evidenziatori Pastello & Penne Gel Cancellabili Premium Edition Mod. 18 (3004),https://www.amazon.it/dp/B001003004?tag=offertissimes-21,37.54,60.37,14.9,32.62,"Cancelleria, Ufficio e Spedizioni",Evidenziatori Pastello & Penne Gel Cancellabili,Stabilo Boss Pastel,B001003004,1,70,88
HUANUO Supporti Monitor Ergonomici con Cassetti Premium Edition Mod. 28 (3046),https://www.amazon.it/dp/B001003046?tag=offertissimes-21,16.54,21.75,14.9,14.31,"Cancelleria, Ufficio e Spedizioni",Supporti Monitor Ergonomici con Cassetti,HUANUO,B001003046,0,397,96
Legami Milano Agende Settimanali 12/18 Mesi & Ricariche Premium Edition Mod. 03 (3293),https://www.amazon.it/dp/B001003293?tag=offertissimes-21,23.22,29.07,14.9,20.58,"Libri, Agende e Self-Help",Agende Settimanali 12/18 Mesi & Ricariche,Legami Milano,B001003293,1,336,92
Leuchtturm1917 Quaderni Puntinati Bullet Journal Dotted 120g Premium Edition Mod. 21 (3379),https://www.amazon.it/dp/B001003379?tag=offertissimes-21,17.07,20.39,14.9,15.56,"Libri, Agende e Self-Help",Quaderni Puntinati Bullet Journal Dotted 120g,Leuchtturm1917,B001003379,1,193,92
Oral-B Igiene Orale & Ricambi Spazzolini Premium Edition Mod. 15 (0079),https://www.amazon.it/dp/B001000079?tag=offertissimes-21,25.08,35.54,14.8,23.74,Bellezza e Cura della Persona,Igiene Orale & Ricambi Spazzolini,Oral-B,B001000079,1,40,83
Marvis Igiene Orale & Ricambi Spazzolini Premium Edition Mod. 16 (0080),https://www.amazon.it/dp/B001000080?tag=offertissimes-21,10.19,13.0,14.8,9.25,Bellezza e Cura della Persona,Igiene Orale & Ricambi Spazzolini,Marvis,B001000080,1,42,80
Oral-B Igiene Orale & Ricambi Spazzolini Premium Edition Mod. 63 (0127),https://www.amazon.it/dp/B001000127?tag=offertissimes-21,12.69,19.92,14.8,11.16,Bellezza e Cura della Persona,Igiene Orale & Ricambi Spazzolini,Oral-B,B001000127,1,32,78
L'Oréal Professionnel Cura dei Capelli & Shampoo Trattanti Premium Edition Mod. 60 (0188),https://www.amazon.it/dp/B001000188?tag=offertissimes-21,17.26,20.59,14.8,15.93,Bellezza e Cura della Persona,Cura dei Capelli & Shampoo Trattanti,L'Oréal Professionnel,B001000188,1,58,88
"Astra Rasatura, Lame & Depilazione Premium Edition Mod. 17 (0208)",https://www.amazon.it/dp/B001000208?tag=offertissimes-21,23.45,27.08,14.8,22.67,Bellezza e Cura della Persona,"Rasatura, Lame & Depilazione",Astra,B001000208,1,50,75
Maison Alhambra Profumeria & Fragranze Virali Premium Edition Mod. 39 (0293),https://www.amazon.it/dp/B001000293?tag=offertissimes-21,37.13,46.77,14.8,32.98,Bellezza e Cura della Persona,Profumeria & Fragranze Virali,Maison Alhambra,B001000293,0,227,91
Pic Solution Dispositivi Elettromedicali & Termometri Premium Edition Mod. 08 (0616),https://www.amazon.it/dp/B001000616?tag=offertissimes-21,13.84,18.77,14.8,12.2,"Salute, Igiene e Integratori",Dispositivi Elettromedicali & Termometri,Pic Solution,B001000616,0,416,75
Pic Solution Dispositivi Elettromedicali & Termometri Premium Edition Mod. 21 (0629),https://www.amazon.it/dp/B001000629?tag=offertissimes-21,37.32,48.64,14.8,32.48,"Salute, Igiene e Integratori",Dispositivi Elettromedicali & Termometri,Pic Solution,B001000629,0,265,70
Vahdam Tè Matcha Cerimoniale Bio & Tisane Premium Edition Mod. 26 (0850),https://www.amazon.it/dp/B001000850?tag=offertissimes-21,16.95,24.15,14.8,16.18,"Alimentari, Caffè e Bevande",Tè Matcha Cerimoniale Bio & Tisane,Vahdam,B001000850,1,22,90
Monin Sciroppi Zero Calorie & Aromi Barista Premium Edition Mod. 05 (0933),https://www.amazon.it/dp/B001000933?tag=offertissimes-21,29.85,38.34,14.8,27.2,"Alimentari, Caffè e Bevande",Sciroppi Zero Calorie & Aromi Barista,Monin,B001000933,0,297,89
Fairy Platinum Plus Capsule Lavastoviglie Maxi Box (100-160pz) Premium Edition Mod. 02 (0982),https://www.amazon.it/dp/B001000982?tag=offertissimes-21,37.42,50.37,14.8,32.01,Cura della Casa e Pulizia,Capsule Lavastoviglie Maxi Box (100-160pz),Fairy Platinum Plus,B001000982,1,73,95
Finish Quantum Capsule Lavastoviglie Maxi Box (100-160pz) Premium Edition Mod. 57 (1037),https://www.amazon.it/dp/B001001037?tag=offertissimes-21,33.74,38.83,14.8,32.01,Cura della Casa e Pulizia,Capsule Lavastoviglie Maxi Box (100-160pz),Finish Quantum,B001001037,1,33,86
Philips Water Filtri Ricambio Caraffe & Depuratori Acqua Premium Edition Mod. 05 (1105),https://www.amazon.it/dp/B001001105?tag=offertissimes-21,27.59,39.89,14.8,24.9,Cura della Casa e Pulizia,Filtri Ricambio Caraffe & Depuratori Acqua,Philips Water,B001001105,1,47,86
The Pink Stuff Pulitori Miracolosi Virali & Spugne Premium Edition Mod. 27 (1187),https://www.amazon.it/dp/B001001187?tag=offertissimes-21,11.16,17.56,14.8,9.79,Cura della Casa e Pulizia,Pulitori Miracolosi Virali & Spugne,The Pink Stuff,B001001187,0,193,92
E-Cloth Panni Microfibra Alta Densità & Swiffer Ricambi Premium Edition Mod. 12 (1232),https://www.amazon.it/dp/B001001232?tag=offertissimes-21,35.84,50.28,14.8,30.97,Cura della Casa e Pulizia,Panni Microfibra Alta Densità & Swiffer Ricambi,E-Cloth,B001001232,1,39,79
Cat's Best Lettiere Gatto Agglomeranti & Silicio 10-20L Premium Edition Mod. 09 (1469),https://www.amazon.it/dp/B001001469?tag=offertissimes-21,13.39,15.81,14.8,12.44,Animali Domestici (Pet Care),Lettiere Gatto Agglomeranti & Silicio 10-20L,Cat's Best,B001001469,1,40,89
Pogi's Sacchetti Igienici Cane Biodegradabili (300-600pz) Premium Edition Mod. 38 (1545),https://www.amazon.it/dp/B001001545?tag=offertissimes-21,49.1,61.22,14.8,48.05,Animali Domestici (Pet Care),Sacchetti Igienici Cane Biodegradabili (300-600pz),Pogi's,B001001545,1,21,82
Trixie Tappetini Olfattivi & Ciotole Lente Virali Premium Edition Mod. 12 (1706),https://www.amazon.it/dp/B001001706?tag=offertissimes-21,12.56,15.31,14.8,11.86,Animali Domestici (Pet Care),Tappetini Olfattivi & Ciotole Lente Virali,Trixie,B001001706,0,182,89
Lickimat Tappetini Olfattivi & Ciotole Lente Virali Premium Edition Mod. 28 (1722),https://www.amazon.it/dp/B001001722?tag=offertissimes-21,46.26,69.09,14.8,41.75,Animali Domestici (Pet Care),Tappetini Olfattivi & Ciotole Lente Virali,Lickimat,B001001722,0,504,91
INIU Cavi USB-C Fast Charge 100W/240W Multipack Premium Edition Mod. 31 (1771),https://www.amazon.it/dp/B001001771?tag=offertissimes-21,58.0,93.15,14.8,52.42,"Elettronica, Accessori e Gadget Smart",Cavi USB-C Fast Charge 100W/240W Multipack,INIU,B001001771,1,283,90
Meross Prese Smart Wi-Fi Monitoraggio Consumi Premium Edition Mod. 04 (2011),https://www.amazon.it/dp/B001002011?tag=offertissimes-21,19.81,24.08,14.8,18.21,"Elettronica, Accessori e Gadget Smart",Prese Smart Wi-Fi Monitoraggio Consumi,Meross,B001002011,0,290,79
Bialetti Montalatte Elettrici a Induzione Virali Premium Edition Mod. 15 (2334),https://www.amazon.it/dp/B001002334?tag=offertissimes-21,47.32,66.7,14.8,42.98,"Casa, Cucina ed Elettrodomestici",Montalatte Elettrici a Induzione Virali,Bialetti,B001002334,0,498,96
Pattex Nastri Adesivi Gorilla & Sigillanti Impermeabilizzanti Premium Edition Mod. 23 (2465),https://www.amazon.it/dp/B001002465?tag=offertissimes-21,30.41,35.95,14.8,27.25,"Fai da Te, Bricolage e Giardinaggio",Nastri Adesivi Gorilla & Sigillanti Impermeabilizzanti,Pattex,B001002465,1,110,88
Claber Sistemi Irrigazione a Goccia Smart per Balconi Premium Edition Mod. 27 (2541),https://www.amazon.it/dp/B001002541?tag=offertissimes-21,28.18,36.11,14.8,24.18,"Fai da Te, Bricolage e Giardinaggio",Sistemi Irrigazione a Goccia Smart per Balconi,Claber,B001002541,0,407,85
Gardena Sistemi Irrigazione a Goccia Smart per Balconi Premium Edition Mod. 30 (2544),https://www.amazon.it/dp/B001002544?tag=offertissimes-21,22.6,34.03,14.8,20.76,"Fai da Te, Bricolage e Giardinaggio",Sistemi Irrigazione a Goccia Smart per Balconi,Gardena,B001002544,0,403,91
Ma-Fra Kit Pulizia & Manutenzione Pelle/Plastiche Auto Premium Edition Mod. 06 (2616),https://www.amazon.it/dp/B001002616?tag=offertissimes-21,45.7,71.67,14.8,44.65,Auto e Moto (Accessori & Manutenzione),Kit Pulizia & Manutenzione Pelle/Plastiche Auto,Ma-Fra,B001002616,1,61,85
Beast Gear Corda per Saltare Professionale con Cuscinetti Rapidi Premium Edition Mod. 28 (2766),https://www.amazon.it/dp/B001002766?tag=offertissimes-21,88.32,110.13,14.8,82.0,"Sport, Fitness e Attrezzatura",Corda per Saltare Professionale con Cuscinetti Rapidi,Beast Gear,B001002766,0,481,88
Theragun Mini Pistole Massaggianti Muscolari Portatili Premium Edition Mod. 19 (2795),https://www.amazon.it/dp/B001002795?tag=offertissimes-21,42.0,54.93,14.8,36.72,"Sport, Fitness e Attrezzatura",Pistole Massaggianti Muscolari Portatili,Theragun Mini,B001002795,0,537,92
Renpho Pistole Massaggianti Muscolari Portatili Premium Edition Mod. 33 (2809),https://www.amazon.it/dp/B001002809?tag=offertissimes-21,98.46,114.29,14.8,86.28,"Sport, Fitness e Attrezzatura",Pistole Massaggianti Muscolari Portatili,Renpho,B001002809,0,448,91
Toplus Tappetini Yoga Antiscivolo Alta Densità TPE Premium Edition Mod. 09 (2823),https://www.amazon.it/dp/B001002823?tag=offertissimes-21,30.88,40.03,14.8,29.48,"Sport, Fitness e Attrezzatura",Tappetini Yoga Antiscivolo Alta Densità TPE,Toplus,B001002823,0,476,97
Liforme Tappetini Yoga Antiscivolo Alta Densità TPE Premium Edition Mod. 14 (2828),https://www.amazon.it/dp/B001002828?tag=offertissimes-21,82.51,113.14,14.8,78.23,"Sport, Fitness e Attrezzatura",Tappetini Yoga Antiscivolo Alta Densità TPE,Liforme,B001002828,0,337,86
Lifewit Borse Termiche Pranzo Fit & Portavivande Ermetici Premium Edition Mod. 09 (2861),https://www.amazon.it/dp/B001002861?tag=offertissimes-21,51.98,60.28,14.8,49.04,"Sport, Fitness e Attrezzatura",Borse Termiche Pranzo Fit & Portavivande Ermetici,Lifewit,B001002861,0,518,88
Aosbos Borse Termiche Pranzo Fit & Portavivande Ermetici Premium Edition Mod. 33 (2885),https://www.amazon.it/dp/B001002885?tag=offertissimes-21,18.24,21.28,14.8,17.4,"Sport, Fitness e Attrezzatura",Borse Termiche Pranzo Fit & Portavivande Ermetici,Aosbos,B001002885,0,511,89
Stabilo Boss Pastel Evidenziatori Pastello & Penne Gel Cancellabili Premium Edition Mod. 22 (3008),https://www.amazon.it/dp/B001003008?tag=offertissimes-21,8.46,11.76,14.8,7.85,"Cancelleria, Ufficio e Spedizioni",Evidenziatori Pastello & Penne Gel Cancellabili,Stabilo Boss Pastel,B001003008,1,67,85
Pilot Frixion Evidenziatori Pastello & Penne Gel Cancellabili Premium Edition Mod. 25 (3011),https://www.amazon.it/dp/B001003011?tag=offertissimes-21,37.54,53.3,14.8,34.6,"Cancelleria, Ufficio e Spedizioni",Evidenziatori Pastello & Penne Gel Cancellabili,Pilot Frixion,B001003011,1,46,91
Calvin Klein Boxer Cotone Elasticizzato Multipack (6-10pz) Premium Edition Mod. 02 (3052),https://www.amazon.it/dp/B001003052?tag=offertissimes-21,39.93,51.54,14.8,36.93,Abbigliamento Base e Calzetteria,Boxer Cotone Elasticizzato Multipack (6-10pz),Calvin Klein,B001003052,1,71,89
Nike Calzini Sportivi Tecnici Traspiranti Multipack Premium Edition Mod. 06 (3089),https://www.amazon.it/dp/B001003089?tag=offertissimes-21,23.47,32.77,14.8,21.45,Abbigliamento Base e Calzetteria,Calzini Sportivi Tecnici Traspiranti Multipack,Nike,B001003089,1,89,89
Fruit of the Loom T-Shirt Girocollo Cotone Pesante Pack da 5 Premium Edition Mod. 24 (3140),https://www.amazon.it/dp/B001003140?tag=offertissimes-21,33.01,50.99,14.8,30.4,Abbigliamento Base e Calzetteria,T-Shirt Girocollo Cotone Pesante Pack da 5,Fruit of the Loom,B001003140,1,117,84
Fjällräven Borse a Tracolla & Marsupi Virali Monospalla Premium Edition Mod. 15 (3163),https://www.amazon.it/dp/B001003163?tag=offertissimes-21,19.32,30.58,14.8,17.64,Abbigliamento Base e Calzetteria,Borse a Tracolla & Marsupi Virali Monospalla,Fjällräven,B001003163,0,191,92
"Mondadori Bestseller Crescita Personale & Finanza (Atomic Habits, etc.) Premium Edition Mod. 16 (3329)",https://www.amazon.it/dp/B001003329?tag=offertissimes-21,11.44,14.74,14.8,10.4,"Libri, Agende e Self-Help","Bestseller Crescita Personale & Finanza (Atomic Habits, etc.)",Mondadori,B001003329,0,235,96
Sperling & Kupfer Romanzi Virali BookTok & Romance Trend Premium Edition Mod. 11 (3347),https://www.amazon.it/dp/B001003347?tag=offertissimes-21,9.42,14.4,14.8,8.89,"Libri, Agende e Self-Help",Romanzi Virali BookTok & Romance Trend,Sperling & Kupfer,B001003347,0,344,88
L'Oréal Professionnel Cura dei Capelli & Shampoo Trattanti Premium Edition Mod. 38 (0166),https://www.amazon.it/dp/B001000166?tag=offertissimes-21,34.08,41.76,14.7,31.41,Bellezza e Cura della Persona,Cura dei Capelli & Shampoo Trattanti,L'Oréal Professionnel,B001000166,1,49,86
Restivoil Cura dei Capelli & Shampoo Trattanti Premium Edition Mod. 47 (0175),https://www.amazon.it/dp/B001000175?tag=offertissimes-21,48.46,64.4,14.7,43.43,Bellezza e Cura della Persona,Cura dei Capelli & Shampoo Trattanti,Restivoil,B001000175,1,45,91
Real Techniques Make-Up & Accessori Bellezza Virali Premium Edition Mod. 13 (0330),https://www.amazon.it/dp/B001000330?tag=offertissimes-21,19.54,30.18,14.7,17.29,Bellezza e Cura della Persona,Make-Up & Accessori Bellezza Virali,Real Techniques,B001000330,0,340,85
Essence Make-Up & Accessori Bellezza Virali Premium Edition Mod. 44 (0361),https://www.amazon.it/dp/B001000361?tag=offertissimes-21,11.57,13.43,14.7,10.29,Bellezza e Cura della Persona,Make-Up & Accessori Bellezza Virali,Essence,B001000361,0,209,93
"Nutravita Vitamine, Magnesio & Biohacking Sonno Premium Edition Mod. 17 (0511)",https://www.amazon.it/dp/B001000511?tag=offertissimes-21,42.46,66.2,14.7,37.75,"Salute, Igiene e Integratori","Vitamine, Magnesio & Biohacking Sonno",Nutravita,B001000511,1,32,96
"Nutravita Vitamine, Magnesio & Biohacking Sonno Premium Edition Mod. 18 (0512)",https://www.amazon.it/dp/B001000512?tag=offertissimes-21,11.05,16.87,14.7,10.58,"Salute, Igiene e Integratori","Vitamine, Magnesio & Biohacking Sonno",Nutravita,B001000512,1,45,86
"Gloryfeel Vitamine, Magnesio & Biohacking Sonno Premium Edition Mod. 47 (0541)",https://www.amazon.it/dp/B001000541?tag=offertissimes-21,28.79,38.03,14.7,26.32,"Salute, Igiene e Integratori","Vitamine, Magnesio & Biohacking Sonno",Gloryfeel,B001000541,1,37,93
"Swisse Vitamine, Magnesio & Biohacking Sonno Premium Edition Mod. 56 (0550)",https://www.amazon.it/dp/B001000550?tag=offertissimes-21,20.22,23.04,14.7,19.31,"Salute, Igiene e Integratori","Vitamine, Magnesio & Biohacking Sonno",Swisse,B001000550,1,34,84
Braun Dispositivi Elettromedicali & Termometri Premium Edition Mod. 23 (0631),https://www.amazon.it/dp/B001000631?tag=offertissimes-21,41.4,55.04,14.7,40.17,"Salute, Igiene e Integratori",Dispositivi Elettromedicali & Termometri,Braun,B001000631,0,182,79
Caffè Toraldo Cialde & Capsule Caffè Scorte 100-150pz Premium Edition Mod. 10 (0730),https://www.amazon.it/dp/B001000730?tag=offertissimes-21,41.09,51.18,14.7,35.99,"Alimentari, Caffè e Bevande",Cialde & Capsule Caffè Scorte 100-150pz,Caffè Toraldo,B001000730,1,28,95
Kimbo Caffè in Grani Specialty 1kg Premium Edition Mod. 23 (0795),https://www.amazon.it/dp/B001000795?tag=offertissimes-21,29.1,36.65,14.7,25.58,"Alimentari, Caffè e Bevande",Caffè in Grani Specialty 1kg,Kimbo,B001000795,1,21,86
Pukka Tè Matcha Cerimoniale Bio & Tisane Premium Edition Mod. 34 (0858),https://www.amazon.it/dp/B001000858?tag=offertissimes-21,15.48,21.08,14.7,15.17,"Alimentari, Caffè e Bevande",Tè Matcha Cerimoniale Bio & Tisane,Pukka,B001000858,1,31,85
Vahdam Tè Matcha Cerimoniale Bio & Tisane Premium Edition Mod. 40 (0864),https://www.amazon.it/dp/B001000864?tag=offertissimes-21,20.68,28.93,14.7,19.84,"Alimentari, Caffè e Bevande",Tè Matcha Cerimoniale Bio & Tisane,Vahdam,B001000864,1,34,90
Clipper Tè Matcha Cerimoniale Bio & Tisane Premium Edition Mod. 48 (0872),https://www.amazon.it/dp/B001000872?tag=offertissimes-21,9.01,14.11,14.7,7.93,"Alimentari, Caffè e Bevande",Tè Matcha Cerimoniale Bio & Tisane,Clipper,B001000872,1,27,88
Dash Power Detersivi Lavatrice Concentrati & Pods Premium Edition Mod. 13 (1053),https://www.amazon.it/dp/B001001053?tag=offertissimes-21,35.72,43.9,14.7,32.92,Cura della Casa e Pulizia,Detersivi Lavatrice Concentrati & Pods,Dash Power,B001001053,1,62,80
The Pink Stuff Pulitori Miracolosi Virali & Spugne Premium Edition Mod. 26 (1186),https://www.amazon.it/dp/B001001186?tag=offertissimes-21,40.65,52.86,14.7,39.03,Cura della Casa e Pulizia,Pulitori Miracolosi Virali & Spugne,The Pink Stuff,B001001186,0,239,96
Astonish Pulitori Miracolosi Virali & Spugne Premium Edition Mod. 56 (1216),https://www.amazon.it/dp/B001001216?tag=offertissimes-21,18.62,21.63,14.7,17.4,Cura della Casa e Pulizia,Pulitori Miracolosi Virali & Spugne,Astonish,B001001216,0,471,100
Foppapedretti Ricariche Mangia-Pannolini Multistrato Premium Edition Mod. 05 (1357),https://www.amazon.it/dp/B001001357?tag=offertissimes-21,15.46,19.97,14.7,14.12,Prima Infanzia e Maternità,Ricariche Mangia-Pannolini Multistrato,Foppapedretti,B001001357,1,19,90
Mustela Paste Cambio Protettive Ossido Zinco Premium Edition Mod. 21 (1409),https://www.amazon.it/dp/B001001409?tag=offertissimes-21,30.14,41.16,14.7,28.75,Prima Infanzia e Maternità,Paste Cambio Protettive Ossido Zinco,Mustela,B001001409,1,23,82
Weleda Paste Cambio Protettive Ossido Zinco Premium Edition Mod. 26 (1414),https://www.amazon.it/dp/B001001414?tag=offertissimes-21,28.89,43.68,14.7,28.07,Prima Infanzia e Maternità,Paste Cambio Protettive Ossido Zinco,Weleda,B001001414,1,28,83
Dreamegg Gadget Virali Sonno Neonato (White Noise) Premium Edition Mod. 13 (1437),https://www.amazon.it/dp/B001001437?tag=offertissimes-21,29.9,38.15,14.7,25.63,Prima Infanzia e Maternità,Gadget Virali Sonno Neonato (White Noise),Dreamegg,B001001437,0,307,92
Ever Clean Lettiere Gatto Agglomeranti & Silicio 10-20L Premium Edition Mod. 39 (1499),https://www.amazon.it/dp/B001001499?tag=offertissimes-21,17.97,22.37,14.7,15.92,Animali Domestici (Pet Care),Lettiere Gatto Agglomeranti & Silicio 10-20L,Ever Clean,B001001499,1,41,79
Baseus Cavi USB-C Fast Charge 100W/240W Multipack Premium Edition Mod. 23 (1763),https://www.amazon.it/dp/B001001763?tag=offertissimes-21,55.07,84.18,14.7,49.35,"Elettronica, Accessori e Gadget Smart",Cavi USB-C Fast Charge 100W/240W Multipack,Baseus,B001001763,1,335,92
Spigen Pellicole Salvaschermo Vetro con Dima Installazione Premium Edition Mod. 39 (1833),https://www.amazon.it/dp/B001001833?tag=offertissimes-21,32.21,46.5,14.7,28.81,"Elettronica, Accessori e Gadget Smart",Pellicole Salvaschermo Vetro con Dima Installazione,Spigen,B001001833,1,230,93
Baseus Caricatori GaN Multi-Porta Compatti Premium Edition Mod. 34 (1882),https://www.amazon.it/dp/B001001882?tag=offertissimes-21,71.04,97.66,14.7,61.15,"Elettronica, Accessori e Gadget Smart",Caricatori GaN Multi-Porta Compatti,Baseus,B001001882,0,432,89
Lamicall Supporti Auto Magnetici MagSafe Wireless Premium Edition Mod. 37 (1938),https://www.amazon.it/dp/B001001938?tag=offertissimes-21,52.21,73.9,14.7,44.96,"Elettronica, Accessori e Gadget Smart",Supporti Auto Magnetici MagSafe Wireless,Lamicall,B001001938,0,455,92
Hagibis Kit Pulizia Multifunzione 7-in-1 Tech Premium Edition Mod. 18 (1972),https://www.amazon.it/dp/B001001972?tag=offertissimes-21,42.49,54.42,14.7,39.34,"Elettronica, Accessori e Gadget Smart",Kit Pulizia Multifunzione 7-in-1 Tech,Hagibis,B001001972,0,425,89
Cosori Friggitrici ad Aria a Doppia Resistenza Premium Edition Mod. 08 (2172),https://www.amazon.it/dp/B001002172?tag=offertissimes-21,141.37,174.46,14.7,125.56,"Casa, Cucina ed Elettrodomestici",Friggitrici ad Aria a Doppia Resistenza,Cosori,B001002172,0,267,89
FoodSaver Sigillatori Sottovuoto & Rotoli Goffrati Premium Edition Mod. 41 (2257),https://www.amazon.it/dp/B001002257?tag=offertissimes-21,123.97,150.25,14.7,110.08,"Casa, Cucina ed Elettrodomestici",Sigillatori Sottovuoto & Rotoli Goffrati,FoodSaver,B001002257,1,102,83
iDesign Organizer Frigo & Dispensa Trasparenti Acrilico Premium Edition Mod. 16 (2284),https://www.amazon.it/dp/B001002284?tag=offertissimes-21,57.49,78.95,14.7,50.5,"Casa, Cucina ed Elettrodomestici",Organizer Frigo & Dispensa Trasparenti Acrilico,iDesign,B001002284,0,451,96
iDesign Organizer Frigo & Dispensa Trasparenti Acrilico Premium Edition Mod. 21 (2289),https://www.amazon.it/dp/B001002289?tag=offertissimes-21,138.43,169.27,14.7,128.73,"Casa, Cucina ed Elettrodomestici",Organizer Frigo & Dispensa Trasparenti Acrilico,iDesign,B001002289,0,194,100
Tesa Nastri Adesivi Gorilla & Sigillanti Impermeabilizzanti Premium Edition Mod. 01 (2443),https://www.amazon.it/dp/B001002443?tag=offertissimes-21,66.04,83.68,14.7,60.89,"Fai da Te, Bricolage e Giardinaggio",Nastri Adesivi Gorilla & Sigillanti Impermeabilizzanti,Tesa,B001002443,1,87,88
Pattex Nastri Adesivi Gorilla & Sigillanti Impermeabilizzanti Premium Edition Mod. 08 (2450),https://www.amazon.it/dp/B001002450?tag=offertissimes-21,36.55,51.5,14.7,32.35,"Fai da Te, Bricolage e Giardinaggio",Nastri Adesivi Gorilla & Sigillanti Impermeabilizzanti,Pattex,B001002450,1,86,92
Gorilla Glue Nastri Adesivi Gorilla & Sigillanti Impermeabilizzanti Premium Edition Mod. 24 (2466),https://www.amazon.it/dp/B001002466?tag=offertissimes-21,67.33,92.72,14.7,59.36,"Fai da Te, Bricolage e Giardinaggio",Nastri Adesivi Gorilla & Sigillanti Impermeabilizzanti,Gorilla Glue,B001002466,1,88,82
Meguiar's Kit Pulizia & Manutenzione Pelle/Plastiche Auto Premium Edition Mod. 15 (2625),https://www.amazon.it/dp/B001002625?tag=offertissimes-21,10.29,12.3,14.7,8.76,Auto e Moto (Accessori & Manutenzione),Kit Pulizia & Manutenzione Pelle/Plastiche Auto,Meguiar's,B001002625,1,98,83
Brother Cartucce & Toner Compatibili Multipack Premium Edition Mod. 28 (2918),https://www.amazon.it/dp/B001002918?tag=offertissimes-21,51.03,63.47,14.7,49.74,"Cancelleria, Ufficio e Spedizioni",Cartucce & Toner Compatibili Multipack,Brother,B001002918,1,86,94
Fabriano Risme Carta da Stampa A4 80g Scorte 2500ff Premium Edition Mod. 01 (2923),https://www.amazon.it/dp/B001002923?tag=offertissimes-21,15.72,24.44,14.7,13.78,"Cancelleria, Ufficio e Spedizioni",Risme Carta da Stampa A4 80g Scorte 2500ff,Fabriano,B001002923,1,77,84
Munbyn Etichette Termiche Adesive Spedizioni 100x150mm Premium Edition Mod. 13 (2967),https://www.amazon.it/dp/B001002967?tag=offertissimes-21,52.7,69.87,14.7,51.26,"Cancelleria, Ufficio e Spedizioni",Etichette Termiche Adesive Spedizioni 100x150mm,Munbyn,B001002967,1,65,89
Munbyn Etichette Termiche Adesive Spedizioni 100x150mm Premium Edition Mod. 23 (2977),https://www.amazon.it/dp/B001002977?tag=offertissimes-21,35.53,54.91,14.7,34.01,"Cancelleria, Ufficio e Spedizioni",Etichette Termiche Adesive Spedizioni 100x150mm,Munbyn,B001002977,1,51,86
Dixit Giochi da Tavolo Compatti & Pocket Virali Premium Edition Mod. 09 (3217),https://www.amazon.it/dp/B001003217?tag=offertissimes-21,29.14,35.79,14.7,26.67,"Giochi, Hobbies e Tempo Libero",Giochi da Tavolo Compatti & Pocket Virali,Dixit,B001003217,0,455,87
"Tea Bestseller Crescita Personale & Finanza (Atomic Habits, etc.) Premium Edition Mod. 03 (3316)",https://www.amazon.it/dp/B001003316?tag=offertissimes-21,11.57,16.04,14.7,11.07,"Libri, Agende e Self-Help","Bestseller Crescita Personale & Finanza (Atomic Habits, etc.)",Tea,B001003316,0,500,84
"Gribaudo Bestseller Crescita Personale & Finanza (Atomic Habits, etc.) Premium Edition Mod. 15 (3328)",https://www.amazon.it/dp/B001003328?tag=offertissimes-21,29.16,33.71,14.7,27.21,"Libri, Agende e Self-Help","Bestseller Crescita Personale & Finanza (Atomic Habits, etc.)",Gribaudo,B001003328,0,247,100
CeraVe Sieri Viso & Trattamenti Anti-Age Premium Edition Mod. 62 (0062),https://www.amazon.it/dp/B001000062?tag=offertissimes-21,42.97,51.95,14.6,39.59,Bellezza e Cura della Persona,Sieri Viso & Trattamenti Anti-Age,CeraVe,B001000062,1,53,97
Maybelline Make-Up & Accessori Bellezza Virali Premium Edition Mod. 37 (0354),https://www.amazon.it/dp/B001000354?tag=offertissimes-21,16.86,19.69,14.6,15.69,Bellezza e Cura della Persona,Make-Up & Accessori Bellezza Virali,Maybelline,B001000354,0,307,89
Omron Dispositivi Elettromedicali & Termometri Premium Edition Mod. 38 (0646),https://www.amazon.it/dp/B001000646?tag=offertissimes-21,27.07,39.01,14.6,23.57,"Salute, Igiene e Integratori",Dispositivi Elettromedicali & Termometri,Omron,B001000646,0,234,75
Braun Dispositivi Elettromedicali & Termometri Premium Edition Mod. 48 (0656),https://www.amazon.it/dp/B001000656?tag=offertissimes-21,51.87,67.46,14.6,49.76,"Salute, Igiene e Integratori",Dispositivi Elettromedicali & Termometri,Braun,B001000656,0,372,76
BlenderBottle Shaker Magnetici & Accessori Virali Gym Premium Edition Mod. 46 (0710),https://www.amazon.it/dp/B001000710?tag=offertissimes-21,26.79,40.41,14.6,24.69,"Salute, Igiene e Integratori",Shaker Magnetici & Accessori Virali Gym,BlenderBottle,B001000710,0,330,84
Dash Power Detersivi Lavatrice Concentrati & Pods Premium Edition Mod. 04 (1044),https://www.amazon.it/dp/B001001044?tag=offertissimes-21,30.36,46.2,14.6,29.54,Cura della Casa e Pulizia,Detersivi Lavatrice Concentrati & Pods,Dash Power,B001001044,1,31,83
Dixan Detersivi Lavatrice Concentrati & Pods Premium Edition Mod. 37 (1077),https://www.amazon.it/dp/B001001077?tag=offertissimes-21,57.41,65.3,14.6,50.21,Cura della Casa e Pulizia,Detersivi Lavatrice Concentrati & Pods,Dixan,B001001077,1,37,92
Dash Power Detersivi Lavatrice Concentrati & Pods Premium Edition Mod. 39 (1079),https://www.amazon.it/dp/B001001079?tag=offertissimes-21,34.43,42.49,14.6,32.77,Cura della Casa e Pulizia,Detersivi Lavatrice Concentrati & Pods,Dash Power,B001001079,1,32,86
Brita Maxtra+ Filtri Ricambio Caraffe & Depuratori Acqua Premium Edition Mod. 09 (1109),https://www.amazon.it/dp/B001001109?tag=offertissimes-21,16.61,21.61,14.6,16.05,Cura della Casa e Pulizia,Filtri Ricambio Caraffe & Depuratori Acqua,Brita Maxtra+,B001001109,1,35,94
Sinland Panni Microfibra Alta Densità & Swiffer Ricambi Premium Edition Mod. 37 (1257),https://www.amazon.it/dp/B001001257?tag=offertissimes-21,16.62,19.81,14.6,16.0,Cura della Casa e Pulizia,Panni Microfibra Alta Densità & Swiffer Ricambi,Sinland,B001001257,1,33,78
Sanicat Lettiere Gatto Agglomeranti & Silicio 10-20L Premium Edition Mod. 42 (1502),https://www.amazon.it/dp/B001001502?tag=offertissimes-21,40.67,50.7,14.6,39.67,Animali Domestici (Pet Care),Lettiere Gatto Agglomeranti & Silicio 10-20L,Sanicat,B001001502,1,44,86
Pogi's Sacchetti Igienici Cane Biodegradabili (300-600pz) Premium Edition Mod. 37 (1544),https://www.amazon.it/dp/B001001544?tag=offertissimes-21,56.75,67.25,14.6,51.89,Animali Domestici (Pet Care),Sacchetti Igienici Cane Biodegradabili (300-600pz),Pogi's,B001001544,1,24,86
ChomChom Roller Spazzole Rullo Toglipelo Elettrostatiche Premium Edition Mod. 14 (1662),https://www.amazon.it/dp/B001001662?tag=offertissimes-21,33.93,38.77,14.6,29.24,Animali Domestici (Pet Care),Spazzole Rullo Toglipelo Elettrostatiche,ChomChom Roller,B001001662,0,290,96
Aumuca Spazzole Rullo Toglipelo Elettrostatiche Premium Edition Mod. 27 (1675),https://www.amazon.it/dp/B001001675?tag=offertissimes-21,17.75,26.74,14.6,15.16,Animali Domestici (Pet Care),Spazzole Rullo Toglipelo Elettrostatiche,Aumuca,B001001675,0,512,99
INIU Cavi USB-C Fast Charge 100W/240W Multipack Premium Edition Mod. 06 (1746),https://www.amazon.it/dp/B001001746?tag=offertissimes-21,24.2,31.39,14.6,22.08,"Elettronica, Accessori e Gadget Smart",Cavi USB-C Fast Charge 100W/240W Multipack,INIU,B001001746,1,233,87
TP-Link Tapo Prese Smart Wi-Fi Monitoraggio Consumi Premium Edition Mod. 13 (2020),https://www.amazon.it/dp/B001002020?tag=offertissimes-21,27.8,34.34,14.6,25.7,"Elettronica, Accessori e Gadget Smart",Prese Smart Wi-Fi Monitoraggio Consumi,TP-Link Tapo,B001002020,0,450,80
Bonsenkitchen Sigillatori Sottovuoto & Rotoli Goffrati Premium Edition Mod. 12 (2228),https://www.amazon.it/dp/B001002228?tag=offertissimes-21,38.56,56.62,14.6,37.6,"Casa, Cucina ed Elettrodomestici",Sigillatori Sottovuoto & Rotoli Goffrati,Bonsenkitchen,B001002228,1,155,87
Severin Montalatte Elettrici a Induzione Virali Premium Edition Mod. 19 (2338),https://www.amazon.it/dp/B001002338?tag=offertissimes-21,114.05,169.09,14.6,101.06,"Casa, Cucina ed Elettrodomestici",Montalatte Elettrici a Induzione Virali,Severin,B001002338,0,525,94
HOTO Mini Cacciaviti Elettrici di Precisione Virali Premium Edition Mod. 12 (2490),https://www.amazon.it/dp/B001002490?tag=offertissimes-21,73.59,97.98,14.6,64.89,"Fai da Te, Bricolage e Giardinaggio",Mini Cacciaviti Elettrici di Precisione Virali,HOTO,B001002490,0,446,91
Woowind Compressori Portatili Ricaricabili Wireless Premium Edition Mod. 30 (2670),https://www.amazon.it/dp/B001002670?tag=offertissimes-21,47.06,74.71,14.6,42.12,Auto e Moto (Accessori & Manutenzione),Compressori Portatili Ricaricabili Wireless,Woowind,B001002670,0,206,95
Tatay Borse Termiche Pranzo Fit & Portavivande Ermetici Premium Edition Mod. 20 (2872),https://www.amazon.it/dp/B001002872?tag=offertissimes-21,10.87,15.2,14.6,9.91,"Sport, Fitness e Attrezzatura",Borse Termiche Pranzo Fit & Portavivande Ermetici,Tatay,B001002872,0,385,84
Lifewit Borse Termiche Pranzo Fit & Portavivande Ermetici Premium Edition Mod. 32 (2884),https://www.amazon.it/dp/B001002884?tag=offertissimes-21,53.3,69.48,14.6,46.51,"Sport, Fitness e Attrezzatura",Borse Termiche Pranzo Fit & Portavivande Ermetici,Lifewit,B001002884,0,537,86
Lemero Cartucce & Toner Compatibili Multipack Premium Edition Mod. 08 (2898),https://www.amazon.it/dp/B001002898?tag=offertissimes-21,33.16,50.3,14.6,29.49,"Cancelleria, Ufficio e Spedizioni",Cartucce & Toner Compatibili Multipack,Lemero,B001002898,1,66,90
PUMA Boxer Cotone Elasticizzato Multipack (6-10pz) Premium Edition Mod. 26 (3076),https://www.amazon.it/dp/B001003076?tag=offertissimes-21,26.9,30.76,14.6,25.9,Abbigliamento Base e Calzetteria,Boxer Cotone Elasticizzato Multipack (6-10pz),PUMA,B001003076,1,66,93
Danish Endurance Calzini Sportivi Tecnici Traspiranti Multipack Premium Edition Mod. 08 (3091),https://www.amazon.it/dp/B001003091?tag=offertissimes-21,33.74,48.09,14.6,29.38,Abbigliamento Base e Calzetteria,Calzini Sportivi Tecnici Traspiranti Multipack,Danish Endurance,B001003091,1,96,96
JHK T-Shirt Girocollo Cotone Pesante Pack da 5 Premium Edition Mod. 08 (3124),https://www.amazon.it/dp/B001003124?tag=offertissimes-21,24.97,34.2,14.6,21.72,Abbigliamento Base e Calzetteria,T-Shirt Girocollo Cotone Pesante Pack da 5,JHK,B001003124,1,74,78
L'Oréal Professionnel Cura dei Capelli & Shampoo Trattanti Premium Edition Mod. 58 (0186),https://www.amazon.it/dp/B001000186?tag=offertissimes-21,48.8,64.68,14.5,43.35,Bellezza e Cura della Persona,Cura dei Capelli & Shampoo Trattanti,L'Oréal Professionnel,B001000186,1,47,87
Yamamoto Proteine & Aminoacidi Sportivi Premium Edition Mod. 14 (0394),https://www.amazon.it/dp/B001000394?tag=offertissimes-21,34.31,51.82,14.5,30.49,"Salute, Igiene e Integratori",Proteine & Aminoacidi Sportivi,Yamamoto,B001000394,1,21,91
"Solgar Vitamine, Magnesio & Biohacking Sonno Premium Edition Mod. 36 (0530)",https://www.amazon.it/dp/B001000530?tag=offertissimes-21,21.15,31.48,14.5,20.0,"Salute, Igiene e Integratori","Vitamine, Magnesio & Biohacking Sonno",Solgar,B001000530,1,23,84
"Nutravita Vitamine, Magnesio & Biohacking Sonno Premium Edition Mod. 48 (0542)",https://www.amazon.it/dp/B001000542?tag=offertissimes-21,31.28,43.02,14.5,29.37,"Salute, Igiene e Integratori","Vitamine, Magnesio & Biohacking Sonno",Nutravita,B001000542,1,27,89
SiS Science in Sport Elettroliti & Idratazione Senza Zucchero Premium Edition Mod. 01 (0552),https://www.amazon.it/dp/B001000552?tag=offertissimes-21,12.46,15.44,14.5,11.45,"Salute, Igiene e Integratori",Elettroliti & Idratazione Senza Zucchero,SiS Science in Sport,B001000552,1,31,87
Enervit Elettroliti & Idratazione Senza Zucchero Premium Edition Mod. 21 (0572),https://www.amazon.it/dp/B001000572?tag=offertissimes-21,42.7,51.05,14.5,36.63,"Salute, Igiene e Integratori",Elettroliti & Idratazione Senza Zucchero,Enervit,B001000572,1,29,88
Nespresso Cialde & Capsule Caffè Scorte 100-150pz Premium Edition Mod. 41 (0761),https://www.amazon.it/dp/B001000761?tag=offertissimes-21,39.68,46.54,14.5,34.4,"Alimentari, Caffè e Bevande",Cialde & Capsule Caffè Scorte 100-150pz,Nespresso,B001000761,1,27,91
Segafredo Caffè in Grani Specialty 1kg Premium Edition Mod. 18 (0790),https://www.amazon.it/dp/B001000790?tag=offertissimes-21,20.9,25.49,14.5,19.86,"Alimentari, Caffè e Bevande",Caffè in Grani Specialty 1kg,Segafredo,B001000790,1,33,79
Pukka Tè Matcha Cerimoniale Bio & Tisane Premium Edition Mod. 07 (0831),https://www.amazon.it/dp/B001000831?tag=offertissimes-21,30.43,43.7,14.5,27.11,"Alimentari, Caffè e Bevande",Tè Matcha Cerimoniale Bio & Tisane,Pukka,B001000831,1,32,86
Prozis Alimenti Proteici & Creme Spalmabili Zero Premium Edition Mod. 16 (0892),https://www.amazon.it/dp/B001000892?tag=offertissimes-21,26.21,34.84,14.5,23.08,"Alimentari, Caffè e Bevande",Alimenti Proteici & Creme Spalmabili Zero,Prozis,B001000892,1,27,100
Pril Gold Capsule Lavastoviglie Maxi Box (100-160pz) Premium Edition Mod. 34 (1014),https://www.amazon.it/dp/B001001014?tag=offertissimes-21,39.68,45.85,14.5,34.44,Cura della Casa e Pulizia,Capsule Lavastoviglie Maxi Box (100-160pz),Pril Gold,B001001014,1,36,88
Fairy Platinum Plus Capsule Lavastoviglie Maxi Box (100-160pz) Premium Edition Mod. 46 (1026),https://www.amazon.it/dp/B001001026?tag=offertissimes-21,16.97,25.98,14.5,15.11,Cura della Casa e Pulizia,Capsule Lavastoviglie Maxi Box (100-160pz),Fairy Platinum Plus,B001001026,1,74,91
Chanteclair Detersivi Lavatrice Concentrati & Pods Premium Edition Mod. 42 (1082),https://www.amazon.it/dp/B001001082?tag=offertissimes-21,19.07,26.43,14.5,18.42,Cura della Casa e Pulizia,Detersivi Lavatrice Concentrati & Pods,Chanteclair,B001001082,1,44,77
Philips Water Filtri Ricambio Caraffe & Depuratori Acqua Premium Edition Mod. 21 (1121),https://www.amazon.it/dp/B001001121?tag=offertissimes-21,25.16,38.61,14.5,24.42,Cura della Casa e Pulizia,Filtri Ricambio Caraffe & Depuratori Acqua,Philips Water,B001001121,1,67,84
Laica Filtri Ricambio Caraffe & Depuratori Acqua Premium Edition Mod. 48 (1148),https://www.amazon.it/dp/B001001148?tag=offertissimes-21,41.13,62.55,14.5,38.03,Cura della Casa e Pulizia,Filtri Ricambio Caraffe & Depuratori Acqua,Laica,B001001148,1,72,92
Biokat's Lettiere Gatto Agglomeranti & Silicio 10-20L Premium Edition Mod. 45 (1505),https://www.amazon.it/dp/B001001505?tag=offertissimes-21,30.46,36.19,14.5,29.3,Animali Domestici (Pet Care),Lettiere Gatto Agglomeranti & Silicio 10-20L,Biokat's,B001001505,1,23,83
Catit Filtri Ricambio Fontanelle Acqua Gatti Premium Edition Mod. 09 (1610),https://www.amazon.it/dp/B001001610?tag=offertissimes-21,57.07,71.03,14.5,50.34,Animali Domestici (Pet Care),Filtri Ricambio Fontanelle Acqua Gatti,Catit,B001001610,1,26,93
HoneyGuaridan Filtri Ricambio Fontanelle Acqua Gatti Premium Edition Mod. 27 (1628),https://www.amazon.it/dp/B001001628?tag=offertissimes-21,10.24,13.2,14.5,9.24,Animali Domestici (Pet Care),Filtri Ricambio Fontanelle Acqua Gatti,HoneyGuaridan,B001001628,1,41,85
Lickimat Tappetini Olfattivi & Ciotole Lente Virali Premium Edition Mod. 19 (1713),https://www.amazon.it/dp/B001001713?tag=offertissimes-21,45.26,55.68,14.5,41.06,Animali Domestici (Pet Care),Tappetini Olfattivi & Ciotole Lente Virali,Lickimat,B001001713,0,415,85
Lickimat Tappetini Olfattivi & Ciotole Lente Virali Premium Edition Mod. 22 (1716),https://www.amazon.it/dp/B001001716?tag=offertissimes-21,22.15,34.24,14.5,18.99,Animali Domestici (Pet Care),Tappetini Olfattivi & Ciotole Lente Virali,Lickimat,B001001716,0,533,98
Spigen Pellicole Salvaschermo Vetro con Dima Installazione Premium Edition Mod. 34 (1828),https://www.amazon.it/dp/B001001828?tag=offertissimes-21,73.92,100.39,14.5,72.04,"Elettronica, Accessori e Gadget Smart",Pellicole Salvaschermo Vetro con Dima Installazione,Spigen,B001001828,1,253,89
Baseus Caricatori GaN Multi-Porta Compatti Premium Edition Mod. 49 (1897),https://www.amazon.it/dp/B001001897?tag=offertissimes-21,72.59,107.29,14.5,63.23,"Elettronica, Accessori e Gadget Smart",Caricatori GaN Multi-Porta Compatti,Baseus,B001001897,0,192,98
Belkin Supporti Auto Magnetici MagSafe Wireless Premium Edition Mod. 22 (1923),https://www.amazon.it/dp/B001001923?tag=offertissimes-21,52.19,59.66,14.5,50.09,"Elettronica, Accessori e Gadget Smart",Supporti Auto Magnetici MagSafe Wireless,Belkin,B001001923,0,472,95
ESR Supporti Auto Magnetici MagSafe Wireless Premium Edition Mod. 23 (1924),https://www.amazon.it/dp/B001001924?tag=offertissimes-21,60.3,90.48,14.5,55.49,"Elettronica, Accessori e Gadget Smart",Supporti Auto Magnetici MagSafe Wireless,ESR,B001001924,0,348,100
Belkin Supporti Auto Magnetici MagSafe Wireless Premium Edition Mod. 42 (1943),https://www.amazon.it/dp/B001001943?tag=offertissimes-21,21.76,28.06,14.5,20.84,"Elettronica, Accessori e Gadget Smart",Supporti Auto Magnetici MagSafe Wireless,Belkin,B001001943,0,303,91
Ordilend Kit Pulizia Multifunzione 7-in-1 Tech Premium Edition Mod. 53 (2007),https://www.amazon.it/dp/B001002007?tag=offertissimes-21,57.91,88.2,14.5,52.34,"Elettronica, Accessori e Gadget Smart",Kit Pulizia Multifunzione 7-in-1 Tech,Ordilend,B001002007,0,222,89
Dreame Filtri & Ricambi Robot Aspirapolvere Premium Edition Mod. 07 (2067),https://www.amazon.it/dp/B001002067?tag=offertissimes-21,61.37,73.18,14.5,55.18,"Casa, Cucina ed Elettrodomestici",Filtri & Ricambi Robot Aspirapolvere,Dreame,B001002067,1,98,86
AirFryer Pro Carta Forno Riutilizzabile & Accessori Friggitrice Aria Premium Edition Mod. 13 (2125),https://www.amazon.it/dp/B001002125?tag=offertissimes-21,51.37,72.48,14.5,44.02,"Casa, Cucina ed Elettrodomestici",Carta Forno Riutilizzabile & Accessori Friggitrice Aria,AirFryer Pro,B001002125,1,187,96
Ninja Friggitrici ad Aria a Doppia Resistenza Premium Edition Mod. 01 (2165),https://www.amazon.it/dp/B001002165?tag=offertissimes-21,45.74,63.6,14.5,42.33,"Casa, Cucina ed Elettrodomestici",Friggitrici ad Aria a Doppia Resistenza,Ninja,B001002165,0,289,100
Ninja Friggitrici ad Aria a Doppia Resistenza Premium Edition Mod. 28 (2192),https://www.amazon.it/dp/B001002192?tag=offertissimes-21,69.19,108.38,14.5,59.28,"Casa, Cucina ed Elettrodomestici",Friggitrici ad Aria a Doppia Resistenza,Ninja,B001002192,0,426,98
Bonsenkitchen Sigillatori Sottovuoto & Rotoli Goffrati Premium Edition Mod. 52 (2268),https://www.amazon.it/dp/B001002268?tag=offertissimes-21,59.73,94.08,14.5,54.09,"Casa, Cucina ed Elettrodomestici",Sigillatori Sottovuoto & Rotoli Goffrati,Bonsenkitchen,B001002268,1,276,82
Nespresso Aeroccino Montalatte Elettrici a Induzione Virali Premium Edition Mod. 21 (2340),https://www.amazon.it/dp/B001002340?tag=offertissimes-21,120.89,180.83,14.5,113.29,"Casa, Cucina ed Elettrodomestici",Montalatte Elettrici a Induzione Virali,Nespresso Aeroccino,B001002340,0,288,93
Panasonic Eneloop Pile Ricaricabili AA / AAA NiMH & Caricatori Smart Premium Edition Mod. 03 (2373),https://www.amazon.it/dp/B001002373?tag=offertissimes-21,11.07,13.95,14.5,10.04,"Fai da Te, Bricolage e Giardinaggio",Pile Ricaricabili AA / AAA NiMH & Caricatori Smart,Panasonic Eneloop,B001002373,1,86,95
Pattex Nastri Adesivi Gorilla & Sigillanti Impermeabilizzanti Premium Edition Mod. 26 (2468),https://www.amazon.it/dp/B001002468?tag=offertissimes-21,25.84,37.18,14.5,22.1,"Fai da Te, Bricolage e Giardinaggio",Nastri Adesivi Gorilla & Sigillanti Impermeabilizzanti,Pattex,B001002468,1,77,90
Claber Sistemi Irrigazione a Goccia Smart per Balconi Premium Edition Mod. 21 (2535),https://www.amazon.it/dp/B001002535?tag=offertissimes-21,32.24,47.23,14.5,28.36,"Fai da Te, Bricolage e Giardinaggio",Sistemi Irrigazione a Goccia Smart per Balconi,Claber,B001002535,0,446,81
BlazePods Corda per Saltare Professionale con Cuscinetti Rapidi Premium Edition Mod. 08 (2746),https://www.amazon.it/dp/B001002746?tag=offertissimes-21,22.89,28.64,14.5,21.41,"Sport, Fitness e Attrezzatura",Corda per Saltare Professionale con Cuscinetti Rapidi,BlazePods,B001002746,0,519,92
Brother Cartucce & Toner Compatibili Multipack Premium Edition Mod. 15 (2905),https://www.amazon.it/dp/B001002905?tag=offertissimes-21,27.41,37.38,14.5,24.59,"Cancelleria, Ufficio e Spedizioni",Cartucce & Toner Compatibili Multipack,Brother,B001002905,1,61,98
Munbyn Etichette Termiche Adesive Spedizioni 100x150mm Premium Edition Mod. 04 (2958),https://www.amazon.it/dp/B001002958?tag=offertissimes-21,15.65,22.45,14.5,14.51,"Cancelleria, Ufficio e Spedizioni",Etichette Termiche Adesive Spedizioni 100x150mm,Munbyn,B001002958,1,62,97
Levi's Boxer Cotone Elasticizzato Multipack (6-10pz) Premium Edition Mod. 08 (3058),https://www.amazon.it/dp/B001003058?tag=offertissimes-21,49.11,56.06,14.5,47.58,Abbigliamento Base e Calzetteria,Boxer Cotone Elasticizzato Multipack (6-10pz),Levi's,B001003058,1,116,87
Under Armour Calzini Sportivi Tecnici Traspiranti Multipack Premium Edition Mod. 04 (3087),https://www.amazon.it/dp/B001003087?tag=offertissimes-21,21.69,28.38,14.5,21.16,Abbigliamento Base e Calzetteria,Calzini Sportivi Tecnici Traspiranti Multipack,Under Armour,B001003087,1,91,92
Danish Endurance Calzini Sportivi Tecnici Traspiranti Multipack Premium Edition Mod. 32 (3115),https://www.amazon.it/dp/B001003115?tag=offertissimes-21,12.67,19.56,14.5,12.0,Abbigliamento Base e Calzetteria,Calzini Sportivi Tecnici Traspiranti Multipack,Danish Endurance,B001003115,1,110,92
Fruit of the Loom T-Shirt Girocollo Cotone Pesante Pack da 5 Premium Edition Mod. 28 (3144),https://www.amazon.it/dp/B001003144?tag=offertissimes-21,47.65,54.2,14.5,42.1,Abbigliamento Base e Calzetteria,T-Shirt Girocollo Cotone Pesante Pack da 5,Fruit of the Loom,B001003144,1,105,81
Carhartt Borse a Tracolla & Marsupi Virali Monospalla Premium Edition Mod. 12 (3160),https://www.amazon.it/dp/B001003160?tag=offertissimes-21,22.77,33.83,14.5,20.95,Abbigliamento Base e Calzetteria,Borse a Tracolla & Marsupi Virali Monospalla,Carhartt,B001003160,0,310,91
Titan Shield Bustine Protettive Carte Collezionabili (100-500pz) Premium Edition Mod. 25 (3205),https://www.amazon.it/dp/B001003205?tag=offertissimes-21,31.54,47.75,14.5,28.66,"Giochi, Hobbies e Tempo Libero",Bustine Protettive Carte Collezionabili (100-500pz),Titan Shield,B001003205,1,216,88
"Braun Rasatura, Lame & Depilazione Premium Edition Mod. 11 (0202)",https://www.amazon.it/dp/B001000202?tag=offertissimes-21,49.48,64.36,14.4,48.46,Bellezza e Cura della Persona,"Rasatura, Lame & Depilazione",Braun,B001000202,1,25,75
Creapure Creatina Monoidrato & Pre-Workout Premium Edition Mod. 05 (0442),https://www.amazon.it/dp/B001000442?tag=offertissimes-21,41.86,55.6,14.4,35.68,"Salute, Igiene e Integratori",Creatina Monoidrato & Pre-Workout,Creapure,B001000442,1,21,93
WeightWorld Creatina Monoidrato & Pre-Workout Premium Edition Mod. 46 (0483),https://www.amazon.it/dp/B001000483?tag=offertissimes-21,37.32,51.42,14.4,34.0,"Salute, Igiene e Integratori",Creatina Monoidrato & Pre-Workout,WeightWorld,B001000483,1,21,93
Enervit Elettroliti & Idratazione Senza Zucchero Premium Edition Mod. 39 (0590),https://www.amazon.it/dp/B001000590?tag=offertissimes-21,31.76,38.3,14.4,27.82,"Salute, Igiene e Integratori",Elettroliti & Idratazione Senza Zucchero,Enervit,B001000590,1,21,86
Enervit Elettroliti & Idratazione Senza Zucchero Premium Edition Mod. 43 (0594),https://www.amazon.it/dp/B001000594?tag=offertissimes-21,21.74,24.86,14.4,20.86,"Salute, Igiene e Integratori",Elettroliti & Idratazione Senza Zucchero,Enervit,B001000594,1,27,91
Matcha Ninja Tè Matcha Cerimoniale Bio & Tisane Premium Edition Mod. 20 (0844),https://www.amazon.it/dp/B001000844?tag=offertissimes-21,37.68,51.32,14.4,34.4,"Alimentari, Caffè e Bevande",Tè Matcha Cerimoniale Bio & Tisane,Matcha Ninja,B001000844,1,25,83
Dixan Detersivi Lavatrice Concentrati & Pods Premium Edition Mod. 30 (1070),https://www.amazon.it/dp/B001001070?tag=offertissimes-21,24.73,37.32,14.4,21.74,Cura della Casa e Pulizia,Detersivi Lavatrice Concentrati & Pods,Dixan,B001001070,1,55,89
Scrub Daddy Pulitori Miracolosi Virali & Spugne Premium Edition Mod. 36 (1196),https://www.amazon.it/dp/B001001196?tag=offertissimes-21,36.22,45.54,14.4,33.91,Cura della Casa e Pulizia,Pulitori Miracolosi Virali & Spugne,Scrub Daddy,B001001196,0,446,96
Astonish Pulitori Miracolosi Virali & Spugne Premium Edition Mod. 47 (1207),https://www.amazon.it/dp/B001001207?tag=offertissimes-21,31.48,38.08,14.4,30.83,Cura della Casa e Pulizia,Pulitori Miracolosi Virali & Spugne,Astonish,B001001207,0,235,88
Sinland Panni Microfibra Alta Densità & Swiffer Ricambi Premium Edition Mod. 14 (1234),https://www.amazon.it/dp/B001001234?tag=offertissimes-21,38.47,60.4,14.4,35.49,Cura della Casa e Pulizia,Panni Microfibra Alta Densità & Swiffer Ricambi,Sinland,B001001234,1,40,80
Swiffer Panni Microfibra Alta Densità & Swiffer Ricambi Premium Edition Mod. 60 (1280),https://www.amazon.it/dp/B001001280?tag=offertissimes-21,32.52,37.12,14.4,30.65,Cura della Casa e Pulizia,Panni Microfibra Alta Densità & Swiffer Ricambi,Swiffer,B001001280,1,69,81
Pampers Progressi Pannolini Box Scorta Mensile (120-180pz) Premium Edition Mod. 27 (1307),https://www.amazon.it/dp/B001001307?tag=offertissimes-21,23.95,38.37,14.4,20.64,Prima Infanzia e Maternità,Pannolini Box Scorta Mensile (120-180pz),Pampers Progressi,B001001307,1,27,96
Mustela Paste Cambio Protettive Ossido Zinco Premium Edition Mod. 10 (1398),https://www.amazon.it/dp/B001001398?tag=offertissimes-21,52.31,70.19,14.4,47.12,Prima Infanzia e Maternità,Paste Cambio Protettive Ossido Zinco,Mustela,B001001398,1,26,80
Amazon Basics Sacchetti Igienici Cane Biodegradabili (300-600pz) Premium Edition Mod. 05 (1512),https://www.amazon.it/dp/B001001512?tag=offertissimes-21,37.52,52.97,14.4,35.98,Animali Domestici (Pet Care),Sacchetti Igienici Cane Biodegradabili (300-600pz),Amazon Basics,B001001512,1,41,84
Earth Rated Sacchetti Igienici Cane Biodegradabili (300-600pz) Premium Edition Mod. 26 (1533),https://www.amazon.it/dp/B001001533?tag=offertissimes-21,32.06,38.05,14.4,28.01,Animali Domestici (Pet Care),Sacchetti Igienici Cane Biodegradabili (300-600pz),Earth Rated,B001001533,1,25,84
Amazon Basics Sacchetti Igienici Cane Biodegradabili (300-600pz) Premium Edition Mod. 44 (1551),https://www.amazon.it/dp/B001001551?tag=offertissimes-21,53.96,71.87,14.4,50.7,Animali Domestici (Pet Care),Sacchetti Igienici Cane Biodegradabili (300-600pz),Amazon Basics,B001001551,1,24,89
Baseus Cavi USB-C Fast Charge 100W/240W Multipack Premium Edition Mod. 04 (1744),https://www.amazon.it/dp/B001001744?tag=offertissimes-21,52.61,68.38,14.4,46.55,"Elettronica, Accessori e Gadget Smart",Cavi USB-C Fast Charge 100W/240W Multipack,Baseus,B001001744,1,124,95
Vtopmart Organizer Frigo & Dispensa Trasparenti Acrilico Premium Edition Mod. 48 (2316),https://www.amazon.it/dp/B001002316?tag=offertissimes-21,37.37,50.25,14.4,36.09,"Casa, Cucina ed Elettrodomestici",Organizer Frigo & Dispensa Trasparenti Acrilico,Vtopmart,B001002316,0,432,89
Varta Pile Ricaricabili AA / AAA NiMH & Caricatori Smart Premium Edition Mod. 02 (2372),https://www.amazon.it/dp/B001002372?tag=offertissimes-21,36.84,50.43,14.4,32.75,"Fai da Te, Bricolage e Giardinaggio",Pile Ricaricabili AA / AAA NiMH & Caricatori Smart,Varta,B001002372,1,98,89
Panasonic Eneloop Pile Ricaricabili AA / AAA NiMH & Caricatori Smart Premium Edition Mod. 12 (2382),https://www.amazon.it/dp/B001002382?tag=offertissimes-21,44.81,65.93,14.4,38.76,"Fai da Te, Bricolage e Giardinaggio",Pile Ricaricabili AA / AAA NiMH & Caricatori Smart,Panasonic Eneloop,B001002382,1,82,88
TP-Link Tapo Lampadine LED Smart Dimmerabili Attacco E27/GU10 Premium Edition Mod. 35 (2441),https://www.amazon.it/dp/B001002441?tag=offertissimes-21,68.77,84.07,14.4,66.09,"Fai da Te, Bricolage e Giardinaggio",Lampadine LED Smart Dimmerabili Attacco E27/GU10,TP-Link Tapo,B001002441,1,55,79
Fitbeast Fasce Elastiche di Resistenza & Loop Bands Tessuto Premium Edition Mod. 27 (2727),https://www.amazon.it/dp/B001002727?tag=offertissimes-21,34.48,51.29,14.4,29.83,"Sport, Fitness e Attrezzatura",Fasce Elastiche di Resistenza & Loop Bands Tessuto,Fitbeast,B001002727,1,118,94
Liforme Tappetini Yoga Antiscivolo Alta Densità TPE Premium Edition Mod. 13 (2827),https://www.amazon.it/dp/B001002827?tag=offertissimes-21,29.6,38.17,14.4,25.27,"Sport, Fitness e Attrezzatura",Tappetini Yoga Antiscivolo Alta Densità TPE,Liforme,B001002827,0,313,88
Lifewit Borse Termiche Pranzo Fit & Portavivande Ermetici Premium Edition Mod. 23 (2875),https://www.amazon.it/dp/B001002875?tag=offertissimes-21,26.56,36.01,14.4,22.92,"Sport, Fitness e Attrezzatura",Borse Termiche Pranzo Fit & Portavivande Ermetici,Lifewit,B001002875,0,491,92
Lifewit Borse Termiche Pranzo Fit & Portavivande Ermetici Premium Edition Mod. 26 (2878),https://www.amazon.it/dp/B001002878?tag=offertissimes-21,35.38,50.0,14.4,30.92,"Sport, Fitness e Attrezzatura",Borse Termiche Pranzo Fit & Portavivande Ermetici,Lifewit,B001002878,0,539,88
Florence Bio Sieri Viso & Trattamenti Anti-Age Premium Edition Mod. 30 (0030),https://www.amazon.it/dp/B001000030?tag=offertissimes-21,21.61,34.62,14.3,18.69,Bellezza e Cura della Persona,Sieri Viso & Trattamenti Anti-Age,Florence Bio,B001000030,1,45,90
The Ordinary Sieri Viso & Trattamenti Anti-Age Premium Edition Mod. 32 (0032),https://www.amazon.it/dp/B001000032?tag=offertissimes-21,21.45,33.76,14.3,20.12,Bellezza e Cura della Persona,Sieri Viso & Trattamenti Anti-Age,The Ordinary,B001000032,1,37,98
"Astra Rasatura, Lame & Depilazione Premium Edition Mod. 50 (0241)",https://www.amazon.it/dp/B001000241?tag=offertissimes-21,11.79,17.44,14.3,10.74,Bellezza e Cura della Persona,"Rasatura, Lame & Depilazione",Astra,B001000241,1,43,82
Lattafa Profumeria & Fragranze Virali Premium Edition Mod. 41 (0295),https://www.amazon.it/dp/B001000295?tag=offertissimes-21,41.45,54.24,14.3,35.47,Bellezza e Cura della Persona,Profumeria & Fragranze Virali,Lattafa,B001000295,0,444,97
Yamamoto Proteine & Aminoacidi Sportivi Premium Edition Mod. 08 (0388),https://www.amazon.it/dp/B001000388?tag=offertissimes-21,20.03,31.25,14.3,18.82,"Salute, Igiene e Integratori",Proteine & Aminoacidi Sportivi,Yamamoto,B001000388,1,33,90
Yamamoto Proteine & Aminoacidi Sportivi Premium Edition Mod. 15 (0395),https://www.amazon.it/dp/B001000395?tag=offertissimes-21,11.55,16.98,14.3,10.3,"Salute, Igiene e Integratori",Proteine & Aminoacidi Sportivi,Yamamoto,B001000395,1,34,90
NamedSport Creatina Monoidrato & Pre-Workout Premium Edition Mod. 13 (0450),https://www.amazon.it/dp/B001000450?tag=offertissimes-21,44.0,58.36,14.3,38.06,"Salute, Igiene e Integratori",Creatina Monoidrato & Pre-Workout,NamedSport,B001000450,1,25,85
Creapure Creatina Monoidrato & Pre-Workout Premium Edition Mod. 25 (0462),https://www.amazon.it/dp/B001000462?tag=offertissimes-21,48.88,64.23,14.3,42.06,"Salute, Igiene e Integratori",Creatina Monoidrato & Pre-Workout,Creapure,B001000462,1,26,96
"Gloryfeel Vitamine, Magnesio & Biohacking Sonno Premium Edition Mod. 04 (0498)",https://www.amazon.it/dp/B001000498?tag=offertissimes-21,26.51,40.44,14.3,24.49,"Salute, Igiene e Integratori","Vitamine, Magnesio & Biohacking Sonno",Gloryfeel,B001000498,1,21,91
SiS Science in Sport Elettroliti & Idratazione Senza Zucchero Premium Edition Mod. 05 (0556),https://www.amazon.it/dp/B001000556?tag=offertissimes-21,37.04,59.46,14.3,34.21,"Salute, Igiene e Integratori",Elettroliti & Idratazione Senza Zucchero,SiS Science in Sport,B001000556,1,27,88
Illy Caffè in Grani Specialty 1kg Premium Edition Mod. 31 (0803),https://www.amazon.it/dp/B001000803?tag=offertissimes-21,14.47,20.77,14.3,13.83,"Alimentari, Caffè e Bevande",Caffè in Grani Specialty 1kg,Illy,B001000803,1,20,92
Segafredo Caffè in Grani Specialty 1kg Premium Edition Mod. 51 (0823),https://www.amazon.it/dp/B001000823?tag=offertissimes-21,24.22,34.86,14.3,20.96,"Alimentari, Caffè e Bevande",Caffè in Grani Specialty 1kg,Segafredo,B001000823,1,31,81
Prozis Alimenti Proteici & Creme Spalmabili Zero Premium Edition Mod. 33 (0909),https://www.amazon.it/dp/B001000909?tag=offertissimes-21,13.37,20.13,14.3,11.48,"Alimentari, Caffè e Bevande",Alimenti Proteici & Creme Spalmabili Zero,Prozis,B001000909,1,26,90
Jordan's Skinny Sciroppi Zero Calorie & Aromi Barista Premium Edition Mod. 41 (0969),https://www.amazon.it/dp/B001000969?tag=offertissimes-21,10.22,13.39,14.3,9.55,"Alimentari, Caffè e Bevande",Sciroppi Zero Calorie & Aromi Barista,Jordan's Skinny,B001000969,0,403,100
Finish Quantum Capsule Lavastoviglie Maxi Box (100-160pz) Premium Edition Mod. 48 (1028),https://www.amazon.it/dp/B001001028?tag=offertissimes-21,22.72,30.6,14.3,20.68,Cura della Casa e Pulizia,Capsule Lavastoviglie Maxi Box (100-160pz),Finish Quantum,B001001028,1,69,84
Finish Quantum Capsule Lavastoviglie Maxi Box (100-160pz) Premium Edition Mod. 60 (1040),https://www.amazon.it/dp/B001001040?tag=offertissimes-21,43.33,53.27,14.3,37.93,Cura della Casa e Pulizia,Capsule Lavastoviglie Maxi Box (100-160pz),Finish Quantum,B001001040,1,42,94
Ariel Pods Detersivi Lavatrice Concentrati & Pods Premium Edition Mod. 56 (1096),https://www.amazon.it/dp/B001001096?tag=offertissimes-21,43.0,55.34,14.3,37.35,Cura della Casa e Pulizia,Detersivi Lavatrice Concentrati & Pods,Ariel Pods,B001001096,1,71,90
Philips Water Filtri Ricambio Caraffe & Depuratori Acqua Premium Edition Mod. 60 (1160),https://www.amazon.it/dp/B001001160?tag=offertissimes-21,50.65,59.59,14.3,47.63,Cura della Casa e Pulizia,Filtri Ricambio Caraffe & Depuratori Acqua,Philips Water,B001001160,1,35,91
Vileda Panni Microfibra Alta Densità & Swiffer Ricambi Premium Edition Mod. 30 (1250),https://www.amazon.it/dp/B001001250?tag=offertissimes-21,15.07,17.41,14.3,13.29,Cura della Casa e Pulizia,Panni Microfibra Alta Densità & Swiffer Ricambi,Vileda,B001001250,1,58,79
Mustela Paste Cambio Protettive Ossido Zinco Premium Edition Mod. 34 (1422),https://www.amazon.it/dp/B001001422?tag=offertissimes-21,32.8,40.34,14.3,28.19,Prima Infanzia e Maternità,Paste Cambio Protettive Ossido Zinco,Mustela,B001001422,1,22,79
Catit Filtri Ricambio Fontanelle Acqua Gatti Premium Edition Mod. 41 (1642),https://www.amazon.it/dp/B001001642?tag=offertissimes-21,25.41,39.06,14.3,21.71,Animali Domestici (Pet Care),Filtri Ricambio Fontanelle Acqua Gatti,Catit,B001001642,1,31,90
ChomChom Roller Spazzole Rullo Toglipelo Elettrostatiche Premium Edition Mod. 17 (1665),https://www.amazon.it/dp/B001001665?tag=offertissimes-21,26.67,38.24,14.3,25.58,Animali Domestici (Pet Care),Spazzole Rullo Toglipelo Elettrostatiche,ChomChom Roller,B001001665,0,527,99
ChomChom Roller Spazzole Rullo Toglipelo Elettrostatiche Premium Edition Mod. 42 (1690),https://www.amazon.it/dp/B001001690?tag=offertissimes-21,25.21,28.82,14.3,24.4,Animali Domestici (Pet Care),Spazzole Rullo Toglipelo Elettrostatiche,ChomChom Roller,B001001690,0,333,100
Trixie Tappetini Olfattivi & Ciotole Lente Virali Premium Edition Mod. 26 (1720),https://www.amazon.it/dp/B001001720?tag=offertissimes-21,52.36,65.23,14.3,44.87,Animali Domestici (Pet Care),Tappetini Olfattivi & Ciotole Lente Virali,Trixie,B001001720,0,422,94
Spigen Pellicole Salvaschermo Vetro con Dima Installazione Premium Edition Mod. 13 (1807),https://www.amazon.it/dp/B001001807?tag=offertissimes-21,78.42,115.34,14.3,69.29,"Elettronica, Accessori e Gadget Smart",Pellicole Salvaschermo Vetro con Dima Installazione,Spigen,B001001807,1,110,88
Baseus Caricatori GaN Multi-Porta Compatti Premium Edition Mod. 36 (1884),https://www.amazon.it/dp/B001001884?tag=offertissimes-21,47.05,67.76,14.3,42.18,"Elettronica, Accessori e Gadget Smart",Caricatori GaN Multi-Porta Compatti,Baseus,B001001884,0,327,94
Aukey Caricatori GaN Multi-Porta Compatti Premium Edition Mod. 45 (1893),https://www.amazon.it/dp/B001001893?tag=offertissimes-21,77.37,105.81,14.3,73.61,"Elettronica, Accessori e Gadget Smart",Caricatori GaN Multi-Porta Compatti,Aukey,B001001893,0,446,100
Hagibis Kit Pulizia Multifunzione 7-in-1 Tech Premium Edition Mod. 21 (1975),https://www.amazon.it/dp/B001001975?tag=offertissimes-21,78.23,113.67,14.3,70.37,"Elettronica, Accessori e Gadget Smart",Kit Pulizia Multifunzione 7-in-1 Tech,Hagibis,B001001975,0,311,96
Philips Friggitrici ad Aria a Doppia Resistenza Premium Edition Mod. 47 (2211),https://www.amazon.it/dp/B001002211?tag=offertissimes-21,14.23,22.11,14.3,12.76,"Casa, Cucina ed Elettrodomestici",Friggitrici ad Aria a Doppia Resistenza,Philips,B001002211,0,452,88
KitchenBoss Sigillatori Sottovuoto & Rotoli Goffrati Premium Edition Mod. 35 (2251),https://www.amazon.it/dp/B001002251?tag=offertissimes-21,105.56,150.4,14.3,96.39,"Casa, Cucina ed Elettrodomestici",Sigillatori Sottovuoto & Rotoli Goffrati,KitchenBoss,B001002251,1,120,78
Tesa Nastri Adesivi Gorilla & Sigillanti Impermeabilizzanti Premium Edition Mod. 05 (2447),https://www.amazon.it/dp/B001002447?tag=offertissimes-21,22.1,33.54,14.3,21.52,"Fai da Te, Bricolage e Giardinaggio",Nastri Adesivi Gorilla & Sigillanti Impermeabilizzanti,Tesa,B001002447,1,95,90
Rituals Car Profumatori Auto Lunga Durata & Ricariche Premium Edition Mod. 20 (2570),https://www.amazon.it/dp/B001002570?tag=offertissimes-21,49.42,78.21,14.3,42.78,Auto e Moto (Accessori & Manutenzione),Profumatori Auto Lunga Durata & Ricariche,Rituals Car,B001002570,1,80,86
Yankee Candle Car Profumatori Auto Lunga Durata & Ricariche Premium Edition Mod. 21 (2571),https://www.amazon.it/dp/B001002571?tag=offertissimes-21,68.85,84.17,14.3,67.37,Auto e Moto (Accessori & Manutenzione),Profumatori Auto Lunga Durata & Ricariche,Yankee Candle Car,B001002571,1,49,91
Xiaomi Portable Air Pump 2 Compressori Portatili Ricaricabili Wireless Premium Edition Mod. 22 (2662),https://www.amazon.it/dp/B001002662?tag=offertissimes-21,43.52,59.52,14.3,40.58,Auto e Moto (Accessori & Manutenzione),Compressori Portatili Ricaricabili Wireless,Xiaomi Portable Air Pump 2,B001002662,0,367,95
Gritin Corda per Saltare Professionale con Cuscinetti Rapidi Premium Edition Mod. 10 (2748),https://www.amazon.it/dp/B001002748?tag=offertissimes-21,72.93,107.42,14.3,65.05,"Sport, Fitness e Attrezzatura",Corda per Saltare Professionale con Cuscinetti Rapidi,Gritin,B001002748,0,529,88
Aosbos Borse Termiche Pranzo Fit & Portavivande Ermetici Premium Edition Mod. 13 (2865),https://www.amazon.it/dp/B001002865?tag=offertissimes-21,14.25,21.16,14.3,12.51,"Sport, Fitness e Attrezzatura",Borse Termiche Pranzo Fit & Portavivande Ermetici,Aosbos,B001002865,0,368,89
Brother Cartucce & Toner Compatibili Multipack Premium Edition Mod. 10 (2900),https://www.amazon.it/dp/B001002900?tag=offertissimes-21,17.21,26.83,14.3,15.55,"Cancelleria, Ufficio e Spedizioni",Cartucce & Toner Compatibili Multipack,Brother,B001002900,1,54,84
Kensington Supporti Monitor Ergonomici con Cassetti Premium Edition Mod. 29 (3047),https://www.amazon.it/dp/B001003047?tag=offertissimes-21,17.26,26.81,14.3,14.9,"Cancelleria, Ufficio e Spedizioni",Supporti Monitor Ergonomici con Cassetti,Kensington,B001003047,0,431,87
Fjällräven Borse a Tracolla & Marsupi Virali Monospalla Premium Edition Mod. 07 (3155),https://www.amazon.it/dp/B001003155?tag=offertissimes-21,28.29,43.38,14.3,26.46,Abbigliamento Base e Calzetteria,Borse a Tracolla & Marsupi Virali Monospalla,Fjällräven,B001003155,0,250,98
Infinity Cube Fidget Toys & Antistress Magnetici Virali Premium Edition Mod. 14 (3277),https://www.amazon.it/dp/B001003277?tag=offertissimes-21,39.7,57.8,14.3,36.94,"Giochi, Hobbies e Tempo Libero",Fidget Toys & Antistress Magnetici Virali,Infinity Cube,B001003277,0,276,93
CeraVe Sieri Viso & Trattamenti Anti-Age Premium Edition Mod. 35 (0035),https://www.amazon.it/dp/B001000035?tag=offertissimes-21,31.14,48.07,14.2,29.95,Bellezza e Cura della Persona,Sieri Viso & Trattamenti Anti-Age,CeraVe,B001000035,1,56,92
"Gillette Rasatura, Lame & Depilazione Premium Edition Mod. 47 (0238)",https://www.amazon.it/dp/B001000238?tag=offertissimes-21,21.52,25.23,14.2,19.25,Bellezza e Cura della Persona,"Rasatura, Lame & Depilazione",Gillette,B001000238,1,45,78
Armaf Profumeria & Fragranze Virali Premium Edition Mod. 52 (0306),https://www.amazon.it/dp/B001000306?tag=offertissimes-21,36.23,50.53,14.2,34.22,Bellezza e Cura della Persona,Profumeria & Fragranze Virali,Armaf,B001000306,0,314,100
Maybelline Make-Up & Accessori Bellezza Virali Premium Edition Mod. 43 (0360),https://www.amazon.it/dp/B001000360?tag=offertissimes-21,50.42,61.06,14.2,46.08,Bellezza e Cura della Persona,Make-Up & Accessori Bellezza Virali,Maybelline,B001000360,0,186,90
Creapure Creatina Monoidrato & Pre-Workout Premium Edition Mod. 09 (0446),https://www.amazon.it/dp/B001000446?tag=offertissimes-21,21.33,24.9,14.2,19.94,"Salute, Igiene e Integratori",Creatina Monoidrato & Pre-Workout,Creapure,B001000446,1,20,96
NamedSport Creatina Monoidrato & Pre-Workout Premium Edition Mod. 14 (0451),https://www.amazon.it/dp/B001000451?tag=offertissimes-21,21.71,28.09,14.2,19.02,"Salute, Igiene e Integratori",Creatina Monoidrato & Pre-Workout,NamedSport,B001000451,1,44,95
Creapure Creatina Monoidrato & Pre-Workout Premium Edition Mod. 38 (0475),https://www.amazon.it/dp/B001000475?tag=offertissimes-21,46.22,61.05,14.2,43.22,"Salute, Igiene e Integratori",Creatina Monoidrato & Pre-Workout,Creapure,B001000475,1,24,92
Creapure Creatina Monoidrato & Pre-Workout Premium Edition Mod. 44 (0481),https://www.amazon.it/dp/B001000481?tag=offertissimes-21,25.3,32.2,14.2,24.19,"Salute, Igiene e Integratori",Creatina Monoidrato & Pre-Workout,Creapure,B001000481,1,24,97
Promixx Shaker Magnetici & Accessori Virali Gym Premium Edition Mod. 09 (0673),https://www.amazon.it/dp/B001000673?tag=offertissimes-21,30.95,41.48,14.2,30.32,"Salute, Igiene e Integratori",Shaker Magnetici & Accessori Virali Gym,Promixx,B001000673,0,526,80
BlenderBottle Shaker Magnetici & Accessori Virali Gym Premium Edition Mod. 30 (0694),https://www.amazon.it/dp/B001000694?tag=offertissimes-21,24.49,28.15,14.2,21.29,"Salute, Igiene e Integratori",Shaker Magnetici & Accessori Virali Gym,BlenderBottle,B001000694,0,453,86
BlenderBottle Shaker Magnetici & Accessori Virali Gym Premium Edition Mod. 31 (0695),https://www.amazon.it/dp/B001000695?tag=offertissimes-21,54.63,68.67,14.2,53.16,"Salute, Igiene e Integratori",Shaker Magnetici & Accessori Virali Gym,BlenderBottle,B001000695,0,180,83
BPR Nutrition Alimenti Proteici & Creme Spalmabili Zero Premium Edition Mod. 01 (0877),https://www.amazon.it/dp/B001000877?tag=offertissimes-21,24.73,39.4,14.2,21.11,"Alimentari, Caffè e Bevande",Alimenti Proteici & Creme Spalmabili Zero,BPR Nutrition,B001000877,1,30,88
Monin Sciroppi Zero Calorie & Aromi Barista Premium Edition Mod. 49 (0977),https://www.amazon.it/dp/B001000977?tag=offertissimes-21,21.81,30.37,14.2,21.19,"Alimentari, Caffè e Bevande",Sciroppi Zero Calorie & Aromi Barista,Monin,B001000977,0,270,80
Finish Quantum Capsule Lavastoviglie Maxi Box (100-160pz) Premium Edition Mod. 28 (1008),https://www.amazon.it/dp/B001001008?tag=offertissimes-21,30.48,45.34,14.2,25.97,Cura della Casa e Pulizia,Capsule Lavastoviglie Maxi Box (100-160pz),Finish Quantum,B001001008,1,52,90
Brita Maxtra+ Filtri Ricambio Caraffe & Depuratori Acqua Premium Edition Mod. 57 (1157),https://www.amazon.it/dp/B001001157?tag=offertissimes-21,24.75,33.38,14.2,23.24,Cura della Casa e Pulizia,Filtri Ricambio Caraffe & Depuratori Acqua,Brita Maxtra+,B001001157,1,40,88
Pampers Baby Dry Pannolini Box Scorta Mensile (120-180pz) Premium Edition Mod. 30 (1310),https://www.amazon.it/dp/B001001310?tag=offertissimes-21,26.6,32.65,14.2,25.15,Prima Infanzia e Maternità,Pannolini Box Scorta Mensile (120-180pz),Pampers Baby Dry,B001001310,1,16,91
Chicco Salviette Umidificate All'Acqua 99% Premium Edition Mod. 12 (1328),https://www.amazon.it/dp/B001001328?tag=offertissimes-21,57.02,81.96,14.2,53.69,Prima Infanzia e Maternità,Salviette Umidificate All'Acqua 99%,Chicco,B001001328,1,24,89
Cat's Best Lettiere Gatto Agglomeranti & Silicio 10-20L Premium Edition Mod. 22 (1482),https://www.amazon.it/dp/B001001482?tag=offertissimes-21,12.62,18.42,14.2,11.43,Animali Domestici (Pet Care),Lettiere Gatto Agglomeranti & Silicio 10-20L,Cat's Best,B001001482,1,20,87
Earth Rated Sacchetti Igienici Cane Biodegradabili (300-600pz) Premium Edition Mod. 21 (1528),https://www.amazon.it/dp/B001001528?tag=offertissimes-21,34.99,51.66,14.2,30.82,Animali Domestici (Pet Care),Sacchetti Igienici Cane Biodegradabili (300-600pz),Earth Rated,B001001528,1,21,86
INIU Cavi USB-C Fast Charge 100W/240W Multipack Premium Edition Mod. 54 (1794),https://www.amazon.it/dp/B001001794?tag=offertissimes-21,61.73,94.82,14.2,57.1,"Elettronica, Accessori e Gadget Smart",Cavi USB-C Fast Charge 100W/240W Multipack,INIU,B001001794,1,155,99
Spigen Pellicole Salvaschermo Vetro con Dima Installazione Premium Edition Mod. 28 (1822),https://www.amazon.it/dp/B001001822?tag=offertissimes-21,41.54,61.88,14.2,36.54,"Elettronica, Accessori e Gadget Smart",Pellicole Salvaschermo Vetro con Dima Installazione,Spigen,B001001822,1,227,90
Lamicall Supporti Auto Magnetici MagSafe Wireless Premium Edition Mod. 02 (1903),https://www.amazon.it/dp/B001001903?tag=offertissimes-21,20.91,33.0,14.2,19.3,"Elettronica, Accessori e Gadget Smart",Supporti Auto Magnetici MagSafe Wireless,Lamicall,B001001903,0,314,94
Cosori Friggitrici ad Aria a Doppia Resistenza Premium Edition Mod. 48 (2212),https://www.amazon.it/dp/B001002212?tag=offertissimes-21,133.99,158.4,14.2,124.5,"Casa, Cucina ed Elettrodomestici",Friggitrici ad Aria a Doppia Resistenza,Cosori,B001002212,0,338,92
Panasonic Eneloop Pile Ricaricabili AA / AAA NiMH & Caricatori Smart Premium Edition Mod. 22 (2392),https://www.amazon.it/dp/B001002392?tag=offertissimes-21,55.61,81.99,14.2,54.07,"Fai da Te, Bricolage e Giardinaggio",Pile Ricaricabili AA / AAA NiMH & Caricatori Smart,Panasonic Eneloop,B001002392,1,96,87
Woowind Compressori Portatili Ricaricabili Wireless Premium Edition Mod. 19 (2659),https://www.amazon.it/dp/B001002659?tag=offertissimes-21,60.83,83.78,14.2,54.82,Auto e Moto (Accessori & Manutenzione),Compressori Portatili Ricaricabili Wireless,Woowind,B001002659,0,336,93
Gritin Corda per Saltare Professionale con Cuscinetti Rapidi Premium Edition Mod. 16 (2754),https://www.amazon.it/dp/B001002754?tag=offertissimes-21,11.63,17.24,14.2,10.19,"Sport, Fitness e Attrezzatura",Corda per Saltare Professionale con Cuscinetti Rapidi,Gritin,B001002754,0,252,84
JARBO Cartucce & Toner Compatibili Multipack Premium Edition Mod. 20 (2910),https://www.amazon.it/dp/B001002910?tag=offertissimes-21,42.11,49.82,14.2,36.5,"Cancelleria, Ufficio e Spedizioni",Cartucce & Toner Compatibili Multipack,JARBO,B001002910,1,90,89
Zebra Etichette Termiche Adesive Spedizioni 100x150mm Premium Edition Mod. 22 (2976),https://www.amazon.it/dp/B001002976?tag=offertissimes-21,14.29,18.9,14.2,12.9,"Cancelleria, Ufficio e Spedizioni",Etichette Termiche Adesive Spedizioni 100x150mm,Zebra,B001002976,1,38,93
Stabilo Boss Pastel Evidenziatori Pastello & Penne Gel Cancellabili Premium Edition Mod. 19 (3005),https://www.amazon.it/dp/B001003005?tag=offertissimes-21,10.18,15.55,14.2,9.77,"Cancelleria, Ufficio e Spedizioni",Evidenziatori Pastello & Penne Gel Cancellabili,Stabilo Boss Pastel,B001003005,1,34,91
BONTEC Supporti Monitor Ergonomici con Cassetti Premium Edition Mod. 09 (3027),https://www.amazon.it/dp/B001003027?tag=offertissimes-21,50.73,57.73,14.2,44.8,"Cancelleria, Ufficio e Spedizioni",Supporti Monitor Ergonomici con Cassetti,BONTEC,B001003027,0,515,90
Taco Gatto Capra Giochi da Tavolo Compatti & Pocket Virali Premium Edition Mod. 15 (3223),https://www.amazon.it/dp/B001003223?tag=offertissimes-21,21.2,25.25,14.2,19.56,"Giochi, Hobbies e Tempo Libero",Giochi da Tavolo Compatti & Pocket Virali,Taco Gatto Capra,B001003223,0,230,90
Filofax Agende Settimanali 12/18 Mesi & Ricariche Premium Edition Mod. 14 (3304),https://www.amazon.it/dp/B001003304?tag=offertissimes-21,20.98,33.78,14.2,19.95,"Libri, Agende e Self-Help",Agende Settimanali 12/18 Mesi & Ricariche,Filofax,B001003304,1,204,88
Restivoil Cura dei Capelli & Shampoo Trattanti Premium Edition Mod. 29 (0157),https://www.amazon.it/dp/B001000157?tag=offertissimes-21,30.16,35.92,14.1,26.37,Bellezza e Cura della Persona,Cura dei Capelli & Shampoo Trattanti,Restivoil,B001000157,1,59,85
"Braun Rasatura, Lame & Depilazione Premium Edition Mod. 04 (0195)",https://www.amazon.it/dp/B001000195?tag=offertissimes-21,35.97,50.66,14.1,31.73,Bellezza e Cura della Persona,"Rasatura, Lame & Depilazione",Braun,B001000195,1,59,78
Lattafa Profumeria & Fragranze Virali Premium Edition Mod. 10 (0264),https://www.amazon.it/dp/B001000264?tag=offertissimes-21,7.91,11.47,14.1,6.96,Bellezza e Cura della Persona,Profumeria & Fragranze Virali,Lattafa,B001000264,0,526,92
Maybelline Make-Up & Accessori Bellezza Virali Premium Edition Mod. 15 (0332),https://www.amazon.it/dp/B001000332?tag=offertissimes-21,24.84,31.13,14.1,24.01,Bellezza e Cura della Persona,Make-Up & Accessori Bellezza Virali,Maybelline,B001000332,0,426,99
Enervit Elettroliti & Idratazione Senza Zucchero Premium Edition Mod. 31 (0582),https://www.amazon.it/dp/B001000582?tag=offertissimes-21,25.26,32.46,14.1,22.57,"Salute, Igiene e Integratori",Elettroliti & Idratazione Senza Zucchero,Enervit,B001000582,1,34,92
Caffè Toraldo Cialde & Capsule Caffè Scorte 100-150pz Premium Edition Mod. 09 (0729),https://www.amazon.it/dp/B001000729?tag=offertissimes-21,14.71,18.19,14.1,12.66,"Alimentari, Caffè e Bevande",Cialde & Capsule Caffè Scorte 100-150pz,Caffè Toraldo,B001000729,1,26,92
Matcha Ninja Tè Matcha Cerimoniale Bio & Tisane Premium Edition Mod. 28 (0852),https://www.amazon.it/dp/B001000852?tag=offertissimes-21,31.37,36.37,14.1,29.26,"Alimentari, Caffè e Bevande",Tè Matcha Cerimoniale Bio & Tisane,Matcha Ninja,B001000852,1,32,88
Finish Quantum Capsule Lavastoviglie Maxi Box (100-160pz) Premium Edition Mod. 54 (1034),https://www.amazon.it/dp/B001001034?tag=offertissimes-21,20.94,28.57,14.1,19.35,Cura della Casa e Pulizia,Capsule Lavastoviglie Maxi Box (100-160pz),Finish Quantum,B001001034,1,71,95
Dixan Detersivi Lavatrice Concentrati & Pods Premium Edition Mod. 02 (1042),https://www.amazon.it/dp/B001001042?tag=offertissimes-21,11.91,16.6,14.1,11.0,Cura della Casa e Pulizia,Detersivi Lavatrice Concentrati & Pods,Dixan,B001001042,1,59,86
Philips Water Filtri Ricambio Caraffe & Depuratori Acqua Premium Edition Mod. 14 (1114),https://www.amazon.it/dp/B001001114?tag=offertissimes-21,44.04,50.6,14.1,37.77,Cura della Casa e Pulizia,Filtri Ricambio Caraffe & Depuratori Acqua,Philips Water,B001001114,1,39,89
Scrub Mommy Pulitori Miracolosi Virali & Spugne Premium Edition Mod. 11 (1171),https://www.amazon.it/dp/B001001171?tag=offertissimes-21,35.02,47.48,14.1,31.92,Cura della Casa e Pulizia,Pulitori Miracolosi Virali & Spugne,Scrub Mommy,B001001171,0,500,95
Scrub Daddy Pulitori Miracolosi Virali & Spugne Premium Edition Mod. 55 (1215),https://www.amazon.it/dp/B001001215?tag=offertissimes-21,42.07,49.06,14.1,37.91,Cura della Casa e Pulizia,Pulitori Miracolosi Virali & Spugne,Scrub Daddy,B001001215,0,272,97
Huggies Pure Salviette Umidificate All'Acqua 99% Premium Edition Mod. 26 (1342),https://www.amazon.it/dp/B001001342?tag=offertissimes-21,56.34,84.82,14.1,52.68,Prima Infanzia e Maternità,Salviette Umidificate All'Acqua 99%,Huggies Pure,B001001342,1,23,96
Tommee Tippee Sangenic Ricariche Mangia-Pannolini Multistrato Premium Edition Mod. 03 (1355),https://www.amazon.it/dp/B001001355?tag=offertissimes-21,13.99,17.72,14.1,13.6,Prima Infanzia e Maternità,Ricariche Mangia-Pannolini Multistrato,Tommee Tippee Sangenic,B001001355,1,21,85
Momcozy Gadget Virali Sonno Neonato (White Noise) Premium Edition Mod. 15 (1439),https://www.amazon.it/dp/B001001439?tag=offertissimes-21,19.94,29.64,14.1,17.71,Prima Infanzia e Maternità,Gadget Virali Sonno Neonato (White Noise),Momcozy,B001001439,0,226,88
Catit Filtri Ricambio Fontanelle Acqua Gatti Premium Edition Mod. 21 (1622),https://www.amazon.it/dp/B001001622?tag=offertissimes-21,26.1,31.69,14.1,24.83,Animali Domestici (Pet Care),Filtri Ricambio Fontanelle Acqua Gatti,Catit,B001001622,1,31,84
Aumuca Spazzole Rullo Toglipelo Elettrostatiche Premium Edition Mod. 12 (1660),https://www.amazon.it/dp/B001001660?tag=offertissimes-21,61.06,79.25,14.1,57.24,Animali Domestici (Pet Care),Spazzole Rullo Toglipelo Elettrostatiche,Aumuca,B001001660,0,269,94
TP-Link Tapo Prese Smart Wi-Fi Monitoraggio Consumi Premium Edition Mod. 34 (2041),https://www.amazon.it/dp/B001002041?tag=offertissimes-21,25.41,37.07,14.1,22.84,"Elettronica, Accessori e Gadget Smart",Prese Smart Wi-Fi Monitoraggio Consumi,TP-Link Tapo,B001002041,0,216,90
Chemical Guys Kit Pulizia & Manutenzione Pelle/Plastiche Auto Premium Edition Mod. 07 (2617),https://www.amazon.it/dp/B001002617?tag=offertissimes-21,66.29,80.8,14.1,61.85,Auto e Moto (Accessori & Manutenzione),Kit Pulizia & Manutenzione Pelle/Plastiche Auto,Chemical Guys,B001002617,1,66,86
BlazePods Corda per Saltare Professionale con Cuscinetti Rapidi Premium Edition Mod. 06 (2744),https://www.amazon.it/dp/B001002744?tag=offertissimes-21,32.83,49.01,14.1,31.07,"Sport, Fitness e Attrezzatura",Corda per Saltare Professionale con Cuscinetti Rapidi,BlazePods,B001002744,0,301,89
Aosbos Borse Termiche Pranzo Fit & Portavivande Ermetici Premium Edition Mod. 04 (2856),https://www.amazon.it/dp/B001002856?tag=offertissimes-21,22.15,33.04,14.1,21.24,"Sport, Fitness e Attrezzatura",Borse Termiche Pranzo Fit & Portavivande Ermetici,Aosbos,B001002856,0,276,84
Tatay Borse Termiche Pranzo Fit & Portavivande Ermetici Premium Edition Mod. 12 (2864),https://www.amazon.it/dp/B001002864?tag=offertissimes-21,51.17,72.6,14.1,43.92,"Sport, Fitness e Attrezzatura",Borse Termiche Pranzo Fit & Portavivande Ermetici,Tatay,B001002864,0,312,93
Pilot Frixion Evidenziatori Pastello & Penne Gel Cancellabili Premium Edition Mod. 02 (2988),https://www.amazon.it/dp/B001002988?tag=offertissimes-21,11.36,16.12,14.1,10.5,"Cancelleria, Ufficio e Spedizioni",Evidenziatori Pastello & Penne Gel Cancellabili,Pilot Frixion,B001002988,1,46,85
HUANUO Supporti Monitor Ergonomici con Cassetti Premium Edition Mod. 08 (3026),https://www.amazon.it/dp/B001003026?tag=offertissimes-21,10.56,15.36,14.1,10.21,"Cancelleria, Ufficio e Spedizioni",Supporti Monitor Ergonomici con Cassetti,HUANUO,B001003026,0,407,87
PUMA Boxer Cotone Elasticizzato Multipack (6-10pz) Premium Edition Mod. 14 (3064),https://www.amazon.it/dp/B001003064?tag=offertissimes-21,22.58,33.74,14.1,20.9,Abbigliamento Base e Calzetteria,Boxer Cotone Elasticizzato Multipack (6-10pz),PUMA,B001003064,1,61,91
Under Armour Calzini Sportivi Tecnici Traspiranti Multipack Premium Edition Mod. 29 (3112),https://www.amazon.it/dp/B001003112?tag=offertissimes-21,36.77,42.34,14.1,35.28,Abbigliamento Base e Calzetteria,Calzini Sportivi Tecnici Traspiranti Multipack,Under Armour,B001003112,1,111,97
JHK T-Shirt Girocollo Cotone Pesante Pack da 5 Premium Edition Mod. 27 (3143),https://www.amazon.it/dp/B001003143?tag=offertissimes-21,40.25,56.05,14.1,37.83,Abbigliamento Base e Calzetteria,T-Shirt Girocollo Cotone Pesante Pack da 5,JHK,B001003143,1,60,83
LEGO Icons Set Costruzioni Modulari per Adulti Premium Edition Mod. 18 (3254),https://www.amazon.it/dp/B001003254?tag=offertissimes-21,43.3,58.25,14.1,39.91,"Giochi, Hobbies e Tempo Libero",Set Costruzioni Modulari per Adulti,LEGO Icons,B001003254,0,432,92
Speks Fidget Toys & Antistress Magnetici Virali Premium Edition Mod. 17 (3280),https://www.amazon.it/dp/B001003280?tag=offertissimes-21,33.28,42.26,14.1,32.11,"Giochi, Hobbies e Tempo Libero",Fidget Toys & Antistress Magnetici Virali,Speks,B001003280,0,477,100
Sperling & Kupfer Romanzi Virali BookTok & Romance Trend Premium Edition Mod. 08 (3344),https://www.amazon.it/dp/B001003344?tag=offertissimes-21,8.55,13.39,14.1,7.94,"Libri, Agende e Self-Help",Romanzi Virali BookTok & Romance Trend,Sperling & Kupfer,B001003344,0,486,98
Newton Compton Romanzi Virali BookTok & Romance Trend Premium Edition Mod. 15 (3351),https://www.amazon.it/dp/B001003351?tag=offertissimes-21,13.68,17.25,14.1,12.01,"Libri, Agende e Self-Help",Romanzi Virali BookTok & Romance Trend,Newton Compton,B001003351,0,488,100
The Ordinary Sieri Viso & Trattamenti Anti-Age Premium Edition Mod. 02 (0002),https://www.amazon.it/dp/B001000002?tag=offertissimes-21,25.74,33.72,14.0,22.81,Bellezza e Cura della Persona,Sieri Viso & Trattamenti Anti-Age,The Ordinary,B001000002,1,59,91
Olaplex Cura dei Capelli & Shampoo Trattanti Premium Edition Mod. 18 (0146),https://www.amazon.it/dp/B001000146?tag=offertissimes-21,44.45,53.45,14.0,42.11,Bellezza e Cura della Persona,Cura dei Capelli & Shampoo Trattanti,Olaplex,B001000146,1,50,89
"Braun Rasatura, Lame & Depilazione Premium Edition Mod. 07 (0198)",https://www.amazon.it/dp/B001000198?tag=offertissimes-21,42.15,64.4,14.0,36.52,Bellezza e Cura della Persona,"Rasatura, Lame & Depilazione",Braun,B001000198,1,28,76
"Astra Rasatura, Lame & Depilazione Premium Edition Mod. 46 (0237)",https://www.amazon.it/dp/B001000237?tag=offertissimes-21,34.56,40.49,14.0,31.53,Bellezza e Cura della Persona,"Rasatura, Lame & Depilazione",Astra,B001000237,1,51,74
"Braun Rasatura, Lame & Depilazione Premium Edition Mod. 52 (0243)",https://www.amazon.it/dp/B001000243?tag=offertissimes-21,42.48,55.08,14.0,39.07,Bellezza e Cura della Persona,"Rasatura, Lame & Depilazione",Braun,B001000243,1,39,70
Lattafa Profumeria & Fragranze Virali Premium Edition Mod. 42 (0296),https://www.amazon.it/dp/B001000296?tag=offertissimes-21,10.42,14.76,14.0,9.9,Bellezza e Cura della Persona,Profumeria & Fragranze Virali,Lattafa,B001000296,0,500,92
"Swisse Vitamine, Magnesio & Biohacking Sonno Premium Edition Mod. 35 (0529)",https://www.amazon.it/dp/B001000529?tag=offertissimes-21,30.86,37.02,14.0,30.1,"Salute, Igiene e Integratori","Vitamine, Magnesio & Biohacking Sonno",Swisse,B001000529,1,37,89
"Swisse Vitamine, Magnesio & Biohacking Sonno Premium Edition Mod. 42 (0536)",https://www.amazon.it/dp/B001000536?tag=offertissimes-21,18.51,24.48,14.0,17.4,"Salute, Igiene e Integratori","Vitamine, Magnesio & Biohacking Sonno",Swisse,B001000536,1,20,82
SiS Science in Sport Elettroliti & Idratazione Senza Zucchero Premium Edition Mod. 35 (0586),https://www.amazon.it/dp/B001000586?tag=offertissimes-21,26.74,37.17,14.0,24.16,"Salute, Igiene e Integratori",Elettroliti & Idratazione Senza Zucchero,SiS Science in Sport,B001000586,1,32,94
Omron Dispositivi Elettromedicali & Termometri Premium Edition Mod. 39 (0647),https://www.amazon.it/dp/B001000647?tag=offertissimes-21,47.14,55.04,14.0,44.31,"Salute, Igiene e Integratori",Dispositivi Elettromedicali & Termometri,Omron,B001000647,0,520,78
Illy Caffè in Grani Specialty 1kg Premium Edition Mod. 21 (0793),https://www.amazon.it/dp/B001000793?tag=offertissimes-21,8.63,12.71,14.0,7.97,"Alimentari, Caffè e Bevande",Caffè in Grani Specialty 1kg,Illy,B001000793,1,24,86
Pukka Tè Matcha Cerimoniale Bio & Tisane Premium Edition Mod. 36 (0860),https://www.amazon.it/dp/B001000860?tag=offertissimes-21,23.59,37.6,14.0,22.58,"Alimentari, Caffè e Bevande",Tè Matcha Cerimoniale Bio & Tisane,Pukka,B001000860,1,26,88
Fairy Platinum Plus Capsule Lavastoviglie Maxi Box (100-160pz) Premium Edition Mod. 45 (1025),https://www.amazon.it/dp/B001001025?tag=offertissimes-21,19.72,28.52,14.0,18.83,Cura della Casa e Pulizia,Capsule Lavastoviglie Maxi Box (100-160pz),Fairy Platinum Plus,B001001025,1,69,91
Astonish Pulitori Miracolosi Virali & Spugne Premium Edition Mod. 14 (1174),https://www.amazon.it/dp/B001001174?tag=offertissimes-21,22.15,32.34,14.0,21.01,Cura della Casa e Pulizia,Pulitori Miracolosi Virali & Spugne,Astonish,B001001174,0,260,94
Vileda Panni Microfibra Alta Densità & Swiffer Ricambi Premium Edition Mod. 05 (1225),https://www.amazon.it/dp/B001001225?tag=offertissimes-21,21.68,27.86,14.0,20.87,Cura della Casa e Pulizia,Panni Microfibra Alta Densità & Swiffer Ricambi,Vileda,B001001225,1,73,77
Vileda Panni Microfibra Alta Densità & Swiffer Ricambi Premium Edition Mod. 46 (1266),https://www.amazon.it/dp/B001001266?tag=offertissimes-21,41.14,46.85,14.0,38.72,Cura della Casa e Pulizia,Panni Microfibra Alta Densità & Swiffer Ricambi,Vileda,B001001266,1,73,72
Swiffer Panni Microfibra Alta Densità & Swiffer Ricambi Premium Edition Mod. 50 (1270),https://www.amazon.it/dp/B001001270?tag=offertissimes-21,28.07,32.94,14.0,26.02,Cura della Casa e Pulizia,Panni Microfibra Alta Densità & Swiffer Ricambi,Swiffer,B001001270,1,72,84
Sinland Panni Microfibra Alta Densità & Swiffer Ricambi Premium Edition Mod. 51 (1271),https://www.amazon.it/dp/B001001271?tag=offertissimes-21,22.13,25.76,14.0,18.95,Cura della Casa e Pulizia,Panni Microfibra Alta Densità & Swiffer Ricambi,Sinland,B001001271,1,36,83
Pedigree Dentastix Snack Igiene Dentale Cani Scorte Mensili Premium Edition Mod. 30 (1584),https://www.amazon.it/dp/B001001584?tag=offertissimes-21,38.8,48.71,14.0,36.84,Animali Domestici (Pet Care),Snack Igiene Dentale Cani Scorte Mensili,Pedigree Dentastix,B001001584,1,27,95
Aumuca Spazzole Rullo Toglipelo Elettrostatiche Premium Edition Mod. 41 (1689),https://www.amazon.it/dp/B001001689?tag=offertissimes-21,23.08,30.12,14.0,21.42,Animali Domestici (Pet Care),Spazzole Rullo Toglipelo Elettrostatiche,Aumuca,B001001689,0,353,100
Aukey Caricatori GaN Multi-Porta Compatti Premium Edition Mod. 27 (1875),https://www.amazon.it/dp/B001001875?tag=offertissimes-21,55.66,81.73,14.0,48.93,"Elettronica, Accessori e Gadget Smart",Caricatori GaN Multi-Porta Compatti,Aukey,B001001875,0,244,99
Belkin Supporti Auto Magnetici MagSafe Wireless Premium Edition Mod. 53 (1954),https://www.amazon.it/dp/B001001954?tag=offertissimes-21,78.14,102.36,14.0,68.23,"Elettronica, Accessori e Gadget Smart",Supporti Auto Magnetici MagSafe Wireless,Belkin,B001001954,0,367,96
Ordilend Kit Pulizia Multifunzione 7-in-1 Tech Premium Edition Mod. 33 (1987),https://www.amazon.it/dp/B001001987?tag=offertissimes-21,27.25,39.76,14.0,26.21,"Elettronica, Accessori e Gadget Smart",Kit Pulizia Multifunzione 7-in-1 Tech,Ordilend,B001001987,0,307,92
SiliconeMaster Carta Forno Riutilizzabile & Accessori Friggitrice Aria Premium Edition Mod. 14 (2126),https://www.amazon.it/dp/B001002126?tag=offertissimes-21,109.25,142.84,14.0,98.03,"Casa, Cucina ed Elettrodomestici",Carta Forno Riutilizzabile & Accessori Friggitrice Aria,SiliconeMaster,B001002126,1,91,87
TP-Link Tapo Lampadine LED Smart Dimmerabili Attacco E27/GU10 Premium Edition Mod. 02 (2408),https://www.amazon.it/dp/B001002408?tag=offertissimes-21,33.78,53.86,14.0,32.12,"Fai da Te, Bricolage e Giardinaggio",Lampadine LED Smart Dimmerabili Attacco E27/GU10,TP-Link Tapo,B001002408,1,109,79
Raindrip Sistemi Irrigazione a Goccia Smart per Balconi Premium Edition Mod. 01 (2515),https://www.amazon.it/dp/B001002515?tag=offertissimes-21,54.31,75.81,14.0,52.72,"Fai da Te, Bricolage e Giardinaggio",Sistemi Irrigazione a Goccia Smart per Balconi,Raindrip,B001002515,0,333,88
Ma-Fra Kit Pulizia & Manutenzione Pelle/Plastiche Auto Premium Edition Mod. 20 (2630),https://www.amazon.it/dp/B001002630?tag=offertissimes-21,25.12,30.28,14.0,22.32,Auto e Moto (Accessori & Manutenzione),Kit Pulizia & Manutenzione Pelle/Plastiche Auto,Ma-Fra,B001002630,1,89,86
JARBO Cartucce & Toner Compatibili Multipack Premium Edition Mod. 18 (2908),https://www.amazon.it/dp/B001002908?tag=offertissimes-21,8.9,13.92,14.0,7.66,"Cancelleria, Ufficio e Spedizioni",Cartucce & Toner Compatibili Multipack,JARBO,B001002908,1,78,87
Fabriano Risme Carta da Stampa A4 80g Scorte 2500ff Premium Edition Mod. 09 (2931),https://www.amazon.it/dp/B001002931?tag=offertissimes-21,28.66,35.72,14.0,25.19,"Cancelleria, Ufficio e Spedizioni",Risme Carta da Stampa A4 80g Scorte 2500ff,Fabriano,B001002931,1,85,90
Taco Gatto Capra Giochi da Tavolo Compatti & Pocket Virali Premium Edition Mod. 28 (3236),https://www.amazon.it/dp/B001003236?tag=offertissimes-21,27.33,39.88,14.0,25.28,"Giochi, Hobbies e Tempo Libero",Giochi da Tavolo Compatti & Pocket Virali,Taco Gatto Capra,B001003236,0,357,96
LEGO Speed Champions Set Costruzioni Modulari per Adulti Premium Edition Mod. 25 (3261),https://www.amazon.it/dp/B001003261?tag=offertissimes-21,9.99,12.86,14.0,8.76,"Giochi, Hobbies e Tempo Libero",Set Costruzioni Modulari per Adulti,LEGO Speed Champions,B001003261,0,231,96
COSRX Sieri Viso & Trattamenti Anti-Age Premium Edition Mod. 60 (0060),https://www.amazon.it/dp/B001000060?tag=offertissimes-21,23.7,29.88,13.9,22.21,Bellezza e Cura della Persona,Sieri Viso & Trattamenti Anti-Age,COSRX,B001000060,1,55,93
"Philips OneBlade Rasatura, Lame & Depilazione Premium Edition Mod. 23 (0214)",https://www.amazon.it/dp/B001000214?tag=offertissimes-21,28.26,37.82,13.9,24.22,Bellezza e Cura della Persona,"Rasatura, Lame & Depilazione",Philips OneBlade,B001000214,1,29,71
NYX Make-Up & Accessori Bellezza Virali Premium Edition Mod. 16 (0333),https://www.amazon.it/dp/B001000333?tag=offertissimes-21,53.66,61.57,13.9,48.03,Bellezza e Cura della Persona,Make-Up & Accessori Bellezza Virali,NYX,B001000333,0,207,87
Essence Make-Up & Accessori Bellezza Virali Premium Edition Mod. 26 (0343),https://www.amazon.it/dp/B001000343?tag=offertissimes-21,48.99,56.15,13.9,45.87,Bellezza e Cura della Persona,Make-Up & Accessori Bellezza Virali,Essence,B001000343,0,406,90
Yamamoto Proteine & Aminoacidi Sportivi Premium Edition Mod. 31 (0411),https://www.amazon.it/dp/B001000411?tag=offertissimes-21,16.11,25.12,13.9,14.39,"Salute, Igiene e Integratori",Proteine & Aminoacidi Sportivi,Yamamoto,B001000411,1,39,90
Voltrx Shaker Magnetici & Accessori Virali Gym Premium Edition Mod. 37 (0701),https://www.amazon.it/dp/B001000701?tag=offertissimes-21,43.38,58.7,13.9,41.49,"Salute, Igiene e Integratori",Shaker Magnetici & Accessori Virali Gym,Voltrx,B001000701,0,186,87
BlenderBottle Shaker Magnetici & Accessori Virali Gym Premium Edition Mod. 55 (0719),https://www.amazon.it/dp/B001000719?tag=offertissimes-21,37.01,47.41,13.9,34.28,"Salute, Igiene e Integratori",Shaker Magnetici & Accessori Virali Gym,BlenderBottle,B001000719,0,437,87
Borbone Cialde & Capsule Caffè Scorte 100-150pz Premium Edition Mod. 17 (0737),https://www.amazon.it/dp/B001000737?tag=offertissimes-21,32.18,43.69,13.9,27.83,"Alimentari, Caffè e Bevande",Cialde & Capsule Caffè Scorte 100-150pz,Borbone,B001000737,1,27,94
Caffè Toraldo Cialde & Capsule Caffè Scorte 100-150pz Premium Edition Mod. 34 (0754),https://www.amazon.it/dp/B001000754?tag=offertissimes-21,28.72,35.64,13.9,26.82,"Alimentari, Caffè e Bevande",Cialde & Capsule Caffè Scorte 100-150pz,Caffè Toraldo,B001000754,1,25,89
Pellini Caffè in Grani Specialty 1kg Premium Edition Mod. 15 (0787),https://www.amazon.it/dp/B001000787?tag=offertissimes-21,10.8,12.87,13.9,9.88,"Alimentari, Caffè e Bevande",Caffè in Grani Specialty 1kg,Pellini,B001000787,1,32,87
Astonish Pulitori Miracolosi Virali & Spugne Premium Edition Mod. 20 (1180),https://www.amazon.it/dp/B001001180?tag=offertissimes-21,56.19,65.7,13.9,54.78,Cura della Casa e Pulizia,Pulitori Miracolosi Virali & Spugne,Astonish,B001001180,0,347,93
E-Cloth Panni Microfibra Alta Densità & Swiffer Ricambi Premium Edition Mod. 34 (1254),https://www.amazon.it/dp/B001001254?tag=offertissimes-21,44.22,62.09,13.9,42.27,Cura della Casa e Pulizia,Panni Microfibra Alta Densità & Swiffer Ricambi,E-Cloth,B001001254,1,45,77
Cat's Best Lettiere Gatto Agglomeranti & Silicio 10-20L Premium Edition Mod. 30 (1490),https://www.amazon.it/dp/B001001490?tag=offertissimes-21,12.06,15.22,13.9,10.33,Animali Domestici (Pet Care),Lettiere Gatto Agglomeranti & Silicio 10-20L,Cat's Best,B001001490,1,34,90
Pedigree Dentastix Snack Igiene Dentale Cani Scorte Mensili Premium Edition Mod. 06 (1560),https://www.amazon.it/dp/B001001560?tag=offertissimes-21,50.69,74.95,13.9,49.36,Animali Domestici (Pet Care),Snack Igiene Dentale Cani Scorte Mensili,Pedigree Dentastix,B001001560,1,31,91
HoneyGuaridan Filtri Ricambio Fontanelle Acqua Gatti Premium Edition Mod. 13 (1614),https://www.amazon.it/dp/B001001614?tag=offertissimes-21,20.67,26.65,13.9,20.11,Animali Domestici (Pet Care),Filtri Ricambio Fontanelle Acqua Gatti,HoneyGuaridan,B001001614,1,31,83
Lickimat Tappetini Olfattivi & Ciotole Lente Virali Premium Edition Mod. 18 (1712),https://www.amazon.it/dp/B001001712?tag=offertissimes-21,54.85,64.89,13.9,50.65,Animali Domestici (Pet Care),Tappetini Olfattivi & Ciotole Lente Virali,Lickimat,B001001712,0,288,85
Baseus Cavi USB-C Fast Charge 100W/240W Multipack Premium Edition Mod. 34 (1774),https://www.amazon.it/dp/B001001774?tag=offertissimes-21,13.91,16.61,13.9,12.27,"Elettronica, Accessori e Gadget Smart",Cavi USB-C Fast Charge 100W/240W Multipack,Baseus,B001001774,1,240,89
Spigen Pellicole Salvaschermo Vetro con Dima Installazione Premium Edition Mod. 43 (1837),https://www.amazon.it/dp/B001001837?tag=offertissimes-21,85.46,109.49,13.9,74.97,"Elettronica, Accessori e Gadget Smart",Pellicole Salvaschermo Vetro con Dima Installazione,Spigen,B001001837,1,273,85
Spigen Supporti Auto Magnetici MagSafe Wireless Premium Edition Mod. 25 (1926),https://www.amazon.it/dp/B001001926?tag=offertissimes-21,78.02,100.56,13.9,70.03,"Elettronica, Accessori e Gadget Smart",Supporti Auto Magnetici MagSafe Wireless,Spigen,B001001926,0,491,97
Lamicall Supporti Auto Magnetici MagSafe Wireless Premium Edition Mod. 51 (1952),https://www.amazon.it/dp/B001001952?tag=offertissimes-21,21.26,25.08,13.9,18.84,"Elettronica, Accessori e Gadget Smart",Supporti Auto Magnetici MagSafe Wireless,Lamicall,B001001952,0,249,90
Ordilend Kit Pulizia Multifunzione 7-in-1 Tech Premium Edition Mod. 24 (1978),https://www.amazon.it/dp/B001001978?tag=offertissimes-21,38.63,48.52,13.9,33.32,"Elettronica, Accessori e Gadget Smart",Kit Pulizia Multifunzione 7-in-1 Tech,Ordilend,B001001978,0,325,93
Shelly Prese Smart Wi-Fi Monitoraggio Consumi Premium Edition Mod. 47 (2054),https://www.amazon.it/dp/B001002054?tag=offertissimes-21,25.82,36.52,13.9,22.46,"Elettronica, Accessori e Gadget Smart",Prese Smart Wi-Fi Monitoraggio Consumi,Shelly,B001002054,0,419,87
Cosori Carta Forno Riutilizzabile & Accessori Friggitrice Aria Premium Edition Mod. 20 (2132),https://www.amazon.it/dp/B001002132?tag=offertissimes-21,99.91,119.03,13.9,95.48,"Casa, Cucina ed Elettrodomestici",Carta Forno Riutilizzabile & Accessori Friggitrice Aria,Cosori,B001002132,1,100,94
Nespresso Aeroccino Montalatte Elettrici a Induzione Virali Premium Edition Mod. 20 (2339),https://www.amazon.it/dp/B001002339?tag=offertissimes-21,80.73,128.47,13.9,79.11,"Casa, Cucina ed Elettrodomestici",Montalatte Elettrici a Induzione Virali,Nespresso Aeroccino,B001002339,0,385,89
Bialetti Montalatte Elettrici a Induzione Virali Premium Edition Mod. 50 (2369),https://www.amazon.it/dp/B001002369?tag=offertissimes-21,97.06,141.58,13.9,85.12,"Casa, Cucina ed Elettrodomestici",Montalatte Elettrici a Induzione Virali,Bialetti,B001002369,0,445,84
Panasonic Eneloop Pile Ricaricabili AA / AAA NiMH & Caricatori Smart Premium Edition Mod. 11 (2381),https://www.amazon.it/dp/B001002381?tag=offertissimes-21,11.45,17.42,13.9,10.94,"Fai da Te, Bricolage e Giardinaggio",Pile Ricaricabili AA / AAA NiMH & Caricatori Smart,Panasonic Eneloop,B001002381,1,58,97
TP-Link Tapo Lampadine LED Smart Dimmerabili Attacco E27/GU10 Premium Edition Mod. 15 (2421),https://www.amazon.it/dp/B001002421?tag=offertissimes-21,32.55,51.69,13.9,28.26,"Fai da Te, Bricolage e Giardinaggio",Lampadine LED Smart Dimmerabili Attacco E27/GU10,TP-Link Tapo,B001002421,1,96,89
Pattex Nastri Adesivi Gorilla & Sigillanti Impermeabilizzanti Premium Edition Mod. 10 (2452),https://www.amazon.it/dp/B001002452?tag=offertissimes-21,22.71,32.77,13.9,22.03,"Fai da Te, Bricolage e Giardinaggio",Nastri Adesivi Gorilla & Sigillanti Impermeabilizzanti,Pattex,B001002452,1,68,87
Meguiar's Kit Pulizia & Manutenzione Pelle/Plastiche Auto Premium Edition Mod. 27 (2637),https://www.amazon.it/dp/B001002637?tag=offertissimes-21,41.9,52.96,13.9,39.21,Auto e Moto (Accessori & Manutenzione),Kit Pulizia & Manutenzione Pelle/Plastiche Auto,Meguiar's,B001002637,1,59,88
Chemical Guys Kit Pulizia & Manutenzione Pelle/Plastiche Auto Premium Edition Mod. 30 (2640),https://www.amazon.it/dp/B001002640?tag=offertissimes-21,19.95,30.76,13.9,18.52,Auto e Moto (Accessori & Manutenzione),Kit Pulizia & Manutenzione Pelle/Plastiche Auto,Chemical Guys,B001002640,1,108,87
Gritin Fasce Elastiche di Resistenza & Loop Bands Tessuto Premium Edition Mod. 15 (2715),https://www.amazon.it/dp/B001002715?tag=offertissimes-21,40.07,54.19,13.9,38.95,"Sport, Fitness e Attrezzatura",Fasce Elastiche di Resistenza & Loop Bands Tessuto,Gritin,B001002715,1,152,92
Beast Gear Corda per Saltare Professionale con Cuscinetti Rapidi Premium Edition Mod. 36 (2774),https://www.amazon.it/dp/B001002774?tag=offertissimes-21,39.67,51.39,13.9,35.87,"Sport, Fitness e Attrezzatura",Corda per Saltare Professionale con Cuscinetti Rapidi,Beast Gear,B001002774,0,346,84
Theragun Mini Pistole Massaggianti Muscolari Portatili Premium Edition Mod. 17 (2793),https://www.amazon.it/dp/B001002793?tag=offertissimes-21,27.98,41.29,13.9,24.47,"Sport, Fitness e Attrezzatura",Pistole Massaggianti Muscolari Portatili,Theragun Mini,B001002793,0,247,90
Phomemo Etichette Termiche Adesive Spedizioni 100x150mm Premium Edition Mod. 15 (2969),https://www.amazon.it/dp/B001002969?tag=offertissimes-21,17.43,27.22,13.9,15.28,"Cancelleria, Ufficio e Spedizioni",Etichette Termiche Adesive Spedizioni 100x150mm,Phomemo,B001002969,1,63,90
Under Armour Calzini Sportivi Tecnici Traspiranti Multipack Premium Edition Mod. 22 (3105),https://www.amazon.it/dp/B001003105?tag=offertissimes-21,38.63,51.98,13.9,37.01,Abbigliamento Base e Calzetteria,Calzini Sportivi Tecnici Traspiranti Multipack,Under Armour,B001003105,1,97,93
Under Armour Calzini Sportivi Tecnici Traspiranti Multipack Premium Edition Mod. 33 (3116),https://www.amazon.it/dp/B001003116?tag=offertissimes-21,34.08,41.04,13.9,32.91,Abbigliamento Base e Calzetteria,Calzini Sportivi Tecnici Traspiranti Multipack,Under Armour,B001003116,1,85,89
Uniqlo style Borse a Tracolla & Marsupi Virali Monospalla Premium Edition Mod. 24 (3172),https://www.amazon.it/dp/B001003172?tag=offertissimes-21,17.93,23.33,13.9,17.25,Abbigliamento Base e Calzetteria,Borse a Tracolla & Marsupi Virali Monospalla,Uniqlo style,B001003172,0,219,92
Titan Shield Bustine Protettive Carte Collezionabili (100-500pz) Premium Edition Mod. 11 (3191),https://www.amazon.it/dp/B001003191?tag=offertissimes-21,55.97,64.59,13.9,48.0,"Giochi, Hobbies e Tempo Libero",Bustine Protettive Carte Collezionabili (100-500pz),Titan Shield,B001003191,1,329,88
Taco Gatto Capra Giochi da Tavolo Compatti & Pocket Virali Premium Edition Mod. 06 (3214),https://www.amazon.it/dp/B001003214?tag=offertissimes-21,12.64,17.82,13.9,11.69,"Giochi, Hobbies e Tempo Libero",Giochi da Tavolo Compatti & Pocket Virali,Taco Gatto Capra,B001003214,0,240,94
Philips Sonicare Igiene Orale & Ricambi Spazzolini Premium Edition Mod. 03 (0067),https://www.amazon.it/dp/B001000067?tag=offertissimes-21,49.95,62.94,13.8,43.11,Bellezza e Cura della Persona,Igiene Orale & Ricambi Spazzolini,Philips Sonicare,B001000067,1,56,84
Curaprox Igiene Orale & Ricambi Spazzolini Premium Edition Mod. 08 (0072),https://www.amazon.it/dp/B001000072?tag=offertissimes-21,35.0,45.47,13.8,30.89,Bellezza e Cura della Persona,Igiene Orale & Ricambi Spazzolini,Curaprox,B001000072,1,44,82
Foodspring Proteine & Aminoacidi Sportivi Premium Edition Mod. 57 (0437),https://www.amazon.it/dp/B001000437?tag=offertissimes-21,50.32,66.88,13.8,45.62,"Salute, Igiene e Integratori",Proteine & Aminoacidi Sportivi,Foodspring,B001000437,1,32,86
NamedSport Creatina Monoidrato & Pre-Workout Premium Edition Mod. 28 (0465),https://www.amazon.it/dp/B001000465?tag=offertissimes-21,21.56,27.52,13.8,19.13,"Salute, Igiene e Integratori",Creatina Monoidrato & Pre-Workout,NamedSport,B001000465,1,45,90
"Solgar Vitamine, Magnesio & Biohacking Sonno Premium Edition Mod. 45 (0539)",https://www.amazon.it/dp/B001000539?tag=offertissimes-21,29.05,36.62,13.8,25.08,"Salute, Igiene e Integratori","Vitamine, Magnesio & Biohacking Sonno",Solgar,B001000539,1,26,83
Voltrx Shaker Magnetici & Accessori Virali Gym Premium Edition Mod. 17 (0681),https://www.amazon.it/dp/B001000681?tag=offertissimes-21,47.72,63.67,13.8,46.29,"Salute, Igiene e Integratori",Shaker Magnetici & Accessori Virali Gym,Voltrx,B001000681,0,245,83
BlenderBottle Shaker Magnetici & Accessori Virali Gym Premium Edition Mod. 52 (0716),https://www.amazon.it/dp/B001000716?tag=offertissimes-21,18.04,20.98,13.8,16.75,"Salute, Igiene e Integratori",Shaker Magnetici & Accessori Virali Gym,BlenderBottle,B001000716,0,318,77
Nespresso Cialde & Capsule Caffè Scorte 100-150pz Premium Edition Mod. 36 (0756),https://www.amazon.it/dp/B001000756?tag=offertissimes-21,23.05,32.31,13.8,22.32,"Alimentari, Caffè e Bevande",Cialde & Capsule Caffè Scorte 100-150pz,Nespresso,B001000756,1,32,91
Matcha Ninja Tè Matcha Cerimoniale Bio & Tisane Premium Edition Mod. 37 (0861),https://www.amazon.it/dp/B001000861?tag=offertissimes-21,28.66,41.14,13.8,25.02,"Alimentari, Caffè e Bevande",Tè Matcha Cerimoniale Bio & Tisane,Matcha Ninja,B001000861,1,19,86
Daily Life Alimenti Proteici & Creme Spalmabili Zero Premium Edition Mod. 52 (0928),https://www.amazon.it/dp/B001000928?tag=offertissimes-21,17.28,19.79,13.8,16.04,"Alimentari, Caffè e Bevande",Alimenti Proteici & Creme Spalmabili Zero,Daily Life,B001000928,1,27,94
Ariel Pods Detersivi Lavatrice Concentrati & Pods Premium Edition Mod. 12 (1052),https://www.amazon.it/dp/B001001052?tag=offertissimes-21,22.65,31.65,13.8,21.45,Cura della Casa e Pulizia,Detersivi Lavatrice Concentrati & Pods,Ariel Pods,B001001052,1,68,80
Swiffer Panni Microfibra Alta Densità & Swiffer Ricambi Premium Edition Mod. 11 (1231),https://www.amazon.it/dp/B001001231?tag=offertissimes-21,40.17,60.18,13.8,36.63,Cura della Casa e Pulizia,Panni Microfibra Alta Densità & Swiffer Ricambi,Swiffer,B001001231,1,43,82
Pampers Harmonie Salviette Umidificate All'Acqua 99% Premium Edition Mod. 01 (1317),https://www.amazon.it/dp/B001001317?tag=offertissimes-21,42.47,52.73,13.8,41.1,Prima Infanzia e Maternità,Salviette Umidificate All'Acqua 99%,Pampers Harmonie,B001001317,1,17,88
WaterWipes Salviette Umidificate All'Acqua 99% Premium Edition Mod. 16 (1332),https://www.amazon.it/dp/B001001332?tag=offertissimes-21,56.53,82.97,13.8,50.69,Prima Infanzia e Maternità,Salviette Umidificate All'Acqua 99%,WaterWipes,B001001332,1,28,91
Greenies Snack Igiene Dentale Cani Scorte Mensili Premium Edition Mod. 32 (1586),https://www.amazon.it/dp/B001001586?tag=offertissimes-21,24.94,31.03,13.8,23.66,Animali Domestici (Pet Care),Snack Igiene Dentale Cani Scorte Mensili,Greenies,B001001586,1,24,92
ChomChom Roller Spazzole Rullo Toglipelo Elettrostatiche Premium Edition Mod. 33 (1681),https://www.amazon.it/dp/B001001681?tag=offertissimes-21,43.83,66.56,13.8,39.02,Animali Domestici (Pet Care),Spazzole Rullo Toglipelo Elettrostatiche,ChomChom Roller,B001001681,0,200,99
Baseus Cavi USB-C Fast Charge 100W/240W Multipack Premium Edition Mod. 36 (1776),https://www.amazon.it/dp/B001001776?tag=offertissimes-21,61.63,81.78,13.8,55.9,"Elettronica, Accessori e Gadget Smart",Cavi USB-C Fast Charge 100W/240W Multipack,Baseus,B001001776,1,170,94
Anker Caricatori GaN Multi-Porta Compatti Premium Edition Mod. 09 (1857),https://www.amazon.it/dp/B001001857?tag=offertissimes-21,22.51,28.0,13.8,20.76,"Elettronica, Accessori e Gadget Smart",Caricatori GaN Multi-Porta Compatti,Anker,B001001857,0,284,94
Philips Friggitrici ad Aria a Doppia Resistenza Premium Edition Mod. 35 (2199),https://www.amazon.it/dp/B001002199?tag=offertissimes-21,86.48,98.46,13.8,80.45,"Casa, Cucina ed Elettrodomestici",Friggitrici ad Aria a Doppia Resistenza,Philips,B001002199,0,458,96
Little Trees Profumatori Auto Lunga Durata & Ricariche Premium Edition Mod. 15 (2565),https://www.amazon.it/dp/B001002565?tag=offertissimes-21,43.82,55.3,13.8,38.36,Auto e Moto (Accessori & Manutenzione),Profumatori Auto Lunga Durata & Ricariche,Little Trees,B001002565,1,135,91
Ma-Fra Kit Pulizia & Manutenzione Pelle/Plastiche Auto Premium Edition Mod. 28 (2638),https://www.amazon.it/dp/B001002638?tag=offertissimes-21,8.41,11.53,13.8,8.01,Auto e Moto (Accessori & Manutenzione),Kit Pulizia & Manutenzione Pelle/Plastiche Auto,Ma-Fra,B001002638,1,88,87
Black+Decker Aspirapolvere Portatili per Auto ad Alta Potenza Premium Edition Mod. 29 (2699),https://www.amazon.it/dp/B001002699?tag=offertissimes-21,19.12,24.22,13.8,16.3,Auto e Moto (Accessori & Manutenzione),Aspirapolvere Portatili per Auto ad Alta Potenza,Black+Decker,B001002699,0,427,92
Beast Gear Fasce Elastiche di Resistenza & Loop Bands Tessuto Premium Edition Mod. 36 (2736),https://www.amazon.it/dp/B001002736?tag=offertissimes-21,14.8,18.69,13.8,13.4,"Sport, Fitness e Attrezzatura",Fasce Elastiche di Resistenza & Loop Bands Tessuto,Beast Gear,B001002736,1,140,87
Mebak Pistole Massaggianti Muscolari Portatili Premium Edition Mod. 18 (2794),https://www.amazon.it/dp/B001002794?tag=offertissimes-21,71.18,87.0,13.8,65.52,"Sport, Fitness e Attrezzatura",Pistole Massaggianti Muscolari Portatili,Mebak,B001002794,0,219,93
Manduka Tappetini Yoga Antiscivolo Alta Densità TPE Premium Edition Mod. 15 (2829),https://www.amazon.it/dp/B001002829?tag=offertissimes-21,81.42,94.18,13.8,73.63,"Sport, Fitness e Attrezzatura",Tappetini Yoga Antiscivolo Alta Densità TPE,Manduka,B001002829,0,227,90
Lemero Cartucce & Toner Compatibili Multipack Premium Edition Mod. 06 (2896),https://www.amazon.it/dp/B001002896?tag=offertissimes-21,47.02,67.98,13.8,43.63,"Cancelleria, Ufficio e Spedizioni",Cartucce & Toner Compatibili Multipack,Lemero,B001002896,1,67,93
BONTEC Supporti Monitor Ergonomici con Cassetti Premium Edition Mod. 13 (3031),https://www.amazon.it/dp/B001003031?tag=offertissimes-21,13.61,21.6,13.8,12.82,"Cancelleria, Ufficio e Spedizioni",Supporti Monitor Ergonomici con Cassetti,BONTEC,B001003031,0,323,88
Gildan T-Shirt Girocollo Cotone Pesante Pack da 5 Premium Edition Mod. 30 (3146),https://www.amazon.it/dp/B001003146?tag=offertissimes-21,33.41,39.74,13.8,30.0,Abbigliamento Base e Calzetteria,T-Shirt Girocollo Cotone Pesante Pack da 5,Gildan,B001003146,1,62,81
Amazon Essentials T-Shirt Girocollo Cotone Pesante Pack da 5 Premium Edition Mod. 31 (3147),https://www.amazon.it/dp/B001003147?tag=offertissimes-21,41.96,50.73,13.8,36.79,Abbigliamento Base e Calzetteria,T-Shirt Girocollo Cotone Pesante Pack da 5,Amazon Essentials,B001003147,1,65,88
LEGO Speed Champions Set Costruzioni Modulari per Adulti Premium Edition Mod. 04 (3240),https://www.amazon.it/dp/B001003240?tag=offertissimes-21,26.28,40.07,13.8,24.7,"Giochi, Hobbies e Tempo Libero",Set Costruzioni Modulari per Adulti,LEGO Speed Champions,B001003240,0,184,95
Sluban Set Costruzioni Modulari per Adulti Premium Edition Mod. 21 (3257),https://www.amazon.it/dp/B001003257?tag=offertissimes-21,41.16,57.95,13.8,37.98,"Giochi, Hobbies e Tempo Libero",Set Costruzioni Modulari per Adulti,Sluban,B001003257,0,409,97
Philips Sonicare Igiene Orale & Ricambi Spazzolini Premium Edition Mod. 37 (0101),https://www.amazon.it/dp/B001000101?tag=offertissimes-21,47.71,62.54,13.7,45.58,Bellezza e Cura della Persona,Igiene Orale & Ricambi Spazzolini,Philips Sonicare,B001000101,1,45,78
"Astra Rasatura, Lame & Depilazione Premium Edition Mod. 01 (0192)",https://www.amazon.it/dp/B001000192?tag=offertissimes-21,16.25,20.19,13.7,14.21,Bellezza e Cura della Persona,"Rasatura, Lame & Depilazione",Astra,B001000192,1,60,74
"Astra Rasatura, Lame & Depilazione Premium Edition Mod. 54 (0245)",https://www.amazon.it/dp/B001000245?tag=offertissimes-21,21.46,34.57,13.7,19.99,Bellezza e Cura della Persona,"Rasatura, Lame & Depilazione",Astra,B001000245,1,27,67
NYX Make-Up & Accessori Bellezza Virali Premium Edition Mod. 42 (0359),https://www.amazon.it/dp/B001000359?tag=offertissimes-21,31.82,37.24,13.7,29.41,Bellezza e Cura della Persona,Make-Up & Accessori Bellezza Virali,NYX,B001000359,0,271,93
Yamamoto Proteine & Aminoacidi Sportivi Premium Edition Mod. 51 (0431),https://www.amazon.it/dp/B001000431?tag=offertissimes-21,18.39,24.93,13.7,17.24,"Salute, Igiene e Integratori",Proteine & Aminoacidi Sportivi,Yamamoto,B001000431,1,36,87
Bandini Creatina Monoidrato & Pre-Workout Premium Edition Mod. 53 (0490),https://www.amazon.it/dp/B001000490?tag=offertissimes-21,29.78,47.84,13.7,25.79,"Salute, Igiene e Integratori",Creatina Monoidrato & Pre-Workout,Bandini,B001000490,1,26,95
"Solgar Vitamine, Magnesio & Biohacking Sonno Premium Edition Mod. 54 (0548)",https://www.amazon.it/dp/B001000548?tag=offertissimes-21,46.59,68.52,13.7,39.64,"Salute, Igiene e Integratori","Vitamine, Magnesio & Biohacking Sonno",Solgar,B001000548,1,34,80
Lavazza Cialde & Capsule Caffè Scorte 100-150pz Premium Edition Mod. 21 (0741),https://www.amazon.it/dp/B001000741?tag=offertissimes-21,19.26,28.24,13.7,18.67,"Alimentari, Caffè e Bevande",Cialde & Capsule Caffè Scorte 100-150pz,Lavazza,B001000741,1,34,96
Jordan's Skinny Sciroppi Zero Calorie & Aromi Barista Premium Edition Mod. 24 (0952),https://www.amazon.it/dp/B001000952?tag=offertissimes-21,30.16,47.64,13.7,25.8,"Alimentari, Caffè e Bevande",Sciroppi Zero Calorie & Aromi Barista,Jordan's Skinny,B001000952,0,354,88
Jordan's Skinny Sciroppi Zero Calorie & Aromi Barista Premium Edition Mod. 27 (0955),https://www.amazon.it/dp/B001000955?tag=offertissimes-21,30.51,43.85,13.7,28.16,"Alimentari, Caffè e Bevande",Sciroppi Zero Calorie & Aromi Barista,Jordan's Skinny,B001000955,0,402,87
Monin Sciroppi Zero Calorie & Aromi Barista Premium Edition Mod. 32 (0960),https://www.amazon.it/dp/B001000960?tag=offertissimes-21,18.64,25.9,13.7,17.64,"Alimentari, Caffè e Bevande",Sciroppi Zero Calorie & Aromi Barista,Monin,B001000960,0,225,93
Dixan Detersivi Lavatrice Concentrati & Pods Premium Edition Mod. 22 (1062),https://www.amazon.it/dp/B001001062?tag=offertissimes-21,26.5,31.12,13.7,23.06,Cura della Casa e Pulizia,Detersivi Lavatrice Concentrati & Pods,Dixan,B001001062,1,68,90
TAPP Water Filtri Ricambio Caraffe & Depuratori Acqua Premium Edition Mod. 04 (1104),https://www.amazon.it/dp/B001001104?tag=offertissimes-21,36.11,48.59,13.7,33.83,Cura della Casa e Pulizia,Filtri Ricambio Caraffe & Depuratori Acqua,TAPP Water,B001001104,1,70,89
Swiffer Panni Microfibra Alta Densità & Swiffer Ricambi Premium Edition Mod. 41 (1261),https://www.amazon.it/dp/B001001261?tag=offertissimes-21,17.41,21.62,13.7,15.09,Cura della Casa e Pulizia,Panni Microfibra Alta Densità & Swiffer Ricambi,Swiffer,B001001261,1,66,77
Sinland Panni Microfibra Alta Densità & Swiffer Ricambi Premium Edition Mod. 54 (1274),https://www.amazon.it/dp/B001001274?tag=offertissimes-21,13.02,17.89,13.7,11.95,Cura della Casa e Pulizia,Panni Microfibra Alta Densità & Swiffer Ricambi,Sinland,B001001274,1,39,81
Lillydoo Pannolini Box Scorta Mensile (120-180pz) Premium Edition Mod. 09 (1289),https://www.amazon.it/dp/B001001289?tag=offertissimes-21,48.09,62.43,13.7,44.88,Prima Infanzia e Maternità,Pannolini Box Scorta Mensile (120-180pz),Lillydoo,B001001289,1,20,94
Pampers Baby Dry Pannolini Box Scorta Mensile (120-180pz) Premium Edition Mod. 12 (1292),https://www.amazon.it/dp/B001001292?tag=offertissimes-21,53.65,62.22,13.7,45.76,Prima Infanzia e Maternità,Pannolini Box Scorta Mensile (120-180pz),Pampers Baby Dry,B001001292,1,29,94
Angelcare Ricariche Mangia-Pannolini Multistrato Premium Edition Mod. 01 (1353),https://www.amazon.it/dp/B001001353?tag=offertissimes-21,32.75,42.75,13.7,28.02,Prima Infanzia e Maternità,Ricariche Mangia-Pannolini Multistrato,Angelcare,B001001353,1,23,79
Cat's Best Lettiere Gatto Agglomeranti & Silicio 10-20L Premium Edition Mod. 46 (1506),https://www.amazon.it/dp/B001001506?tag=offertissimes-21,38.09,60.45,13.7,32.44,Animali Domestici (Pet Care),Lettiere Gatto Agglomeranti & Silicio 10-20L,Cat's Best,B001001506,1,44,89
Aumuca Spazzole Rullo Toglipelo Elettrostatiche Premium Edition Mod. 32 (1680),https://www.amazon.it/dp/B001001680?tag=offertissimes-21,19.97,23.0,13.7,18.78,Animali Domestici (Pet Care),Spazzole Rullo Toglipelo Elettrostatiche,Aumuca,B001001680,0,519,97
Lickimat Tappetini Olfattivi & Ciotole Lente Virali Premium Edition Mod. 45 (1739),https://www.amazon.it/dp/B001001739?tag=offertissimes-21,49.15,67.31,13.7,44.89,Animali Domestici (Pet Care),Tappetini Olfattivi & Ciotole Lente Virali,Lickimat,B001001739,0,485,83
Spigen Pellicole Salvaschermo Vetro con Dima Installazione Premium Edition Mod. 48 (1842),https://www.amazon.it/dp/B001001842?tag=offertissimes-21,39.45,49.02,13.7,37.3,"Elettronica, Accessori e Gadget Smart",Pellicole Salvaschermo Vetro con Dima Installazione,Spigen,B001001842,1,235,91
Belkin Supporti Auto Magnetici MagSafe Wireless Premium Edition Mod. 31 (1932),https://www.amazon.it/dp/B001001932?tag=offertissimes-21,29.53,44.82,13.7,27.94,"Elettronica, Accessori e Gadget Smart",Supporti Auto Magnetici MagSafe Wireless,Belkin,B001001932,0,509,94
mDesign Organizer Frigo & Dispensa Trasparenti Acrilico Premium Edition Mod. 50 (2318),https://www.amazon.it/dp/B001002318?tag=offertissimes-21,115.04,138.74,13.7,110.92,"Casa, Cucina ed Elettrodomestici",Organizer Frigo & Dispensa Trasparenti Acrilico,mDesign,B001002318,0,460,92
Bialetti Montalatte Elettrici a Induzione Virali Premium Edition Mod. 33 (2352),https://www.amazon.it/dp/B001002352?tag=offertissimes-21,159.7,184.85,13.7,152.32,"Casa, Cucina ed Elettrodomestici",Montalatte Elettrici a Induzione Virali,Bialetti,B001002352,0,483,91
Ma-Fra Kit Pulizia & Manutenzione Pelle/Plastiche Auto Premium Edition Mod. 21 (2631),https://www.amazon.it/dp/B001002631?tag=offertissimes-21,60.28,78.19,13.7,55.24,Auto e Moto (Accessori & Manutenzione),Kit Pulizia & Manutenzione Pelle/Plastiche Auto,Ma-Fra,B001002631,1,111,92
Gritin Corda per Saltare Professionale con Cuscinetti Rapidi Premium Edition Mod. 02 (2740),https://www.amazon.it/dp/B001002740?tag=offertissimes-21,35.64,40.67,13.7,32.5,"Sport, Fitness e Attrezzatura",Corda per Saltare Professionale con Cuscinetti Rapidi,Gritin,B001002740,0,249,91
Aosbos Borse Termiche Pranzo Fit & Portavivande Ermetici Premium Edition Mod. 11 (2863),https://www.amazon.it/dp/B001002863?tag=offertissimes-21,59.14,70.18,13.7,56.19,"Sport, Fitness e Attrezzatura",Borse Termiche Pranzo Fit & Portavivande Ermetici,Aosbos,B001002863,0,535,91
Double A Risme Carta da Stampa A4 80g Scorte 2500ff Premium Edition Mod. 11 (2933),https://www.amazon.it/dp/B001002933?tag=offertissimes-21,39.81,55.95,13.7,38.35,"Cancelleria, Ufficio e Spedizioni",Risme Carta da Stampa A4 80g Scorte 2500ff,Double A,B001002933,1,85,85
BONTEC Supporti Monitor Ergonomici con Cassetti Premium Edition Mod. 21 (3039),https://www.amazon.it/dp/B001003039?tag=offertissimes-21,50.14,59.73,13.7,48.82,"Cancelleria, Ufficio e Spedizioni",Supporti Monitor Ergonomici con Cassetti,BONTEC,B001003039,0,197,90
Under Armour Calzini Sportivi Tecnici Traspiranti Multipack Premium Edition Mod. 09 (3092),https://www.amazon.it/dp/B001003092?tag=offertissimes-21,40.17,54.61,13.7,39.32,Abbigliamento Base e Calzetteria,Calzini Sportivi Tecnici Traspiranti Multipack,Under Armour,B001003092,1,63,83
Uniqlo style Borse a Tracolla & Marsupi Virali Monospalla Premium Edition Mod. 31 (3179),https://www.amazon.it/dp/B001003179?tag=offertissimes-21,29.32,44.98,13.7,25.65,Abbigliamento Base e Calzetteria,Borse a Tracolla & Marsupi Virali Monospalla,Uniqlo style,B001003179,0,390,98
Taco Gatto Capra Giochi da Tavolo Compatti & Pocket Virali Premium Edition Mod. 03 (3211),https://www.amazon.it/dp/B001003211?tag=offertissimes-21,29.24,34.21,13.7,26.28,"Giochi, Hobbies e Tempo Libero",Giochi da Tavolo Compatti & Pocket Virali,Taco Gatto Capra,B001003211,0,539,92
"Mondadori Bestseller Crescita Personale & Finanza (Atomic Habits, etc.) Premium Edition Mod. 07 (3320)",https://www.amazon.it/dp/B001003320?tag=offertissimes-21,11.96,17.25,13.7,11.35,"Libri, Agende e Self-Help","Bestseller Crescita Personale & Finanza (Atomic Habits, etc.)",Mondadori,B001003320,0,425,98
"Tea Bestseller Crescita Personale & Finanza (Atomic Habits, etc.) Premium Edition Mod. 14 (3327)",https://www.amazon.it/dp/B001003327?tag=offertissimes-21,12.33,18.71,13.7,11.0,"Libri, Agende e Self-Help","Bestseller Crescita Personale & Finanza (Atomic Habits, etc.)",Tea,B001003327,0,531,98
Kérastase Cura dei Capelli & Shampoo Trattanti Premium Edition Mod. 20 (0148),https://www.amazon.it/dp/B001000148?tag=offertissimes-21,13.58,20.65,13.6,13.13,Bellezza e Cura della Persona,Cura dei Capelli & Shampoo Trattanti,Kérastase,B001000148,1,37,86
Lattafa Profumeria & Fragranze Virali Premium Edition Mod. 63 (0317),https://www.amazon.it/dp/B001000317?tag=offertissimes-21,31.37,37.07,13.6,29.13,Bellezza e Cura della Persona,Profumeria & Fragranze Virali,Lattafa,B001000317,0,452,94
Yamamoto Proteine & Aminoacidi Sportivi Premium Edition Mod. 47 (0427),https://www.amazon.it/dp/B001000427?tag=offertissimes-21,43.57,69.32,13.6,40.41,"Salute, Igiene e Integratori",Proteine & Aminoacidi Sportivi,Yamamoto,B001000427,1,45,89
"Nutravita Vitamine, Magnesio & Biohacking Sonno Premium Edition Mod. 33 (0527)",https://www.amazon.it/dp/B001000527?tag=offertissimes-21,51.41,61.2,13.6,44.24,"Salute, Igiene e Integratori","Vitamine, Magnesio & Biohacking Sonno",Nutravita,B001000527,1,31,77
Braun Dispositivi Elettromedicali & Termometri Premium Edition Mod. 19 (0627),https://www.amazon.it/dp/B001000627?tag=offertissimes-21,22.49,26.27,13.6,20.85,"Salute, Igiene e Integratori",Dispositivi Elettromedicali & Termometri,Braun,B001000627,0,206,73
Voltrx Shaker Magnetici & Accessori Virali Gym Premium Edition Mod. 10 (0674),https://www.amazon.it/dp/B001000674?tag=offertissimes-21,19.59,28.48,13.6,19.07,"Salute, Igiene e Integratori",Shaker Magnetici & Accessori Virali Gym,Voltrx,B001000674,0,356,86
Matcha Ninja Tè Matcha Cerimoniale Bio & Tisane Premium Edition Mod. 05 (0829),https://www.amazon.it/dp/B001000829?tag=offertissimes-21,24.43,35.43,13.6,22.42,"Alimentari, Caffè e Bevande",Tè Matcha Cerimoniale Bio & Tisane,Matcha Ninja,B001000829,1,29,92
Finish Quantum Capsule Lavastoviglie Maxi Box (100-160pz) Premium Edition Mod. 03 (0983),https://www.amazon.it/dp/B001000983?tag=offertissimes-21,26.75,33.92,13.6,24.61,Cura della Casa e Pulizia,Capsule Lavastoviglie Maxi Box (100-160pz),Finish Quantum,B001000983,1,64,100
Dash Power Detersivi Lavatrice Concentrati & Pods Premium Edition Mod. 29 (1069),https://www.amazon.it/dp/B001001069?tag=offertissimes-21,25.41,35.42,13.6,24.7,Cura della Casa e Pulizia,Detersivi Lavatrice Concentrati & Pods,Dash Power,B001001069,1,66,87
Dixan Detersivi Lavatrice Concentrati & Pods Premium Edition Mod. 34 (1074),https://www.amazon.it/dp/B001001074?tag=offertissimes-21,34.27,43.41,13.6,30.49,Cura della Casa e Pulizia,Detersivi Lavatrice Concentrati & Pods,Dixan,B001001074,1,45,90
Laica Filtri Ricambio Caraffe & Depuratori Acqua Premium Edition Mod. 10 (1110),https://www.amazon.it/dp/B001001110?tag=offertissimes-21,51.24,65.3,13.6,48.12,Cura della Casa e Pulizia,Filtri Ricambio Caraffe & Depuratori Acqua,Laica,B001001110,1,48,92
Laica Filtri Ricambio Caraffe & Depuratori Acqua Premium Edition Mod. 55 (1155),https://www.amazon.it/dp/B001001155?tag=offertissimes-21,30.88,43.71,13.6,27.02,Cura della Casa e Pulizia,Filtri Ricambio Caraffe & Depuratori Acqua,Laica,B001001155,1,31,88
Astonish Pulitori Miracolosi Virali & Spugne Premium Edition Mod. 52 (1212),https://www.amazon.it/dp/B001001212?tag=offertissimes-21,37.3,45.53,13.6,33.77,Cura della Casa e Pulizia,Pulitori Miracolosi Virali & Spugne,Astonish,B001001212,0,531,97
E-Cloth Panni Microfibra Alta Densità & Swiffer Ricambi Premium Edition Mod. 09 (1229),https://www.amazon.it/dp/B001001229?tag=offertissimes-21,30.24,46.4,13.6,29.22,Cura della Casa e Pulizia,Panni Microfibra Alta Densità & Swiffer Ricambi,E-Cloth,B001001229,1,44,86
Foppapedretti Ricariche Mangia-Pannolini Multistrato Premium Edition Mod. 02 (1354),https://www.amazon.it/dp/B001001354?tag=offertissimes-21,41.98,65.34,13.6,39.32,Prima Infanzia e Maternità,Ricariche Mangia-Pannolini Multistrato,Foppapedretti,B001001354,1,26,90
Tommee Tippee Sangenic Ricariche Mangia-Pannolini Multistrato Premium Edition Mod. 22 (1374),https://www.amazon.it/dp/B001001374?tag=offertissimes-21,30.11,36.33,13.6,28.26,Prima Infanzia e Maternità,Ricariche Mangia-Pannolini Multistrato,Tommee Tippee Sangenic,B001001374,1,28,90
Bepanthenol Paste Cambio Protettive Ossido Zinco Premium Edition Mod. 12 (1400),https://www.amazon.it/dp/B001001400?tag=offertissimes-21,25.57,38.85,13.6,24.03,Prima Infanzia e Maternità,Paste Cambio Protettive Ossido Zinco,Bepanthenol,B001001400,1,15,74
Cat's Best Lettiere Gatto Agglomeranti & Silicio 10-20L Premium Edition Mod. 04 (1464),https://www.amazon.it/dp/B001001464?tag=offertissimes-21,30.95,41.76,13.6,28.05,Animali Domestici (Pet Care),Lettiere Gatto Agglomeranti & Silicio 10-20L,Cat's Best,B001001464,1,21,92
Aumuca Spazzole Rullo Toglipelo Elettrostatiche Premium Edition Mod. 28 (1676),https://www.amazon.it/dp/B001001676?tag=offertissimes-21,12.25,19.26,13.6,11.91,Animali Domestici (Pet Care),Spazzole Rullo Toglipelo Elettrostatiche,Aumuca,B001001676,0,385,100
Outward Hound Tappetini Olfattivi & Ciotole Lente Virali Premium Edition Mod. 01 (1695),https://www.amazon.it/dp/B001001695?tag=offertissimes-21,50.25,62.44,13.6,47.59,Animali Domestici (Pet Care),Tappetini Olfattivi & Ciotole Lente Virali,Outward Hound,B001001695,0,507,92
Outward Hound Tappetini Olfattivi & Ciotole Lente Virali Premium Edition Mod. 27 (1721),https://www.amazon.it/dp/B001001721?tag=offertissimes-21,43.89,49.91,13.6,42.59,Animali Domestici (Pet Care),Tappetini Olfattivi & Ciotole Lente Virali,Outward Hound,B001001721,0,399,88
JETech Pellicole Salvaschermo Vetro con Dima Installazione Premium Edition Mod. 12 (1806),https://www.amazon.it/dp/B001001806?tag=offertissimes-21,94.68,108.83,13.6,87.0,"Elettronica, Accessori e Gadget Smart",Pellicole Salvaschermo Vetro con Dima Installazione,JETech,B001001806,1,172,88
Lamicall Supporti Auto Magnetici MagSafe Wireless Premium Edition Mod. 43 (1944),https://www.amazon.it/dp/B001001944?tag=offertissimes-21,77.16,103.77,13.6,73.08,"Elettronica, Accessori e Gadget Smart",Supporti Auto Magnetici MagSafe Wireless,Lamicall,B001001944,0,458,92
Klearlook Kit Pulizia Multifunzione 7-in-1 Tech Premium Edition Mod. 16 (1970),https://www.amazon.it/dp/B001001970?tag=offertissimes-21,82.84,109.22,13.6,73.86,"Elettronica, Accessori e Gadget Smart",Kit Pulizia Multifunzione 7-in-1 Tech,Klearlook,B001001970,0,213,91
Ordilend Kit Pulizia Multifunzione 7-in-1 Tech Premium Edition Mod. 40 (1994),https://www.amazon.it/dp/B001001994?tag=offertissimes-21,46.56,61.22,13.6,41.11,"Elettronica, Accessori e Gadget Smart",Kit Pulizia Multifunzione 7-in-1 Tech,Ordilend,B001001994,0,277,96
Cosori Carta Forno Riutilizzabile & Accessori Friggitrice Aria Premium Edition Mod. 18 (2130),https://www.amazon.it/dp/B001002130?tag=offertissimes-21,134.6,173.44,13.6,116.61,"Casa, Cucina ed Elettrodomestici",Carta Forno Riutilizzabile & Accessori Friggitrice Aria,Cosori,B001002130,1,225,94
Cosori Friggitrici ad Aria a Doppia Resistenza Premium Edition Mod. 42 (2206),https://www.amazon.it/dp/B001002206?tag=offertissimes-21,73.78,87.53,13.6,71.78,"Casa, Cucina ed Elettrodomestici",Friggitrici ad Aria a Doppia Resistenza,Cosori,B001002206,0,430,97
mDesign Organizer Frigo & Dispensa Trasparenti Acrilico Premium Edition Mod. 32 (2300),https://www.amazon.it/dp/B001002300?tag=offertissimes-21,50.94,61.06,13.6,48.04,"Casa, Cucina ed Elettrodomestici",Organizer Frigo & Dispensa Trasparenti Acrilico,mDesign,B001002300,0,474,87
Severin Montalatte Elettrici a Induzione Virali Premium Edition Mod. 23 (2342),https://www.amazon.it/dp/B001002342?tag=offertissimes-21,23.73,33.37,13.6,22.55,"Casa, Cucina ed Elettrodomestici",Montalatte Elettrici a Induzione Virali,Severin,B001002342,0,260,89
Michelin Spazzole Tergicristallo Aerodinamiche Premium Edition Mod. 03 (2583),https://www.amazon.it/dp/B001002583?tag=offertissimes-21,57.51,66.0,13.6,55.62,Auto e Moto (Accessori & Manutenzione),Spazzole Tergicristallo Aerodinamiche,Michelin,B001002583,1,121,82
Bosch Aerotwin Spazzole Tergicristallo Aerodinamiche Premium Edition Mod. 22 (2602),https://www.amazon.it/dp/B001002602?tag=offertissimes-21,18.5,25.15,13.6,17.15,Auto e Moto (Accessori & Manutenzione),Spazzole Tergicristallo Aerodinamiche,Bosch Aerotwin,B001002602,1,57,84
Beast Gear Fasce Elastiche di Resistenza & Loop Bands Tessuto Premium Edition Mod. 13 (2713),https://www.amazon.it/dp/B001002713?tag=offertissimes-21,43.7,51.01,13.6,38.04,"Sport, Fitness e Attrezzatura",Fasce Elastiche di Resistenza & Loop Bands Tessuto,Beast Gear,B001002713,1,130,92
Manduka Tappetini Yoga Antiscivolo Alta Densità TPE Premium Edition Mod. 18 (2832),https://www.amazon.it/dp/B001002832?tag=offertissimes-21,82.96,103.83,13.6,71.05,"Sport, Fitness e Attrezzatura",Tappetini Yoga Antiscivolo Alta Densità TPE,Manduka,B001002832,0,538,91
Carhartt Borse a Tracolla & Marsupi Virali Monospalla Premium Edition Mod. 27 (3175),https://www.amazon.it/dp/B001003175?tag=offertissimes-21,24.2,37.35,13.6,22.73,Abbigliamento Base e Calzetteria,Borse a Tracolla & Marsupi Virali Monospalla,Carhartt,B001003175,0,354,91
Dixit Giochi da Tavolo Compatti & Pocket Virali Premium Edition Mod. 13 (3221),https://www.amazon.it/dp/B001003221?tag=offertissimes-21,13.12,15.96,13.6,12.66,"Giochi, Hobbies e Tempo Libero",Giochi da Tavolo Compatti & Pocket Virali,Dixit,B001003221,0,507,94
Sluban Set Costruzioni Modulari per Adulti Premium Edition Mod. 01 (3237),https://www.amazon.it/dp/B001003237?tag=offertissimes-21,31.37,39.99,13.6,28.86,"Giochi, Hobbies e Tempo Libero",Set Costruzioni Modulari per Adulti,Sluban,B001003237,0,417,94
Philips Sonicare Igiene Orale & Ricambi Spazzolini Premium Edition Mod. 18 (0082),https://www.amazon.it/dp/B001000082?tag=offertissimes-21,40.98,55.69,13.5,37.96,Bellezza e Cura della Persona,Igiene Orale & Ricambi Spazzolini,Philips Sonicare,B001000082,1,29,92
Restivoil Cura dei Capelli & Shampoo Trattanti Premium Edition Mod. 56 (0184),https://www.amazon.it/dp/B001000184?tag=offertissimes-21,8.3,13.22,13.5,7.81,Bellezza e Cura della Persona,Cura dei Capelli & Shampoo Trattanti,Restivoil,B001000184,1,59,90
"Astra Rasatura, Lame & Depilazione Premium Edition Mod. 13 (0204)",https://www.amazon.it/dp/B001000204?tag=offertissimes-21,41.83,47.66,13.5,39.34,Bellezza e Cura della Persona,"Rasatura, Lame & Depilazione",Astra,B001000204,1,58,73
Afnan Profumeria & Fragranze Virali Premium Edition Mod. 25 (0279),https://www.amazon.it/dp/B001000279?tag=offertissimes-21,28.24,35.68,13.5,27.03,Bellezza e Cura della Persona,Profumeria & Fragranze Virali,Afnan,B001000279,0,440,90
NYX Make-Up & Accessori Bellezza Virali Premium Edition Mod. 28 (0345),https://www.amazon.it/dp/B001000345?tag=offertissimes-21,20.15,25.16,13.5,17.13,Bellezza e Cura della Persona,Make-Up & Accessori Bellezza Virali,NYX,B001000345,0,225,88
Voltrx Shaker Magnetici & Accessori Virali Gym Premium Edition Mod. 41 (0705),https://www.amazon.it/dp/B001000705?tag=offertissimes-21,16.45,23.29,13.5,14.63,"Salute, Igiene e Integratori",Shaker Magnetici & Accessori Virali Gym,Voltrx,B001000705,0,351,82
Caffè Toraldo Cialde & Capsule Caffè Scorte 100-150pz Premium Edition Mod. 30 (0750),https://www.amazon.it/dp/B001000750?tag=offertissimes-21,16.17,20.52,13.5,15.63,"Alimentari, Caffè e Bevande",Cialde & Capsule Caffè Scorte 100-150pz,Caffè Toraldo,B001000750,1,31,97
Jordan's Skinny Sciroppi Zero Calorie & Aromi Barista Premium Edition Mod. 14 (0942),https://www.amazon.it/dp/B001000942?tag=offertissimes-21,25.24,31.93,13.5,23.52,"Alimentari, Caffè e Bevande",Sciroppi Zero Calorie & Aromi Barista,Jordan's Skinny,B001000942,0,426,80
Monin Sciroppi Zero Calorie & Aromi Barista Premium Edition Mod. 17 (0945),https://www.amazon.it/dp/B001000945?tag=offertissimes-21,32.18,51.3,13.5,28.12,"Alimentari, Caffè e Bevande",Sciroppi Zero Calorie & Aromi Barista,Monin,B001000945,0,403,79
Finish Quantum Capsule Lavastoviglie Maxi Box (100-160pz) Premium Edition Mod. 47 (1027),https://www.amazon.it/dp/B001001027?tag=offertissimes-21,42.8,61.51,13.5,39.77,Cura della Casa e Pulizia,Capsule Lavastoviglie Maxi Box (100-160pz),Finish Quantum,B001001027,1,50,91
Laica Filtri Ricambio Caraffe & Depuratori Acqua Premium Edition Mod. 13 (1113),https://www.amazon.it/dp/B001001113?tag=offertissimes-21,50.92,63.62,13.5,47.61,Cura della Casa e Pulizia,Filtri Ricambio Caraffe & Depuratori Acqua,Laica,B001001113,1,74,84
E-Cloth Panni Microfibra Alta Densità & Swiffer Ricambi Premium Edition Mod. 31 (1251),https://www.amazon.it/dp/B001001251?tag=offertissimes-21,50.39,61.69,13.5,43.81,Cura della Casa e Pulizia,Panni Microfibra Alta Densità & Swiffer Ricambi,E-Cloth,B001001251,1,38,78
Pampers Progressi Pannolini Box Scorta Mensile (120-180pz) Premium Edition Mod. 06 (1286),https://www.amazon.it/dp/B001001286?tag=offertissimes-21,64.94,86.91,13.5,59.42,Prima Infanzia e Maternità,Pannolini Box Scorta Mensile (120-180pz),Pampers Progressi,B001001286,1,17,95
Biokat's Lettiere Gatto Agglomeranti & Silicio 10-20L Premium Edition Mod. 18 (1478),https://www.amazon.it/dp/B001001478?tag=offertissimes-21,52.55,66.16,13.5,46.75,Animali Domestici (Pet Care),Lettiere Gatto Agglomeranti & Silicio 10-20L,Biokat's,B001001478,1,41,90
Cat's Best Lettiere Gatto Agglomeranti & Silicio 10-20L Premium Edition Mod. 23 (1483),https://www.amazon.it/dp/B001001483?tag=offertissimes-21,56.22,76.52,13.5,54.58,Animali Domestici (Pet Care),Lettiere Gatto Agglomeranti & Silicio 10-20L,Cat's Best,B001001483,1,32,82
Outward Hound Tappetini Olfattivi & Ciotole Lente Virali Premium Edition Mod. 10 (1704),https://www.amazon.it/dp/B001001704?tag=offertissimes-21,46.01,58.9,13.5,40.51,Animali Domestici (Pet Care),Tappetini Olfattivi & Ciotole Lente Virali,Outward Hound,B001001704,0,341,99
Anker Cavi USB-C Fast Charge 100W/240W Multipack Premium Edition Mod. 09 (1749),https://www.amazon.it/dp/B001001749?tag=offertissimes-21,62.88,86.03,13.5,53.74,"Elettronica, Accessori e Gadget Smart",Cavi USB-C Fast Charge 100W/240W Multipack,Anker,B001001749,1,167,94
Cosori Carta Forno Riutilizzabile & Accessori Friggitrice Aria Premium Edition Mod. 08 (2120),https://www.amazon.it/dp/B001002120?tag=offertissimes-21,151.58,178.23,13.5,137.91,"Casa, Cucina ed Elettrodomestici",Carta Forno Riutilizzabile & Accessori Friggitrice Aria,Cosori,B001002120,1,115,99
Cosori Carta Forno Riutilizzabile & Accessori Friggitrice Aria Premium Edition Mod. 33 (2145),https://www.amazon.it/dp/B001002145?tag=offertissimes-21,18.66,26.42,13.5,17.79,"Casa, Cucina ed Elettrodomestici",Carta Forno Riutilizzabile & Accessori Friggitrice Aria,Cosori,B001002145,1,103,89
Varta Pile Ricaricabili AA / AAA NiMH & Caricatori Smart Premium Edition Mod. 34 (2404),https://www.amazon.it/dp/B001002404?tag=offertissimes-21,74.95,91.27,13.5,64.77,"Fai da Te, Bricolage e Giardinaggio",Pile Ricaricabili AA / AAA NiMH & Caricatori Smart,Varta,B001002404,1,78,97
Gorilla Glue Nastri Adesivi Gorilla & Sigillanti Impermeabilizzanti Premium Edition Mod. 12 (2454),https://www.amazon.it/dp/B001002454?tag=offertissimes-21,68.58,87.3,13.5,66.2,"Fai da Te, Bricolage e Giardinaggio",Nastri Adesivi Gorilla & Sigillanti Impermeabilizzanti,Gorilla Glue,B001002454,1,96,76
Little Trees Profumatori Auto Lunga Durata & Ricariche Premium Edition Mod. 14 (2564),https://www.amazon.it/dp/B001002564?tag=offertissimes-21,57.09,69.77,13.5,55.46,Auto e Moto (Accessori & Manutenzione),Profumatori Auto Lunga Durata & Ricariche,Little Trees,B001002564,1,56,84
Valeo Silencio Spazzole Tergicristallo Aerodinamiche Premium Edition Mod. 16 (2596),https://www.amazon.it/dp/B001002596?tag=offertissimes-21,55.09,72.67,13.5,47.03,Auto e Moto (Accessori & Manutenzione),Spazzole Tergicristallo Aerodinamiche,Valeo Silencio,B001002596,1,88,82
Beast Gear Fasce Elastiche di Resistenza & Loop Bands Tessuto Premium Edition Mod. 22 (2722),https://www.amazon.it/dp/B001002722?tag=offertissimes-21,20.21,31.3,13.5,17.26,"Sport, Fitness e Attrezzatura",Fasce Elastiche di Resistenza & Loop Bands Tessuto,Beast Gear,B001002722,1,62,87
Fitbeast Fasce Elastiche di Resistenza & Loop Bands Tessuto Premium Edition Mod. 34 (2734),https://www.amazon.it/dp/B001002734?tag=offertissimes-21,26.25,31.76,13.5,22.47,"Sport, Fitness e Attrezzatura",Fasce Elastiche di Resistenza & Loop Bands Tessuto,Fitbeast,B001002734,1,180,77
Gritin Corda per Saltare Professionale con Cuscinetti Rapidi Premium Edition Mod. 13 (2751),https://www.amazon.it/dp/B001002751?tag=offertissimes-21,77.96,108.32,13.5,67.71,"Sport, Fitness e Attrezzatura",Corda per Saltare Professionale con Cuscinetti Rapidi,Gritin,B001002751,0,310,86
Aosbos Borse Termiche Pranzo Fit & Portavivande Ermetici Premium Edition Mod. 38 (2890),https://www.amazon.it/dp/B001002890?tag=offertissimes-21,52.24,81.44,13.5,48.8,"Sport, Fitness e Attrezzatura",Borse Termiche Pranzo Fit & Portavivande Ermetici,Aosbos,B001002890,0,463,86
Brother Cartucce & Toner Compatibili Multipack Premium Edition Mod. 32 (2922),https://www.amazon.it/dp/B001002922?tag=offertissimes-21,23.29,32.87,13.5,21.67,"Cancelleria, Ufficio e Spedizioni",Cartucce & Toner Compatibili Multipack,Brother,B001002922,1,57,88
Pilot Frixion Evidenziatori Pastello & Penne Gel Cancellabili Premium Edition Mod. 05 (2991),https://www.amazon.it/dp/B001002991?tag=offertissimes-21,27.74,32.35,13.5,24.29,"Cancelleria, Ufficio e Spedizioni",Evidenziatori Pastello & Penne Gel Cancellabili,Pilot Frixion,B001002991,1,42,87
Levi's Boxer Cotone Elasticizzato Multipack (6-10pz) Premium Edition Mod. 27 (3077),https://www.amazon.it/dp/B001003077?tag=offertissimes-21,27.16,32.68,13.5,25.81,Abbigliamento Base e Calzetteria,Boxer Cotone Elasticizzato Multipack (6-10pz),Levi's,B001003077,1,114,90
Nike Calzini Sportivi Tecnici Traspiranti Multipack Premium Edition Mod. 27 (3110),https://www.amazon.it/dp/B001003110?tag=offertissimes-21,28.64,34.86,13.5,27.6,Abbigliamento Base e Calzetteria,Calzini Sportivi Tecnici Traspiranti Multipack,Nike,B001003110,1,85,87
Amazon Essentials T-Shirt Girocollo Cotone Pesante Pack da 5 Premium Edition Mod. 19 (3135),https://www.amazon.it/dp/B001003135?tag=offertissimes-21,31.56,42.96,13.5,30.57,Abbigliamento Base e Calzetteria,T-Shirt Girocollo Cotone Pesante Pack da 5,Amazon Essentials,B001003135,1,112,86
Speks Fidget Toys & Antistress Magnetici Virali Premium Edition Mod. 15 (3278),https://www.amazon.it/dp/B001003278?tag=offertissimes-21,49.72,64.81,13.5,42.97,"Giochi, Hobbies e Tempo Libero",Fidget Toys & Antistress Magnetici Virali,Speks,B001003278,0,518,94
"Gribaudo Bestseller Crescita Personale & Finanza (Atomic Habits, etc.) Premium Edition Mod. 01 (3314)",https://www.amazon.it/dp/B001003314?tag=offertissimes-21,22.64,26.97,13.5,22.15,"Libri, Agende e Self-Help","Bestseller Crescita Personale & Finanza (Atomic Habits, etc.)",Gribaudo,B001003314,0,434,96
Leuchtturm1917 Quaderni Puntinati Bullet Journal Dotted 120g Premium Edition Mod. 15 (3373),https://www.amazon.it/dp/B001003373?tag=offertissimes-21,9.26,13.07,13.5,8.44,"Libri, Agende e Self-Help",Quaderni Puntinati Bullet Journal Dotted 120g,Leuchtturm1917,B001003373,1,120,77
La Roche-Posay Sieri Viso & Trattamenti Anti-Age Premium Edition Mod. 11 (0011),https://www.amazon.it/dp/B001000011?tag=offertissimes-21,13.54,17.24,13.4,13.24,Bellezza e Cura della Persona,Sieri Viso & Trattamenti Anti-Age,La Roche-Posay,B001000011,1,25,90
Marvis Igiene Orale & Ricambi Spazzolini Premium Edition Mod. 32 (0096),https://www.amazon.it/dp/B001000096?tag=offertissimes-21,15.24,17.42,13.4,13.6,Bellezza e Cura della Persona,Igiene Orale & Ricambi Spazzolini,Marvis,B001000096,1,43,79
Philips Sonicare Igiene Orale & Ricambi Spazzolini Premium Edition Mod. 59 (0123),https://www.amazon.it/dp/B001000123?tag=offertissimes-21,14.24,20.5,13.4,13.95,Bellezza e Cura della Persona,Igiene Orale & Ricambi Spazzolini,Philips Sonicare,B001000123,1,32,83
Restivoil Cura dei Capelli & Shampoo Trattanti Premium Edition Mod. 19 (0147),https://www.amazon.it/dp/B001000147?tag=offertissimes-21,13.81,18.44,13.4,12.23,Bellezza e Cura della Persona,Cura dei Capelli & Shampoo Trattanti,Restivoil,B001000147,1,59,79
L'Oréal Professionnel Cura dei Capelli & Shampoo Trattanti Premium Edition Mod. 61 (0189),https://www.amazon.it/dp/B001000189?tag=offertissimes-21,40.49,48.99,13.4,38.38,Bellezza e Cura della Persona,Cura dei Capelli & Shampoo Trattanti,L'Oréal Professionnel,B001000189,1,53,84
"Gillette Rasatura, Lame & Depilazione Premium Edition Mod. 34 (0225)",https://www.amazon.it/dp/B001000225?tag=offertissimes-21,53.57,64.65,13.4,50.03,Bellezza e Cura della Persona,"Rasatura, Lame & Depilazione",Gillette,B001000225,1,41,79
"Derby Rasatura, Lame & Depilazione Premium Edition Mod. 41 (0232)",https://www.amazon.it/dp/B001000232?tag=offertissimes-21,43.08,54.44,13.4,37.61,Bellezza e Cura della Persona,"Rasatura, Lame & Depilazione",Derby,B001000232,1,37,77
Maison Alhambra Profumeria & Fragranze Virali Premium Edition Mod. 54 (0308),https://www.amazon.it/dp/B001000308?tag=offertissimes-21,26.99,38.14,13.4,25.92,Bellezza e Cura della Persona,Profumeria & Fragranze Virali,Maison Alhambra,B001000308,0,366,100
WeightWorld Creatina Monoidrato & Pre-Workout Premium Edition Mod. 04 (0441),https://www.amazon.it/dp/B001000441?tag=offertissimes-21,50.82,58.49,13.4,43.98,"Salute, Igiene e Integratori",Creatina Monoidrato & Pre-Workout,WeightWorld,B001000441,1,20,94
Creapure Creatina Monoidrato & Pre-Workout Premium Edition Mod. 35 (0472),https://www.amazon.it/dp/B001000472?tag=offertissimes-21,42.19,55.18,13.4,41.31,"Salute, Igiene e Integratori",Creatina Monoidrato & Pre-Workout,Creapure,B001000472,1,26,90
WeightWorld Creatina Monoidrato & Pre-Workout Premium Edition Mod. 56 (0493),https://www.amazon.it/dp/B001000493?tag=offertissimes-21,31.81,42.48,13.4,29.28,"Salute, Igiene e Integratori",Creatina Monoidrato & Pre-Workout,WeightWorld,B001000493,1,45,89
"Nutravita Vitamine, Magnesio & Biohacking Sonno Premium Edition Mod. 11 (0505)",https://www.amazon.it/dp/B001000505?tag=offertissimes-21,20.1,23.8,13.4,17.76,"Salute, Igiene e Integratori","Vitamine, Magnesio & Biohacking Sonno",Nutravita,B001000505,1,33,85
"Nutravita Vitamine, Magnesio & Biohacking Sonno Premium Edition Mod. 37 (0531)",https://www.amazon.it/dp/B001000531?tag=offertissimes-21,35.48,46.08,13.4,33.65,"Salute, Igiene e Integratori","Vitamine, Magnesio & Biohacking Sonno",Nutravita,B001000531,1,34,89
"Gloryfeel Vitamine, Magnesio & Biohacking Sonno Premium Edition Mod. 55 (0549)",https://www.amazon.it/dp/B001000549?tag=offertissimes-21,43.59,56.59,13.4,38.34,"Salute, Igiene e Integratori","Vitamine, Magnesio & Biohacking Sonno",Gloryfeel,B001000549,1,40,84
Liquid I.V. Elettroliti & Idratazione Senza Zucchero Premium Edition Mod. 34 (0585),https://www.amazon.it/dp/B001000585?tag=offertissimes-21,36.04,53.27,13.4,30.92,"Salute, Igiene e Integratori",Elettroliti & Idratazione Senza Zucchero,Liquid I.V.,B001000585,1,21,82
Liquid I.V. Elettroliti & Idratazione Senza Zucchero Premium Edition Mod. 41 (0592),https://www.amazon.it/dp/B001000592?tag=offertissimes-21,28.26,41.54,13.4,27.01,"Salute, Igiene e Integratori",Elettroliti & Idratazione Senza Zucchero,Liquid I.V.,B001000592,1,27,87
Omron Dispositivi Elettromedicali & Termometri Premium Edition Mod. 35 (0643),https://www.amazon.it/dp/B001000643?tag=offertissimes-21,12.52,15.92,13.4,10.72,"Salute, Igiene e Integratori",Dispositivi Elettromedicali & Termometri,Omron,B001000643,0,506,82
Pic Solution Dispositivi Elettromedicali & Termometri Premium Edition Mod. 40 (0648),https://www.amazon.it/dp/B001000648?tag=offertissimes-21,37.02,50.44,13.4,35.59,"Salute, Igiene e Integratori",Dispositivi Elettromedicali & Termometri,Pic Solution,B001000648,0,514,78
BlenderBottle Shaker Magnetici & Accessori Virali Gym Premium Edition Mod. 04 (0668),https://www.amazon.it/dp/B001000668?tag=offertissimes-21,28.74,44.06,13.4,26.63,"Salute, Igiene e Integratori",Shaker Magnetici & Accessori Virali Gym,BlenderBottle,B001000668,0,269,88
Borbone Cialde & Capsule Caffè Scorte 100-150pz Premium Edition Mod. 28 (0748),https://www.amazon.it/dp/B001000748?tag=offertissimes-21,29.08,40.93,13.4,26.48,"Alimentari, Caffè e Bevande",Cialde & Capsule Caffè Scorte 100-150pz,Borbone,B001000748,1,29,93
Monin Sciroppi Zero Calorie & Aromi Barista Premium Edition Mod. 15 (0943),https://www.amazon.it/dp/B001000943?tag=offertissimes-21,16.87,26.04,13.4,14.9,"Alimentari, Caffè e Bevande",Sciroppi Zero Calorie & Aromi Barista,Monin,B001000943,0,515,89
Monin Sciroppi Zero Calorie & Aromi Barista Premium Edition Mod. 33 (0961),https://www.amazon.it/dp/B001000961?tag=offertissimes-21,16.1,23.13,13.4,14.42,"Alimentari, Caffè e Bevande",Sciroppi Zero Calorie & Aromi Barista,Monin,B001000961,0,507,89
Monin Sciroppi Zero Calorie & Aromi Barista Premium Edition Mod. 45 (0973),https://www.amazon.it/dp/B001000973?tag=offertissimes-21,20.03,28.7,13.4,18.81,"Alimentari, Caffè e Bevande",Sciroppi Zero Calorie & Aromi Barista,Monin,B001000973,0,241,87
Philips Water Filtri Ricambio Caraffe & Depuratori Acqua Premium Edition Mod. 16 (1116),https://www.amazon.it/dp/B001001116?tag=offertissimes-21,27.61,31.83,13.4,26.49,Cura della Casa e Pulizia,Filtri Ricambio Caraffe & Depuratori Acqua,Philips Water,B001001116,1,42,93
Scrub Daddy Pulitori Miracolosi Virali & Spugne Premium Edition Mod. 34 (1194),https://www.amazon.it/dp/B001001194?tag=offertissimes-21,51.46,60.41,13.4,49.35,Cura della Casa e Pulizia,Pulitori Miracolosi Virali & Spugne,Scrub Daddy,B001001194,0,269,91
Huggies Pure Salviette Umidificate All'Acqua 99% Premium Edition Mod. 34 (1350),https://www.amazon.it/dp/B001001350?tag=offertissimes-21,43.6,62.16,13.4,37.87,Prima Infanzia e Maternità,Salviette Umidificate All'Acqua 99%,Huggies Pure,B001001350,1,18,86
Sanicat Lettiere Gatto Agglomeranti & Silicio 10-20L Premium Edition Mod. 35 (1495),https://www.amazon.it/dp/B001001495?tag=offertissimes-21,51.5,74.58,13.4,47.01,Animali Domestici (Pet Care),Lettiere Gatto Agglomeranti & Silicio 10-20L,Sanicat,B001001495,1,33,85
Pogi's Sacchetti Igienici Cane Biodegradabili (300-600pz) Premium Edition Mod. 06 (1513),https://www.amazon.it/dp/B001001513?tag=offertissimes-21,23.22,27.84,13.4,19.99,Animali Domestici (Pet Care),Sacchetti Igienici Cane Biodegradabili (300-600pz),Pogi's,B001001513,1,32,82
Greenies Snack Igiene Dentale Cani Scorte Mensili Premium Edition Mod. 13 (1567),https://www.amazon.it/dp/B001001567?tag=offertissimes-21,22.76,32.09,13.4,20.17,Animali Domestici (Pet Care),Snack Igiene Dentale Cani Scorte Mensili,Greenies,B001001567,1,22,93
Pedigree Dentastix Snack Igiene Dentale Cani Scorte Mensili Premium Edition Mod. 33 (1587),https://www.amazon.it/dp/B001001587?tag=offertissimes-21,51.41,67.7,13.4,46.12,Animali Domestici (Pet Care),Snack Igiene Dentale Cani Scorte Mensili,Pedigree Dentastix,B001001587,1,23,91
HoneyGuaridan Filtri Ricambio Fontanelle Acqua Gatti Premium Edition Mod. 14 (1615),https://www.amazon.it/dp/B001001615?tag=offertissimes-21,8.9,12.38,13.4,7.7,Animali Domestici (Pet Care),Filtri Ricambio Fontanelle Acqua Gatti,HoneyGuaridan,B001001615,1,23,88
ChomChom Roller Spazzole Rullo Toglipelo Elettrostatiche Premium Edition Mod. 01 (1649),https://www.amazon.it/dp/B001001649?tag=offertissimes-21,21.4,32.91,13.4,18.76,Animali Domestici (Pet Care),Spazzole Rullo Toglipelo Elettrostatiche,ChomChom Roller,B001001649,0,241,93
Ace2Ace Spazzole Rullo Toglipelo Elettrostatiche Premium Edition Mod. 38 (1686),https://www.amazon.it/dp/B001001686?tag=offertissimes-21,22.03,30.3,13.4,21.28,Animali Domestici (Pet Care),Spazzole Rullo Toglipelo Elettrostatiche,Ace2Ace,B001001686,0,205,100
Trixie Tappetini Olfattivi & Ciotole Lente Virali Premium Edition Mod. 05 (1699),https://www.amazon.it/dp/B001001699?tag=offertissimes-21,11.59,13.65,13.4,10.1,Animali Domestici (Pet Care),Tappetini Olfattivi & Ciotole Lente Virali,Trixie,B001001699,0,241,93
Baseus Cavi USB-C Fast Charge 100W/240W Multipack Premium Edition Mod. 02 (1742),https://www.amazon.it/dp/B001001742?tag=offertissimes-21,19.21,29.41,13.4,18.47,"Elettronica, Accessori e Gadget Smart",Cavi USB-C Fast Charge 100W/240W Multipack,Baseus,B001001742,1,228,84
Baseus Cavi USB-C Fast Charge 100W/240W Multipack Premium Edition Mod. 17 (1757),https://www.amazon.it/dp/B001001757?tag=offertissimes-21,33.18,38.87,13.4,28.94,"Elettronica, Accessori e Gadget Smart",Cavi USB-C Fast Charge 100W/240W Multipack,Baseus,B001001757,1,318,96
JETech Pellicole Salvaschermo Vetro con Dima Installazione Premium Edition Mod. 41 (1835),https://www.amazon.it/dp/B001001835?tag=offertissimes-21,82.82,104.01,13.4,76.19,"Elettronica, Accessori e Gadget Smart",Pellicole Salvaschermo Vetro con Dima Installazione,JETech,B001001835,1,239,82
Belkin Supporti Auto Magnetici MagSafe Wireless Premium Edition Mod. 06 (1907),https://www.amazon.it/dp/B001001907?tag=offertissimes-21,74.01,91.93,13.4,63.15,"Elettronica, Accessori e Gadget Smart",Supporti Auto Magnetici MagSafe Wireless,Belkin,B001001907,0,366,95
Shelly Prese Smart Wi-Fi Monitoraggio Consumi Premium Edition Mod. 10 (2017),https://www.amazon.it/dp/B001002017?tag=offertissimes-21,55.14,86.57,13.4,53.44,"Elettronica, Accessori e Gadget Smart",Prese Smart Wi-Fi Monitoraggio Consumi,Shelly,B001002017,0,354,91
Woox Prese Smart Wi-Fi Monitoraggio Consumi Premium Edition Mod. 50 (2057),https://www.amazon.it/dp/B001002057?tag=offertissimes-21,83.25,117.92,13.4,76.06,"Elettronica, Accessori e Gadget Smart",Prese Smart Wi-Fi Monitoraggio Consumi,Woox,B001002057,0,504,88
Ecovacs Filtri & Ricambi Robot Aspirapolvere Premium Edition Mod. 24 (2084),https://www.amazon.it/dp/B001002084?tag=offertissimes-21,46.89,74.48,13.4,41.4,"Casa, Cucina ed Elettrodomestici",Filtri & Ricambi Robot Aspirapolvere,Ecovacs,B001002084,1,62,87
iRobot Roomba Filtri & Ricambi Robot Aspirapolvere Premium Edition Mod. 52 (2112),https://www.amazon.it/dp/B001002112?tag=offertissimes-21,133.84,155.65,13.4,128.42,"Casa, Cucina ed Elettrodomestici",Filtri & Ricambi Robot Aspirapolvere,iRobot Roomba,B001002112,1,225,76
Vtopmart Organizer Frigo & Dispensa Trasparenti Acrilico Premium Edition Mod. 34 (2302),https://www.amazon.it/dp/B001002302?tag=offertissimes-21,21.02,33.44,13.4,18.18,"Casa, Cucina ed Elettrodomestici",Organizer Frigo & Dispensa Trasparenti Acrilico,Vtopmart,B001002302,0,484,94
Raindrip Sistemi Irrigazione a Goccia Smart per Balconi Premium Edition Mod. 32 (2546),https://www.amazon.it/dp/B001002546?tag=offertissimes-21,43.33,62.17,13.4,37.83,"Fai da Te, Bricolage e Giardinaggio",Sistemi Irrigazione a Goccia Smart per Balconi,Raindrip,B001002546,0,267,83
Chemical Guys Kit Pulizia & Manutenzione Pelle/Plastiche Auto Premium Edition Mod. 05 (2615),https://www.amazon.it/dp/B001002615?tag=offertissimes-21,23.69,37.23,13.4,22.31,Auto e Moto (Accessori & Manutenzione),Kit Pulizia & Manutenzione Pelle/Plastiche Auto,Chemical Guys,B001002615,1,50,97
Gritin Corda per Saltare Professionale con Cuscinetti Rapidi Premium Edition Mod. 18 (2756),https://www.amazon.it/dp/B001002756?tag=offertissimes-21,94.31,113.99,13.4,90.32,"Sport, Fitness e Attrezzatura",Corda per Saltare Professionale con Cuscinetti Rapidi,Gritin,B001002756,0,204,91
Renpho Pistole Massaggianti Muscolari Portatili Premium Edition Mod. 26 (2802),https://www.amazon.it/dp/B001002802?tag=offertissimes-21,30.95,36.18,13.4,30.2,"Sport, Fitness e Attrezzatura",Pistole Massaggianti Muscolari Portatili,Renpho,B001002802,0,349,94
Fjällräven Borse a Tracolla & Marsupi Virali Monospalla Premium Edition Mod. 21 (3169),https://www.amazon.it/dp/B001003169?tag=offertissimes-21,23.73,38.1,13.4,22.07,Abbigliamento Base e Calzetteria,Borse a Tracolla & Marsupi Virali Monospalla,Fjällräven,B001003169,0,299,88
LEGO Icons Set Costruzioni Modulari per Adulti Premium Edition Mod. 05 (3241),https://www.amazon.it/dp/B001003241?tag=offertissimes-21,16.65,23.49,13.4,15.48,"Giochi, Hobbies e Tempo Libero",Set Costruzioni Modulari per Adulti,LEGO Icons,B001003241,0,540,99
Leuchtturm1917 Quaderni Puntinati Bullet Journal Dotted 120g Premium Edition Mod. 12 (3370),https://www.amazon.it/dp/B001003370?tag=offertissimes-21,8.74,13.84,13.4,7.76,"Libri, Agende e Self-Help",Quaderni Puntinati Bullet Journal Dotted 120g,Leuchtturm1917,B001003370,1,113,84
The Ordinary Sieri Viso & Trattamenti Anti-Age Premium Edition Mod. 28 (0028),https://www.amazon.it/dp/B001000028?tag=offertissimes-21,41.8,54.98,13.3,37.19,Bellezza e Cura della Persona,Sieri Viso & Trattamenti Anti-Age,The Ordinary,B001000028,1,37,100
La Roche-Posay Sieri Viso & Trattamenti Anti-Age Premium Edition Mod. 33 (0033),https://www.amazon.it/dp/B001000033?tag=offertissimes-21,17.18,22.69,13.3,16.62,Bellezza e Cura della Persona,Sieri Viso & Trattamenti Anti-Age,La Roche-Posay,B001000033,1,45,89
Curaprox Igiene Orale & Ricambi Spazzolini Premium Edition Mod. 60 (0124),https://www.amazon.it/dp/B001000124?tag=offertissimes-21,31.54,49.37,13.3,29.42,Bellezza e Cura della Persona,Igiene Orale & Ricambi Spazzolini,Curaprox,B001000124,1,35,83
"Gillette Rasatura, Lame & Depilazione Premium Edition Mod. 09 (0200)",https://www.amazon.it/dp/B001000200?tag=offertissimes-21,31.62,45.25,13.3,30.37,Bellezza e Cura della Persona,"Rasatura, Lame & Depilazione",Gillette,B001000200,1,54,79
Afnan Profumeria & Fragranze Virali Premium Edition Mod. 46 (0300),https://www.amazon.it/dp/B001000300?tag=offertissimes-21,13.35,18.97,13.3,12.93,Bellezza e Cura della Persona,Profumeria & Fragranze Virali,Afnan,B001000300,0,504,97
Optimum Nutrition Proteine & Aminoacidi Sportivi Premium Edition Mod. 43 (0423),https://www.amazon.it/dp/B001000423?tag=offertissimes-21,58.47,68.01,13.3,54.52,"Salute, Igiene e Integratori",Proteine & Aminoacidi Sportivi,Optimum Nutrition,B001000423,1,27,84
MyProtein Proteine & Aminoacidi Sportivi Premium Edition Mod. 44 (0424),https://www.amazon.it/dp/B001000424?tag=offertissimes-21,42.77,55.51,13.3,41.7,"Salute, Igiene e Integratori",Proteine & Aminoacidi Sportivi,MyProtein,B001000424,1,38,92
WeightWorld Creatina Monoidrato & Pre-Workout Premium Edition Mod. 16 (0453),https://www.amazon.it/dp/B001000453?tag=offertissimes-21,21.8,27.14,13.3,18.97,"Salute, Igiene e Integratori",Creatina Monoidrato & Pre-Workout,WeightWorld,B001000453,1,34,87
"Gloryfeel Vitamine, Magnesio & Biohacking Sonno Premium Edition Mod. 21 (0515)",https://www.amazon.it/dp/B001000515?tag=offertissimes-21,20.61,29.39,13.3,19.73,"Salute, Igiene e Integratori","Vitamine, Magnesio & Biohacking Sonno",Gloryfeel,B001000515,1,34,79
"Nutravita Vitamine, Magnesio & Biohacking Sonno Premium Edition Mod. 34 (0528)",https://www.amazon.it/dp/B001000528?tag=offertissimes-21,41.73,67.3,13.3,40.39,"Salute, Igiene e Integratori","Vitamine, Magnesio & Biohacking Sonno",Nutravita,B001000528,1,30,80
"Swisse Vitamine, Magnesio & Biohacking Sonno Premium Edition Mod. 57 (0551)",https://www.amazon.it/dp/B001000551?tag=offertissimes-21,29.24,46.72,13.3,28.58,"Salute, Igiene e Integratori","Vitamine, Magnesio & Biohacking Sonno",Swisse,B001000551,1,41,88
Omron Dispositivi Elettromedicali & Termometri Premium Edition Mod. 11 (0619),https://www.amazon.it/dp/B001000619?tag=offertissimes-21,42.72,51.93,13.3,41.21,"Salute, Igiene e Integratori",Dispositivi Elettromedicali & Termometri,Omron,B001000619,0,187,73
Borbone Cialde & Capsule Caffè Scorte 100-150pz Premium Edition Mod. 02 (0722),https://www.amazon.it/dp/B001000722?tag=offertissimes-21,34.6,43.27,13.3,33.31,"Alimentari, Caffè e Bevande",Cialde & Capsule Caffè Scorte 100-150pz,Borbone,B001000722,1,22,86
Caffè Toraldo Cialde & Capsule Caffè Scorte 100-150pz Premium Edition Mod. 05 (0725),https://www.amazon.it/dp/B001000725?tag=offertissimes-21,8.89,14.21,13.3,7.62,"Alimentari, Caffè e Bevande",Cialde & Capsule Caffè Scorte 100-150pz,Caffè Toraldo,B001000725,1,26,100
Prozis Alimenti Proteici & Creme Spalmabili Zero Premium Edition Mod. 32 (0908),https://www.amazon.it/dp/B001000908?tag=offertissimes-21,22.64,30.43,13.3,19.96,"Alimentari, Caffè e Bevande",Alimenti Proteici & Creme Spalmabili Zero,Prozis,B001000908,1,19,85
Skinny Food Co Sciroppi Zero Calorie & Aromi Barista Premium Edition Mod. 13 (0941),https://www.amazon.it/dp/B001000941?tag=offertissimes-21,28.58,42.53,13.3,26.64,"Alimentari, Caffè e Bevande",Sciroppi Zero Calorie & Aromi Barista,Skinny Food Co,B001000941,0,476,87
Chanteclair Detersivi Lavatrice Concentrati & Pods Premium Edition Mod. 18 (1058),https://www.amazon.it/dp/B001001058?tag=offertissimes-21,26.17,32.17,13.3,23.86,Cura della Casa e Pulizia,Detersivi Lavatrice Concentrati & Pods,Chanteclair,B001001058,1,50,83
Ariel Pods Detersivi Lavatrice Concentrati & Pods Premium Edition Mod. 35 (1075),https://www.amazon.it/dp/B001001075?tag=offertissimes-21,24.15,32.69,13.3,21.54,Cura della Casa e Pulizia,Detersivi Lavatrice Concentrati & Pods,Ariel Pods,B001001075,1,74,83
Dixan Detersivi Lavatrice Concentrati & Pods Premium Edition Mod. 59 (1099),https://www.amazon.it/dp/B001001099?tag=offertissimes-21,35.88,41.06,13.3,32.38,Cura della Casa e Pulizia,Detersivi Lavatrice Concentrati & Pods,Dixan,B001001099,1,33,87
Huggies Pure Salviette Umidificate All'Acqua 99% Premium Edition Mod. 29 (1345),https://www.amazon.it/dp/B001001345?tag=offertissimes-21,69.1,83.81,13.3,66.65,Prima Infanzia e Maternità,Salviette Umidificate All'Acqua 99%,Huggies Pure,B001001345,1,22,88
Purina Dentalife Snack Igiene Dentale Cani Scorte Mensili Premium Edition Mod. 28 (1582),https://www.amazon.it/dp/B001001582?tag=offertissimes-21,55.11,78.9,13.3,49.74,Animali Domestici (Pet Care),Snack Igiene Dentale Cani Scorte Mensili,Purina Dentalife,B001001582,1,37,85
Petkit Filtri Ricambio Fontanelle Acqua Gatti Premium Edition Mod. 23 (1624),https://www.amazon.it/dp/B001001624?tag=offertissimes-21,47.29,55.22,13.3,46.01,Animali Domestici (Pet Care),Filtri Ricambio Fontanelle Acqua Gatti,Petkit,B001001624,1,25,82
Catit Filtri Ricambio Fontanelle Acqua Gatti Premium Edition Mod. 29 (1630),https://www.amazon.it/dp/B001001630?tag=offertissimes-21,55.19,64.91,13.3,51.52,Animali Domestici (Pet Care),Filtri Ricambio Fontanelle Acqua Gatti,Catit,B001001630,1,26,85
PetiFine Filtri Ricambio Fontanelle Acqua Gatti Premium Edition Mod. 42 (1643),https://www.amazon.it/dp/B001001643?tag=offertissimes-21,16.81,25.19,13.3,15.32,Animali Domestici (Pet Care),Filtri Ricambio Fontanelle Acqua Gatti,PetiFine,B001001643,1,32,82
Ace2Ace Spazzole Rullo Toglipelo Elettrostatiche Premium Edition Mod. 45 (1693),https://www.amazon.it/dp/B001001693?tag=offertissimes-21,48.74,55.92,13.3,47.73,Animali Domestici (Pet Care),Spazzole Rullo Toglipelo Elettrostatiche,Ace2Ace,B001001693,0,275,95
Spigen Supporti Auto Magnetici MagSafe Wireless Premium Edition Mod. 18 (1919),https://www.amazon.it/dp/B001001919?tag=offertissimes-21,28.27,41.37,13.3,27.62,"Elettronica, Accessori e Gadget Smart",Supporti Auto Magnetici MagSafe Wireless,Spigen,B001001919,0,358,92
Spigen Supporti Auto Magnetici MagSafe Wireless Premium Edition Mod. 27 (1928),https://www.amazon.it/dp/B001001928?tag=offertissimes-21,43.3,60.13,13.3,38.07,"Elettronica, Accessori e Gadget Smart",Supporti Auto Magnetici MagSafe Wireless,Spigen,B001001928,0,307,96
Dreame Filtri & Ricambi Robot Aspirapolvere Premium Edition Mod. 15 (2075),https://www.amazon.it/dp/B001002075?tag=offertissimes-21,30.43,46.08,13.3,28.45,"Casa, Cucina ed Elettrodomestici",Filtri & Ricambi Robot Aspirapolvere,Dreame,B001002075,1,82,88
Cecotec Friggitrici ad Aria a Doppia Resistenza Premium Edition Mod. 30 (2194),https://www.amazon.it/dp/B001002194?tag=offertissimes-21,102.98,148.73,13.3,100.52,"Casa, Cucina ed Elettrodomestici",Friggitrici ad Aria a Doppia Resistenza,Cecotec,B001002194,0,419,99
Bostik Nastri Adesivi Gorilla & Sigillanti Impermeabilizzanti Premium Edition Mod. 34 (2476),https://www.amazon.it/dp/B001002476?tag=offertissimes-21,68.85,97.32,13.3,60.34,"Fai da Te, Bricolage e Giardinaggio",Nastri Adesivi Gorilla & Sigillanti Impermeabilizzanti,Bostik,B001002476,1,116,94
Fanttik Mini Cacciaviti Elettrici di Precisione Virali Premium Edition Mod. 27 (2505),https://www.amazon.it/dp/B001002505?tag=offertissimes-21,52.8,84.17,13.3,47.39,"Fai da Te, Bricolage e Giardinaggio",Mini Cacciaviti Elettrici di Precisione Virali,Fanttik,B001002505,0,412,96
Eufy Aspirapolvere Portatili per Auto ad Alta Potenza Premium Edition Mod. 03 (2673),https://www.amazon.it/dp/B001002673?tag=offertissimes-21,13.53,16.81,13.3,11.82,Auto e Moto (Accessori & Manutenzione),Aspirapolvere Portatili per Auto ad Alta Potenza,Eufy,B001002673,0,365,87
Hypervolt Pistole Massaggianti Muscolari Portatili Premium Edition Mod. 07 (2783),https://www.amazon.it/dp/B001002783?tag=offertissimes-21,63.13,101.27,13.3,55.36,"Sport, Fitness e Attrezzatura",Pistole Massaggianti Muscolari Portatili,Hypervolt,B001002783,0,448,96
Mebak Pistole Massaggianti Muscolari Portatili Premium Edition Mod. 14 (2790),https://www.amazon.it/dp/B001002790?tag=offertissimes-21,19.87,30.14,13.3,18.5,"Sport, Fitness e Attrezzatura",Pistole Massaggianti Muscolari Portatili,Mebak,B001002790,0,348,93
Brother Cartucce & Toner Compatibili Multipack Premium Edition Mod. 25 (2915),https://www.amazon.it/dp/B001002915?tag=offertissimes-21,52.31,73.43,13.3,48.04,"Cancelleria, Ufficio e Spedizioni",Cartucce & Toner Compatibili Multipack,Brother,B001002915,1,67,92
Fabriano Risme Carta da Stampa A4 80g Scorte 2500ff Premium Edition Mod. 02 (2924),https://www.amazon.it/dp/B001002924?tag=offertissimes-21,45.99,68.09,13.3,39.87,"Cancelleria, Ufficio e Spedizioni",Risme Carta da Stampa A4 80g Scorte 2500ff,Fabriano,B001002924,1,46,88
LEGO Speed Champions Set Costruzioni Modulari per Adulti Premium Edition Mod. 11 (3247),https://www.amazon.it/dp/B001003247?tag=offertissimes-21,30.47,41.29,13.3,28.21,"Giochi, Hobbies e Tempo Libero",Set Costruzioni Modulari per Adulti,LEGO Speed Champions,B001003247,0,217,97
Philips Sonicare Igiene Orale & Ricambi Spazzolini Premium Edition Mod. 19 (0083),https://www.amazon.it/dp/B001000083?tag=offertissimes-21,40.74,46.65,13.2,34.71,Bellezza e Cura della Persona,Igiene Orale & Ricambi Spazzolini,Philips Sonicare,B001000083,1,59,81
Armaf Profumeria & Fragranze Virali Premium Edition Mod. 04 (0258),https://www.amazon.it/dp/B001000258?tag=offertissimes-21,41.24,50.16,13.2,37.92,Bellezza e Cura della Persona,Profumeria & Fragranze Virali,Armaf,B001000258,0,355,89
Maybelline Make-Up & Accessori Bellezza Virali Premium Edition Mod. 36 (0353),https://www.amazon.it/dp/B001000353?tag=offertissimes-21,16.33,20.21,13.2,14.13,Bellezza e Cura della Persona,Make-Up & Accessori Bellezza Virali,Maybelline,B001000353,0,300,89
Enervit Elettroliti & Idratazione Senza Zucchero Premium Edition Mod. 40 (0591),https://www.amazon.it/dp/B001000591?tag=offertissimes-21,31.93,38.11,13.2,29.03,"Salute, Igiene e Integratori",Elettroliti & Idratazione Senza Zucchero,Enervit,B001000591,1,38,94
BlenderBottle Shaker Magnetici & Accessori Virali Gym Premium Edition Mod. 05 (0669),https://www.amazon.it/dp/B001000669?tag=offertissimes-21,16.74,24.97,13.2,15.7,"Salute, Igiene e Integratori",Shaker Magnetici & Accessori Virali Gym,BlenderBottle,B001000669,0,267,84
Kimbo Caffè in Grani Specialty 1kg Premium Edition Mod. 16 (0788),https://www.amazon.it/dp/B001000788?tag=offertissimes-21,20.33,30.95,13.2,17.65,"Alimentari, Caffè e Bevande",Caffè in Grani Specialty 1kg,Kimbo,B001000788,1,28,81
Illy Caffè in Grani Specialty 1kg Premium Edition Mod. 36 (0808),https://www.amazon.it/dp/B001000808?tag=offertissimes-21,29.91,41.64,13.2,28.79,"Alimentari, Caffè e Bevande",Caffè in Grani Specialty 1kg,Illy,B001000808,1,28,87
Scrub Mommy Pulitori Miracolosi Virali & Spugne Premium Edition Mod. 53 (1213),https://www.amazon.it/dp/B001001213?tag=offertissimes-21,33.45,53.06,13.2,28.53,Cura della Casa e Pulizia,Pulitori Miracolosi Virali & Spugne,Scrub Mommy,B001001213,0,389,99
Pampers Progressi Pannolini Box Scorta Mensile (120-180pz) Premium Edition Mod. 35 (1315),https://www.amazon.it/dp/B001001315?tag=offertissimes-21,38.85,57.84,13.2,33.36,Prima Infanzia e Maternità,Pannolini Box Scorta Mensile (120-180pz),Pampers Progressi,B001001315,1,30,94
Pampers Harmonie Salviette Umidificate All'Acqua 99% Premium Edition Mod. 17 (1333),https://www.amazon.it/dp/B001001333?tag=offertissimes-21,38.2,59.97,13.2,37.14,Prima Infanzia e Maternità,Salviette Umidificate All'Acqua 99%,Pampers Harmonie,B001001333,1,15,89
Chicco Next2Stars Gadget Virali Sonno Neonato (White Noise) Premium Edition Mod. 25 (1449),https://www.amazon.it/dp/B001001449?tag=offertissimes-21,15.52,22.8,13.2,13.82,Prima Infanzia e Maternità,Gadget Virali Sonno Neonato (White Noise),Chicco Next2Stars,B001001449,0,373,91
Cat's Best Lettiere Gatto Agglomeranti & Silicio 10-20L Premium Edition Mod. 19 (1479),https://www.amazon.it/dp/B001001479?tag=offertissimes-21,22.67,26.95,13.2,22.1,Animali Domestici (Pet Care),Lettiere Gatto Agglomeranti & Silicio 10-20L,Cat's Best,B001001479,1,37,81
Amazon Basics Sacchetti Igienici Cane Biodegradabili (300-600pz) Premium Edition Mod. 17 (1524),https://www.amazon.it/dp/B001001524?tag=offertissimes-21,41.62,49.63,13.2,37.39,Animali Domestici (Pet Care),Sacchetti Igienici Cane Biodegradabili (300-600pz),Amazon Basics,B001001524,1,23,82
Outward Hound Tappetini Olfattivi & Ciotole Lente Virali Premium Edition Mod. 40 (1734),https://www.amazon.it/dp/B001001734?tag=offertissimes-21,10.59,14.24,13.2,9.47,Animali Domestici (Pet Care),Tappetini Olfattivi & Ciotole Lente Virali,Outward Hound,B001001734,0,183,96
Spigen Pellicole Salvaschermo Vetro con Dima Installazione Premium Edition Mod. 44 (1838),https://www.amazon.it/dp/B001001838?tag=offertissimes-21,57.1,76.14,13.2,50.78,"Elettronica, Accessori e Gadget Smart",Pellicole Salvaschermo Vetro con Dima Installazione,Spigen,B001001838,1,208,83
Hagibis Kit Pulizia Multifunzione 7-in-1 Tech Premium Edition Mod. 42 (1996),https://www.amazon.it/dp/B001001996?tag=offertissimes-21,83.36,96.42,13.2,77.23,"Elettronica, Accessori e Gadget Smart",Kit Pulizia Multifunzione 7-in-1 Tech,Hagibis,B001001996,0,513,98
Meross Prese Smart Wi-Fi Monitoraggio Consumi Premium Edition Mod. 49 (2056),https://www.amazon.it/dp/B001002056?tag=offertissimes-21,26.05,31.59,13.2,24.64,"Elettronica, Accessori e Gadget Smart",Prese Smart Wi-Fi Monitoraggio Consumi,Meross,B001002056,0,390,85
SiliconeMaster Carta Forno Riutilizzabile & Accessori Friggitrice Aria Premium Edition Mod. 47 (2159),https://www.amazon.it/dp/B001002159?tag=offertissimes-21,72.93,83.48,13.2,66.3,"Casa, Cucina ed Elettrodomestici",Carta Forno Riutilizzabile & Accessori Friggitrice Aria,SiliconeMaster,B001002159,1,187,91
EBL Pile Ricaricabili AA / AAA NiMH & Caricatori Smart Premium Edition Mod. 09 (2379),https://www.amazon.it/dp/B001002379?tag=offertissimes-21,44.33,68.71,13.2,37.94,"Fai da Te, Bricolage e Giardinaggio",Pile Ricaricabili AA / AAA NiMH & Caricatori Smart,EBL,B001002379,1,109,87
Philips Hue Lampadine LED Smart Dimmerabili Attacco E27/GU10 Premium Edition Mod. 24 (2430),https://www.amazon.it/dp/B001002430?tag=offertissimes-21,47.02,69.96,13.2,41.06,"Fai da Te, Bricolage e Giardinaggio",Lampadine LED Smart Dimmerabili Attacco E27/GU10,Philips Hue,B001002430,1,115,90
Michelin Spazzole Tergicristallo Aerodinamiche Premium Edition Mod. 08 (2588),https://www.amazon.it/dp/B001002588?tag=offertissimes-21,30.42,48.45,13.2,29.76,Auto e Moto (Accessori & Manutenzione),Spazzole Tergicristallo Aerodinamiche,Michelin,B001002588,1,79,78
Chemical Guys Kit Pulizia & Manutenzione Pelle/Plastiche Auto Premium Edition Mod. 09 (2619),https://www.amazon.it/dp/B001002619?tag=offertissimes-21,31.93,50.58,13.2,29.5,Auto e Moto (Accessori & Manutenzione),Kit Pulizia & Manutenzione Pelle/Plastiche Auto,Chemical Guys,B001002619,1,120,87
Chemical Guys Kit Pulizia & Manutenzione Pelle/Plastiche Auto Premium Edition Mod. 25 (2635),https://www.amazon.it/dp/B001002635?tag=offertissimes-21,47.9,72.34,13.2,43.04,Auto e Moto (Accessori & Manutenzione),Kit Pulizia & Manutenzione Pelle/Plastiche Auto,Chemical Guys,B001002635,1,115,89
Woowind Compressori Portatili Ricaricabili Wireless Premium Edition Mod. 12 (2652),https://www.amazon.it/dp/B001002652?tag=offertissimes-21,58.14,70.93,13.2,53.4,Auto e Moto (Accessori & Manutenzione),Compressori Portatili Ricaricabili Wireless,Woowind,B001002652,0,419,95
Fitbeast Fasce Elastiche di Resistenza & Loop Bands Tessuto Premium Edition Mod. 08 (2708),https://www.amazon.it/dp/B001002708?tag=offertissimes-21,33.93,40.59,13.2,30.79,"Sport, Fitness e Attrezzatura",Fasce Elastiche di Resistenza & Loop Bands Tessuto,Fitbeast,B001002708,1,171,95
Fabriano Risme Carta da Stampa A4 80g Scorte 2500ff Premium Edition Mod. 31 (2953),https://www.amazon.it/dp/B001002953?tag=offertissimes-21,30.35,38.9,13.2,29.01,"Cancelleria, Ufficio e Spedizioni",Risme Carta da Stampa A4 80g Scorte 2500ff,Fabriano,B001002953,1,44,81
JHK T-Shirt Girocollo Cotone Pesante Pack da 5 Premium Edition Mod. 02 (3118),https://www.amazon.it/dp/B001003118?tag=offertissimes-21,35.06,46.75,13.2,33.25,Abbigliamento Base e Calzetteria,T-Shirt Girocollo Cotone Pesante Pack da 5,JHK,B001003118,1,102,79
Ultra Pro Bustine Protettive Carte Collezionabili (100-500pz) Premium Edition Mod. 20 (3200),https://www.amazon.it/dp/B001003200?tag=offertissimes-21,27.99,39.4,13.2,26.97,"Giochi, Hobbies e Tempo Libero",Bustine Protettive Carte Collezionabili (100-500pz),Ultra Pro,B001003200,1,238,93
LEGO Speed Champions Set Costruzioni Modulari per Adulti Premium Edition Mod. 13 (3249),https://www.amazon.it/dp/B001003249?tag=offertissimes-21,46.11,65.14,13.2,40.91,"Giochi, Hobbies e Tempo Libero",Set Costruzioni Modulari per Adulti,LEGO Speed Champions,B001003249,0,441,100
Speks Fidget Toys & Antistress Magnetici Virali Premium Edition Mod. 07 (3270),https://www.amazon.it/dp/B001003270?tag=offertissimes-21,13.66,15.66,13.2,12.01,"Giochi, Hobbies e Tempo Libero",Fidget Toys & Antistress Magnetici Virali,Speks,B001003270,0,428,100
Filofax Agende Settimanali 12/18 Mesi & Ricariche Premium Edition Mod. 16 (3306),https://www.amazon.it/dp/B001003306?tag=offertissimes-21,13.58,20.2,13.2,12.73,"Libri, Agende e Self-Help",Agende Settimanali 12/18 Mesi & Ricariche,Filofax,B001003306,1,133,85
"Gribaudo Bestseller Crescita Personale & Finanza (Atomic Habits, etc.) Premium Edition Mod. 11 (3324)",https://www.amazon.it/dp/B001003324?tag=offertissimes-21,14.9,21.55,13.2,13.72,"Libri, Agende e Self-Help","Bestseller Crescita Personale & Finanza (Atomic Habits, etc.)",Gribaudo,B001003324,0,481,95
Leuchtturm1917 Quaderni Puntinati Bullet Journal Dotted 120g Premium Edition Mod. 19 (3377),https://www.amazon.it/dp/B001003377?tag=offertissimes-21,12.32,18.46,13.2,10.75,"Libri, Agende e Self-Help",Quaderni Puntinati Bullet Journal Dotted 120g,Leuchtturm1917,B001003377,1,189,84
Curaprox Igiene Orale & Ricambi Spazzolini Premium Edition Mod. 09 (0073),https://www.amazon.it/dp/B001000073?tag=offertissimes-21,28.49,32.45,13.1,27.42,Bellezza e Cura della Persona,Igiene Orale & Ricambi Spazzolini,Curaprox,B001000073,1,43,89
L'Oréal Professionnel Cura dei Capelli & Shampoo Trattanti Premium Edition Mod. 22 (0150),https://www.amazon.it/dp/B001000150?tag=offertissimes-21,30.71,47.99,13.1,29.65,Bellezza e Cura della Persona,Cura dei Capelli & Shampoo Trattanti,L'Oréal Professionnel,B001000150,1,50,90
Maison Alhambra Profumeria & Fragranze Virali Premium Edition Mod. 28 (0282),https://www.amazon.it/dp/B001000282?tag=offertissimes-21,40.31,60.87,13.1,37.35,Bellezza e Cura della Persona,Profumeria & Fragranze Virali,Maison Alhambra,B001000282,0,203,100
NYX Make-Up & Accessori Bellezza Virali Premium Edition Mod. 08 (0325),https://www.amazon.it/dp/B001000325?tag=offertissimes-21,9.46,11.27,13.1,9.27,Bellezza e Cura della Persona,Make-Up & Accessori Bellezza Virali,NYX,B001000325,0,525,94
Real Techniques Make-Up & Accessori Bellezza Virali Premium Edition Mod. 11 (0328),https://www.amazon.it/dp/B001000328?tag=offertissimes-21,30.34,37.15,13.1,27.13,Bellezza e Cura della Persona,Make-Up & Accessori Bellezza Virali,Real Techniques,B001000328,0,468,96
Bandini Creatina Monoidrato & Pre-Workout Premium Edition Mod. 42 (0479),https://www.amazon.it/dp/B001000479?tag=offertissimes-21,19.36,22.93,13.1,17.16,"Salute, Igiene e Integratori",Creatina Monoidrato & Pre-Workout,Bandini,B001000479,1,23,89
Voltrx Shaker Magnetici & Accessori Virali Gym Premium Edition Mod. 42 (0706),https://www.amazon.it/dp/B001000706?tag=offertissimes-21,38.4,58.54,13.1,37.52,"Salute, Igiene e Integratori",Shaker Magnetici & Accessori Virali Gym,Voltrx,B001000706,0,219,83
Jordan's Skinny Sciroppi Zero Calorie & Aromi Barista Premium Edition Mod. 01 (0929),https://www.amazon.it/dp/B001000929?tag=offertissimes-21,42.85,52.29,13.1,41.55,"Alimentari, Caffè e Bevande",Sciroppi Zero Calorie & Aromi Barista,Jordan's Skinny,B001000929,0,286,88
Laica Filtri Ricambio Caraffe & Depuratori Acqua Premium Edition Mod. 12 (1112),https://www.amazon.it/dp/B001001112?tag=offertissimes-21,25.01,37.98,13.1,21.77,Cura della Casa e Pulizia,Filtri Ricambio Caraffe & Depuratori Acqua,Laica,B001001112,1,34,84
Scrub Mommy Pulitori Miracolosi Virali & Spugne Premium Edition Mod. 25 (1185),https://www.amazon.it/dp/B001001185?tag=offertissimes-21,35.14,52.9,13.1,32.75,Cura della Casa e Pulizia,Pulitori Miracolosi Virali & Spugne,Scrub Mommy,B001001185,0,246,92
Purina Dentalife Snack Igiene Dentale Cani Scorte Mensili Premium Edition Mod. 02 (1556),https://www.amazon.it/dp/B001001556?tag=offertissimes-21,32.35,40.67,13.1,31.52,Animali Domestici (Pet Care),Snack Igiene Dentale Cani Scorte Mensili,Purina Dentalife,B001001556,1,33,88
Petkit Filtri Ricambio Fontanelle Acqua Gatti Premium Edition Mod. 36 (1637),https://www.amazon.it/dp/B001001637?tag=offertissimes-21,11.7,16.93,13.1,10.3,Animali Domestici (Pet Care),Filtri Ricambio Fontanelle Acqua Gatti,Petkit,B001001637,1,35,86
PetiFine Filtri Ricambio Fontanelle Acqua Gatti Premium Edition Mod. 40 (1641),https://www.amazon.it/dp/B001001641?tag=offertissimes-21,42.82,58.65,13.1,37.01,Animali Domestici (Pet Care),Filtri Ricambio Fontanelle Acqua Gatti,PetiFine,B001001641,1,21,89
HoneyGuaridan Filtri Ricambio Fontanelle Acqua Gatti Premium Edition Mod. 43 (1644),https://www.amazon.it/dp/B001001644?tag=offertissimes-21,37.27,54.96,13.1,34.66,Animali Domestici (Pet Care),Filtri Ricambio Fontanelle Acqua Gatti,HoneyGuaridan,B001001644,1,38,87
Ace2Ace Spazzole Rullo Toglipelo Elettrostatiche Premium Edition Mod. 03 (1651),https://www.amazon.it/dp/B001001651?tag=offertissimes-21,45.62,52.14,13.1,40.45,Animali Domestici (Pet Care),Spazzole Rullo Toglipelo Elettrostatiche,Ace2Ace,B001001651,0,347,93
Lickimat Tappetini Olfattivi & Ciotole Lente Virali Premium Edition Mod. 16 (1710),https://www.amazon.it/dp/B001001710?tag=offertissimes-21,59.9,76.53,13.1,54.56,Animali Domestici (Pet Care),Tappetini Olfattivi & Ciotole Lente Virali,Lickimat,B001001710,0,460,87
Lickimat Tappetini Olfattivi & Ciotole Lente Virali Premium Edition Mod. 41 (1735),https://www.amazon.it/dp/B001001735?tag=offertissimes-21,47.35,72.18,13.1,41.85,Animali Domestici (Pet Care),Tappetini Olfattivi & Ciotole Lente Virali,Lickimat,B001001735,0,310,89
Baseus Cavi USB-C Fast Charge 100W/240W Multipack Premium Edition Mod. 53 (1793),https://www.amazon.it/dp/B001001793?tag=offertissimes-21,73.8,88.01,13.1,71.16,"Elettronica, Accessori e Gadget Smart",Cavi USB-C Fast Charge 100W/240W Multipack,Baseus,B001001793,1,202,92
ESR Pellicole Salvaschermo Vetro con Dima Installazione Premium Edition Mod. 04 (1798),https://www.amazon.it/dp/B001001798?tag=offertissimes-21,23.93,27.67,13.1,22.49,"Elettronica, Accessori e Gadget Smart",Pellicole Salvaschermo Vetro con Dima Installazione,ESR,B001001798,1,332,89
ESR Pellicole Salvaschermo Vetro con Dima Installazione Premium Edition Mod. 53 (1847),https://www.amazon.it/dp/B001001847?tag=offertissimes-21,92.79,113.66,13.1,88.89,"Elettronica, Accessori e Gadget Smart",Pellicole Salvaschermo Vetro con Dima Installazione,ESR,B001001847,1,249,88
Baseus Caricatori GaN Multi-Porta Compatti Premium Edition Mod. 12 (1860),https://www.amazon.it/dp/B001001860?tag=offertissimes-21,94.4,111.44,13.1,90.27,"Elettronica, Accessori e Gadget Smart",Caricatori GaN Multi-Porta Compatti,Baseus,B001001860,0,437,100
Lamicall Supporti Auto Magnetici MagSafe Wireless Premium Edition Mod. 30 (1931),https://www.amazon.it/dp/B001001931?tag=offertissimes-21,39.55,48.04,13.1,35.99,"Elettronica, Accessori e Gadget Smart",Supporti Auto Magnetici MagSafe Wireless,Lamicall,B001001931,0,383,93
Klearlook Kit Pulizia Multifunzione 7-in-1 Tech Premium Edition Mod. 08 (1962),https://www.amazon.it/dp/B001001962?tag=offertissimes-21,40.74,47.62,13.1,36.69,"Elettronica, Accessori e Gadget Smart",Kit Pulizia Multifunzione 7-in-1 Tech,Klearlook,B001001962,0,308,84
Cecotec Friggitrici ad Aria a Doppia Resistenza Premium Edition Mod. 21 (2185),https://www.amazon.it/dp/B001002185?tag=offertissimes-21,25.83,30.61,13.1,25.27,"Casa, Cucina ed Elettrodomestici",Friggitrici ad Aria a Doppia Resistenza,Cecotec,B001002185,0,365,100
Xiaomi Wowstick Mini Cacciaviti Elettrici di Precisione Virali Premium Edition Mod. 32 (2510),https://www.amazon.it/dp/B001002510?tag=offertissimes-21,54.93,85.02,13.1,47.54,"Fai da Te, Bricolage e Giardinaggio",Mini Cacciaviti Elettrici di Precisione Virali,Xiaomi Wowstick,B001002510,0,475,86
Gritin Tappetini Yoga Antiscivolo Alta Densità TPE Premium Edition Mod. 06 (2820),https://www.amazon.it/dp/B001002820?tag=offertissimes-21,36.87,52.59,13.1,35.43,"Sport, Fitness e Attrezzatura",Tappetini Yoga Antiscivolo Alta Densità TPE,Gritin,B001002820,0,356,75
Liforme Tappetini Yoga Antiscivolo Alta Densità TPE Premium Edition Mod. 24 (2838),https://www.amazon.it/dp/B001002838?tag=offertissimes-21,85.64,105.89,13.1,82.78,"Sport, Fitness e Attrezzatura",Tappetini Yoga Antiscivolo Alta Densità TPE,Liforme,B001002838,0,270,98
PUMA Boxer Cotone Elasticizzato Multipack (6-10pz) Premium Edition Mod. 29 (3079),https://www.amazon.it/dp/B001003079?tag=offertissimes-21,35.73,43.54,13.1,32.73,Abbigliamento Base e Calzetteria,Boxer Cotone Elasticizzato Multipack (6-10pz),PUMA,B001003079,1,76,89
PUMA Calzini Sportivi Tecnici Traspiranti Multipack Premium Edition Mod. 21 (3104),https://www.amazon.it/dp/B001003104?tag=offertissimes-21,36.41,51.29,13.1,32.39,Abbigliamento Base e Calzetteria,Calzini Sportivi Tecnici Traspiranti Multipack,PUMA,B001003104,1,77,83
Fjällräven Borse a Tracolla & Marsupi Virali Monospalla Premium Edition Mod. 08 (3156),https://www.amazon.it/dp/B001003156?tag=offertissimes-21,42.58,54.64,13.1,36.27,Abbigliamento Base e Calzetteria,Borse a Tracolla & Marsupi Virali Monospalla,Fjällräven,B001003156,0,458,97
Uniqlo style Borse a Tracolla & Marsupi Virali Monospalla Premium Edition Mod. 23 (3171),https://www.amazon.it/dp/B001003171?tag=offertissimes-21,37.0,43.05,13.1,32.92,Abbigliamento Base e Calzetteria,Borse a Tracolla & Marsupi Virali Monospalla,Uniqlo style,B001003171,0,466,96
Ultra Pro Bustine Protettive Carte Collezionabili (100-500pz) Premium Edition Mod. 08 (3188),https://www.amazon.it/dp/B001003188?tag=offertissimes-21,38.38,50.6,13.1,32.76,"Giochi, Hobbies e Tempo Libero",Bustine Protettive Carte Collezionabili (100-500pz),Ultra Pro,B001003188,1,194,80
CeraVe Sieri Viso & Trattamenti Anti-Age Premium Edition Mod. 37 (0037),https://www.amazon.it/dp/B001000037?tag=offertissimes-21,20.5,25.13,13.0,19.12,Bellezza e Cura della Persona,Sieri Viso & Trattamenti Anti-Age,CeraVe,B001000037,1,35,93
"Derby Rasatura, Lame & Depilazione Premium Edition Mod. 18 (0209)",https://www.amazon.it/dp/B001000209?tag=offertissimes-21,32.73,41.69,13.0,30.73,Bellezza e Cura della Persona,"Rasatura, Lame & Depilazione",Derby,B001000209,1,45,83
Maison Alhambra Profumeria & Fragranze Virali Premium Edition Mod. 21 (0275),https://www.amazon.it/dp/B001000275?tag=offertissimes-21,19.57,28.08,13.0,18.36,Bellezza e Cura della Persona,Profumeria & Fragranze Virali,Maison Alhambra,B001000275,0,405,98
Real Techniques Make-Up & Accessori Bellezza Virali Premium Edition Mod. 47 (0364),https://www.amazon.it/dp/B001000364?tag=offertissimes-21,32.15,43.83,13.0,28.22,Bellezza e Cura della Persona,Make-Up & Accessori Bellezza Virali,Real Techniques,B001000364,0,345,87
WeightWorld Creatina Monoidrato & Pre-Workout Premium Edition Mod. 54 (0491),https://www.amazon.it/dp/B001000491?tag=offertissimes-21,28.15,37.33,13.0,24.95,"Salute, Igiene e Integratori",Creatina Monoidrato & Pre-Workout,WeightWorld,B001000491,1,31,87
SiS Science in Sport Elettroliti & Idratazione Senza Zucchero Premium Edition Mod. 55 (0606),https://www.amazon.it/dp/B001000606?tag=offertissimes-21,21.12,27.45,13.0,20.02,"Salute, Igiene e Integratori",Elettroliti & Idratazione Senza Zucchero,SiS Science in Sport,B001000606,1,30,82
Voltrx Shaker Magnetici & Accessori Virali Gym Premium Edition Mod. 36 (0700),https://www.amazon.it/dp/B001000700?tag=offertissimes-21,31.36,35.86,13.0,30.03,"Salute, Igiene e Integratori",Shaker Magnetici & Accessori Virali Gym,Voltrx,B001000700,0,231,81
Illy Caffè in Grani Specialty 1kg Premium Edition Mod. 03 (0775),https://www.amazon.it/dp/B001000775?tag=offertissimes-21,15.67,23.87,13.0,14.67,"Alimentari, Caffè e Bevande",Caffè in Grani Specialty 1kg,Illy,B001000775,1,19,83
Daily Life Alimenti Proteici & Creme Spalmabili Zero Premium Edition Mod. 37 (0913),https://www.amazon.it/dp/B001000913?tag=offertissimes-21,24.76,32.96,13.0,21.62,"Alimentari, Caffè e Bevande",Alimenti Proteici & Creme Spalmabili Zero,Daily Life,B001000913,1,33,100
Jordan's Skinny Sciroppi Zero Calorie & Aromi Barista Premium Edition Mod. 43 (0971),https://www.amazon.it/dp/B001000971?tag=offertissimes-21,33.33,44.56,13.0,30.09,"Alimentari, Caffè e Bevande",Sciroppi Zero Calorie & Aromi Barista,Jordan's Skinny,B001000971,0,525,87
Finish Quantum Capsule Lavastoviglie Maxi Box (100-160pz) Premium Edition Mod. 14 (0994),https://www.amazon.it/dp/B001000994?tag=offertissimes-21,24.75,33.73,13.0,23.66,Cura della Casa e Pulizia,Capsule Lavastoviglie Maxi Box (100-160pz),Finish Quantum,B001000994,1,30,88
Dixan Detersivi Lavatrice Concentrati & Pods Premium Edition Mod. 51 (1091),https://www.amazon.it/dp/B001001091?tag=offertissimes-21,23.37,26.62,13.0,22.46,Cura della Casa e Pulizia,Detersivi Lavatrice Concentrati & Pods,Dixan,B001001091,1,41,90
Laica Filtri Ricambio Caraffe & Depuratori Acqua Premium Edition Mod. 53 (1153),https://www.amazon.it/dp/B001001153?tag=offertissimes-21,40.87,55.2,13.0,38.08,Cura della Casa e Pulizia,Filtri Ricambio Caraffe & Depuratori Acqua,Laica,B001001153,1,69,94
Swiffer Panni Microfibra Alta Densità & Swiffer Ricambi Premium Edition Mod. 32 (1252),https://www.amazon.it/dp/B001001252?tag=offertissimes-21,20.55,23.62,13.0,17.59,Cura della Casa e Pulizia,Panni Microfibra Alta Densità & Swiffer Ricambi,Swiffer,B001001252,1,65,80
Sinland Panni Microfibra Alta Densità & Swiffer Ricambi Premium Edition Mod. 59 (1279),https://www.amazon.it/dp/B001001279?tag=offertissimes-21,35.61,43.67,13.0,34.12,Cura della Casa e Pulizia,Panni Microfibra Alta Densità & Swiffer Ricambi,Sinland,B001001279,1,48,87
Bepanthenol Paste Cambio Protettive Ossido Zinco Premium Edition Mod. 15 (1403),https://www.amazon.it/dp/B001001403?tag=offertissimes-21,54.77,76.48,13.0,53.13,Prima Infanzia e Maternità,Paste Cambio Protettive Ossido Zinco,Bepanthenol,B001001403,1,17,86
Momcozy Gadget Virali Sonno Neonato (White Noise) Premium Edition Mod. 30 (1454),https://www.amazon.it/dp/B001001454?tag=offertissimes-21,27.88,32.71,13.0,26.07,Prima Infanzia e Maternità,Gadget Virali Sonno Neonato (White Noise),Momcozy,B001001454,0,279,95
PetiFine Filtri Ricambio Fontanelle Acqua Gatti Premium Edition Mod. 47 (1648),https://www.amazon.it/dp/B001001648?tag=offertissimes-21,15.97,23.85,13.0,14.78,Animali Domestici (Pet Care),Filtri Ricambio Fontanelle Acqua Gatti,PetiFine,B001001648,1,35,85
Ugreen Caricatori GaN Multi-Porta Compatti Premium Edition Mod. 41 (1889),https://www.amazon.it/dp/B001001889?tag=offertissimes-21,68.76,83.49,13.0,63.79,"Elettronica, Accessori e Gadget Smart",Caricatori GaN Multi-Porta Compatti,Ugreen,B001001889,0,300,92
Meross Prese Smart Wi-Fi Monitoraggio Consumi Premium Edition Mod. 25 (2032),https://www.amazon.it/dp/B001002032?tag=offertissimes-21,76.41,110.17,13.0,73.9,"Elettronica, Accessori e Gadget Smart",Prese Smart Wi-Fi Monitoraggio Consumi,Meross,B001002032,0,449,87
Woox Prese Smart Wi-Fi Monitoraggio Consumi Premium Edition Mod. 41 (2048),https://www.amazon.it/dp/B001002048?tag=offertissimes-21,66.46,79.71,13.0,63.05,"Elettronica, Accessori e Gadget Smart",Prese Smart Wi-Fi Monitoraggio Consumi,Woox,B001002048,0,321,88
HOTO Mini Cacciaviti Elettrici di Precisione Virali Premium Edition Mod. 05 (2483),https://www.amazon.it/dp/B001002483?tag=offertissimes-21,61.71,74.19,13.0,53.95,"Fai da Te, Bricolage e Giardinaggio",Mini Cacciaviti Elettrici di Precisione Virali,HOTO,B001002483,0,184,89
Yankee Candle Car Profumatori Auto Lunga Durata & Ricariche Premium Edition Mod. 02 (2552),https://www.amazon.it/dp/B001002552?tag=offertissimes-21,13.92,17.96,13.0,13.42,Auto e Moto (Accessori & Manutenzione),Profumatori Auto Lunga Durata & Ricariche,Yankee Candle Car,B001002552,1,67,85
Gritin Corda per Saltare Professionale con Cuscinetti Rapidi Premium Edition Mod. 29 (2767),https://www.amazon.it/dp/B001002767?tag=offertissimes-21,71.18,114.73,13.0,64.51,"Sport, Fitness e Attrezzatura",Corda per Saltare Professionale con Cuscinetti Rapidi,Gritin,B001002767,0,340,91
Tatay Borse Termiche Pranzo Fit & Portavivande Ermetici Premium Edition Mod. 35 (2887),https://www.amazon.it/dp/B001002887?tag=offertissimes-21,25.61,30.91,13.0,22.66,"Sport, Fitness e Attrezzatura",Borse Termiche Pranzo Fit & Portavivande Ermetici,Tatay,B001002887,0,499,91
Pilot Frixion Evidenziatori Pastello & Penne Gel Cancellabili Premium Edition Mod. 12 (2998),https://www.amazon.it/dp/B001002998?tag=offertissimes-21,28.73,37.52,13.0,26.29,"Cancelleria, Ufficio e Spedizioni",Evidenziatori Pastello & Penne Gel Cancellabili,Pilot Frixion,B001002998,1,71,84
Kensington Supporti Monitor Ergonomici con Cassetti Premium Edition Mod. 26 (3044),https://www.amazon.it/dp/B001003044?tag=offertissimes-21,10.54,14.06,13.0,9.23,"Cancelleria, Ufficio e Spedizioni",Supporti Monitor Ergonomici con Cassetti,Kensington,B001003044,0,515,81
Titan Shield Bustine Protettive Carte Collezionabili (100-500pz) Premium Edition Mod. 06 (3186),https://www.amazon.it/dp/B001003186?tag=offertissimes-21,55.9,64.48,13.0,54.2,"Giochi, Hobbies e Tempo Libero",Bustine Protettive Carte Collezionabili (100-500pz),Titan Shield,B001003186,1,300,99
Sperling & Kupfer Romanzi Virali BookTok & Romance Trend Premium Edition Mod. 02 (3338),https://www.amazon.it/dp/B001003338?tag=offertissimes-21,20.79,33.53,13.0,18.96,"Libri, Agende e Self-Help",Romanzi Virali BookTok & Romance Trend,Sperling & Kupfer,B001003338,0,493,100
Leuchtturm1917 Quaderni Puntinati Bullet Journal Dotted 120g Premium Edition Mod. 04 (3362),https://www.amazon.it/dp/B001003362?tag=offertissimes-21,22.11,30.89,13.0,20.49,"Libri, Agende e Self-Help",Quaderni Puntinati Bullet Journal Dotted 120g,Leuchtturm1917,B001003362,1,311,80
The Ordinary Sieri Viso & Trattamenti Anti-Age Premium Edition Mod. 42 (0042),https://www.amazon.it/dp/B001000042?tag=offertissimes-21,19.61,28.75,12.9,17.64,Bellezza e Cura della Persona,Sieri Viso & Trattamenti Anti-Age,The Ordinary,B001000042,1,54,88
Oral-B Igiene Orale & Ricambi Spazzolini Premium Edition Mod. 56 (0120),https://www.amazon.it/dp/B001000120?tag=offertissimes-21,36.54,47.19,12.9,33.5,Bellezza e Cura della Persona,Igiene Orale & Ricambi Spazzolini,Oral-B,B001000120,1,29,87
Olaplex Cura dei Capelli & Shampoo Trattanti Premium Edition Mod. 07 (0135),https://www.amazon.it/dp/B001000135?tag=offertissimes-21,42.62,53.82,12.9,41.43,Bellezza e Cura della Persona,Cura dei Capelli & Shampoo Trattanti,Olaplex,B001000135,1,33,91
"Derby Rasatura, Lame & Depilazione Premium Edition Mod. 08 (0199)",https://www.amazon.it/dp/B001000199?tag=offertissimes-21,36.59,53.8,12.9,33.02,Bellezza e Cura della Persona,"Rasatura, Lame & Depilazione",Derby,B001000199,1,51,76
"Gillette Rasatura, Lame & Depilazione Premium Edition Mod. 12 (0203)",https://www.amazon.it/dp/B001000203?tag=offertissimes-21,10.06,14.02,12.9,9.5,Bellezza e Cura della Persona,"Rasatura, Lame & Depilazione",Gillette,B001000203,1,48,75
NYX Make-Up & Accessori Bellezza Virali Premium Edition Mod. 27 (0344),https://www.amazon.it/dp/B001000344?tag=offertissimes-21,29.15,40.13,12.9,26.51,Bellezza e Cura della Persona,Make-Up & Accessori Bellezza Virali,NYX,B001000344,0,537,90
Real Techniques Make-Up & Accessori Bellezza Virali Premium Edition Mod. 56 (0373),https://www.amazon.it/dp/B001000373?tag=offertissimes-21,45.59,55.06,12.9,40.97,Bellezza e Cura della Persona,Make-Up & Accessori Bellezza Virali,Real Techniques,B001000373,0,499,92
Optimum Nutrition Proteine & Aminoacidi Sportivi Premium Edition Mod. 26 (0406),https://www.amazon.it/dp/B001000406?tag=offertissimes-21,39.31,57.29,12.9,33.53,"Salute, Igiene e Integratori",Proteine & Aminoacidi Sportivi,Optimum Nutrition,B001000406,1,36,89
Enervit Elettroliti & Idratazione Senza Zucchero Premium Edition Mod. 26 (0577),https://www.amazon.it/dp/B001000577?tag=offertissimes-21,22.51,25.65,12.9,21.31,"Salute, Igiene e Integratori",Elettroliti & Idratazione Senza Zucchero,Enervit,B001000577,1,20,91
Voltrx Shaker Magnetici & Accessori Virali Gym Premium Edition Mod. 28 (0692),https://www.amazon.it/dp/B001000692?tag=offertissimes-21,39.55,63.04,12.9,34.47,"Salute, Igiene e Integratori",Shaker Magnetici & Accessori Virali Gym,Voltrx,B001000692,0,452,85
Promixx Shaker Magnetici & Accessori Virali Gym Premium Edition Mod. 49 (0713),https://www.amazon.it/dp/B001000713?tag=offertissimes-21,15.36,23.6,12.9,13.12,"Salute, Igiene e Integratori",Shaker Magnetici & Accessori Virali Gym,Promixx,B001000713,0,510,85
Segafredo Caffè in Grani Specialty 1kg Premium Edition Mod. 52 (0824),https://www.amazon.it/dp/B001000824?tag=offertissimes-21,26.01,37.83,12.9,23.58,"Alimentari, Caffè e Bevande",Caffè in Grani Specialty 1kg,Segafredo,B001000824,1,31,87
BPR Nutrition Alimenti Proteici & Creme Spalmabili Zero Premium Edition Mod. 35 (0911),https://www.amazon.it/dp/B001000911?tag=offertissimes-21,27.84,38.3,12.9,25.96,"Alimentari, Caffè e Bevande",Alimenti Proteici & Creme Spalmabili Zero,BPR Nutrition,B001000911,1,21,91
Finish Quantum Capsule Lavastoviglie Maxi Box (100-160pz) Premium Edition Mod. 52 (1032),https://www.amazon.it/dp/B001001032?tag=offertissimes-21,34.24,46.55,12.9,31.75,Cura della Casa e Pulizia,Capsule Lavastoviglie Maxi Box (100-160pz),Finish Quantum,B001001032,1,58,93
Chanteclair Detersivi Lavatrice Concentrati & Pods Premium Edition Mod. 11 (1051),https://www.amazon.it/dp/B001001051?tag=offertissimes-21,24.54,31.19,12.9,22.35,Cura della Casa e Pulizia,Detersivi Lavatrice Concentrati & Pods,Chanteclair,B001001051,1,35,78
Dash Power Detersivi Lavatrice Concentrati & Pods Premium Edition Mod. 53 (1093),https://www.amazon.it/dp/B001001093?tag=offertissimes-21,21.38,28.8,12.9,19.53,Cura della Casa e Pulizia,Detersivi Lavatrice Concentrati & Pods,Dash Power,B001001093,1,34,87
Philips Water Filtri Ricambio Caraffe & Depuratori Acqua Premium Edition Mod. 17 (1117),https://www.amazon.it/dp/B001001117?tag=offertissimes-21,36.02,50.82,12.9,35.1,Cura della Casa e Pulizia,Filtri Ricambio Caraffe & Depuratori Acqua,Philips Water,B001001117,1,38,91
The Pink Stuff Pulitori Miracolosi Virali & Spugne Premium Edition Mod. 59 (1219),https://www.amazon.it/dp/B001001219?tag=offertissimes-21,34.83,46.56,12.9,33.96,Cura della Casa e Pulizia,Pulitori Miracolosi Virali & Spugne,The Pink Stuff,B001001219,0,511,100
Dreamegg Gadget Virali Sonno Neonato (White Noise) Premium Edition Mod. 28 (1452),https://www.amazon.it/dp/B001001452?tag=offertissimes-21,28.34,33.72,12.9,25.26,Prima Infanzia e Maternità,Gadget Virali Sonno Neonato (White Noise),Dreamegg,B001001452,0,390,95
Amazon Basics Sacchetti Igienici Cane Biodegradabili (300-600pz) Premium Edition Mod. 02 (1509),https://www.amazon.it/dp/B001001509?tag=offertissimes-21,48.61,65.51,12.9,42.62,Animali Domestici (Pet Care),Sacchetti Igienici Cane Biodegradabili (300-600pz),Amazon Basics,B001001509,1,22,93
PetiFine Filtri Ricambio Fontanelle Acqua Gatti Premium Edition Mod. 01 (1602),https://www.amazon.it/dp/B001001602?tag=offertissimes-21,19.05,25.97,12.9,18.03,Animali Domestici (Pet Care),Filtri Ricambio Fontanelle Acqua Gatti,PetiFine,B001001602,1,37,84
Lickimat Tappetini Olfattivi & Ciotole Lente Virali Premium Edition Mod. 39 (1733),https://www.amazon.it/dp/B001001733?tag=offertissimes-21,36.26,46.71,12.9,32.37,Animali Domestici (Pet Care),Tappetini Olfattivi & Ciotole Lente Virali,Lickimat,B001001733,0,322,88
Klearlook Kit Pulizia Multifunzione 7-in-1 Tech Premium Edition Mod. 35 (1989),https://www.amazon.it/dp/B001001989?tag=offertissimes-21,67.75,89.09,12.9,62.2,"Elettronica, Accessori e Gadget Smart",Kit Pulizia Multifunzione 7-in-1 Tech,Klearlook,B001001989,0,368,100
SiliconeMaster Carta Forno Riutilizzabile & Accessori Friggitrice Aria Premium Edition Mod. 26 (2138),https://www.amazon.it/dp/B001002138?tag=offertissimes-21,31.98,37.21,12.9,28.37,"Casa, Cucina ed Elettrodomestici",Carta Forno Riutilizzabile & Accessori Friggitrice Aria,SiliconeMaster,B001002138,1,79,92
KitchenBoss Sigillatori Sottovuoto & Rotoli Goffrati Premium Edition Mod. 16 (2232),https://www.amazon.it/dp/B001002232?tag=offertissimes-21,151.76,180.31,12.9,142.35,"Casa, Cucina ed Elettrodomestici",Sigillatori Sottovuoto & Rotoli Goffrati,KitchenBoss,B001002232,1,107,86
iDesign Organizer Frigo & Dispensa Trasparenti Acrilico Premium Edition Mod. 06 (2274),https://www.amazon.it/dp/B001002274?tag=offertissimes-21,31.53,48.52,12.9,29.47,"Casa, Cucina ed Elettrodomestici",Organizer Frigo & Dispensa Trasparenti Acrilico,iDesign,B001002274,0,525,90
Severin Montalatte Elettrici a Induzione Virali Premium Edition Mod. 09 (2328),https://www.amazon.it/dp/B001002328?tag=offertissimes-21,104.18,154.47,12.9,100.15,"Casa, Cucina ed Elettrodomestici",Montalatte Elettrici a Induzione Virali,Severin,B001002328,0,390,95
Nespresso Aeroccino Montalatte Elettrici a Induzione Virali Premium Edition Mod. 13 (2332),https://www.amazon.it/dp/B001002332?tag=offertissimes-21,68.38,96.61,12.9,60.65,"Casa, Cucina ed Elettrodomestici",Montalatte Elettrici a Induzione Virali,Nespresso Aeroccino,B001002332,0,336,92
Severin Montalatte Elettrici a Induzione Virali Premium Edition Mod. 26 (2345),https://www.amazon.it/dp/B001002345?tag=offertissimes-21,92.13,106.61,12.9,85.87,"Casa, Cucina ed Elettrodomestici",Montalatte Elettrici a Induzione Virali,Severin,B001002345,0,408,92
Philips Hue Lampadine LED Smart Dimmerabili Attacco E27/GU10 Premium Edition Mod. 10 (2416),https://www.amazon.it/dp/B001002416?tag=offertissimes-21,66.01,87.03,12.9,56.9,"Fai da Te, Bricolage e Giardinaggio",Lampadine LED Smart Dimmerabili Attacco E27/GU10,Philips Hue,B001002416,1,100,89
Pattex Nastri Adesivi Gorilla & Sigillanti Impermeabilizzanti Premium Edition Mod. 20 (2462),https://www.amazon.it/dp/B001002462?tag=offertissimes-21,52.69,71.04,12.9,49.58,"Fai da Te, Bricolage e Giardinaggio",Nastri Adesivi Gorilla & Sigillanti Impermeabilizzanti,Pattex,B001002462,1,55,83
HOTO Mini Cacciaviti Elettrici di Precisione Virali Premium Edition Mod. 04 (2482),https://www.amazon.it/dp/B001002482?tag=offertissimes-21,23.37,36.75,12.9,21.44,"Fai da Te, Bricolage e Giardinaggio",Mini Cacciaviti Elettrici di Precisione Virali,HOTO,B001002482,0,332,93
Rituals Car Profumatori Auto Lunga Durata & Ricariche Premium Edition Mod. 07 (2557),https://www.amazon.it/dp/B001002557?tag=offertissimes-21,10.99,15.68,12.9,10.5,Auto e Moto (Accessori & Manutenzione),Profumatori Auto Lunga Durata & Ricariche,Rituals Car,B001002557,1,44,89
Manduka Tappetini Yoga Antiscivolo Alta Densità TPE Premium Edition Mod. 33 (2847),https://www.amazon.it/dp/B001002847?tag=offertissimes-21,40.98,46.85,12.9,40.03,"Sport, Fitness e Attrezzatura",Tappetini Yoga Antiscivolo Alta Densità TPE,Manduka,B001002847,0,245,86
PUMA Boxer Cotone Elasticizzato Multipack (6-10pz) Premium Edition Mod. 03 (3053),https://www.amazon.it/dp/B001003053?tag=offertissimes-21,14.19,18.81,12.9,12.52,Abbigliamento Base e Calzetteria,Boxer Cotone Elasticizzato Multipack (6-10pz),PUMA,B001003053,1,71,90
Titan Shield Bustine Protettive Carte Collezionabili (100-500pz) Premium Edition Mod. 24 (3204),https://www.amazon.it/dp/B001003204?tag=offertissimes-21,20.11,28.58,12.9,19.63,"Giochi, Hobbies e Tempo Libero",Bustine Protettive Carte Collezionabili (100-500pz),Titan Shield,B001003204,1,249,89
Moleskine Agende Settimanali 12/18 Mesi & Ricariche Premium Edition Mod. 06 (3296),https://www.amazon.it/dp/B001003296?tag=offertissimes-21,24.51,32.77,12.9,22.81,"Libri, Agende e Self-Help",Agende Settimanali 12/18 Mesi & Ricariche,Moleskine,B001003296,1,225,89
La Roche-Posay Sieri Viso & Trattamenti Anti-Age Premium Edition Mod. 50 (0050),https://www.amazon.it/dp/B001000050?tag=offertissimes-21,27.15,36.59,12.8,24.58,Bellezza e Cura della Persona,Sieri Viso & Trattamenti Anti-Age,La Roche-Posay,B001000050,1,48,98
Marvis Igiene Orale & Ricambi Spazzolini Premium Edition Mod. 05 (0069),https://www.amazon.it/dp/B001000069?tag=offertissimes-21,28.86,45.05,12.8,28.27,Bellezza e Cura della Persona,Igiene Orale & Ricambi Spazzolini,Marvis,B001000069,1,59,83
L'Oréal Professionnel Cura dei Capelli & Shampoo Trattanti Premium Edition Mod. 15 (0143),https://www.amazon.it/dp/B001000143?tag=offertissimes-21,33.47,41.35,12.8,28.92,Bellezza e Cura della Persona,Cura dei Capelli & Shampoo Trattanti,L'Oréal Professionnel,B001000143,1,37,89
Olaplex Cura dei Capelli & Shampoo Trattanti Premium Edition Mod. 30 (0158),https://www.amazon.it/dp/B001000158?tag=offertissimes-21,30.16,43.26,12.8,25.83,Bellezza e Cura della Persona,Cura dei Capelli & Shampoo Trattanti,Olaplex,B001000158,1,53,89
Restivoil Cura dei Capelli & Shampoo Trattanti Premium Edition Mod. 46 (0174),https://www.amazon.it/dp/B001000174?tag=offertissimes-21,37.55,53.58,12.8,32.3,Bellezza e Cura della Persona,Cura dei Capelli & Shampoo Trattanti,Restivoil,B001000174,1,33,86
"Braun Rasatura, Lame & Depilazione Premium Edition Mod. 21 (0212)",https://www.amazon.it/dp/B001000212?tag=offertissimes-21,25.64,35.53,12.8,22.82,Bellezza e Cura della Persona,"Rasatura, Lame & Depilazione",Braun,B001000212,1,32,77
Lattafa Profumeria & Fragranze Virali Premium Edition Mod. 47 (0301),https://www.amazon.it/dp/B001000301?tag=offertissimes-21,34.8,40.57,12.8,30.53,Bellezza e Cura della Persona,Profumeria & Fragranze Virali,Lattafa,B001000301,0,182,92
Real Techniques Make-Up & Accessori Bellezza Virali Premium Edition Mod. 24 (0341),https://www.amazon.it/dp/B001000341?tag=offertissimes-21,14.7,17.95,12.8,12.98,Bellezza e Cura della Persona,Make-Up & Accessori Bellezza Virali,Real Techniques,B001000341,0,391,95
Essence Make-Up & Accessori Bellezza Virali Premium Edition Mod. 53 (0370),https://www.amazon.it/dp/B001000370?tag=offertissimes-21,15.2,19.18,12.8,13.86,Bellezza e Cura della Persona,Make-Up & Accessori Bellezza Virali,Essence,B001000370,0,381,91
"Nutravita Vitamine, Magnesio & Biohacking Sonno Premium Edition Mod. 09 (0503)",https://www.amazon.it/dp/B001000503?tag=offertissimes-21,19.81,26.08,12.8,17.46,"Salute, Igiene e Integratori","Vitamine, Magnesio & Biohacking Sonno",Nutravita,B001000503,1,38,85
Illy Caffè in Grani Specialty 1kg Premium Edition Mod. 50 (0822),https://www.amazon.it/dp/B001000822?tag=offertissimes-21,16.98,23.07,12.8,16.49,"Alimentari, Caffè e Bevande",Caffè in Grani Specialty 1kg,Illy,B001000822,1,31,80
Jordan's Skinny Sciroppi Zero Calorie & Aromi Barista Premium Edition Mod. 11 (0939),https://www.amazon.it/dp/B001000939?tag=offertissimes-21,37.8,44.84,12.8,35.37,"Alimentari, Caffè e Bevande",Sciroppi Zero Calorie & Aromi Barista,Jordan's Skinny,B001000939,0,280,91
Finish Quantum Capsule Lavastoviglie Maxi Box (100-160pz) Premium Edition Mod. 08 (0988),https://www.amazon.it/dp/B001000988?tag=offertissimes-21,12.76,17.23,12.8,11.12,Cura della Casa e Pulizia,Capsule Lavastoviglie Maxi Box (100-160pz),Finish Quantum,B001000988,1,61,98
Sinland Panni Microfibra Alta Densità & Swiffer Ricambi Premium Edition Mod. 15 (1235),https://www.amazon.it/dp/B001001235?tag=offertissimes-21,31.35,39.57,12.8,28.02,Cura della Casa e Pulizia,Panni Microfibra Alta Densità & Swiffer Ricambi,Sinland,B001001235,1,47,82
Swiffer Panni Microfibra Alta Densità & Swiffer Ricambi Premium Edition Mod. 35 (1255),https://www.amazon.it/dp/B001001255?tag=offertissimes-21,14.4,22.53,12.8,14.0,Cura della Casa e Pulizia,Panni Microfibra Alta Densità & Swiffer Ricambi,Swiffer,B001001255,1,31,84
Lillydoo Pannolini Box Scorta Mensile (120-180pz) Premium Edition Mod. 34 (1314),https://www.amazon.it/dp/B001001314?tag=offertissimes-21,28.57,35.55,12.8,26.67,Prima Infanzia e Maternità,Pannolini Box Scorta Mensile (120-180pz),Lillydoo,B001001314,1,21,100
Chicco Next2Stars Gadget Virali Sonno Neonato (White Noise) Premium Edition Mod. 31 (1455),https://www.amazon.it/dp/B001001455?tag=offertissimes-21,73.54,88.07,12.8,63.24,Prima Infanzia e Maternità,Gadget Virali Sonno Neonato (White Noise),Chicco Next2Stars,B001001455,0,222,92
Chicco Next2Stars Gadget Virali Sonno Neonato (White Noise) Premium Edition Mod. 34 (1458),https://www.amazon.it/dp/B001001458?tag=offertissimes-21,52.35,64.89,12.8,50.42,Prima Infanzia e Maternità,Gadget Virali Sonno Neonato (White Noise),Chicco Next2Stars,B001001458,0,378,85
HoneyGuaridan Filtri Ricambio Fontanelle Acqua Gatti Premium Edition Mod. 34 (1635),https://www.amazon.it/dp/B001001635?tag=offertissimes-21,28.45,35.4,12.8,26.17,Animali Domestici (Pet Care),Filtri Ricambio Fontanelle Acqua Gatti,HoneyGuaridan,B001001635,1,38,87
Ugreen Cavi USB-C Fast Charge 100W/240W Multipack Premium Edition Mod. 30 (1770),https://www.amazon.it/dp/B001001770?tag=offertissimes-21,83.0,116.08,12.8,81.01,"Elettronica, Accessori e Gadget Smart",Cavi USB-C Fast Charge 100W/240W Multipack,Ugreen,B001001770,1,307,98
Aukey Caricatori GaN Multi-Porta Compatti Premium Edition Mod. 06 (1854),https://www.amazon.it/dp/B001001854?tag=offertissimes-21,74.5,89.4,12.8,72.47,"Elettronica, Accessori e Gadget Smart",Caricatori GaN Multi-Porta Compatti,Aukey,B001001854,0,393,94
Hagibis Kit Pulizia Multifunzione 7-in-1 Tech Premium Edition Mod. 20 (1974),https://www.amazon.it/dp/B001001974?tag=offertissimes-21,10.76,13.98,12.8,9.39,"Elettronica, Accessori e Gadget Smart",Kit Pulizia Multifunzione 7-in-1 Tech,Hagibis,B001001974,0,330,100
Klearlook Kit Pulizia Multifunzione 7-in-1 Tech Premium Edition Mod. 37 (1991),https://www.amazon.it/dp/B001001991?tag=offertissimes-21,73.75,86.06,12.8,69.53,"Elettronica, Accessori e Gadget Smart",Kit Pulizia Multifunzione 7-in-1 Tech,Klearlook,B001001991,0,257,97
Ordilend Kit Pulizia Multifunzione 7-in-1 Tech Premium Edition Mod. 51 (2005),https://www.amazon.it/dp/B001002005?tag=offertissimes-21,65.62,76.61,12.8,59.65,"Elettronica, Accessori e Gadget Smart",Kit Pulizia Multifunzione 7-in-1 Tech,Ordilend,B001002005,0,410,97
Ordilend Kit Pulizia Multifunzione 7-in-1 Tech Premium Edition Mod. 52 (2006),https://www.amazon.it/dp/B001002006?tag=offertissimes-21,35.56,41.68,12.8,34.53,"Elettronica, Accessori e Gadget Smart",Kit Pulizia Multifunzione 7-in-1 Tech,Ordilend,B001002006,0,490,93
AirFryer Pro Carta Forno Riutilizzabile & Accessori Friggitrice Aria Premium Edition Mod. 11 (2123),https://www.amazon.it/dp/B001002123?tag=offertissimes-21,36.29,47.26,12.8,35.15,"Casa, Cucina ed Elettrodomestici",Carta Forno Riutilizzabile & Accessori Friggitrice Aria,AirFryer Pro,B001002123,1,187,93
Philips Hue Lampadine LED Smart Dimmerabili Attacco E27/GU10 Premium Edition Mod. 03 (2409),https://www.amazon.it/dp/B001002409?tag=offertissimes-21,71.85,85.41,12.8,63.98,"Fai da Te, Bricolage e Giardinaggio",Lampadine LED Smart Dimmerabili Attacco E27/GU10,Philips Hue,B001002409,1,70,83
Claber Sistemi Irrigazione a Goccia Smart per Balconi Premium Edition Mod. 04 (2518),https://www.amazon.it/dp/B001002518?tag=offertissimes-21,46.11,61.75,12.8,44.38,"Fai da Te, Bricolage e Giardinaggio",Sistemi Irrigazione a Goccia Smart per Balconi,Claber,B001002518,0,242,79
Xiaomi Portable Air Pump 2 Compressori Portatili Ricaricabili Wireless Premium Edition Mod. 08 (2648),https://www.amazon.it/dp/B001002648?tag=offertissimes-21,14.16,16.57,12.8,13.3,Auto e Moto (Accessori & Manutenzione),Compressori Portatili Ricaricabili Wireless,Xiaomi Portable Air Pump 2,B001002648,0,475,93
Fanttik Compressori Portatili Ricaricabili Wireless Premium Edition Mod. 21 (2661),https://www.amazon.it/dp/B001002661?tag=offertissimes-21,51.15,71.16,12.8,49.17,Auto e Moto (Accessori & Manutenzione),Compressori Portatili Ricaricabili Wireless,Fanttik,B001002661,0,219,94
Beast Gear Fasce Elastiche di Resistenza & Loop Bands Tessuto Premium Edition Mod. 06 (2706),https://www.amazon.it/dp/B001002706?tag=offertissimes-21,73.12,87.37,12.8,71.23,"Sport, Fitness e Attrezzatura",Fasce Elastiche di Resistenza & Loop Bands Tessuto,Beast Gear,B001002706,1,104,95
Lemero Cartucce & Toner Compatibili Multipack Premium Edition Mod. 14 (2904),https://www.amazon.it/dp/B001002904?tag=offertissimes-21,38.65,51.01,12.8,35.67,"Cancelleria, Ufficio e Spedizioni",Cartucce & Toner Compatibili Multipack,Lemero,B001002904,1,51,92
Amazon Basics Risme Carta da Stampa A4 80g Scorte 2500ff Premium Edition Mod. 16 (2938),https://www.amazon.it/dp/B001002938?tag=offertissimes-21,25.29,33.51,12.8,23.78,"Cancelleria, Ufficio e Spedizioni",Risme Carta da Stampa A4 80g Scorte 2500ff,Amazon Basics,B001002938,1,34,84
Calvin Klein Boxer Cotone Elasticizzato Multipack (6-10pz) Premium Edition Mod. 09 (3059),https://www.amazon.it/dp/B001003059?tag=offertissimes-21,29.23,43.68,12.8,26.99,Abbigliamento Base e Calzetteria,Boxer Cotone Elasticizzato Multipack (6-10pz),Calvin Klein,B001003059,1,102,93
Titan Shield Bustine Protettive Carte Collezionabili (100-500pz) Premium Edition Mod. 22 (3202),https://www.amazon.it/dp/B001003202?tag=offertissimes-21,35.73,44.8,12.8,30.78,"Giochi, Hobbies e Tempo Libero",Bustine Protettive Carte Collezionabili (100-500pz),Titan Shield,B001003202,1,353,94
"Tea Bestseller Crescita Personale & Finanza (Atomic Habits, etc.) Premium Edition Mod. 04 (3317)",https://www.amazon.it/dp/B001003317?tag=offertissimes-21,22.69,34.66,12.8,21.79,"Libri, Agende e Self-Help","Bestseller Crescita Personale & Finanza (Atomic Habits, etc.)",Tea,B001003317,0,494,97
"Corbaccio Bestseller Crescita Personale & Finanza (Atomic Habits, etc.) Premium Edition Mod. 13 (3326)",https://www.amazon.it/dp/B001003326?tag=offertissimes-21,17.25,26.34,12.8,15.02,"Libri, Agende e Self-Help","Bestseller Crescita Personale & Finanza (Atomic Habits, etc.)",Corbaccio,B001003326,0,410,98
Sperling & Kupfer Romanzi Virali BookTok & Romance Trend Premium Edition Mod. 22 (3358),https://www.amazon.it/dp/B001003358?tag=offertissimes-21,20.77,29.02,12.8,20.21,"Libri, Agende e Self-Help",Romanzi Virali BookTok & Romance Trend,Sperling & Kupfer,B001003358,0,504,100
CeraVe Sieri Viso & Trattamenti Anti-Age Premium Edition Mod. 15 (0015),https://www.amazon.it/dp/B001000015?tag=offertissimes-21,26.43,34.33,12.7,24.07,Bellezza e Cura della Persona,Sieri Viso & Trattamenti Anti-Age,CeraVe,B001000015,1,51,94
CeraVe Sieri Viso & Trattamenti Anti-Age Premium Edition Mod. 27 (0027),https://www.amazon.it/dp/B001000027?tag=offertissimes-21,41.08,53.15,12.7,38.5,Bellezza e Cura della Persona,Sieri Viso & Trattamenti Anti-Age,CeraVe,B001000027,1,26,97
Curaprox Igiene Orale & Ricambi Spazzolini Premium Edition Mod. 27 (0091),https://www.amazon.it/dp/B001000091?tag=offertissimes-21,13.42,18.92,12.7,11.53,Bellezza e Cura della Persona,Igiene Orale & Ricambi Spazzolini,Curaprox,B001000091,1,46,80
Kérastase Cura dei Capelli & Shampoo Trattanti Premium Edition Mod. 17 (0145),https://www.amazon.it/dp/B001000145?tag=offertissimes-21,37.24,52.42,12.7,32.78,Bellezza e Cura della Persona,Cura dei Capelli & Shampoo Trattanti,Kérastase,B001000145,1,45,87
Maison Alhambra Profumeria & Fragranze Virali Premium Edition Mod. 12 (0266),https://www.amazon.it/dp/B001000266?tag=offertissimes-21,16.22,23.48,12.7,14.06,Bellezza e Cura della Persona,Profumeria & Fragranze Virali,Maison Alhambra,B001000266,0,189,97
Maybelline Make-Up & Accessori Bellezza Virali Premium Edition Mod. 34 (0351),https://www.amazon.it/dp/B001000351?tag=offertissimes-21,15.22,24.49,12.7,13.33,Bellezza e Cura della Persona,Make-Up & Accessori Bellezza Virali,Maybelline,B001000351,0,307,83
Real Techniques Make-Up & Accessori Bellezza Virali Premium Edition Mod. 40 (0357),https://www.amazon.it/dp/B001000357?tag=offertissimes-21,24.13,35.57,12.7,22.1,Bellezza e Cura della Persona,Make-Up & Accessori Bellezza Virali,Real Techniques,B001000357,0,331,94
NYX Make-Up & Accessori Bellezza Virali Premium Edition Mod. 54 (0371),https://www.amazon.it/dp/B001000371?tag=offertissimes-21,38.28,46.18,12.7,35.6,Bellezza e Cura della Persona,Make-Up & Accessori Bellezza Virali,NYX,B001000371,0,426,87
Maybelline Make-Up & Accessori Bellezza Virali Premium Edition Mod. 62 (0379),https://www.amazon.it/dp/B001000379?tag=offertissimes-21,22.99,29.55,12.7,19.95,Bellezza e Cura della Persona,Make-Up & Accessori Bellezza Virali,Maybelline,B001000379,0,464,94
BlenderBottle Shaker Magnetici & Accessori Virali Gym Premium Edition Mod. 12 (0676),https://www.amazon.it/dp/B001000676?tag=offertissimes-21,25.32,31.51,12.7,22.22,"Salute, Igiene e Integratori",Shaker Magnetici & Accessori Virali Gym,BlenderBottle,B001000676,0,328,90
Pukka Tè Matcha Cerimoniale Bio & Tisane Premium Edition Mod. 18 (0842),https://www.amazon.it/dp/B001000842?tag=offertissimes-21,11.66,15.57,12.7,10.98,"Alimentari, Caffè e Bevande",Tè Matcha Cerimoniale Bio & Tisane,Pukka,B001000842,1,20,90
Matcha Ninja Tè Matcha Cerimoniale Bio & Tisane Premium Edition Mod. 38 (0862),https://www.amazon.it/dp/B001000862?tag=offertissimes-21,15.56,23.64,12.7,14.55,"Alimentari, Caffè e Bevande",Tè Matcha Cerimoniale Bio & Tisane,Matcha Ninja,B001000862,1,35,94
Foodspring Alimenti Proteici & Creme Spalmabili Zero Premium Edition Mod. 48 (0924),https://www.amazon.it/dp/B001000924?tag=offertissimes-21,23.56,32.25,12.7,21.97,"Alimentari, Caffè e Bevande",Alimenti Proteici & Creme Spalmabili Zero,Foodspring,B001000924,1,35,94
Skinny Food Co Sciroppi Zero Calorie & Aromi Barista Premium Edition Mod. 44 (0972),https://www.amazon.it/dp/B001000972?tag=offertissimes-21,27.57,37.15,12.7,26.05,"Alimentari, Caffè e Bevande",Sciroppi Zero Calorie & Aromi Barista,Skinny Food Co,B001000972,0,216,90
Fairy Platinum Plus Capsule Lavastoviglie Maxi Box (100-160pz) Premium Edition Mod. 16 (0996),https://www.amazon.it/dp/B001000996?tag=offertissimes-21,49.17,59.83,12.7,43.63,Cura della Casa e Pulizia,Capsule Lavastoviglie Maxi Box (100-160pz),Fairy Platinum Plus,B001000996,1,64,87
Finish Quantum Capsule Lavastoviglie Maxi Box (100-160pz) Premium Edition Mod. 33 (1013),https://www.amazon.it/dp/B001001013?tag=offertissimes-21,15.77,18.33,12.7,14.89,Cura della Casa e Pulizia,Capsule Lavastoviglie Maxi Box (100-160pz),Finish Quantum,B001001013,1,39,87
Chanteclair Detersivi Lavatrice Concentrati & Pods Premium Edition Mod. 43 (1083),https://www.amazon.it/dp/B001001083?tag=offertissimes-21,12.54,18.05,12.7,11.38,Cura della Casa e Pulizia,Detersivi Lavatrice Concentrati & Pods,Chanteclair,B001001083,1,58,85
Brita Maxtra+ Filtri Ricambio Caraffe & Depuratori Acqua Premium Edition Mod. 23 (1123),https://www.amazon.it/dp/B001001123?tag=offertissimes-21,55.17,63.0,12.7,53.12,Cura della Casa e Pulizia,Filtri Ricambio Caraffe & Depuratori Acqua,Brita Maxtra+,B001001123,1,47,80
Philips Water Filtri Ricambio Caraffe & Depuratori Acqua Premium Edition Mod. 34 (1134),https://www.amazon.it/dp/B001001134?tag=offertissimes-21,50.93,64.85,12.7,46.59,Cura della Casa e Pulizia,Filtri Ricambio Caraffe & Depuratori Acqua,Philips Water,B001001134,1,34,95
E-Cloth Panni Microfibra Alta Densità & Swiffer Ricambi Premium Edition Mod. 28 (1248),https://www.amazon.it/dp/B001001248?tag=offertissimes-21,26.84,35.65,12.7,25.06,Cura della Casa e Pulizia,Panni Microfibra Alta Densità & Swiffer Ricambi,E-Cloth,B001001248,1,47,87
Pampers Baby Dry Pannolini Box Scorta Mensile (120-180pz) Premium Edition Mod. 33 (1313),https://www.amazon.it/dp/B001001313?tag=offertissimes-21,34.5,50.75,12.7,32.08,Prima Infanzia e Maternità,Pannolini Box Scorta Mensile (120-180pz),Pampers Baby Dry,B001001313,1,21,98
Foppapedretti Ricariche Mangia-Pannolini Multistrato Premium Edition Mod. 20 (1372),https://www.amazon.it/dp/B001001372?tag=offertissimes-21,49.06,69.59,12.7,46.39,Prima Infanzia e Maternità,Ricariche Mangia-Pannolini Multistrato,Foppapedretti,B001001372,1,21,94
Weleda Paste Cambio Protettive Ossido Zinco Premium Edition Mod. 03 (1391),https://www.amazon.it/dp/B001001391?tag=offertissimes-21,73.82,84.64,12.7,68.94,Prima Infanzia e Maternità,Paste Cambio Protettive Ossido Zinco,Weleda,B001001391,1,22,88
Biokat's Lettiere Gatto Agglomeranti & Silicio 10-20L Premium Edition Mod. 10 (1470),https://www.amazon.it/dp/B001001470?tag=offertissimes-21,46.11,58.44,12.7,42.18,Animali Domestici (Pet Care),Lettiere Gatto Agglomeranti & Silicio 10-20L,Biokat's,B001001470,1,37,85
Sanicat Lettiere Gatto Agglomeranti & Silicio 10-20L Premium Edition Mod. 12 (1472),https://www.amazon.it/dp/B001001472?tag=offertissimes-21,29.05,40.66,12.7,27.58,Animali Domestici (Pet Care),Lettiere Gatto Agglomeranti & Silicio 10-20L,Sanicat,B001001472,1,41,89
Biokat's Lettiere Gatto Agglomeranti & Silicio 10-20L Premium Edition Mod. 31 (1491),https://www.amazon.it/dp/B001001491?tag=offertissimes-21,51.32,63.94,12.7,49.45,Animali Domestici (Pet Care),Lettiere Gatto Agglomeranti & Silicio 10-20L,Biokat's,B001001491,1,44,86
HoneyGuaridan Filtri Ricambio Fontanelle Acqua Gatti Premium Edition Mod. 37 (1638),https://www.amazon.it/dp/B001001638?tag=offertissimes-21,20.89,31.66,12.7,19.48,Animali Domestici (Pet Care),Filtri Ricambio Fontanelle Acqua Gatti,HoneyGuaridan,B001001638,1,21,83
Lickimat Tappetini Olfattivi & Ciotole Lente Virali Premium Edition Mod. 04 (1698),https://www.amazon.it/dp/B001001698?tag=offertissimes-21,35.62,40.58,12.7,30.48,Animali Domestici (Pet Care),Tappetini Olfattivi & Ciotole Lente Virali,Lickimat,B001001698,0,302,93
Ugreen Cavi USB-C Fast Charge 100W/240W Multipack Premium Edition Mod. 25 (1765),https://www.amazon.it/dp/B001001765?tag=offertissimes-21,79.4,92.1,12.7,71.07,"Elettronica, Accessori e Gadget Smart",Cavi USB-C Fast Charge 100W/240W Multipack,Ugreen,B001001765,1,243,98
Lamicall Supporti Auto Magnetici MagSafe Wireless Premium Edition Mod. 13 (1914),https://www.amazon.it/dp/B001001914?tag=offertissimes-21,14.12,18.61,12.7,12.42,"Elettronica, Accessori e Gadget Smart",Supporti Auto Magnetici MagSafe Wireless,Lamicall,B001001914,0,470,91
Lamicall Supporti Auto Magnetici MagSafe Wireless Premium Edition Mod. 41 (1942),https://www.amazon.it/dp/B001001942?tag=offertissimes-21,50.95,59.27,12.7,46.22,"Elettronica, Accessori e Gadget Smart",Supporti Auto Magnetici MagSafe Wireless,Lamicall,B001001942,0,412,89
Woox Prese Smart Wi-Fi Monitoraggio Consumi Premium Edition Mod. 37 (2044),https://www.amazon.it/dp/B001002044?tag=offertissimes-21,94.27,112.22,12.7,86.27,"Elettronica, Accessori e Gadget Smart",Prese Smart Wi-Fi Monitoraggio Consumi,Woox,B001002044,0,500,84
Roborock Filtri & Ricambi Robot Aspirapolvere Premium Edition Mod. 47 (2107),https://www.amazon.it/dp/B001002107?tag=offertissimes-21,64.4,100.04,12.7,57.6,"Casa, Cucina ed Elettrodomestici",Filtri & Ricambi Robot Aspirapolvere,Roborock,B001002107,1,177,89
Cosori Carta Forno Riutilizzabile & Accessori Friggitrice Aria Premium Edition Mod. 42 (2154),https://www.amazon.it/dp/B001002154?tag=offertissimes-21,56.3,79.46,12.7,51.65,"Casa, Cucina ed Elettrodomestici",Carta Forno Riutilizzabile & Accessori Friggitrice Aria,Cosori,B001002154,1,154,98
Cosori Friggitrici ad Aria a Doppia Resistenza Premium Edition Mod. 43 (2207),https://www.amazon.it/dp/B001002207?tag=offertissimes-21,76.75,122.67,12.7,69.39,"Casa, Cucina ed Elettrodomestici",Friggitrici ad Aria a Doppia Resistenza,Cosori,B001002207,0,514,92
KitchenBoss Sigillatori Sottovuoto & Rotoli Goffrati Premium Edition Mod. 23 (2239),https://www.amazon.it/dp/B001002239?tag=offertissimes-21,41.32,58.89,12.7,36.36,"Casa, Cucina ed Elettrodomestici",Sigillatori Sottovuoto & Rotoli Goffrati,KitchenBoss,B001002239,1,97,82
iDesign Organizer Frigo & Dispensa Trasparenti Acrilico Premium Edition Mod. 51 (2319),https://www.amazon.it/dp/B001002319?tag=offertissimes-21,60.4,89.87,12.7,55.4,"Casa, Cucina ed Elettrodomestici",Organizer Frigo & Dispensa Trasparenti Acrilico,iDesign,B001002319,0,404,91
Panasonic Eneloop Pile Ricaricabili AA / AAA NiMH & Caricatori Smart Premium Edition Mod. 32 (2402),https://www.amazon.it/dp/B001002402?tag=offertissimes-21,70.92,80.79,12.7,63.6,"Fai da Te, Bricolage e Giardinaggio",Pile Ricaricabili AA / AAA NiMH & Caricatori Smart,Panasonic Eneloop,B001002402,1,88,85
TP-Link Tapo Lampadine LED Smart Dimmerabili Attacco E27/GU10 Premium Edition Mod. 34 (2440),https://www.amazon.it/dp/B001002440?tag=offertissimes-21,43.38,64.76,12.7,41.38,"Fai da Te, Bricolage e Giardinaggio",Lampadine LED Smart Dimmerabili Attacco E27/GU10,TP-Link Tapo,B001002440,1,89,75
Pattex Nastri Adesivi Gorilla & Sigillanti Impermeabilizzanti Premium Edition Mod. 31 (2473),https://www.amazon.it/dp/B001002473?tag=offertissimes-21,62.31,81.14,12.7,55.1,"Fai da Te, Bricolage e Giardinaggio",Nastri Adesivi Gorilla & Sigillanti Impermeabilizzanti,Pattex,B001002473,1,88,93
Michelin Spazzole Tergicristallo Aerodinamiche Premium Edition Mod. 20 (2600),https://www.amazon.it/dp/B001002600?tag=offertissimes-21,40.46,58.3,12.7,36.03,Auto e Moto (Accessori & Manutenzione),Spazzole Tergicristallo Aerodinamiche,Michelin,B001002600,1,137,84
Fanttik Compressori Portatili Ricaricabili Wireless Premium Edition Mod. 07 (2647),https://www.amazon.it/dp/B001002647?tag=offertissimes-21,25.43,38.25,12.7,22.49,Auto e Moto (Accessori & Manutenzione),Compressori Portatili Ricaricabili Wireless,Fanttik,B001002647,0,412,100
LEGO Speed Champions Set Costruzioni Modulari per Adulti Premium Edition Mod. 07 (3243),https://www.amazon.it/dp/B001003243?tag=offertissimes-21,46.66,55.17,12.7,43.09,"Giochi, Hobbies e Tempo Libero",Set Costruzioni Modulari per Adulti,LEGO Speed Champions,B001003243,0,388,97
Florence Bio Sieri Viso & Trattamenti Anti-Age Premium Edition Mod. 03 (0003),https://www.amazon.it/dp/B001000003?tag=offertissimes-21,40.95,56.63,12.6,39.1,Bellezza e Cura della Persona,Sieri Viso & Trattamenti Anti-Age,Florence Bio,B001000003,1,31,95
Curaprox Igiene Orale & Ricambi Spazzolini Premium Edition Mod. 10 (0074),https://www.amazon.it/dp/B001000074?tag=offertissimes-21,32.58,45.34,12.6,30.56,Bellezza e Cura della Persona,Igiene Orale & Ricambi Spazzolini,Curaprox,B001000074,1,39,83
Marvis Igiene Orale & Ricambi Spazzolini Premium Edition Mod. 54 (0118),https://www.amazon.it/dp/B001000118?tag=offertissimes-21,45.26,60.75,12.6,43.18,Bellezza e Cura della Persona,Igiene Orale & Ricambi Spazzolini,Marvis,B001000118,1,48,87
L'Oréal Professionnel Cura dei Capelli & Shampoo Trattanti Premium Edition Mod. 21 (0149),https://www.amazon.it/dp/B001000149?tag=offertissimes-21,32.61,51.61,12.6,29.0,Bellezza e Cura della Persona,Cura dei Capelli & Shampoo Trattanti,L'Oréal Professionnel,B001000149,1,25,87
L'Oréal Professionnel Cura dei Capelli & Shampoo Trattanti Premium Edition Mod. 54 (0182),https://www.amazon.it/dp/B001000182?tag=offertissimes-21,14.21,20.89,12.6,12.13,Bellezza e Cura della Persona,Cura dei Capelli & Shampoo Trattanti,L'Oréal Professionnel,B001000182,1,59,97
"Braun Rasatura, Lame & Depilazione Premium Edition Mod. 16 (0207)",https://www.amazon.it/dp/B001000207?tag=offertissimes-21,37.32,45.77,12.6,34.64,Bellezza e Cura della Persona,"Rasatura, Lame & Depilazione",Braun,B001000207,1,45,78
Armaf Profumeria & Fragranze Virali Premium Edition Mod. 03 (0257),https://www.amazon.it/dp/B001000257?tag=offertissimes-21,30.72,43.38,12.6,28.83,Bellezza e Cura della Persona,Profumeria & Fragranze Virali,Armaf,B001000257,0,209,98
Afnan Profumeria & Fragranze Virali Premium Edition Mod. 44 (0298),https://www.amazon.it/dp/B001000298?tag=offertissimes-21,27.27,32.11,12.6,23.2,Bellezza e Cura della Persona,Profumeria & Fragranze Virali,Afnan,B001000298,0,188,96
Foodspring Proteine & Aminoacidi Sportivi Premium Edition Mod. 21 (0401),https://www.amazon.it/dp/B001000401?tag=offertissimes-21,37.11,55.99,12.6,32.99,"Salute, Igiene e Integratori",Proteine & Aminoacidi Sportivi,Foodspring,B001000401,1,34,91
WeightWorld Creatina Monoidrato & Pre-Workout Premium Edition Mod. 17 (0454),https://www.amazon.it/dp/B001000454?tag=offertissimes-21,31.57,47.66,12.6,27.98,"Salute, Igiene e Integratori",Creatina Monoidrato & Pre-Workout,WeightWorld,B001000454,1,26,96
Bandini Creatina Monoidrato & Pre-Workout Premium Edition Mod. 50 (0487),https://www.amazon.it/dp/B001000487?tag=offertissimes-21,33.31,42.37,12.6,29.56,"Salute, Igiene e Integratori",Creatina Monoidrato & Pre-Workout,Bandini,B001000487,1,23,88
Voltrx Shaker Magnetici & Accessori Virali Gym Premium Edition Mod. 29 (0693),https://www.amazon.it/dp/B001000693?tag=offertissimes-21,49.47,66.26,12.6,45.29,"Salute, Igiene e Integratori",Shaker Magnetici & Accessori Virali Gym,Voltrx,B001000693,0,291,86
Nespresso Cialde & Capsule Caffè Scorte 100-150pz Premium Edition Mod. 29 (0749),https://www.amazon.it/dp/B001000749?tag=offertissimes-21,30.2,36.09,12.6,26.48,"Alimentari, Caffè e Bevande",Cialde & Capsule Caffè Scorte 100-150pz,Nespresso,B001000749,1,30,98
Daily Life Alimenti Proteici & Creme Spalmabili Zero Premium Edition Mod. 09 (0885),https://www.amazon.it/dp/B001000885?tag=offertissimes-21,22.28,25.61,12.6,20.7,"Alimentari, Caffè e Bevande",Alimenti Proteici & Creme Spalmabili Zero,Daily Life,B001000885,1,34,90
Foodspring Alimenti Proteici & Creme Spalmabili Zero Premium Edition Mod. 10 (0886),https://www.amazon.it/dp/B001000886?tag=offertissimes-21,23.79,28.59,12.6,22.53,"Alimentari, Caffè e Bevande",Alimenti Proteici & Creme Spalmabili Zero,Foodspring,B001000886,1,31,91
Fairy Platinum Plus Capsule Lavastoviglie Maxi Box (100-160pz) Premium Edition Mod. 18 (0998),https://www.amazon.it/dp/B001000998?tag=offertissimes-21,26.08,32.8,12.6,23.52,Cura della Casa e Pulizia,Capsule Lavastoviglie Maxi Box (100-160pz),Fairy Platinum Plus,B001000998,1,59,91
Fairy Platinum Plus Capsule Lavastoviglie Maxi Box (100-160pz) Premium Edition Mod. 53 (1033),https://www.amazon.it/dp/B001001033?tag=offertissimes-21,33.48,42.7,12.6,29.83,Cura della Casa e Pulizia,Capsule Lavastoviglie Maxi Box (100-160pz),Fairy Platinum Plus,B001001033,1,31,95
TAPP Water Filtri Ricambio Caraffe & Depuratori Acqua Premium Edition Mod. 24 (1124),https://www.amazon.it/dp/B001001124?tag=offertissimes-21,37.44,58.56,12.6,33.72,Cura della Casa e Pulizia,Filtri Ricambio Caraffe & Depuratori Acqua,TAPP Water,B001001124,1,37,87
Brita Maxtra+ Filtri Ricambio Caraffe & Depuratori Acqua Premium Edition Mod. 56 (1156),https://www.amazon.it/dp/B001001156?tag=offertissimes-21,26.82,37.3,12.6,22.91,Cura della Casa e Pulizia,Filtri Ricambio Caraffe & Depuratori Acqua,Brita Maxtra+,B001001156,1,72,77
Astonish Pulitori Miracolosi Virali & Spugne Premium Edition Mod. 44 (1204),https://www.amazon.it/dp/B001001204?tag=offertissimes-21,10.67,16.8,12.6,10.3,Cura della Casa e Pulizia,Pulitori Miracolosi Virali & Spugne,Astonish,B001001204,0,263,95
Foppapedretti Ricariche Mangia-Pannolini Multistrato Premium Edition Mod. 18 (1370),https://www.amazon.it/dp/B001001370?tag=offertissimes-21,41.21,66.34,12.6,35.77,Prima Infanzia e Maternità,Ricariche Mangia-Pannolini Multistrato,Foppapedretti,B001001370,1,16,85
Greenies Snack Igiene Dentale Cani Scorte Mensili Premium Edition Mod. 17 (1571),https://www.amazon.it/dp/B001001571?tag=offertissimes-21,37.55,60.0,12.6,36.75,Animali Domestici (Pet Care),Snack Igiene Dentale Cani Scorte Mensili,Greenies,B001001571,1,44,92
Ace2Ace Spazzole Rullo Toglipelo Elettrostatiche Premium Edition Mod. 05 (1653),https://www.amazon.it/dp/B001001653?tag=offertissimes-21,38.98,58.51,12.6,33.51,Animali Domestici (Pet Care),Spazzole Rullo Toglipelo Elettrostatiche,Ace2Ace,B001001653,0,207,94
Lickimat Tappetini Olfattivi & Ciotole Lente Virali Premium Edition Mod. 24 (1718),https://www.amazon.it/dp/B001001718?tag=offertissimes-21,16.34,25.7,12.6,14.77,Animali Domestici (Pet Care),Tappetini Olfattivi & Ciotole Lente Virali,Lickimat,B001001718,0,419,91
Aukey Caricatori GaN Multi-Porta Compatti Premium Edition Mod. 31 (1879),https://www.amazon.it/dp/B001001879?tag=offertissimes-21,49.94,62.19,12.6,46.39,"Elettronica, Accessori e Gadget Smart",Caricatori GaN Multi-Porta Compatti,Aukey,B001001879,0,359,94
Spigen Supporti Auto Magnetici MagSafe Wireless Premium Edition Mod. 07 (1908),https://www.amazon.it/dp/B001001908?tag=offertissimes-21,55.32,85.92,12.6,48.86,"Elettronica, Accessori e Gadget Smart",Supporti Auto Magnetici MagSafe Wireless,Spigen,B001001908,0,388,100
TP-Link Tapo Prese Smart Wi-Fi Monitoraggio Consumi Premium Edition Mod. 21 (2028),https://www.amazon.it/dp/B001002028?tag=offertissimes-21,56.09,67.9,12.6,48.56,"Elettronica, Accessori e Gadget Smart",Prese Smart Wi-Fi Monitoraggio Consumi,TP-Link Tapo,B001002028,0,289,89
Woox Prese Smart Wi-Fi Monitoraggio Consumi Premium Edition Mod. 23 (2030),https://www.amazon.it/dp/B001002030?tag=offertissimes-21,31.7,36.63,12.6,29.27,"Elettronica, Accessori e Gadget Smart",Prese Smart Wi-Fi Monitoraggio Consumi,Woox,B001002030,0,422,91
Shelly Prese Smart Wi-Fi Monitoraggio Consumi Premium Edition Mod. 42 (2049),https://www.amazon.it/dp/B001002049?tag=offertissimes-21,15.45,17.65,12.6,13.79,"Elettronica, Accessori e Gadget Smart",Prese Smart Wi-Fi Monitoraggio Consumi,Shelly,B001002049,0,374,89
Bialetti Montalatte Elettrici a Induzione Virali Premium Edition Mod. 24 (2343),https://www.amazon.it/dp/B001002343?tag=offertissimes-21,16.3,22.05,12.6,14.62,"Casa, Cucina ed Elettrodomestici",Montalatte Elettrici a Induzione Virali,Bialetti,B001002343,0,389,87
Nespresso Aeroccino Montalatte Elettrici a Induzione Virali Premium Edition Mod. 39 (2358),https://www.amazon.it/dp/B001002358?tag=offertissimes-21,56.52,81.16,12.6,50.3,"Casa, Cucina ed Elettrodomestici",Montalatte Elettrici a Induzione Virali,Nespresso Aeroccino,B001002358,0,331,89
Philips Hue Lampadine LED Smart Dimmerabili Attacco E27/GU10 Premium Edition Mod. 36 (2442),https://www.amazon.it/dp/B001002442?tag=offertissimes-21,40.4,55.81,12.6,34.37,"Fai da Te, Bricolage e Giardinaggio",Lampadine LED Smart Dimmerabili Attacco E27/GU10,Philips Hue,B001002442,1,101,90
Fanttik Compressori Portatili Ricaricabili Wireless Premium Edition Mod. 02 (2642),https://www.amazon.it/dp/B001002642?tag=offertissimes-21,18.59,25.31,12.6,16.0,Auto e Moto (Accessori & Manutenzione),Compressori Portatili Ricaricabili Wireless,Fanttik,B001002642,0,325,96
Gritin Fasce Elastiche di Resistenza & Loop Bands Tessuto Premium Edition Mod. 03 (2703),https://www.amazon.it/dp/B001002703?tag=offertissimes-21,16.08,19.65,12.6,15.74,"Sport, Fitness e Attrezzatura",Fasce Elastiche di Resistenza & Loop Bands Tessuto,Gritin,B001002703,1,175,93
Tatay Borse Termiche Pranzo Fit & Portavivande Ermetici Premium Edition Mod. 15 (2867),https://www.amazon.it/dp/B001002867?tag=offertissimes-21,25.44,38.78,12.6,22.03,"Sport, Fitness e Attrezzatura",Borse Termiche Pranzo Fit & Portavivande Ermetici,Tatay,B001002867,0,407,86
Fabriano Risme Carta da Stampa A4 80g Scorte 2500ff Premium Edition Mod. 19 (2941),https://www.amazon.it/dp/B001002941?tag=offertissimes-21,27.79,38.55,12.6,24.0,"Cancelleria, Ufficio e Spedizioni",Risme Carta da Stampa A4 80g Scorte 2500ff,Fabriano,B001002941,1,52,90
Nike Calzini Sportivi Tecnici Traspiranti Multipack Premium Edition Mod. 18 (3101),https://www.amazon.it/dp/B001003101?tag=offertissimes-21,23.99,28.87,12.6,22.5,Abbigliamento Base e Calzetteria,Calzini Sportivi Tecnici Traspiranti Multipack,Nike,B001003101,1,69,91
Fjällräven Borse a Tracolla & Marsupi Virali Monospalla Premium Edition Mod. 32 (3180),https://www.amazon.it/dp/B001003180?tag=offertissimes-21,27.24,39.6,12.6,23.36,Abbigliamento Base e Calzetteria,Borse a Tracolla & Marsupi Virali Monospalla,Fjällräven,B001003180,0,342,94
Dixit Giochi da Tavolo Compatti & Pocket Virali Premium Edition Mod. 01 (3209),https://www.amazon.it/dp/B001003209?tag=offertissimes-21,22.59,32.93,12.6,21.79,"Giochi, Hobbies e Tempo Libero",Giochi da Tavolo Compatti & Pocket Virali,Dixit,B001003209,0,508,97
Dixit Giochi da Tavolo Compatti & Pocket Virali Premium Edition Mod. 02 (3210),https://www.amazon.it/dp/B001003210?tag=offertissimes-21,25.41,29.06,12.6,24.08,"Giochi, Hobbies e Tempo Libero",Giochi da Tavolo Compatti & Pocket Virali,Dixit,B001003210,0,446,86
The Ordinary Sieri Viso & Trattamenti Anti-Age Premium Edition Mod. 23 (0023),https://www.amazon.it/dp/B001000023?tag=offertissimes-21,33.08,40.88,12.5,30.72,Bellezza e Cura della Persona,Sieri Viso & Trattamenti Anti-Age,The Ordinary,B001000023,1,41,95
The Ordinary Sieri Viso & Trattamenti Anti-Age Premium Edition Mod. 49 (0049),https://www.amazon.it/dp/B001000049?tag=offertissimes-21,33.5,40.98,12.5,30.55,Bellezza e Cura della Persona,Sieri Viso & Trattamenti Anti-Age,The Ordinary,B001000049,1,30,94
"Astra Rasatura, Lame & Depilazione Premium Edition Mod. 05 (0196)",https://www.amazon.it/dp/B001000196?tag=offertissimes-21,39.75,54.66,12.5,35.6,Bellezza e Cura della Persona,"Rasatura, Lame & Depilazione",Astra,B001000196,1,38,82
Maison Alhambra Profumeria & Fragranze Virali Premium Edition Mod. 31 (0285),https://www.amazon.it/dp/B001000285?tag=offertissimes-21,19.02,27.26,12.5,18.3,Bellezza e Cura della Persona,Profumeria & Fragranze Virali,Maison Alhambra,B001000285,0,488,93
Yamamoto Proteine & Aminoacidi Sportivi Premium Edition Mod. 11 (0391),https://www.amazon.it/dp/B001000391?tag=offertissimes-21,15.23,23.28,12.5,13.3,"Salute, Igiene e Integratori",Proteine & Aminoacidi Sportivi,Yamamoto,B001000391,1,30,85
WeightWorld Creatina Monoidrato & Pre-Workout Premium Edition Mod. 34 (0471),https://www.amazon.it/dp/B001000471?tag=offertissimes-21,12.78,18.09,12.5,11.52,"Salute, Igiene e Integratori",Creatina Monoidrato & Pre-Workout,WeightWorld,B001000471,1,30,89
"Nutravita Vitamine, Magnesio & Biohacking Sonno Premium Edition Mod. 15 (0509)",https://www.amazon.it/dp/B001000509?tag=offertissimes-21,40.44,63.54,12.5,36.28,"Salute, Igiene e Integratori","Vitamine, Magnesio & Biohacking Sonno",Nutravita,B001000509,1,35,81
Enervit Elettroliti & Idratazione Senza Zucchero Premium Edition Mod. 17 (0568),https://www.amazon.it/dp/B001000568?tag=offertissimes-21,11.5,18.25,12.5,10.05,"Salute, Igiene e Integratori",Elettroliti & Idratazione Senza Zucchero,Enervit,B001000568,1,25,93
Beurer Dispositivi Elettromedicali & Termometri Premium Edition Mod. 04 (0612),https://www.amazon.it/dp/B001000612?tag=offertissimes-21,48.45,63.63,12.5,45.59,"Salute, Igiene e Integratori",Dispositivi Elettromedicali & Termometri,Beurer,B001000612,0,510,86
Finish Quantum Capsule Lavastoviglie Maxi Box (100-160pz) Premium Edition Mod. 04 (0984),https://www.amazon.it/dp/B001000984?tag=offertissimes-21,11.98,18.92,12.5,11.57,Cura della Casa e Pulizia,Capsule Lavastoviglie Maxi Box (100-160pz),Finish Quantum,B001000984,1,43,91
Chanteclair Detersivi Lavatrice Concentrati & Pods Premium Edition Mod. 50 (1090),https://www.amazon.it/dp/B001001090?tag=offertissimes-21,17.51,26.13,12.5,15.33,Cura della Casa e Pulizia,Detersivi Lavatrice Concentrati & Pods,Chanteclair,B001001090,1,40,86
Scrub Mommy Pulitori Miracolosi Virali & Spugne Premium Edition Mod. 31 (1191),https://www.amazon.it/dp/B001001191?tag=offertissimes-21,21.13,28.91,12.5,20.53,Cura della Casa e Pulizia,Pulitori Miracolosi Virali & Spugne,Scrub Mommy,B001001191,0,469,95
Scrub Daddy Pulitori Miracolosi Virali & Spugne Premium Edition Mod. 58 (1218),https://www.amazon.it/dp/B001001218?tag=offertissimes-21,44.4,57.86,12.5,41.89,Cura della Casa e Pulizia,Pulitori Miracolosi Virali & Spugne,Scrub Daddy,B001001218,0,519,93
Sinland Panni Microfibra Alta Densità & Swiffer Ricambi Premium Edition Mod. 25 (1245),https://www.amazon.it/dp/B001001245?tag=offertissimes-21,31.08,37.71,12.5,28.21,Cura della Casa e Pulizia,Panni Microfibra Alta Densità & Swiffer Ricambi,Sinland,B001001245,1,37,81
Huggies Pannolini Box Scorta Mensile (120-180pz) Premium Edition Mod. 29 (1309),https://www.amazon.it/dp/B001001309?tag=offertissimes-21,70.11,86.67,12.5,60.82,Prima Infanzia e Maternità,Pannolini Box Scorta Mensile (120-180pz),Huggies,B001001309,1,29,100
Mustela Paste Cambio Protettive Ossido Zinco Premium Edition Mod. 17 (1405),https://www.amazon.it/dp/B001001405?tag=offertissimes-21,59.84,91.09,12.5,55.27,Prima Infanzia e Maternità,Paste Cambio Protettive Ossido Zinco,Mustela,B001001405,1,23,85
Bepanthenol Paste Cambio Protettive Ossido Zinco Premium Edition Mod. 24 (1412),https://www.amazon.it/dp/B001001412?tag=offertissimes-21,18.99,22.95,12.5,16.74,Prima Infanzia e Maternità,Paste Cambio Protettive Ossido Zinco,Bepanthenol,B001001412,1,24,82
Chicco Next2Stars Gadget Virali Sonno Neonato (White Noise) Premium Edition Mod. 18 (1442),https://www.amazon.it/dp/B001001442?tag=offertissimes-21,33.43,43.0,12.5,30.74,Prima Infanzia e Maternità,Gadget Virali Sonno Neonato (White Noise),Chicco Next2Stars,B001001442,0,532,89
Pogi's Sacchetti Igienici Cane Biodegradabili (300-600pz) Premium Edition Mod. 01 (1508),https://www.amazon.it/dp/B001001508?tag=offertissimes-21,45.51,67.66,12.5,43.75,Animali Domestici (Pet Care),Sacchetti Igienici Cane Biodegradabili (300-600pz),Pogi's,B001001508,1,30,93
Amazon Basics Sacchetti Igienici Cane Biodegradabili (300-600pz) Premium Edition Mod. 24 (1531),https://www.amazon.it/dp/B001001531?tag=offertissimes-21,53.84,66.14,12.5,51.85,Animali Domestici (Pet Care),Sacchetti Igienici Cane Biodegradabili (300-600pz),Amazon Basics,B001001531,1,35,87
Purina Dentalife Snack Igiene Dentale Cani Scorte Mensili Premium Edition Mod. 19 (1573),https://www.amazon.it/dp/B001001573?tag=offertissimes-21,15.26,20.12,12.5,14.48,Animali Domestici (Pet Care),Snack Igiene Dentale Cani Scorte Mensili,Purina Dentalife,B001001573,1,34,88
Aumuca Spazzole Rullo Toglipelo Elettrostatiche Premium Edition Mod. 22 (1670),https://www.amazon.it/dp/B001001670?tag=offertissimes-21,54.59,70.34,12.5,50.05,Animali Domestici (Pet Care),Spazzole Rullo Toglipelo Elettrostatiche,Aumuca,B001001670,0,424,100
Baseus Caricatori GaN Multi-Porta Compatti Premium Edition Mod. 16 (1864),https://www.amazon.it/dp/B001001864?tag=offertissimes-21,20.09,25.42,12.5,19.43,"Elettronica, Accessori e Gadget Smart",Caricatori GaN Multi-Porta Compatti,Baseus,B001001864,0,380,98
Aukey Caricatori GaN Multi-Porta Compatti Premium Edition Mod. 30 (1878),https://www.amazon.it/dp/B001001878?tag=offertissimes-21,17.07,23.74,12.5,16.57,"Elettronica, Accessori e Gadget Smart",Caricatori GaN Multi-Porta Compatti,Aukey,B001001878,0,420,92
Ecovacs Filtri & Ricambi Robot Aspirapolvere Premium Edition Mod. 37 (2097),https://www.amazon.it/dp/B001002097?tag=offertissimes-21,25.46,34.01,12.5,22.44,"Casa, Cucina ed Elettrodomestici",Filtri & Ricambi Robot Aspirapolvere,Ecovacs,B001002097,1,225,87
AirFryer Pro Carta Forno Riutilizzabile & Accessori Friggitrice Aria Premium Edition Mod. 04 (2116),https://www.amazon.it/dp/B001002116?tag=offertissimes-21,78.62,99.24,12.5,70.98,"Casa, Cucina ed Elettrodomestici",Carta Forno Riutilizzabile & Accessori Friggitrice Aria,AirFryer Pro,B001002116,1,245,94
Philips Friggitrici ad Aria a Doppia Resistenza Premium Edition Mod. 16 (2180),https://www.amazon.it/dp/B001002180?tag=offertissimes-21,66.53,100.83,12.5,58.55,"Casa, Cucina ed Elettrodomestici",Friggitrici ad Aria a Doppia Resistenza,Philips,B001002180,0,364,93
mDesign Organizer Frigo & Dispensa Trasparenti Acrilico Premium Edition Mod. 29 (2297),https://www.amazon.it/dp/B001002297?tag=offertissimes-21,44.64,69.31,12.5,40.8,"Casa, Cucina ed Elettrodomestici",Organizer Frigo & Dispensa Trasparenti Acrilico,mDesign,B001002297,0,492,92
Severin Montalatte Elettrici a Induzione Virali Premium Edition Mod. 02 (2321),https://www.amazon.it/dp/B001002321?tag=offertissimes-21,68.66,92.97,12.5,64.67,"Casa, Cucina ed Elettrodomestici",Montalatte Elettrici a Induzione Virali,Severin,B001002321,0,317,89
Bialetti Montalatte Elettrici a Induzione Virali Premium Edition Mod. 16 (2335),https://www.amazon.it/dp/B001002335?tag=offertissimes-21,81.97,126.36,12.5,72.29,"Casa, Cucina ed Elettrodomestici",Montalatte Elettrici a Induzione Virali,Bialetti,B001002335,0,327,92
EBL Pile Ricaricabili AA / AAA NiMH & Caricatori Smart Premium Edition Mod. 28 (2398),https://www.amazon.it/dp/B001002398?tag=offertissimes-21,17.24,22.14,12.5,14.96,"Fai da Te, Bricolage e Giardinaggio",Pile Ricaricabili AA / AAA NiMH & Caricatori Smart,EBL,B001002398,1,55,88
Aigostar Lampadine LED Smart Dimmerabili Attacco E27/GU10 Premium Edition Mod. 20 (2426),https://www.amazon.it/dp/B001002426?tag=offertissimes-21,37.52,53.9,12.5,33.39,"Fai da Te, Bricolage e Giardinaggio",Lampadine LED Smart Dimmerabili Attacco E27/GU10,Aigostar,B001002426,1,56,89
Aigostar Lampadine LED Smart Dimmerabili Attacco E27/GU10 Premium Edition Mod. 21 (2427),https://www.amazon.it/dp/B001002427?tag=offertissimes-21,51.79,77.68,12.5,49.45,"Fai da Te, Bricolage e Giardinaggio",Lampadine LED Smart Dimmerabili Attacco E27/GU10,Aigostar,B001002427,1,88,75
Tesa Nastri Adesivi Gorilla & Sigillanti Impermeabilizzanti Premium Edition Mod. 35 (2477),https://www.amazon.it/dp/B001002477?tag=offertissimes-21,55.39,63.5,12.5,50.09,"Fai da Te, Bricolage e Giardinaggio",Nastri Adesivi Gorilla & Sigillanti Impermeabilizzanti,Tesa,B001002477,1,45,83
Little Trees Profumatori Auto Lunga Durata & Ricariche Premium Edition Mod. 01 (2551),https://www.amazon.it/dp/B001002551?tag=offertissimes-21,64.41,80.66,12.5,61.41,Auto e Moto (Accessori & Manutenzione),Profumatori Auto Lunga Durata & Ricariche,Little Trees,B001002551,1,128,85
Fanttik Compressori Portatili Ricaricabili Wireless Premium Edition Mod. 16 (2656),https://www.amazon.it/dp/B001002656?tag=offertissimes-21,64.92,78.4,12.5,59.42,Auto e Moto (Accessori & Manutenzione),Compressori Portatili Ricaricabili Wireless,Fanttik,B001002656,0,472,98
Fanttik Compressori Portatili Ricaricabili Wireless Premium Edition Mod. 17 (2657),https://www.amazon.it/dp/B001002657?tag=offertissimes-21,52.39,75.39,12.5,48.45,Auto e Moto (Accessori & Manutenzione),Compressori Portatili Ricaricabili Wireless,Fanttik,B001002657,0,306,94
Black+Decker Aspirapolvere Portatili per Auto ad Alta Potenza Premium Edition Mod. 09 (2679),https://www.amazon.it/dp/B001002679?tag=offertissimes-21,51.76,72.47,12.5,45.48,Auto e Moto (Accessori & Manutenzione),Aspirapolvere Portatili per Auto ad Alta Potenza,Black+Decker,B001002679,0,514,93
Renpho Pistole Massaggianti Muscolari Portatili Premium Edition Mod. 09 (2785),https://www.amazon.it/dp/B001002785?tag=offertissimes-21,67.0,106.62,12.5,64.57,"Sport, Fitness e Attrezzatura",Pistole Massaggianti Muscolari Portatili,Renpho,B001002785,0,518,98
Hypervolt Pistole Massaggianti Muscolari Portatili Premium Edition Mod. 25 (2801),https://www.amazon.it/dp/B001002801?tag=offertissimes-21,60.27,80.22,12.5,58.81,"Sport, Fitness e Attrezzatura",Pistole Massaggianti Muscolari Portatili,Hypervolt,B001002801,0,318,100
Tatay Borse Termiche Pranzo Fit & Portavivande Ermetici Premium Edition Mod. 14 (2866),https://www.amazon.it/dp/B001002866?tag=offertissimes-21,59.64,89.95,12.5,52.67,"Sport, Fitness e Attrezzatura",Borse Termiche Pranzo Fit & Portavivande Ermetici,Tatay,B001002866,0,402,92
Fabriano Risme Carta da Stampa A4 80g Scorte 2500ff Premium Edition Mod. 10 (2932),https://www.amazon.it/dp/B001002932?tag=offertissimes-21,11.31,14.55,12.5,10.19,"Cancelleria, Ufficio e Spedizioni",Risme Carta da Stampa A4 80g Scorte 2500ff,Fabriano,B001002932,1,31,84
Kensington Supporti Monitor Ergonomici con Cassetti Premium Edition Mod. 06 (3024),https://www.amazon.it/dp/B001003024?tag=offertissimes-21,43.83,68.53,12.5,40.64,"Cancelleria, Ufficio e Spedizioni",Supporti Monitor Ergonomici con Cassetti,Kensington,B001003024,0,540,82
Danish Endurance Boxer Cotone Elasticizzato Multipack (6-10pz) Premium Edition Mod. 16 (3066),https://www.amazon.it/dp/B001003066?tag=offertissimes-21,16.13,22.77,12.5,13.76,Abbigliamento Base e Calzetteria,Boxer Cotone Elasticizzato Multipack (6-10pz),Danish Endurance,B001003066,1,113,92
Carhartt Borse a Tracolla & Marsupi Virali Monospalla Premium Edition Mod. 03 (3151),https://www.amazon.it/dp/B001003151?tag=offertissimes-21,37.9,47.63,12.5,35.22,Abbigliamento Base e Calzetteria,Borse a Tracolla & Marsupi Virali Monospalla,Carhartt,B001003151,0,233,91
Curaprox Igiene Orale & Ricambi Spazzolini Premium Edition Mod. 14 (0078),https://www.amazon.it/dp/B001000078?tag=offertissimes-21,32.83,45.93,12.4,29.89,Bellezza e Cura della Persona,Igiene Orale & Ricambi Spazzolini,Curaprox,B001000078,1,39,81
Curaprox Igiene Orale & Ricambi Spazzolini Premium Edition Mod. 47 (0111),https://www.amazon.it/dp/B001000111?tag=offertissimes-21,38.92,55.68,12.4,33.78,Bellezza e Cura della Persona,Igiene Orale & Ricambi Spazzolini,Curaprox,B001000111,1,34,84
Afnan Profumeria & Fragranze Virali Premium Edition Mod. 38 (0292),https://www.amazon.it/dp/B001000292?tag=offertissimes-21,39.46,53.55,12.4,33.91,Bellezza e Cura della Persona,Profumeria & Fragranze Virali,Afnan,B001000292,0,431,96
NYX Make-Up & Accessori Bellezza Virali Premium Edition Mod. 12 (0329),https://www.amazon.it/dp/B001000329?tag=offertissimes-21,26.28,33.34,12.4,24.17,Bellezza e Cura della Persona,Make-Up & Accessori Bellezza Virali,NYX,B001000329,0,526,89
Foodspring Proteine & Aminoacidi Sportivi Premium Edition Mod. 38 (0418),https://www.amazon.it/dp/B001000418?tag=offertissimes-21,40.96,62.54,12.4,36.07,"Salute, Igiene e Integratori",Proteine & Aminoacidi Sportivi,Foodspring,B001000418,1,23,82
"Nutravita Vitamine, Magnesio & Biohacking Sonno Premium Edition Mod. 08 (0502)",https://www.amazon.it/dp/B001000502?tag=offertissimes-21,47.6,57.14,12.4,40.58,"Salute, Igiene e Integratori","Vitamine, Magnesio & Biohacking Sonno",Nutravita,B001000502,1,41,81
SiS Science in Sport Elettroliti & Idratazione Senza Zucchero Premium Edition Mod. 23 (0574),https://www.amazon.it/dp/B001000574?tag=offertissimes-21,48.03,67.19,12.4,46.94,"Salute, Igiene e Integratori",Elettroliti & Idratazione Senza Zucchero,SiS Science in Sport,B001000574,1,41,90
Braun Dispositivi Elettromedicali & Termometri Premium Edition Mod. 34 (0642),https://www.amazon.it/dp/B001000642?tag=offertissimes-21,31.55,48.23,12.4,27.96,"Salute, Igiene e Integratori",Dispositivi Elettromedicali & Termometri,Braun,B001000642,0,193,66
Voltrx Shaker Magnetici & Accessori Virali Gym Premium Edition Mod. 19 (0683),https://www.amazon.it/dp/B001000683?tag=offertissimes-21,25.94,30.52,12.4,22.94,"Salute, Igiene e Integratori",Shaker Magnetici & Accessori Virali Gym,Voltrx,B001000683,0,258,86
Caffè Toraldo Cialde & Capsule Caffè Scorte 100-150pz Premium Edition Mod. 07 (0727),https://www.amazon.it/dp/B001000727?tag=offertissimes-21,15.67,25.24,12.4,14.31,"Alimentari, Caffè e Bevande",Cialde & Capsule Caffè Scorte 100-150pz,Caffè Toraldo,B001000727,1,31,94
Jordan's Skinny Sciroppi Zero Calorie & Aromi Barista Premium Edition Mod. 38 (0966),https://www.amazon.it/dp/B001000966?tag=offertissimes-21,30.13,48.18,12.4,28.54,"Alimentari, Caffè e Bevande",Sciroppi Zero Calorie & Aromi Barista,Jordan's Skinny,B001000966,0,474,90
Skinny Food Co Sciroppi Zero Calorie & Aromi Barista Premium Edition Mod. 39 (0967),https://www.amazon.it/dp/B001000967?tag=offertissimes-21,32.12,40.33,12.4,30.76,"Alimentari, Caffè e Bevande",Sciroppi Zero Calorie & Aromi Barista,Skinny Food Co,B001000967,0,343,86
Ariel Pods Detersivi Lavatrice Concentrati & Pods Premium Edition Mod. 23 (1063),https://www.amazon.it/dp/B001001063?tag=offertissimes-21,47.64,58.06,12.4,43.25,Cura della Casa e Pulizia,Detersivi Lavatrice Concentrati & Pods,Ariel Pods,B001001063,1,44,81
Laica Filtri Ricambio Caraffe & Depuratori Acqua Premium Edition Mod. 38 (1138),https://www.amazon.it/dp/B001001138?tag=offertissimes-21,26.0,31.25,12.4,25.2,Cura della Casa e Pulizia,Filtri Ricambio Caraffe & Depuratori Acqua,Laica,B001001138,1,35,94
Momcozy Gadget Virali Sonno Neonato (White Noise) Premium Edition Mod. 04 (1428),https://www.amazon.it/dp/B001001428?tag=offertissimes-21,32.87,42.27,12.4,29.46,Prima Infanzia e Maternità,Gadget Virali Sonno Neonato (White Noise),Momcozy,B001001428,0,416,87
Pogi's Sacchetti Igienici Cane Biodegradabili (300-600pz) Premium Edition Mod. 03 (1510),https://www.amazon.it/dp/B001001510?tag=offertissimes-21,20.47,25.05,12.4,19.05,Animali Domestici (Pet Care),Sacchetti Igienici Cane Biodegradabili (300-600pz),Pogi's,B001001510,1,27,80
Petkit Filtri Ricambio Fontanelle Acqua Gatti Premium Edition Mod. 17 (1618),https://www.amazon.it/dp/B001001618?tag=offertissimes-21,18.15,21.21,12.4,16.71,Animali Domestici (Pet Care),Filtri Ricambio Fontanelle Acqua Gatti,Petkit,B001001618,1,24,86
Lickimat Tappetini Olfattivi & Ciotole Lente Virali Premium Edition Mod. 02 (1696),https://www.amazon.it/dp/B001001696?tag=offertissimes-21,15.29,19.75,12.4,13.49,Animali Domestici (Pet Care),Tappetini Olfattivi & Ciotole Lente Virali,Lickimat,B001001696,0,388,90
ESR Pellicole Salvaschermo Vetro con Dima Installazione Premium Edition Mod. 22 (1816),https://www.amazon.it/dp/B001001816?tag=offertissimes-21,14.5,17.01,12.4,14.19,"Elettronica, Accessori e Gadget Smart",Pellicole Salvaschermo Vetro con Dima Installazione,ESR,B001001816,1,119,86
ESR Supporti Auto Magnetici MagSafe Wireless Premium Edition Mod. 52 (1953),https://www.amazon.it/dp/B001001953?tag=offertissimes-21,56.85,80.98,12.4,55.4,"Elettronica, Accessori e Gadget Smart",Supporti Auto Magnetici MagSafe Wireless,ESR,B001001953,0,184,90
Hagibis Kit Pulizia Multifunzione 7-in-1 Tech Premium Edition Mod. 49 (2003),https://www.amazon.it/dp/B001002003?tag=offertissimes-21,76.78,87.34,12.4,67.06,"Elettronica, Accessori e Gadget Smart",Kit Pulizia Multifunzione 7-in-1 Tech,Hagibis,B001002003,0,321,94
TP-Link Tapo Prese Smart Wi-Fi Monitoraggio Consumi Premium Edition Mod. 11 (2018),https://www.amazon.it/dp/B001002018?tag=offertissimes-21,13.69,20.01,12.4,13.13,"Elettronica, Accessori e Gadget Smart",Prese Smart Wi-Fi Monitoraggio Consumi,TP-Link Tapo,B001002018,0,188,92
Dreame Filtri & Ricambi Robot Aspirapolvere Premium Edition Mod. 49 (2109),https://www.amazon.it/dp/B001002109?tag=offertissimes-21,45.28,64.0,12.4,40.5,"Casa, Cucina ed Elettrodomestici",Filtri & Ricambi Robot Aspirapolvere,Dreame,B001002109,1,177,90
Philips Friggitrici ad Aria a Doppia Resistenza Premium Edition Mod. 26 (2190),https://www.amazon.it/dp/B001002190?tag=offertissimes-21,105.69,154.11,12.4,95.73,"Casa, Cucina ed Elettrodomestici",Friggitrici ad Aria a Doppia Resistenza,Philips,B001002190,0,307,96
FoodSaver Sigillatori Sottovuoto & Rotoli Goffrati Premium Edition Mod. 18 (2234),https://www.amazon.it/dp/B001002234?tag=offertissimes-21,63.53,74.99,12.4,57.37,"Casa, Cucina ed Elettrodomestici",Sigillatori Sottovuoto & Rotoli Goffrati,FoodSaver,B001002234,1,357,80
Vtopmart Organizer Frigo & Dispensa Trasparenti Acrilico Premium Edition Mod. 31 (2299),https://www.amazon.it/dp/B001002299?tag=offertissimes-21,41.57,66.8,12.4,35.39,"Casa, Cucina ed Elettrodomestici",Organizer Frigo & Dispensa Trasparenti Acrilico,Vtopmart,B001002299,0,226,95
Gorilla Glue Nastri Adesivi Gorilla & Sigillanti Impermeabilizzanti Premium Edition Mod. 21 (2463),https://www.amazon.it/dp/B001002463?tag=offertissimes-21,73.55,93.11,12.4,67.59,"Fai da Te, Bricolage e Giardinaggio",Nastri Adesivi Gorilla & Sigillanti Impermeabilizzanti,Gorilla Glue,B001002463,1,117,86
Little Trees Profumatori Auto Lunga Durata & Ricariche Premium Edition Mod. 16 (2566),https://www.amazon.it/dp/B001002566?tag=offertissimes-21,48.27,61.27,12.4,46.81,Auto e Moto (Accessori & Manutenzione),Profumatori Auto Lunga Durata & Ricariche,Little Trees,B001002566,1,66,94
Hypervolt Pistole Massaggianti Muscolari Portatili Premium Edition Mod. 16 (2792),https://www.amazon.it/dp/B001002792?tag=offertissimes-21,40.81,65.69,12.4,39.78,"Sport, Fitness e Attrezzatura",Pistole Massaggianti Muscolari Portatili,Hypervolt,B001002792,0,250,94
Manduka Tappetini Yoga Antiscivolo Alta Densità TPE Premium Edition Mod. 05 (2819),https://www.amazon.it/dp/B001002819?tag=offertissimes-21,82.79,100.73,12.4,75.04,"Sport, Fitness e Attrezzatura",Tappetini Yoga Antiscivolo Alta Densità TPE,Manduka,B001002819,0,438,86
Navigator Risme Carta da Stampa A4 80g Scorte 2500ff Premium Edition Mod. 04 (2926),https://www.amazon.it/dp/B001002926?tag=offertissimes-21,39.88,64.22,12.4,35.94,"Cancelleria, Ufficio e Spedizioni",Risme Carta da Stampa A4 80g Scorte 2500ff,Navigator,B001002926,1,60,82
Double A Risme Carta da Stampa A4 80g Scorte 2500ff Premium Edition Mod. 14 (2936),https://www.amazon.it/dp/B001002936?tag=offertissimes-21,37.86,59.33,12.4,33.78,"Cancelleria, Ufficio e Spedizioni",Risme Carta da Stampa A4 80g Scorte 2500ff,Double A,B001002936,1,68,82
CeraVe Sieri Viso & Trattamenti Anti-Age Premium Edition Mod. 45 (0045),https://www.amazon.it/dp/B001000045?tag=offertissimes-21,28.53,42.96,12.3,25.15,Bellezza e Cura della Persona,Sieri Viso & Trattamenti Anti-Age,CeraVe,B001000045,1,50,96
Philips Sonicare Igiene Orale & Ricambi Spazzolini Premium Edition Mod. 04 (0068),https://www.amazon.it/dp/B001000068?tag=offertissimes-21,22.85,36.39,12.3,20.43,Bellezza e Cura della Persona,Igiene Orale & Ricambi Spazzolini,Philips Sonicare,B001000068,1,29,81
Restivoil Cura dei Capelli & Shampoo Trattanti Premium Edition Mod. 41 (0169),https://www.amazon.it/dp/B001000169?tag=offertissimes-21,32.17,39.94,12.3,29.44,Bellezza e Cura della Persona,Cura dei Capelli & Shampoo Trattanti,Restivoil,B001000169,1,25,94
Afnan Profumeria & Fragranze Virali Premium Edition Mod. 30 (0284),https://www.amazon.it/dp/B001000284?tag=offertissimes-21,45.07,58.45,12.3,41.88,Bellezza e Cura della Persona,Profumeria & Fragranze Virali,Afnan,B001000284,0,438,92
Yamamoto Proteine & Aminoacidi Sportivi Premium Edition Mod. 53 (0433),https://www.amazon.it/dp/B001000433?tag=offertissimes-21,29.07,46.25,12.3,28.1,"Salute, Igiene e Integratori",Proteine & Aminoacidi Sportivi,Yamamoto,B001000433,1,32,86
Braun Dispositivi Elettromedicali & Termometri Premium Edition Mod. 14 (0622),https://www.amazon.it/dp/B001000622?tag=offertissimes-21,49.19,67.94,12.3,48.09,"Salute, Igiene e Integratori",Dispositivi Elettromedicali & Termometri,Braun,B001000622,0,308,77
Pukka Tè Matcha Cerimoniale Bio & Tisane Premium Edition Mod. 43 (0867),https://www.amazon.it/dp/B001000867?tag=offertissimes-21,40.01,47.98,12.3,35.54,"Alimentari, Caffè e Bevande",Tè Matcha Cerimoniale Bio & Tisane,Pukka,B001000867,1,31,90
Vahdam Tè Matcha Cerimoniale Bio & Tisane Premium Edition Mod. 47 (0871),https://www.amazon.it/dp/B001000871?tag=offertissimes-21,21.68,30.13,12.3,20.1,"Alimentari, Caffè e Bevande",Tè Matcha Cerimoniale Bio & Tisane,Vahdam,B001000871,1,32,83
BPR Nutrition Alimenti Proteici & Creme Spalmabili Zero Premium Edition Mod. 14 (0890),https://www.amazon.it/dp/B001000890?tag=offertissimes-21,21.33,31.05,12.3,18.71,"Alimentari, Caffè e Bevande",Alimenti Proteici & Creme Spalmabili Zero,BPR Nutrition,B001000890,1,22,93
Finish Quantum Capsule Lavastoviglie Maxi Box (100-160pz) Premium Edition Mod. 58 (1038),https://www.amazon.it/dp/B001001038?tag=offertissimes-21,40.5,53.86,12.3,37.95,Cura della Casa e Pulizia,Capsule Lavastoviglie Maxi Box (100-160pz),Finish Quantum,B001001038,1,62,85
Scrub Mommy Pulitori Miracolosi Virali & Spugne Premium Edition Mod. 37 (1197),https://www.amazon.it/dp/B001001197?tag=offertissimes-21,51.17,60.24,12.3,44.44,Cura della Casa e Pulizia,Pulitori Miracolosi Virali & Spugne,Scrub Mommy,B001001197,0,181,100
Swiffer Panni Microfibra Alta Densità & Swiffer Ricambi Premium Edition Mod. 56 (1276),https://www.amazon.it/dp/B001001276?tag=offertissimes-21,30.19,43.25,12.3,28.44,Cura della Casa e Pulizia,Panni Microfibra Alta Densità & Swiffer Ricambi,Swiffer,B001001276,1,75,82
Chicco Salviette Umidificate All'Acqua 99% Premium Edition Mod. 36 (1352),https://www.amazon.it/dp/B001001352?tag=offertissimes-21,12.01,18.29,12.3,11.39,Prima Infanzia e Maternità,Salviette Umidificate All'Acqua 99%,Chicco,B001001352,1,16,97
Foppapedretti Ricariche Mangia-Pannolini Multistrato Premium Edition Mod. 35 (1387),https://www.amazon.it/dp/B001001387?tag=offertissimes-21,24.7,30.66,12.3,21.07,Prima Infanzia e Maternità,Ricariche Mangia-Pannolini Multistrato,Foppapedretti,B001001387,1,21,88
Bepanthenol Paste Cambio Protettive Ossido Zinco Premium Edition Mod. 16 (1404),https://www.amazon.it/dp/B001001404?tag=offertissimes-21,20.78,33.09,12.3,18.25,Prima Infanzia e Maternità,Paste Cambio Protettive Ossido Zinco,Bepanthenol,B001001404,1,19,80
Amazon Basics Sacchetti Igienici Cane Biodegradabili (300-600pz) Premium Edition Mod. 10 (1517),https://www.amazon.it/dp/B001001517?tag=offertissimes-21,48.54,73.95,12.3,45.21,Animali Domestici (Pet Care),Sacchetti Igienici Cane Biodegradabili (300-600pz),Amazon Basics,B001001517,1,32,85
PetiFine Filtri Ricambio Fontanelle Acqua Gatti Premium Edition Mod. 44 (1645),https://www.amazon.it/dp/B001001645?tag=offertissimes-21,31.43,39.25,12.3,30.04,Animali Domestici (Pet Care),Filtri Ricambio Fontanelle Acqua Gatti,PetiFine,B001001645,1,32,84
Aumuca Spazzole Rullo Toglipelo Elettrostatiche Premium Edition Mod. 40 (1688),https://www.amazon.it/dp/B001001688?tag=offertissimes-21,24.19,38.19,12.3,22.54,Animali Domestici (Pet Care),Spazzole Rullo Toglipelo Elettrostatiche,Aumuca,B001001688,0,463,94
Trixie Tappetini Olfattivi & Ciotole Lente Virali Premium Edition Mod. 34 (1728),https://www.amazon.it/dp/B001001728?tag=offertissimes-21,23.71,34.16,12.3,22.45,Animali Domestici (Pet Care),Tappetini Olfattivi & Ciotole Lente Virali,Trixie,B001001728,0,262,93
Anker Cavi USB-C Fast Charge 100W/240W Multipack Premium Edition Mod. 32 (1772),https://www.amazon.it/dp/B001001772?tag=offertissimes-21,64.99,98.17,12.3,56.37,"Elettronica, Accessori e Gadget Smart",Cavi USB-C Fast Charge 100W/240W Multipack,Anker,B001001772,1,158,92
Baseus Cavi USB-C Fast Charge 100W/240W Multipack Premium Edition Mod. 51 (1791),https://www.amazon.it/dp/B001001791?tag=offertissimes-21,34.24,51.65,12.3,29.51,"Elettronica, Accessori e Gadget Smart",Cavi USB-C Fast Charge 100W/240W Multipack,Baseus,B001001791,1,180,86
Hagibis Kit Pulizia Multifunzione 7-in-1 Tech Premium Edition Mod. 07 (1961),https://www.amazon.it/dp/B001001961?tag=offertissimes-21,68.88,88.94,12.3,58.88,"Elettronica, Accessori e Gadget Smart",Kit Pulizia Multifunzione 7-in-1 Tech,Hagibis,B001001961,0,234,100
Hagibis Kit Pulizia Multifunzione 7-in-1 Tech Premium Edition Mod. 11 (1965),https://www.amazon.it/dp/B001001965?tag=offertissimes-21,26.28,34.19,12.3,22.44,"Elettronica, Accessori e Gadget Smart",Kit Pulizia Multifunzione 7-in-1 Tech,Hagibis,B001001965,0,285,97
KitchenBoss Sigillatori Sottovuoto & Rotoli Goffrati Premium Edition Mod. 02 (2218),https://www.amazon.it/dp/B001002218?tag=offertissimes-21,69.78,97.55,12.3,67.74,"Casa, Cucina ed Elettrodomestici",Sigillatori Sottovuoto & Rotoli Goffrati,KitchenBoss,B001002218,1,124,85
Bonsenkitchen Sigillatori Sottovuoto & Rotoli Goffrati Premium Edition Mod. 28 (2244),https://www.amazon.it/dp/B001002244?tag=offertissimes-21,106.57,168.42,12.3,96.68,"Casa, Cucina ed Elettrodomestici",Sigillatori Sottovuoto & Rotoli Goffrati,Bonsenkitchen,B001002244,1,278,86
FoodSaver Sigillatori Sottovuoto & Rotoli Goffrati Premium Edition Mod. 29 (2245),https://www.amazon.it/dp/B001002245?tag=offertissimes-21,95.82,109.34,12.3,81.49,"Casa, Cucina ed Elettrodomestici",Sigillatori Sottovuoto & Rotoli Goffrati,FoodSaver,B001002245,1,188,80
iDesign Organizer Frigo & Dispensa Trasparenti Acrilico Premium Edition Mod. 45 (2313),https://www.amazon.it/dp/B001002313?tag=offertissimes-21,87.05,139.63,12.3,76.8,"Casa, Cucina ed Elettrodomestici",Organizer Frigo & Dispensa Trasparenti Acrilico,iDesign,B001002313,0,383,92
Severin Montalatte Elettrici a Induzione Virali Premium Edition Mod. 34 (2353),https://www.amazon.it/dp/B001002353?tag=offertissimes-21,52.4,62.3,12.3,50.97,"Casa, Cucina ed Elettrodomestici",Montalatte Elettrici a Induzione Virali,Severin,B001002353,0,432,87
Chemical Guys Kit Pulizia & Manutenzione Pelle/Plastiche Auto Premium Edition Mod. 12 (2622),https://www.amazon.it/dp/B001002622?tag=offertissimes-21,8.77,14.02,12.3,7.64,Auto e Moto (Accessori & Manutenzione),Kit Pulizia & Manutenzione Pelle/Plastiche Auto,Chemical Guys,B001002622,1,83,88
BlazePods Corda per Saltare Professionale con Cuscinetti Rapidi Premium Edition Mod. 17 (2755),https://www.amazon.it/dp/B001002755?tag=offertissimes-21,49.92,75.17,12.3,46.71,"Sport, Fitness e Attrezzatura",Corda per Saltare Professionale con Cuscinetti Rapidi,BlazePods,B001002755,0,513,86
Beast Gear Corda per Saltare Professionale con Cuscinetti Rapidi Premium Edition Mod. 32 (2770),https://www.amazon.it/dp/B001002770?tag=offertissimes-21,72.21,105.14,12.3,69.9,"Sport, Fitness e Attrezzatura",Corda per Saltare Professionale con Cuscinetti Rapidi,Beast Gear,B001002770,0,355,86
Fabriano Risme Carta da Stampa A4 80g Scorte 2500ff Premium Edition Mod. 13 (2935),https://www.amazon.it/dp/B001002935?tag=offertissimes-21,45.35,58.3,12.3,41.26,"Cancelleria, Ufficio e Spedizioni",Risme Carta da Stampa A4 80g Scorte 2500ff,Fabriano,B001002935,1,78,87
Calvin Klein Boxer Cotone Elasticizzato Multipack (6-10pz) Premium Edition Mod. 12 (3062),https://www.amazon.it/dp/B001003062?tag=offertissimes-21,24.91,39.96,12.3,23.5,Abbigliamento Base e Calzetteria,Boxer Cotone Elasticizzato Multipack (6-10pz),Calvin Klein,B001003062,1,66,82
Danish Endurance Calzini Sportivi Tecnici Traspiranti Multipack Premium Edition Mod. 05 (3088),https://www.amazon.it/dp/B001003088?tag=offertissimes-21,34.47,55.5,12.3,32.66,Abbigliamento Base e Calzetteria,Calzini Sportivi Tecnici Traspiranti Multipack,Danish Endurance,B001003088,1,68,89
Oral-B Igiene Orale & Ricambi Spazzolini Premium Edition Mod. 62 (0126),https://www.amazon.it/dp/B001000126?tag=offertissimes-21,45.15,63.32,12.2,41.02,Bellezza e Cura della Persona,Igiene Orale & Ricambi Spazzolini,Oral-B,B001000126,1,33,80
"Derby Rasatura, Lame & Depilazione Premium Edition Mod. 15 (0206)",https://www.amazon.it/dp/B001000206?tag=offertissimes-21,37.73,44.88,12.2,34.09,Bellezza e Cura della Persona,"Rasatura, Lame & Depilazione",Derby,B001000206,1,38,85
"Astra Rasatura, Lame & Depilazione Premium Edition Mod. 35 (0226)",https://www.amazon.it/dp/B001000226?tag=offertissimes-21,42.95,55.25,12.2,36.67,Bellezza e Cura della Persona,"Rasatura, Lame & Depilazione",Astra,B001000226,1,52,77
Armaf Profumeria & Fragranze Virali Premium Edition Mod. 40 (0294),https://www.amazon.it/dp/B001000294?tag=offertissimes-21,31.69,44.11,12.2,30.89,Bellezza e Cura della Persona,Profumeria & Fragranze Virali,Armaf,B001000294,0,508,100
WeightWorld Creatina Monoidrato & Pre-Workout Premium Edition Mod. 01 (0438),https://www.amazon.it/dp/B001000438?tag=offertissimes-21,29.49,46.31,12.2,26.44,"Salute, Igiene e Integratori",Creatina Monoidrato & Pre-Workout,WeightWorld,B001000438,1,23,90
Creapure Creatina Monoidrato & Pre-Workout Premium Edition Mod. 55 (0492),https://www.amazon.it/dp/B001000492?tag=offertissimes-21,32.89,52.43,12.2,29.59,"Salute, Igiene e Integratori",Creatina Monoidrato & Pre-Workout,Creapure,B001000492,1,35,93
"Solgar Vitamine, Magnesio & Biohacking Sonno Premium Edition Mod. 25 (0519)",https://www.amazon.it/dp/B001000519?tag=offertissimes-21,31.63,49.1,12.2,28.41,"Salute, Igiene e Integratori","Vitamine, Magnesio & Biohacking Sonno",Solgar,B001000519,1,20,85
Fairy Platinum Plus Capsule Lavastoviglie Maxi Box (100-160pz) Premium Edition Mod. 15 (0995),https://www.amazon.it/dp/B001000995?tag=offertissimes-21,35.12,46.03,12.2,33.27,Cura della Casa e Pulizia,Capsule Lavastoviglie Maxi Box (100-160pz),Fairy Platinum Plus,B001000995,1,66,87
Swiffer Panni Microfibra Alta Densità & Swiffer Ricambi Premium Edition Mod. 03 (1223),https://www.amazon.it/dp/B001001223?tag=offertissimes-21,51.43,65.86,12.2,47.86,Cura della Casa e Pulizia,Panni Microfibra Alta Densità & Swiffer Ricambi,Swiffer,B001001223,1,72,85
Vileda Panni Microfibra Alta Densità & Swiffer Ricambi Premium Edition Mod. 07 (1227),https://www.amazon.it/dp/B001001227?tag=offertissimes-21,39.66,50.15,12.2,36.85,Cura della Casa e Pulizia,Panni Microfibra Alta Densità & Swiffer Ricambi,Vileda,B001001227,1,55,85
Huggies Pannolini Box Scorta Mensile (120-180pz) Premium Edition Mod. 19 (1299),https://www.amazon.it/dp/B001001299?tag=offertissimes-21,50.06,71.17,12.2,42.93,Prima Infanzia e Maternità,Pannolini Box Scorta Mensile (120-180pz),Huggies,B001001299,1,16,99
Huggies Pannolini Box Scorta Mensile (120-180pz) Premium Edition Mod. 22 (1302),https://www.amazon.it/dp/B001001302?tag=offertissimes-21,13.45,20.99,12.2,13.18,Prima Infanzia e Maternità,Pannolini Box Scorta Mensile (120-180pz),Huggies,B001001302,1,20,98
Ace2Ace Spazzole Rullo Toglipelo Elettrostatiche Premium Edition Mod. 39 (1687),https://www.amazon.it/dp/B001001687?tag=offertissimes-21,17.99,20.95,12.2,16.55,Animali Domestici (Pet Care),Spazzole Rullo Toglipelo Elettrostatiche,Ace2Ace,B001001687,0,489,100
Spigen Supporti Auto Magnetici MagSafe Wireless Premium Edition Mod. 19 (1920),https://www.amazon.it/dp/B001001920?tag=offertissimes-21,81.41,101.93,12.2,76.44,"Elettronica, Accessori e Gadget Smart",Supporti Auto Magnetici MagSafe Wireless,Spigen,B001001920,0,356,100
Klearlook Kit Pulizia Multifunzione 7-in-1 Tech Premium Edition Mod. 44 (1998),https://www.amazon.it/dp/B001001998?tag=offertissimes-21,87.52,113.92,12.2,74.75,"Elettronica, Accessori e Gadget Smart",Kit Pulizia Multifunzione 7-in-1 Tech,Klearlook,B001001998,0,246,100
TP-Link Tapo Prese Smart Wi-Fi Monitoraggio Consumi Premium Edition Mod. 40 (2047),https://www.amazon.it/dp/B001002047?tag=offertissimes-21,46.22,53.61,12.2,42.73,"Elettronica, Accessori e Gadget Smart",Prese Smart Wi-Fi Monitoraggio Consumi,TP-Link Tapo,B001002047,0,490,84
Woox Prese Smart Wi-Fi Monitoraggio Consumi Premium Edition Mod. 53 (2060),https://www.amazon.it/dp/B001002060?tag=offertissimes-21,49.05,77.31,12.2,43.69,"Elettronica, Accessori e Gadget Smart",Prese Smart Wi-Fi Monitoraggio Consumi,Woox,B001002060,0,538,90
Roborock Filtri & Ricambi Robot Aspirapolvere Premium Edition Mod. 36 (2096),https://www.amazon.it/dp/B001002096?tag=offertissimes-21,71.66,114.35,12.2,67.5,"Casa, Cucina ed Elettrodomestici",Filtri & Ricambi Robot Aspirapolvere,Roborock,B001002096,1,253,89
KitchenBoss Sigillatori Sottovuoto & Rotoli Goffrati Premium Edition Mod. 10 (2226),https://www.amazon.it/dp/B001002226?tag=offertissimes-21,75.9,97.41,12.2,73.2,"Casa, Cucina ed Elettrodomestici",Sigillatori Sottovuoto & Rotoli Goffrati,KitchenBoss,B001002226,1,298,86
Severin Montalatte Elettrici a Induzione Virali Premium Edition Mod. 14 (2333),https://www.amazon.it/dp/B001002333?tag=offertissimes-21,83.95,121.11,12.2,78.85,"Casa, Cucina ed Elettrodomestici",Montalatte Elettrici a Induzione Virali,Severin,B001002333,0,396,88
TP-Link Tapo Lampadine LED Smart Dimmerabili Attacco E27/GU10 Premium Edition Mod. 09 (2415),https://www.amazon.it/dp/B001002415?tag=offertissimes-21,50.14,66.36,12.2,47.9,"Fai da Te, Bricolage e Giardinaggio",Lampadine LED Smart Dimmerabili Attacco E27/GU10,TP-Link Tapo,B001002415,1,71,85
Valeo Silencio Spazzole Tergicristallo Aerodinamiche Premium Edition Mod. 05 (2585),https://www.amazon.it/dp/B001002585?tag=offertissimes-21,17.15,24.45,12.2,15.35,Auto e Moto (Accessori & Manutenzione),Spazzole Tergicristallo Aerodinamiche,Valeo Silencio,B001002585,1,65,79
Bosch Aerotwin Spazzole Tergicristallo Aerodinamiche Premium Edition Mod. 29 (2609),https://www.amazon.it/dp/B001002609?tag=offertissimes-21,13.68,18.1,12.2,11.99,Auto e Moto (Accessori & Manutenzione),Spazzole Tergicristallo Aerodinamiche,Bosch Aerotwin,B001002609,1,86,80
Fanttik Compressori Portatili Ricaricabili Wireless Premium Edition Mod. 29 (2669),https://www.amazon.it/dp/B001002669?tag=offertissimes-21,30.97,40.29,12.2,27.69,Auto e Moto (Accessori & Manutenzione),Compressori Portatili Ricaricabili Wireless,Fanttik,B001002669,0,419,98
Baseus Aspirapolvere Portatili per Auto ad Alta Potenza Premium Edition Mod. 21 (2691),https://www.amazon.it/dp/B001002691?tag=offertissimes-21,25.88,31.03,12.2,24.63,Auto e Moto (Accessori & Manutenzione),Aspirapolvere Portatili per Auto ad Alta Potenza,Baseus,B001002691,0,422,96
Renpho Pistole Massaggianti Muscolari Portatili Premium Edition Mod. 08 (2784),https://www.amazon.it/dp/B001002784?tag=offertissimes-21,73.78,111.29,12.2,67.89,"Sport, Fitness e Attrezzatura",Pistole Massaggianti Muscolari Portatili,Renpho,B001002784,0,186,98
Manduka Tappetini Yoga Antiscivolo Alta Densità TPE Premium Edition Mod. 31 (2845),https://www.amazon.it/dp/B001002845?tag=offertissimes-21,57.83,90.68,12.2,56.47,"Sport, Fitness e Attrezzatura",Tappetini Yoga Antiscivolo Alta Densità TPE,Manduka,B001002845,0,438,91
Navigator Risme Carta da Stampa A4 80g Scorte 2500ff Premium Edition Mod. 07 (2929),https://www.amazon.it/dp/B001002929?tag=offertissimes-21,41.14,58.1,12.2,35.91,"Cancelleria, Ufficio e Spedizioni",Risme Carta da Stampa A4 80g Scorte 2500ff,Navigator,B001002929,1,60,92
Calvin Klein Boxer Cotone Elasticizzato Multipack (6-10pz) Premium Edition Mod. 25 (3075),https://www.amazon.it/dp/B001003075?tag=offertissimes-21,14.49,21.69,12.2,12.98,Abbigliamento Base e Calzetteria,Boxer Cotone Elasticizzato Multipack (6-10pz),Calvin Klein,B001003075,1,92,94
Danish Endurance Calzini Sportivi Tecnici Traspiranti Multipack Premium Edition Mod. 12 (3095),https://www.amazon.it/dp/B001003095?tag=offertissimes-21,17.04,20.03,12.2,14.91,Abbigliamento Base e Calzetteria,Calzini Sportivi Tecnici Traspiranti Multipack,Danish Endurance,B001003095,1,86,94
Codenames Giochi da Tavolo Compatti & Pocket Virali Premium Edition Mod. 25 (3233),https://www.amazon.it/dp/B001003233?tag=offertissimes-21,24.09,28.8,12.2,21.48,"Giochi, Hobbies e Tempo Libero",Giochi da Tavolo Compatti & Pocket Virali,Codenames,B001003233,0,492,91
LEGO Speed Champions Set Costruzioni Modulari per Adulti Premium Edition Mod. 26 (3262),https://www.amazon.it/dp/B001003262?tag=offertissimes-21,38.28,46.26,12.2,35.36,"Giochi, Hobbies e Tempo Libero",Set Costruzioni Modulari per Adulti,LEGO Speed Champions,B001003262,0,227,100
Speks Fidget Toys & Antistress Magnetici Virali Premium Edition Mod. 21 (3284),https://www.amazon.it/dp/B001003284?tag=offertissimes-21,28.48,36.72,12.2,24.73,"Giochi, Hobbies e Tempo Libero",Fidget Toys & Antistress Magnetici Virali,Speks,B001003284,0,423,100
Curaprox Igiene Orale & Ricambi Spazzolini Premium Edition Mod. 13 (0077),https://www.amazon.it/dp/B001000077?tag=offertissimes-21,30.45,39.98,12.1,28.55,Bellezza e Cura della Persona,Igiene Orale & Ricambi Spazzolini,Curaprox,B001000077,1,30,82
Marvis Igiene Orale & Ricambi Spazzolini Premium Edition Mod. 29 (0093),https://www.amazon.it/dp/B001000093?tag=offertissimes-21,30.57,38.69,12.1,26.43,Bellezza e Cura della Persona,Igiene Orale & Ricambi Spazzolini,Marvis,B001000093,1,53,79
"Derby Rasatura, Lame & Depilazione Premium Edition Mod. 25 (0216)",https://www.amazon.it/dp/B001000216?tag=offertissimes-21,40.58,55.48,12.1,35.12,Bellezza e Cura della Persona,"Rasatura, Lame & Depilazione",Derby,B001000216,1,42,80
Lattafa Profumeria & Fragranze Virali Premium Edition Mod. 22 (0276),https://www.amazon.it/dp/B001000276?tag=offertissimes-21,38.06,46.68,12.1,34.06,Bellezza e Cura della Persona,Profumeria & Fragranze Virali,Lattafa,B001000276,0,401,96
Enervit Elettroliti & Idratazione Senza Zucchero Premium Edition Mod. 25 (0576),https://www.amazon.it/dp/B001000576?tag=offertissimes-21,16.81,19.28,12.1,16.11,"Salute, Igiene e Integratori",Elettroliti & Idratazione Senza Zucchero,Enervit,B001000576,1,40,95
Enervit Elettroliti & Idratazione Senza Zucchero Premium Edition Mod. 30 (0581),https://www.amazon.it/dp/B001000581?tag=offertissimes-21,24.16,38.88,12.1,21.4,"Salute, Igiene e Integratori",Elettroliti & Idratazione Senza Zucchero,Enervit,B001000581,1,40,97
Kimbo Caffè in Grani Specialty 1kg Premium Edition Mod. 04 (0776),https://www.amazon.it/dp/B001000776?tag=offertissimes-21,8.79,13.79,12.1,7.76,"Alimentari, Caffè e Bevande",Caffè in Grani Specialty 1kg,Kimbo,B001000776,1,25,87
Foodspring Alimenti Proteici & Creme Spalmabili Zero Premium Edition Mod. 15 (0891),https://www.amazon.it/dp/B001000891?tag=offertissimes-21,21.97,27.32,12.1,19.58,"Alimentari, Caffè e Bevande",Alimenti Proteici & Creme Spalmabili Zero,Foodspring,B001000891,1,20,95
TAPP Water Filtri Ricambio Caraffe & Depuratori Acqua Premium Edition Mod. 15 (1115),https://www.amazon.it/dp/B001001115?tag=offertissimes-21,22.48,35.23,12.1,21.06,Cura della Casa e Pulizia,Filtri Ricambio Caraffe & Depuratori Acqua,TAPP Water,B001001115,1,67,89
Angelcare Ricariche Mangia-Pannolini Multistrato Premium Edition Mod. 29 (1381),https://www.amazon.it/dp/B001001381?tag=offertissimes-21,64.3,87.4,12.1,57.33,Prima Infanzia e Maternità,Ricariche Mangia-Pannolini Multistrato,Angelcare,B001001381,1,19,92
Purina Dentalife Snack Igiene Dentale Cani Scorte Mensili Premium Edition Mod. 05 (1559),https://www.amazon.it/dp/B001001559?tag=offertissimes-21,12.4,17.63,12.1,11.87,Animali Domestici (Pet Care),Snack Igiene Dentale Cani Scorte Mensili,Purina Dentalife,B001001559,1,25,90
Purina Dentalife Snack Igiene Dentale Cani Scorte Mensili Premium Edition Mod. 20 (1574),https://www.amazon.it/dp/B001001574?tag=offertissimes-21,65.5,77.99,12.1,63.29,Animali Domestici (Pet Care),Snack Igiene Dentale Cani Scorte Mensili,Purina Dentalife,B001001574,1,35,88
Petkit Filtri Ricambio Fontanelle Acqua Gatti Premium Edition Mod. 45 (1646),https://www.amazon.it/dp/B001001646?tag=offertissimes-21,63.09,79.25,12.1,53.81,Animali Domestici (Pet Care),Filtri Ricambio Fontanelle Acqua Gatti,Petkit,B001001646,1,45,87
Aumuca Spazzole Rullo Toglipelo Elettrostatiche Premium Edition Mod. 37 (1685),https://www.amazon.it/dp/B001001685?tag=offertissimes-21,19.83,28.61,12.1,18.45,Animali Domestici (Pet Care),Spazzole Rullo Toglipelo Elettrostatiche,Aumuca,B001001685,0,228,93
JETech Pellicole Salvaschermo Vetro con Dima Installazione Premium Edition Mod. 02 (1796),https://www.amazon.it/dp/B001001796?tag=offertissimes-21,54.08,72.11,12.1,48.99,"Elettronica, Accessori e Gadget Smart",Pellicole Salvaschermo Vetro con Dima Installazione,JETech,B001001796,1,300,89
ESR Pellicole Salvaschermo Vetro con Dima Installazione Premium Edition Mod. 14 (1808),https://www.amazon.it/dp/B001001808?tag=offertissimes-21,41.27,59.02,12.1,38.11,"Elettronica, Accessori e Gadget Smart",Pellicole Salvaschermo Vetro con Dima Installazione,ESR,B001001808,1,128,90
JETech Pellicole Salvaschermo Vetro con Dima Installazione Premium Edition Mod. 32 (1826),https://www.amazon.it/dp/B001001826?tag=offertissimes-21,60.35,72.33,12.1,56.33,"Elettronica, Accessori e Gadget Smart",Pellicole Salvaschermo Vetro con Dima Installazione,JETech,B001001826,1,155,89
amFilm Pellicole Salvaschermo Vetro con Dima Installazione Premium Edition Mod. 46 (1840),https://www.amazon.it/dp/B001001840?tag=offertissimes-21,26.4,33.35,12.1,24.9,"Elettronica, Accessori e Gadget Smart",Pellicole Salvaschermo Vetro con Dima Installazione,amFilm,B001001840,1,164,85
Aukey Caricatori GaN Multi-Porta Compatti Premium Edition Mod. 35 (1883),https://www.amazon.it/dp/B001001883?tag=offertissimes-21,41.45,56.45,12.1,39.1,"Elettronica, Accessori e Gadget Smart",Caricatori GaN Multi-Porta Compatti,Aukey,B001001883,0,184,95
Ugreen Caricatori GaN Multi-Porta Compatti Premium Edition Mod. 39 (1887),https://www.amazon.it/dp/B001001887?tag=offertissimes-21,15.63,17.94,12.1,15.07,"Elettronica, Accessori e Gadget Smart",Caricatori GaN Multi-Porta Compatti,Ugreen,B001001887,0,435,92
Anker Caricatori GaN Multi-Porta Compatti Premium Edition Mod. 46 (1894),https://www.amazon.it/dp/B001001894?tag=offertissimes-21,82.93,117.97,12.1,80.7,"Elettronica, Accessori e Gadget Smart",Caricatori GaN Multi-Porta Compatti,Anker,B001001894,0,198,97
Spigen Supporti Auto Magnetici MagSafe Wireless Premium Edition Mod. 39 (1940),https://www.amazon.it/dp/B001001940?tag=offertissimes-21,35.43,52.61,12.1,33.77,"Elettronica, Accessori e Gadget Smart",Supporti Auto Magnetici MagSafe Wireless,Spigen,B001001940,0,467,95
FoodSaver Sigillatori Sottovuoto & Rotoli Goffrati Premium Edition Mod. 09 (2225),https://www.amazon.it/dp/B001002225?tag=offertissimes-21,47.28,71.01,12.1,46.28,"Casa, Cucina ed Elettrodomestici",Sigillatori Sottovuoto & Rotoli Goffrati,FoodSaver,B001002225,1,342,89
Fanttik Mini Cacciaviti Elettrici di Precisione Virali Premium Edition Mod. 18 (2496),https://www.amazon.it/dp/B001002496?tag=offertissimes-21,62.15,75.17,12.1,59.73,"Fai da Te, Bricolage e Giardinaggio",Mini Cacciaviti Elettrici di Precisione Virali,Fanttik,B001002496,0,390,96
Gardena Sistemi Irrigazione a Goccia Smart per Balconi Premium Edition Mod. 11 (2525),https://www.amazon.it/dp/B001002525?tag=offertissimes-21,64.07,88.95,12.1,59.65,"Fai da Te, Bricolage e Giardinaggio",Sistemi Irrigazione a Goccia Smart per Balconi,Gardena,B001002525,0,435,82
Bosch Aerotwin Spazzole Tergicristallo Aerodinamiche Premium Edition Mod. 06 (2586),https://www.amazon.it/dp/B001002586?tag=offertissimes-21,44.24,69.0,12.1,41.68,Auto e Moto (Accessori & Manutenzione),Spazzole Tergicristallo Aerodinamiche,Bosch Aerotwin,B001002586,1,97,86
Michelin Spazzole Tergicristallo Aerodinamiche Premium Edition Mod. 12 (2592),https://www.amazon.it/dp/B001002592?tag=offertissimes-21,49.7,61.1,12.1,47.49,Auto e Moto (Accessori & Manutenzione),Spazzole Tergicristallo Aerodinamiche,Michelin,B001002592,1,101,85
Valeo Silencio Spazzole Tergicristallo Aerodinamiche Premium Edition Mod. 19 (2599),https://www.amazon.it/dp/B001002599?tag=offertissimes-21,45.83,68.63,12.1,42.3,Auto e Moto (Accessori & Manutenzione),Spazzole Tergicristallo Aerodinamiche,Valeo Silencio,B001002599,1,123,87
Ma-Fra Kit Pulizia & Manutenzione Pelle/Plastiche Auto Premium Edition Mod. 18 (2628),https://www.amazon.it/dp/B001002628?tag=offertissimes-21,62.33,80.07,12.1,58.02,Auto e Moto (Accessori & Manutenzione),Kit Pulizia & Manutenzione Pelle/Plastiche Auto,Ma-Fra,B001002628,1,62,87
Xiaomi Portable Air Pump 2 Compressori Portatili Ricaricabili Wireless Premium Edition Mod. 27 (2667),https://www.amazon.it/dp/B001002667?tag=offertissimes-21,33.64,47.65,12.1,29.35,Auto e Moto (Accessori & Manutenzione),Compressori Portatili Ricaricabili Wireless,Xiaomi Portable Air Pump 2,B001002667,0,192,96
Manduka Tappetini Yoga Antiscivolo Alta Densità TPE Premium Edition Mod. 02 (2816),https://www.amazon.it/dp/B001002816?tag=offertissimes-21,47.5,59.23,12.1,45.36,"Sport, Fitness e Attrezzatura",Tappetini Yoga Antiscivolo Alta Densità TPE,Manduka,B001002816,0,361,83
Aosbos Borse Termiche Pranzo Fit & Portavivande Ermetici Premium Edition Mod. 36 (2888),https://www.amazon.it/dp/B001002888?tag=offertissimes-21,26.59,39.76,12.1,23.04,"Sport, Fitness e Attrezzatura",Borse Termiche Pranzo Fit & Portavivande Ermetici,Aosbos,B001002888,0,351,86
Phomemo Etichette Termiche Adesive Spedizioni 100x150mm Premium Edition Mod. 20 (2974),https://www.amazon.it/dp/B001002974?tag=offertissimes-21,20.28,26.19,12.1,17.27,"Cancelleria, Ufficio e Spedizioni",Etichette Termiche Adesive Spedizioni 100x150mm,Phomemo,B001002974,1,67,83
Stabilo Boss Pastel Evidenziatori Pastello & Penne Gel Cancellabili Premium Edition Mod. 30 (3016),https://www.amazon.it/dp/B001003016?tag=offertissimes-21,26.59,30.5,12.1,25.67,"Cancelleria, Ufficio e Spedizioni",Evidenziatori Pastello & Penne Gel Cancellabili,Stabilo Boss Pastel,B001003016,1,35,91
Kensington Supporti Monitor Ergonomici con Cassetti Premium Edition Mod. 05 (3023),https://www.amazon.it/dp/B001003023?tag=offertissimes-21,33.1,49.95,12.1,31.12,"Cancelleria, Ufficio e Spedizioni",Supporti Monitor Ergonomici con Cassetti,Kensington,B001003023,0,433,90
Titan Shield Bustine Protettive Carte Collezionabili (100-500pz) Premium Edition Mod. 19 (3199),https://www.amazon.it/dp/B001003199?tag=offertissimes-21,27.37,42.16,12.1,26.19,"Giochi, Hobbies e Tempo Libero",Bustine Protettive Carte Collezionabili (100-500pz),Titan Shield,B001003199,1,288,86
Exploding Kittens Giochi da Tavolo Compatti & Pocket Virali Premium Edition Mod. 16 (3224),https://www.amazon.it/dp/B001003224?tag=offertissimes-21,30.05,45.49,12.1,27.21,"Giochi, Hobbies e Tempo Libero",Giochi da Tavolo Compatti & Pocket Virali,Exploding Kittens,B001003224,0,190,91
LEGO Speed Champions Set Costruzioni Modulari per Adulti Premium Edition Mod. 03 (3239),https://www.amazon.it/dp/B001003239?tag=offertissimes-21,22.42,32.1,12.1,20.54,"Giochi, Hobbies e Tempo Libero",Set Costruzioni Modulari per Adulti,LEGO Speed Champions,B001003239,0,407,91
Newton Compton Romanzi Virali BookTok & Romance Trend Premium Edition Mod. 14 (3350),https://www.amazon.it/dp/B001003350?tag=offertissimes-21,19.02,22.78,12.1,16.81,"Libri, Agende e Self-Help",Romanzi Virali BookTok & Romance Trend,Newton Compton,B001003350,0,390,100
The Ordinary Sieri Viso & Trattamenti Anti-Age Premium Edition Mod. 41 (0041),https://www.amazon.it/dp/B001000041?tag=offertissimes-21,25.67,39.85,12.0,23.79,Bellezza e Cura della Persona,Sieri Viso & Trattamenti Anti-Age,The Ordinary,B001000041,1,54,100
Marvis Igiene Orale & Ricambi Spazzolini Premium Edition Mod. 07 (0071),https://www.amazon.it/dp/B001000071?tag=offertissimes-21,16.91,23.68,12.0,15.38,Bellezza e Cura della Persona,Igiene Orale & Ricambi Spazzolini,Marvis,B001000071,1,40,76
Philips Sonicare Igiene Orale & Ricambi Spazzolini Premium Edition Mod. 49 (0113),https://www.amazon.it/dp/B001000113?tag=offertissimes-21,22.05,30.14,12.0,19.28,Bellezza e Cura della Persona,Igiene Orale & Ricambi Spazzolini,Philips Sonicare,B001000113,1,34,81
Afnan Profumeria & Fragranze Virali Premium Edition Mod. 45 (0299),https://www.amazon.it/dp/B001000299?tag=offertissimes-21,40.02,52.23,12.0,36.07,Bellezza e Cura della Persona,Profumeria & Fragranze Virali,Afnan,B001000299,0,531,95
"Swisse Vitamine, Magnesio & Biohacking Sonno Premium Edition Mod. 05 (0499)",https://www.amazon.it/dp/B001000499?tag=offertissimes-21,19.8,26.37,12.0,18.92,"Salute, Igiene e Integratori","Vitamine, Magnesio & Biohacking Sonno",Swisse,B001000499,1,45,79
BlenderBottle Shaker Magnetici & Accessori Virali Gym Premium Edition Mod. 16 (0680),https://www.amazon.it/dp/B001000680?tag=offertissimes-21,30.36,38.24,12.0,25.93,"Salute, Igiene e Integratori",Shaker Magnetici & Accessori Virali Gym,BlenderBottle,B001000680,0,382,85
BPR Nutrition Alimenti Proteici & Creme Spalmabili Zero Premium Edition Mod. 51 (0927),https://www.amazon.it/dp/B001000927?tag=offertissimes-21,31.47,39.58,12.0,28.62,"Alimentari, Caffè e Bevande",Alimenti Proteici & Creme Spalmabili Zero,BPR Nutrition,B001000927,1,22,91
Monin Sciroppi Zero Calorie & Aromi Barista Premium Edition Mod. 26 (0954),https://www.amazon.it/dp/B001000954?tag=offertissimes-21,34.83,48.82,12.0,31.09,"Alimentari, Caffè e Bevande",Sciroppi Zero Calorie & Aromi Barista,Monin,B001000954,0,321,89
Monin Sciroppi Zero Calorie & Aromi Barista Premium Edition Mod. 36 (0964),https://www.amazon.it/dp/B001000964?tag=offertissimes-21,26.32,30.27,12.0,24.25,"Alimentari, Caffè e Bevande",Sciroppi Zero Calorie & Aromi Barista,Monin,B001000964,0,295,86
Fairy Platinum Plus Capsule Lavastoviglie Maxi Box (100-160pz) Premium Edition Mod. 12 (0992),https://www.amazon.it/dp/B001000992?tag=offertissimes-21,14.22,17.09,12.0,12.45,Cura della Casa e Pulizia,Capsule Lavastoviglie Maxi Box (100-160pz),Fairy Platinum Plus,B001000992,1,62,88
Pampers Progressi Pannolini Box Scorta Mensile (120-180pz) Premium Edition Mod. 05 (1285),https://www.amazon.it/dp/B001001285?tag=offertissimes-21,44.44,57.63,12.0,39.62,Prima Infanzia e Maternità,Pannolini Box Scorta Mensile (120-180pz),Pampers Progressi,B001001285,1,20,95
Greenies Snack Igiene Dentale Cani Scorte Mensili Premium Edition Mod. 23 (1577),https://www.amazon.it/dp/B001001577?tag=offertissimes-21,34.42,51.01,12.0,30.98,Animali Domestici (Pet Care),Snack Igiene Dentale Cani Scorte Mensili,Greenies,B001001577,1,25,91
Anker Cavi USB-C Fast Charge 100W/240W Multipack Premium Edition Mod. 03 (1743),https://www.amazon.it/dp/B001001743?tag=offertissimes-21,15.47,18.1,12.0,14.65,"Elettronica, Accessori e Gadget Smart",Cavi USB-C Fast Charge 100W/240W Multipack,Anker,B001001743,1,329,93
Baseus Cavi USB-C Fast Charge 100W/240W Multipack Premium Edition Mod. 28 (1768),https://www.amazon.it/dp/B001001768?tag=offertissimes-21,25.9,38.0,12.0,24.84,"Elettronica, Accessori e Gadget Smart",Cavi USB-C Fast Charge 100W/240W Multipack,Baseus,B001001768,1,140,82
Ugreen Cavi USB-C Fast Charge 100W/240W Multipack Premium Edition Mod. 47 (1787),https://www.amazon.it/dp/B001001787?tag=offertissimes-21,38.29,53.95,12.0,33.02,"Elettronica, Accessori e Gadget Smart",Cavi USB-C Fast Charge 100W/240W Multipack,Ugreen,B001001787,1,184,91
JETech Pellicole Salvaschermo Vetro con Dima Installazione Premium Edition Mod. 07 (1801),https://www.amazon.it/dp/B001001801?tag=offertissimes-21,27.49,41.65,12.0,23.65,"Elettronica, Accessori e Gadget Smart",Pellicole Salvaschermo Vetro con Dima Installazione,JETech,B001001801,1,95,89
Spigen Pellicole Salvaschermo Vetro con Dima Installazione Premium Edition Mod. 33 (1827),https://www.amazon.it/dp/B001001827?tag=offertissimes-21,21.92,26.03,12.0,19.26,"Elettronica, Accessori e Gadget Smart",Pellicole Salvaschermo Vetro con Dima Installazione,Spigen,B001001827,1,206,82
Ugreen Caricatori GaN Multi-Porta Compatti Premium Edition Mod. 23 (1871),https://www.amazon.it/dp/B001001871?tag=offertissimes-21,54.79,67.93,12.0,49.33,"Elettronica, Accessori e Gadget Smart",Caricatori GaN Multi-Porta Compatti,Ugreen,B001001871,0,476,90
Spigen Supporti Auto Magnetici MagSafe Wireless Premium Edition Mod. 08 (1909),https://www.amazon.it/dp/B001001909?tag=offertissimes-21,54.01,83.48,12.0,52.76,"Elettronica, Accessori e Gadget Smart",Supporti Auto Magnetici MagSafe Wireless,Spigen,B001001909,0,349,94
iRobot Roomba Filtri & Ricambi Robot Aspirapolvere Premium Edition Mod. 09 (2069),https://www.amazon.it/dp/B001002069?tag=offertissimes-21,71.78,106.71,12.0,67.43,"Casa, Cucina ed Elettrodomestici",Filtri & Ricambi Robot Aspirapolvere,iRobot Roomba,B001002069,1,203,86
Philips Friggitrici ad Aria a Doppia Resistenza Premium Edition Mod. 51 (2215),https://www.amazon.it/dp/B001002215?tag=offertissimes-21,17.31,25.33,12.0,16.69,"Casa, Cucina ed Elettrodomestici",Friggitrici ad Aria a Doppia Resistenza,Philips,B001002215,0,451,90
KitchenBoss Sigillatori Sottovuoto & Rotoli Goffrati Premium Edition Mod. 26 (2242),https://www.amazon.it/dp/B001002242?tag=offertissimes-21,24.27,29.25,12.0,21.13,"Casa, Cucina ed Elettrodomestici",Sigillatori Sottovuoto & Rotoli Goffrati,KitchenBoss,B001002242,1,134,89
KitchenBoss Sigillatori Sottovuoto & Rotoli Goffrati Premium Edition Mod. 47 (2263),https://www.amazon.it/dp/B001002263?tag=offertissimes-21,57.7,79.04,12.0,49.93,"Casa, Cucina ed Elettrodomestici",Sigillatori Sottovuoto & Rotoli Goffrati,KitchenBoss,B001002263,1,173,85
iDesign Organizer Frigo & Dispensa Trasparenti Acrilico Premium Edition Mod. 28 (2296),https://www.amazon.it/dp/B001002296?tag=offertissimes-21,134.25,155.39,12.0,122.02,"Casa, Cucina ed Elettrodomestici",Organizer Frigo & Dispensa Trasparenti Acrilico,iDesign,B001002296,0,253,97
Panasonic Eneloop Pile Ricaricabili AA / AAA NiMH & Caricatori Smart Premium Edition Mod. 01 (2371),https://www.amazon.it/dp/B001002371?tag=offertissimes-21,23.91,37.59,12.0,22.52,"Fai da Te, Bricolage e Giardinaggio",Pile Ricaricabili AA / AAA NiMH & Caricatori Smart,Panasonic Eneloop,B001002371,1,70,80
Claber Sistemi Irrigazione a Goccia Smart per Balconi Premium Edition Mod. 36 (2550),https://www.amazon.it/dp/B001002550?tag=offertissimes-21,18.85,28.05,12.0,16.33,"Fai da Te, Bricolage e Giardinaggio",Sistemi Irrigazione a Goccia Smart per Balconi,Claber,B001002550,0,417,81
Michelin Spazzole Tergicristallo Aerodinamiche Premium Edition Mod. 23 (2603),https://www.amazon.it/dp/B001002603?tag=offertissimes-21,42.15,48.55,12.0,38.55,Auto e Moto (Accessori & Manutenzione),Spazzole Tergicristallo Aerodinamiche,Michelin,B001002603,1,43,80
Xiaomi Portable Air Pump 2 Compressori Portatili Ricaricabili Wireless Premium Edition Mod. 14 (2654),https://www.amazon.it/dp/B001002654?tag=offertissimes-21,54.86,81.67,12.0,50.26,Auto e Moto (Accessori & Manutenzione),Compressori Portatili Ricaricabili Wireless,Xiaomi Portable Air Pump 2,B001002654,0,235,94
Eufy Aspirapolvere Portatili per Auto ad Alta Potenza Premium Edition Mod. 16 (2686),https://www.amazon.it/dp/B001002686?tag=offertissimes-21,8.04,11.99,12.0,7.54,Auto e Moto (Accessori & Manutenzione),Aspirapolvere Portatili per Auto ad Alta Potenza,Eufy,B001002686,0,313,88
Beast Gear Fasce Elastiche di Resistenza & Loop Bands Tessuto Premium Edition Mod. 04 (2704),https://www.amazon.it/dp/B001002704?tag=offertissimes-21,27.14,32.83,12.0,23.47,"Sport, Fitness e Attrezzatura",Fasce Elastiche di Resistenza & Loop Bands Tessuto,Beast Gear,B001002704,1,74,91
Renpho Pistole Massaggianti Muscolari Portatili Premium Edition Mod. 12 (2788),https://www.amazon.it/dp/B001002788?tag=offertissimes-21,64.74,78.14,12.0,61.28,"Sport, Fitness e Attrezzatura",Pistole Massaggianti Muscolari Portatili,Renpho,B001002788,0,356,93
Theragun Mini Pistole Massaggianti Muscolari Portatili Premium Edition Mod. 30 (2806),https://www.amazon.it/dp/B001002806?tag=offertissimes-21,87.31,110.67,12.0,75.64,"Sport, Fitness e Attrezzatura",Pistole Massaggianti Muscolari Portatili,Theragun Mini,B001002806,0,282,100
Theragun Mini Pistole Massaggianti Muscolari Portatili Premium Edition Mod. 31 (2807),https://www.amazon.it/dp/B001002807?tag=offertissimes-21,88.3,100.77,12.0,78.43,"Sport, Fitness e Attrezzatura",Pistole Massaggianti Muscolari Portatili,Theragun Mini,B001002807,0,280,95
Liforme Tappetini Yoga Antiscivolo Alta Densità TPE Premium Edition Mod. 25 (2839),https://www.amazon.it/dp/B001002839?tag=offertissimes-21,58.06,66.45,12.0,51.19,"Sport, Fitness e Attrezzatura",Tappetini Yoga Antiscivolo Alta Densità TPE,Liforme,B001002839,0,531,85
Navigator Risme Carta da Stampa A4 80g Scorte 2500ff Premium Edition Mod. 18 (2940),https://www.amazon.it/dp/B001002940?tag=offertissimes-21,56.33,73.51,12.0,47.92,"Cancelleria, Ufficio e Spedizioni",Risme Carta da Stampa A4 80g Scorte 2500ff,Navigator,B001002940,1,85,88
Pentel Evidenziatori Pastello & Penne Gel Cancellabili Premium Edition Mod. 15 (3001),https://www.amazon.it/dp/B001003001?tag=offertissimes-21,11.98,15.2,12.0,11.39,"Cancelleria, Ufficio e Spedizioni",Evidenziatori Pastello & Penne Gel Cancellabili,Pentel,B001003001,1,71,94
Under Armour Calzini Sportivi Tecnici Traspiranti Multipack Premium Edition Mod. 24 (3107),https://www.amazon.it/dp/B001003107?tag=offertissimes-21,17.09,21.43,12.0,15.02,Abbigliamento Base e Calzetteria,Calzini Sportivi Tecnici Traspiranti Multipack,Under Armour,B001003107,1,80,91
Ono Roller Fidget Toys & Antistress Magnetici Virali Premium Edition Mod. 05 (3268),https://www.amazon.it/dp/B001003268?tag=offertissimes-21,21.63,33.28,12.0,20.21,"Giochi, Hobbies e Tempo Libero",Fidget Toys & Antistress Magnetici Virali,Ono Roller,B001003268,0,323,90
"Mondadori Bestseller Crescita Personale & Finanza (Atomic Habits, etc.) Premium Edition Mod. 06 (3319)",https://www.amazon.it/dp/B001003319?tag=offertissimes-21,15.71,25.05,12.0,14.75,"Libri, Agende e Self-Help","Bestseller Crescita Personale & Finanza (Atomic Habits, etc.)",Mondadori,B001003319,0,446,90
La Roche-Posay Sieri Viso & Trattamenti Anti-Age Premium Edition Mod. 20 (0020),https://www.amazon.it/dp/B001000020?tag=offertissimes-21,36.74,42.25,11.9,31.62,Bellezza e Cura della Persona,Sieri Viso & Trattamenti Anti-Age,La Roche-Posay,B001000020,1,40,95
Marvis Igiene Orale & Ricambi Spazzolini Premium Edition Mod. 25 (0089),https://www.amazon.it/dp/B001000089?tag=offertissimes-21,21.95,30.08,11.9,19.26,Bellezza e Cura della Persona,Igiene Orale & Ricambi Spazzolini,Marvis,B001000089,1,28,87
Restivoil Cura dei Capelli & Shampoo Trattanti Premium Edition Mod. 05 (0133),https://www.amazon.it/dp/B001000133?tag=offertissimes-21,10.49,13.96,11.9,10.12,Bellezza e Cura della Persona,Cura dei Capelli & Shampoo Trattanti,Restivoil,B001000133,1,40,88
Maybelline Make-Up & Accessori Bellezza Virali Premium Edition Mod. 07 (0324),https://www.amazon.it/dp/B001000324?tag=offertissimes-21,34.88,45.54,11.9,30.56,Bellezza e Cura della Persona,Make-Up & Accessori Bellezza Virali,Maybelline,B001000324,0,269,87
Real Techniques Make-Up & Accessori Bellezza Virali Premium Edition Mod. 23 (0340),https://www.amazon.it/dp/B001000340?tag=offertissimes-21,12.25,15.49,11.9,10.91,Bellezza e Cura della Persona,Make-Up & Accessori Bellezza Virali,Real Techniques,B001000340,0,216,91
Beurer Dispositivi Elettromedicali & Termometri Premium Edition Mod. 36 (0644),https://www.amazon.it/dp/B001000644?tag=offertissimes-21,42.46,66.84,11.9,38.72,"Salute, Igiene e Integratori",Dispositivi Elettromedicali & Termometri,Beurer,B001000644,0,399,73
Omron Dispositivi Elettromedicali & Termometri Premium Edition Mod. 50 (0658),https://www.amazon.it/dp/B001000658?tag=offertissimes-21,44.6,62.74,11.9,39.51,"Salute, Igiene e Integratori",Dispositivi Elettromedicali & Termometri,Omron,B001000658,0,417,75
Pellini Caffè in Grani Specialty 1kg Premium Edition Mod. 12 (0784),https://www.amazon.it/dp/B001000784?tag=offertissimes-21,16.54,22.95,11.9,15.0,"Alimentari, Caffè e Bevande",Caffè in Grani Specialty 1kg,Pellini,B001000784,1,35,90
Matcha Ninja Tè Matcha Cerimoniale Bio & Tisane Premium Edition Mod. 15 (0839),https://www.amazon.it/dp/B001000839?tag=offertissimes-21,33.44,49.13,11.9,30.83,"Alimentari, Caffè e Bevande",Tè Matcha Cerimoniale Bio & Tisane,Matcha Ninja,B001000839,1,30,95
Huggies Pannolini Box Scorta Mensile (120-180pz) Premium Edition Mod. 32 (1312),https://www.amazon.it/dp/B001001312?tag=offertissimes-21,12.59,19.84,11.9,11.12,Prima Infanzia e Maternità,Pannolini Box Scorta Mensile (120-180pz),Huggies,B001001312,1,16,94
Cat's Best Lettiere Gatto Agglomeranti & Silicio 10-20L Premium Edition Mod. 08 (1468),https://www.amazon.it/dp/B001001468?tag=offertissimes-21,57.64,76.38,11.9,51.88,Animali Domestici (Pet Care),Lettiere Gatto Agglomeranti & Silicio 10-20L,Cat's Best,B001001468,1,32,85
Greenies Snack Igiene Dentale Cani Scorte Mensili Premium Edition Mod. 36 (1590),https://www.amazon.it/dp/B001001590?tag=offertissimes-21,32.09,39.38,11.9,27.32,Animali Domestici (Pet Care),Snack Igiene Dentale Cani Scorte Mensili,Greenies,B001001590,1,34,90
Catit Filtri Ricambio Fontanelle Acqua Gatti Premium Edition Mod. 35 (1636),https://www.amazon.it/dp/B001001636?tag=offertissimes-21,31.85,46.22,11.9,28.17,Animali Domestici (Pet Care),Filtri Ricambio Fontanelle Acqua Gatti,Catit,B001001636,1,26,86
Ace2Ace Spazzole Rullo Toglipelo Elettrostatiche Premium Edition Mod. 24 (1672),https://www.amazon.it/dp/B001001672?tag=offertissimes-21,9.43,10.93,11.9,8.38,Animali Domestici (Pet Care),Spazzole Rullo Toglipelo Elettrostatiche,Ace2Ace,B001001672,0,195,100
Meross Prese Smart Wi-Fi Monitoraggio Consumi Premium Edition Mod. 29 (2036),https://www.amazon.it/dp/B001002036?tag=offertissimes-21,41.6,60.97,11.9,39.9,"Elettronica, Accessori e Gadget Smart",Prese Smart Wi-Fi Monitoraggio Consumi,Meross,B001002036,0,399,82
SiliconeMaster Carta Forno Riutilizzabile & Accessori Friggitrice Aria Premium Edition Mod. 27 (2139),https://www.amazon.it/dp/B001002139?tag=offertissimes-21,16.95,25.21,11.9,16.38,"Casa, Cucina ed Elettrodomestici",Carta Forno Riutilizzabile & Accessori Friggitrice Aria,SiliconeMaster,B001002139,1,345,97
SiliconeMaster Carta Forno Riutilizzabile & Accessori Friggitrice Aria Premium Edition Mod. 48 (2160),https://www.amazon.it/dp/B001002160?tag=offertissimes-21,94.12,142.66,11.9,84.63,"Casa, Cucina ed Elettrodomestici",Carta Forno Riutilizzabile & Accessori Friggitrice Aria,SiliconeMaster,B001002160,1,124,89
KitchenBoss Sigillatori Sottovuoto & Rotoli Goffrati Premium Edition Mod. 48 (2264),https://www.amazon.it/dp/B001002264?tag=offertissimes-21,145.2,166.97,11.9,126.37,"Casa, Cucina ed Elettrodomestici",Sigillatori Sottovuoto & Rotoli Goffrati,KitchenBoss,B001002264,1,64,83
Panasonic Eneloop Pile Ricaricabili AA / AAA NiMH & Caricatori Smart Premium Edition Mod. 25 (2395),https://www.amazon.it/dp/B001002395?tag=offertissimes-21,28.77,35.93,11.9,26.94,"Fai da Te, Bricolage e Giardinaggio",Pile Ricaricabili AA / AAA NiMH & Caricatori Smart,Panasonic Eneloop,B001002395,1,107,88
Yankee Candle Car Profumatori Auto Lunga Durata & Ricariche Premium Edition Mod. 19 (2569),https://www.amazon.it/dp/B001002569?tag=offertissimes-21,51.55,78.95,11.9,49.29,Auto e Moto (Accessori & Manutenzione),Profumatori Auto Lunga Durata & Ricariche,Yankee Candle Car,B001002569,1,57,82
Toplus Tappetini Yoga Antiscivolo Alta Densità TPE Premium Edition Mod. 04 (2818),https://www.amazon.it/dp/B001002818?tag=offertissimes-21,33.61,43.61,11.9,32.91,"Sport, Fitness e Attrezzatura",Tappetini Yoga Antiscivolo Alta Densità TPE,Toplus,B001002818,0,399,84
Amazon Basics Risme Carta da Stampa A4 80g Scorte 2500ff Premium Edition Mod. 29 (2951),https://www.amazon.it/dp/B001002951?tag=offertissimes-21,40.87,58.19,11.9,36.58,"Cancelleria, Ufficio e Spedizioni",Risme Carta da Stampa A4 80g Scorte 2500ff,Amazon Basics,B001002951,1,63,82
Danish Endurance Calzini Sportivi Tecnici Traspiranti Multipack Premium Edition Mod. 02 (3085),https://www.amazon.it/dp/B001003085?tag=offertissimes-21,26.4,32.42,11.9,23.62,Abbigliamento Base e Calzetteria,Calzini Sportivi Tecnici Traspiranti Multipack,Danish Endurance,B001003085,1,98,90
Sluban Set Costruzioni Modulari per Adulti Premium Edition Mod. 10 (3246),https://www.amazon.it/dp/B001003246?tag=offertissimes-21,36.22,46.06,11.9,33.61,"Giochi, Hobbies e Tempo Libero",Set Costruzioni Modulari per Adulti,Sluban,B001003246,0,277,95
Mondadori Romanzi Virali BookTok & Romance Trend Premium Edition Mod. 12 (3348),https://www.amazon.it/dp/B001003348?tag=offertissimes-21,12.84,17.33,11.9,11.02,"Libri, Agende e Self-Help",Romanzi Virali BookTok & Romance Trend,Mondadori,B001003348,0,187,100
COSRX Sieri Viso & Trattamenti Anti-Age Premium Edition Mod. 63 (0063),https://www.amazon.it/dp/B001000063?tag=offertissimes-21,47.89,56.31,11.8,46.6,Bellezza e Cura della Persona,Sieri Viso & Trattamenti Anti-Age,COSRX,B001000063,1,60,91
L'Oréal Professionnel Cura dei Capelli & Shampoo Trattanti Premium Edition Mod. 32 (0160),https://www.amazon.it/dp/B001000160?tag=offertissimes-21,35.6,41.02,11.8,31.85,Bellezza e Cura della Persona,Cura dei Capelli & Shampoo Trattanti,L'Oréal Professionnel,B001000160,1,52,84
"Philips OneBlade Rasatura, Lame & Depilazione Premium Edition Mod. 20 (0211)",https://www.amazon.it/dp/B001000211?tag=offertissimes-21,20.92,28.75,11.8,19.86,Bellezza e Cura della Persona,"Rasatura, Lame & Depilazione",Philips OneBlade,B001000211,1,38,80
NamedSport Creatina Monoidrato & Pre-Workout Premium Edition Mod. 27 (0464),https://www.amazon.it/dp/B001000464?tag=offertissimes-21,39.1,50.59,11.8,34.98,"Salute, Igiene e Integratori",Creatina Monoidrato & Pre-Workout,NamedSport,B001000464,1,36,92
NamedSport Creatina Monoidrato & Pre-Workout Premium Edition Mod. 31 (0468),https://www.amazon.it/dp/B001000468?tag=offertissimes-21,50.59,68.55,11.8,46.34,"Salute, Igiene e Integratori",Creatina Monoidrato & Pre-Workout,NamedSport,B001000468,1,20,96
Beurer Dispositivi Elettromedicali & Termometri Premium Edition Mod. 15 (0623),https://www.amazon.it/dp/B001000623?tag=offertissimes-21,35.37,48.59,11.8,31.82,"Salute, Igiene e Integratori",Dispositivi Elettromedicali & Termometri,Beurer,B001000623,0,521,71
Nespresso Cialde & Capsule Caffè Scorte 100-150pz Premium Edition Mod. 42 (0762),https://www.amazon.it/dp/B001000762?tag=offertissimes-21,15.27,19.09,11.8,14.71,"Alimentari, Caffè e Bevande",Cialde & Capsule Caffè Scorte 100-150pz,Nespresso,B001000762,1,31,87
Ariel Pods Detersivi Lavatrice Concentrati & Pods Premium Edition Mod. 47 (1087),https://www.amazon.it/dp/B001001087?tag=offertissimes-21,32.47,38.83,11.8,31.2,Cura della Casa e Pulizia,Detersivi Lavatrice Concentrati & Pods,Ariel Pods,B001001087,1,47,75
Brita Maxtra+ Filtri Ricambio Caraffe & Depuratori Acqua Premium Edition Mod. 41 (1141),https://www.amazon.it/dp/B001001141?tag=offertissimes-21,22.86,27.0,11.8,19.98,Cura della Casa e Pulizia,Filtri Ricambio Caraffe & Depuratori Acqua,Brita Maxtra+,B001001141,1,37,86
Mustela Paste Cambio Protettive Ossido Zinco Premium Edition Mod. 28 (1416),https://www.amazon.it/dp/B001001416?tag=offertissimes-21,62.71,77.5,11.8,55.61,Prima Infanzia e Maternità,Paste Cambio Protettive Ossido Zinco,Mustela,B001001416,1,30,82
Ever Clean Lettiere Gatto Agglomeranti & Silicio 10-20L Premium Edition Mod. 20 (1480),https://www.amazon.it/dp/B001001480?tag=offertissimes-21,33.68,51.5,11.8,31.24,Animali Domestici (Pet Care),Lettiere Gatto Agglomeranti & Silicio 10-20L,Ever Clean,B001001480,1,23,97
Amazon Basics Sacchetti Igienici Cane Biodegradabili (300-600pz) Premium Edition Mod. 40 (1547),https://www.amazon.it/dp/B001001547?tag=offertissimes-21,14.12,16.5,11.8,13.11,Animali Domestici (Pet Care),Sacchetti Igienici Cane Biodegradabili (300-600pz),Amazon Basics,B001001547,1,22,90
Purina Dentalife Snack Igiene Dentale Cani Scorte Mensili Premium Edition Mod. 42 (1596),https://www.amazon.it/dp/B001001596?tag=offertissimes-21,16.07,23.07,11.8,14.03,Animali Domestici (Pet Care),Snack Igiene Dentale Cani Scorte Mensili,Purina Dentalife,B001001596,1,26,89
Aumuca Spazzole Rullo Toglipelo Elettrostatiche Premium Edition Mod. 06 (1654),https://www.amazon.it/dp/B001001654?tag=offertissimes-21,39.7,56.41,11.8,35.52,Animali Domestici (Pet Care),Spazzole Rullo Toglipelo Elettrostatiche,Aumuca,B001001654,0,318,90
Aumuca Spazzole Rullo Toglipelo Elettrostatiche Premium Edition Mod. 10 (1658),https://www.amazon.it/dp/B001001658?tag=offertissimes-21,48.9,77.3,11.8,42.73,Animali Domestici (Pet Care),Spazzole Rullo Toglipelo Elettrostatiche,Aumuca,B001001658,0,476,94
Aumuca Spazzole Rullo Toglipelo Elettrostatiche Premium Edition Mod. 26 (1674),https://www.amazon.it/dp/B001001674?tag=offertissimes-21,14.35,19.76,11.8,13.21,Animali Domestici (Pet Care),Spazzole Rullo Toglipelo Elettrostatiche,Aumuca,B001001674,0,420,98
INIU Cavi USB-C Fast Charge 100W/240W Multipack Premium Edition Mod. 14 (1754),https://www.amazon.it/dp/B001001754?tag=offertissimes-21,57.55,68.09,11.8,54.97,"Elettronica, Accessori e Gadget Smart",Cavi USB-C Fast Charge 100W/240W Multipack,INIU,B001001754,1,140,100
Spigen Supporti Auto Magnetici MagSafe Wireless Premium Edition Mod. 33 (1934),https://www.amazon.it/dp/B001001934?tag=offertissimes-21,38.39,56.29,11.8,32.87,"Elettronica, Accessori e Gadget Smart",Supporti Auto Magnetici MagSafe Wireless,Spigen,B001001934,0,437,99
ESR Supporti Auto Magnetici MagSafe Wireless Premium Edition Mod. 47 (1948),https://www.amazon.it/dp/B001001948?tag=offertissimes-21,53.76,71.34,11.8,49.91,"Elettronica, Accessori e Gadget Smart",Supporti Auto Magnetici MagSafe Wireless,ESR,B001001948,0,322,91
Klearlook Kit Pulizia Multifunzione 7-in-1 Tech Premium Edition Mod. 01 (1955),https://www.amazon.it/dp/B001001955?tag=offertissimes-21,23.85,36.23,11.8,22.48,"Elettronica, Accessori e Gadget Smart",Kit Pulizia Multifunzione 7-in-1 Tech,Klearlook,B001001955,0,216,100
Roborock Filtri & Ricambi Robot Aspirapolvere Premium Edition Mod. 10 (2070),https://www.amazon.it/dp/B001002070?tag=offertissimes-21,35.65,43.14,11.8,34.13,"Casa, Cucina ed Elettrodomestici",Filtri & Ricambi Robot Aspirapolvere,Roborock,B001002070,1,233,88
Dreame Filtri & Ricambi Robot Aspirapolvere Premium Edition Mod. 51 (2111),https://www.amazon.it/dp/B001002111?tag=offertissimes-21,83.29,94.75,11.8,73.71,"Casa, Cucina ed Elettrodomestici",Filtri & Ricambi Robot Aspirapolvere,Dreame,B001002111,1,176,84
KitchenBoss Sigillatori Sottovuoto & Rotoli Goffrati Premium Edition Mod. 03 (2219),https://www.amazon.it/dp/B001002219?tag=offertissimes-21,141.32,167.81,11.8,126.84,"Casa, Cucina ed Elettrodomestici",Sigillatori Sottovuoto & Rotoli Goffrati,KitchenBoss,B001002219,1,336,89
TP-Link Tapo Lampadine LED Smart Dimmerabili Attacco E27/GU10 Premium Edition Mod. 17 (2423),https://www.amazon.it/dp/B001002423?tag=offertissimes-21,9.83,12.25,11.8,9.35,"Fai da Te, Bricolage e Giardinaggio",Lampadine LED Smart Dimmerabili Attacco E27/GU10,TP-Link Tapo,B001002423,1,72,81
Fanttik Mini Cacciaviti Elettrici di Precisione Virali Premium Edition Mod. 01 (2479),https://www.amazon.it/dp/B001002479?tag=offertissimes-21,56.66,90.75,11.8,52.19,"Fai da Te, Bricolage e Giardinaggio",Mini Cacciaviti Elettrici di Precisione Virali,Fanttik,B001002479,0,198,83
Raindrip Sistemi Irrigazione a Goccia Smart per Balconi Premium Edition Mod. 23 (2537),https://www.amazon.it/dp/B001002537?tag=offertissimes-21,48.02,66.6,11.8,46.67,"Fai da Te, Bricolage e Giardinaggio",Sistemi Irrigazione a Goccia Smart per Balconi,Raindrip,B001002537,0,216,76
Little Trees Profumatori Auto Lunga Durata & Ricariche Premium Edition Mod. 24 (2574),https://www.amazon.it/dp/B001002574?tag=offertissimes-21,31.7,43.01,11.8,29.14,Auto e Moto (Accessori & Manutenzione),Profumatori Auto Lunga Durata & Ricariche,Little Trees,B001002574,1,48,81
Woowind Compressori Portatili Ricaricabili Wireless Premium Edition Mod. 24 (2664),https://www.amazon.it/dp/B001002664?tag=offertissimes-21,13.82,17.1,11.8,12.17,Auto e Moto (Accessori & Manutenzione),Compressori Portatili Ricaricabili Wireless,Woowind,B001002664,0,455,98
Gritin Fasce Elastiche di Resistenza & Loop Bands Tessuto Premium Edition Mod. 12 (2712),https://www.amazon.it/dp/B001002712?tag=offertissimes-21,54.13,64.63,11.8,47.19,"Sport, Fitness e Attrezzatura",Fasce Elastiche di Resistenza & Loop Bands Tessuto,Gritin,B001002712,1,70,91
Hypervolt Pistole Massaggianti Muscolari Portatili Premium Edition Mod. 23 (2799),https://www.amazon.it/dp/B001002799?tag=offertissimes-21,40.41,52.44,11.8,34.35,"Sport, Fitness e Attrezzatura",Pistole Massaggianti Muscolari Portatili,Hypervolt,B001002799,0,308,83
Aosbos Borse Termiche Pranzo Fit & Portavivande Ermetici Premium Edition Mod. 17 (2869),https://www.amazon.it/dp/B001002869?tag=offertissimes-21,81.69,104.39,11.8,77.9,"Sport, Fitness e Attrezzatura",Borse Termiche Pranzo Fit & Portavivande Ermetici,Aosbos,B001002869,0,474,89
Tatay Borse Termiche Pranzo Fit & Portavivande Ermetici Premium Edition Mod. 19 (2871),https://www.amazon.it/dp/B001002871?tag=offertissimes-21,76.97,112.15,11.8,66.85,"Sport, Fitness e Attrezzatura",Borse Termiche Pranzo Fit & Portavivande Ermetici,Tatay,B001002871,0,210,88
Lemero Cartucce & Toner Compatibili Multipack Premium Edition Mod. 16 (2906),https://www.amazon.it/dp/B001002906?tag=offertissimes-21,20.7,24.21,11.8,19.96,"Cancelleria, Ufficio e Spedizioni",Cartucce & Toner Compatibili Multipack,Lemero,B001002906,1,72,94
JARBO Cartucce & Toner Compatibili Multipack Premium Edition Mod. 24 (2914),https://www.amazon.it/dp/B001002914?tag=offertissimes-21,35.78,48.15,11.8,31.54,"Cancelleria, Ufficio e Spedizioni",Cartucce & Toner Compatibili Multipack,JARBO,B001002914,1,73,94
Navigator Risme Carta da Stampa A4 80g Scorte 2500ff Premium Edition Mod. 08 (2930),https://www.amazon.it/dp/B001002930?tag=offertissimes-21,46.18,53.88,11.8,42.91,"Cancelleria, Ufficio e Spedizioni",Risme Carta da Stampa A4 80g Scorte 2500ff,Navigator,B001002930,1,41,84
Zebra Etichette Termiche Adesive Spedizioni 100x150mm Premium Edition Mod. 31 (2985),https://www.amazon.it/dp/B001002985?tag=offertissimes-21,24.85,33.78,11.8,23.16,"Cancelleria, Ufficio e Spedizioni",Etichette Termiche Adesive Spedizioni 100x150mm,Zebra,B001002985,1,67,94
Uniqlo style Borse a Tracolla & Marsupi Virali Monospalla Premium Edition Mod. 14 (3162),https://www.amazon.it/dp/B001003162?tag=offertissimes-21,19.19,25.8,11.8,18.61,Abbigliamento Base e Calzetteria,Borse a Tracolla & Marsupi Virali Monospalla,Uniqlo style,B001003162,0,539,87
Infinity Cube Fidget Toys & Antistress Magnetici Virali Premium Edition Mod. 01 (3264),https://www.amazon.it/dp/B001003264?tag=offertissimes-21,13.05,16.33,11.8,11.97,"Giochi, Hobbies e Tempo Libero",Fidget Toys & Antistress Magnetici Virali,Infinity Cube,B001003264,0,202,96
The Ordinary Sieri Viso & Trattamenti Anti-Age Premium Edition Mod. 05 (0005),https://www.amazon.it/dp/B001000005?tag=offertissimes-21,34.29,48.83,11.7,29.46,Bellezza e Cura della Persona,Sieri Viso & Trattamenti Anti-Age,The Ordinary,B001000005,1,48,90
L'Oréal Professionnel Cura dei Capelli & Shampoo Trattanti Premium Edition Mod. 48 (0176),https://www.amazon.it/dp/B001000176?tag=offertissimes-21,13.14,15.64,11.7,12.38,Bellezza e Cura della Persona,Cura dei Capelli & Shampoo Trattanti,L'Oréal Professionnel,B001000176,1,29,88
Armaf Profumeria & Fragranze Virali Premium Edition Mod. 08 (0262),https://www.amazon.it/dp/B001000262?tag=offertissimes-21,26.75,37.36,11.7,23.35,Bellezza e Cura della Persona,Profumeria & Fragranze Virali,Armaf,B001000262,0,221,98
Armaf Profumeria & Fragranze Virali Premium Edition Mod. 32 (0286),https://www.amazon.it/dp/B001000286?tag=offertissimes-21,52.92,63.47,11.7,48.71,Bellezza e Cura della Persona,Profumeria & Fragranze Virali,Armaf,B001000286,0,512,89
Optimum Nutrition Proteine & Aminoacidi Sportivi Premium Edition Mod. 07 (0387),https://www.amazon.it/dp/B001000387?tag=offertissimes-21,40.85,55.58,11.7,37.46,"Salute, Igiene e Integratori",Proteine & Aminoacidi Sportivi,Optimum Nutrition,B001000387,1,27,87
WeightWorld Creatina Monoidrato & Pre-Workout Premium Edition Mod. 15 (0452),https://www.amazon.it/dp/B001000452?tag=offertissimes-21,30.72,36.38,11.7,28.99,"Salute, Igiene e Integratori",Creatina Monoidrato & Pre-Workout,WeightWorld,B001000452,1,25,94
Liquid I.V. Elettroliti & Idratazione Senza Zucchero Premium Edition Mod. 03 (0554),https://www.amazon.it/dp/B001000554?tag=offertissimes-21,34.54,43.24,11.7,30.89,"Salute, Igiene e Integratori",Elettroliti & Idratazione Senza Zucchero,Liquid I.V.,B001000554,1,22,95
Caffè Toraldo Cialde & Capsule Caffè Scorte 100-150pz Premium Edition Mod. 20 (0740),https://www.amazon.it/dp/B001000740?tag=offertissimes-21,32.6,44.67,11.7,28.26,"Alimentari, Caffè e Bevande",Cialde & Capsule Caffè Scorte 100-150pz,Caffè Toraldo,B001000740,1,19,93
Foodspring Alimenti Proteici & Creme Spalmabili Zero Premium Edition Mod. 13 (0889),https://www.amazon.it/dp/B001000889?tag=offertissimes-21,27.32,41.09,11.7,25.31,"Alimentari, Caffè e Bevande",Alimenti Proteici & Creme Spalmabili Zero,Foodspring,B001000889,1,25,95
The Pink Stuff Pulitori Miracolosi Virali & Spugne Premium Edition Mod. 04 (1164),https://www.amazon.it/dp/B001001164?tag=offertissimes-21,15.18,18.13,11.7,14.37,Cura della Casa e Pulizia,Pulitori Miracolosi Virali & Spugne,The Pink Stuff,B001001164,0,195,98
Lillydoo Pannolini Box Scorta Mensile (120-180pz) Premium Edition Mod. 01 (1281),https://www.amazon.it/dp/B001001281?tag=offertissimes-21,56.65,79.99,11.7,53.01,Prima Infanzia e Maternità,Pannolini Box Scorta Mensile (120-180pz),Lillydoo,B001001281,1,20,98
WaterWipes Salviette Umidificate All'Acqua 99% Premium Edition Mod. 21 (1337),https://www.amazon.it/dp/B001001337?tag=offertissimes-21,38.29,60.19,11.7,32.79,Prima Infanzia e Maternità,Salviette Umidificate All'Acqua 99%,WaterWipes,B001001337,1,26,88
WaterWipes Salviette Umidificate All'Acqua 99% Premium Edition Mod. 31 (1347),https://www.amazon.it/dp/B001001347?tag=offertissimes-21,22.05,34.43,11.7,21.03,Prima Infanzia e Maternità,Salviette Umidificate All'Acqua 99%,WaterWipes,B001001347,1,24,92
Weleda Paste Cambio Protettive Ossido Zinco Premium Edition Mod. 31 (1419),https://www.amazon.it/dp/B001001419?tag=offertissimes-21,68.14,89.04,11.7,58.89,Prima Infanzia e Maternità,Paste Cambio Protettive Ossido Zinco,Weleda,B001001419,1,23,76
Pedigree Dentastix Snack Igiene Dentale Cani Scorte Mensili Premium Edition Mod. 09 (1563),https://www.amazon.it/dp/B001001563?tag=offertissimes-21,63.92,76.02,11.7,57.13,Animali Domestici (Pet Care),Snack Igiene Dentale Cani Scorte Mensili,Pedigree Dentastix,B001001563,1,43,89
INIU Cavi USB-C Fast Charge 100W/240W Multipack Premium Edition Mod. 52 (1792),https://www.amazon.it/dp/B001001792?tag=offertissimes-21,90.88,115.94,11.7,80.16,"Elettronica, Accessori e Gadget Smart",Cavi USB-C Fast Charge 100W/240W Multipack,INIU,B001001792,1,289,86
Spigen Pellicole Salvaschermo Vetro con Dima Installazione Premium Edition Mod. 18 (1812),https://www.amazon.it/dp/B001001812?tag=offertissimes-21,45.76,72.71,11.7,39.12,"Elettronica, Accessori e Gadget Smart",Pellicole Salvaschermo Vetro con Dima Installazione,Spigen,B001001812,1,212,95
Lamicall Supporti Auto Magnetici MagSafe Wireless Premium Edition Mod. 03 (1904),https://www.amazon.it/dp/B001001904?tag=offertissimes-21,18.55,26.89,11.7,16.13,"Elettronica, Accessori e Gadget Smart",Supporti Auto Magnetici MagSafe Wireless,Lamicall,B001001904,0,189,100
Shelly Prese Smart Wi-Fi Monitoraggio Consumi Premium Edition Mod. 26 (2033),https://www.amazon.it/dp/B001002033?tag=offertissimes-21,87.79,113.99,11.7,84.97,"Elettronica, Accessori e Gadget Smart",Prese Smart Wi-Fi Monitoraggio Consumi,Shelly,B001002033,0,398,85
Shelly Prese Smart Wi-Fi Monitoraggio Consumi Premium Edition Mod. 33 (2040),https://www.amazon.it/dp/B001002040?tag=offertissimes-21,72.35,83.43,11.7,62.28,"Elettronica, Accessori e Gadget Smart",Prese Smart Wi-Fi Monitoraggio Consumi,Shelly,B001002040,0,403,87
Dreame Filtri & Ricambi Robot Aspirapolvere Premium Edition Mod. 20 (2080),https://www.amazon.it/dp/B001002080?tag=offertissimes-21,131.58,158.52,11.7,126.2,"Casa, Cucina ed Elettrodomestici",Filtri & Ricambi Robot Aspirapolvere,Dreame,B001002080,1,317,90
AirFryer Pro Carta Forno Riutilizzabile & Accessori Friggitrice Aria Premium Edition Mod. 17 (2129),https://www.amazon.it/dp/B001002129?tag=offertissimes-21,51.63,68.26,11.7,45.59,"Casa, Cucina ed Elettrodomestici",Carta Forno Riutilizzabile & Accessori Friggitrice Aria,AirFryer Pro,B001002129,1,218,95
Nespresso Aeroccino Montalatte Elettrici a Induzione Virali Premium Edition Mod. 05 (2324),https://www.amazon.it/dp/B001002324?tag=offertissimes-21,34.07,52.26,11.7,31.96,"Casa, Cucina ed Elettrodomestici",Montalatte Elettrici a Induzione Virali,Nespresso Aeroccino,B001002324,0,193,88
Tesa Nastri Adesivi Gorilla & Sigillanti Impermeabilizzanti Premium Edition Mod. 07 (2449),https://www.amazon.it/dp/B001002449?tag=offertissimes-21,22.69,34.86,11.7,20.69,"Fai da Te, Bricolage e Giardinaggio",Nastri Adesivi Gorilla & Sigillanti Impermeabilizzanti,Tesa,B001002449,1,59,77
Baseus Aspirapolvere Portatili per Auto ad Alta Potenza Premium Edition Mod. 20 (2690),https://www.amazon.it/dp/B001002690?tag=offertissimes-21,29.96,44.83,11.7,27.37,Auto e Moto (Accessori & Manutenzione),Aspirapolvere Portatili per Auto ad Alta Potenza,Baseus,B001002690,0,347,89
Baseus Aspirapolvere Portatili per Auto ad Alta Potenza Premium Edition Mod. 26 (2696),https://www.amazon.it/dp/B001002696?tag=offertissimes-21,61.54,85.07,11.7,58.59,Auto e Moto (Accessori & Manutenzione),Aspirapolvere Portatili per Auto ad Alta Potenza,Baseus,B001002696,0,432,87
Tatay Borse Termiche Pranzo Fit & Portavivande Ermetici Premium Edition Mod. 08 (2860),https://www.amazon.it/dp/B001002860?tag=offertissimes-21,41.99,64.57,11.7,38.03,"Sport, Fitness e Attrezzatura",Borse Termiche Pranzo Fit & Portavivande Ermetici,Tatay,B001002860,0,525,83
Prestige Cartridge Cartucce & Toner Compatibili Multipack Premium Edition Mod. 17 (2907),https://www.amazon.it/dp/B001002907?tag=offertissimes-21,36.62,58.24,11.7,35.21,"Cancelleria, Ufficio e Spedizioni",Cartucce & Toner Compatibili Multipack,Prestige Cartridge,B001002907,1,82,81
Phomemo Etichette Termiche Adesive Spedizioni 100x150mm Premium Edition Mod. 25 (2979),https://www.amazon.it/dp/B001002979?tag=offertissimes-21,19.97,27.94,11.7,19.01,"Cancelleria, Ufficio e Spedizioni",Etichette Termiche Adesive Spedizioni 100x150mm,Phomemo,B001002979,1,85,88
Titan Shield Bustine Protettive Carte Collezionabili (100-500pz) Premium Edition Mod. 03 (3183),https://www.amazon.it/dp/B001003183?tag=offertissimes-21,28.33,37.19,11.7,25.04,"Giochi, Hobbies e Tempo Libero",Bustine Protettive Carte Collezionabili (100-500pz),Titan Shield,B001003183,1,193,85
LEGO Speed Champions Set Costruzioni Modulari per Adulti Premium Edition Mod. 02 (3238),https://www.amazon.it/dp/B001003238?tag=offertissimes-21,11.55,14.74,11.7,11.09,"Giochi, Hobbies e Tempo Libero",Set Costruzioni Modulari per Adulti,LEGO Speed Champions,B001003238,0,190,91
Speks Fidget Toys & Antistress Magnetici Virali Premium Edition Mod. 06 (3269),https://www.amazon.it/dp/B001003269?tag=offertissimes-21,37.21,52.07,11.7,35.65,"Giochi, Hobbies e Tempo Libero",Fidget Toys & Antistress Magnetici Virali,Speks,B001003269,0,400,93
Florence Bio Sieri Viso & Trattamenti Anti-Age Premium Edition Mod. 10 (0010),https://www.amazon.it/dp/B001000010?tag=offertissimes-21,38.93,52.05,11.6,33.63,Bellezza e Cura della Persona,Sieri Viso & Trattamenti Anti-Age,Florence Bio,B001000010,1,57,92
L'Oréal Professionnel Cura dei Capelli & Shampoo Trattanti Premium Edition Mod. 10 (0138),https://www.amazon.it/dp/B001000138?tag=offertissimes-21,35.52,42.5,11.6,33.1,Bellezza e Cura della Persona,Cura dei Capelli & Shampoo Trattanti,L'Oréal Professionnel,B001000138,1,28,88
Lattafa Profumeria & Fragranze Virali Premium Edition Mod. 14 (0268),https://www.amazon.it/dp/B001000268?tag=offertissimes-21,28.85,33.79,11.6,26.47,Bellezza e Cura della Persona,Profumeria & Fragranze Virali,Lattafa,B001000268,0,334,95
Optimum Nutrition Proteine & Aminoacidi Sportivi Premium Edition Mod. 45 (0425),https://www.amazon.it/dp/B001000425?tag=offertissimes-21,11.11,17.85,11.6,10.61,"Salute, Igiene e Integratori",Proteine & Aminoacidi Sportivi,Optimum Nutrition,B001000425,1,40,88
Creapure Creatina Monoidrato & Pre-Workout Premium Edition Mod. 20 (0457),https://www.amazon.it/dp/B001000457?tag=offertissimes-21,44.77,53.81,11.6,43.13,"Salute, Igiene e Integratori",Creatina Monoidrato & Pre-Workout,Creapure,B001000457,1,34,90
"Solgar Vitamine, Magnesio & Biohacking Sonno Premium Edition Mod. 22 (0516)",https://www.amazon.it/dp/B001000516?tag=offertissimes-21,43.1,67.34,11.6,40.26,"Salute, Igiene e Integratori","Vitamine, Magnesio & Biohacking Sonno",Solgar,B001000516,1,20,86
"Solgar Vitamine, Magnesio & Biohacking Sonno Premium Edition Mod. 38 (0532)",https://www.amazon.it/dp/B001000532?tag=offertissimes-21,44.4,52.88,11.6,40.6,"Salute, Igiene e Integratori","Vitamine, Magnesio & Biohacking Sonno",Solgar,B001000532,1,40,82
SiS Science in Sport Elettroliti & Idratazione Senza Zucchero Premium Edition Mod. 44 (0595),https://www.amazon.it/dp/B001000595?tag=offertissimes-21,18.17,24.46,11.6,17.33,"Salute, Igiene e Integratori",Elettroliti & Idratazione Senza Zucchero,SiS Science in Sport,B001000595,1,27,86
Jordan's Skinny Sciroppi Zero Calorie & Aromi Barista Premium Edition Mod. 29 (0957),https://www.amazon.it/dp/B001000957?tag=offertissimes-21,21.28,33.49,11.6,20.34,"Alimentari, Caffè e Bevande",Sciroppi Zero Calorie & Aromi Barista,Jordan's Skinny,B001000957,0,405,91
Jordan's Skinny Sciroppi Zero Calorie & Aromi Barista Premium Edition Mod. 48 (0976),https://www.amazon.it/dp/B001000976?tag=offertissimes-21,29.68,47.0,11.6,25.96,"Alimentari, Caffè e Bevande",Sciroppi Zero Calorie & Aromi Barista,Jordan's Skinny,B001000976,0,371,87
Fairy Platinum Plus Capsule Lavastoviglie Maxi Box (100-160pz) Premium Edition Mod. 07 (0987),https://www.amazon.it/dp/B001000987?tag=offertissimes-21,42.59,56.55,11.6,39.52,Cura della Casa e Pulizia,Capsule Lavastoviglie Maxi Box (100-160pz),Fairy Platinum Plus,B001000987,1,54,88
Fairy Platinum Plus Capsule Lavastoviglie Maxi Box (100-160pz) Premium Edition Mod. 22 (1002),https://www.amazon.it/dp/B001001002?tag=offertissimes-21,31.17,45.73,11.6,28.64,Cura della Casa e Pulizia,Capsule Lavastoviglie Maxi Box (100-160pz),Fairy Platinum Plus,B001001002,1,50,100
Pampers Baby Dry Pannolini Box Scorta Mensile (120-180pz) Premium Edition Mod. 36 (1316),https://www.amazon.it/dp/B001001316?tag=offertissimes-21,53.15,70.94,11.6,46.18,Prima Infanzia e Maternità,Pannolini Box Scorta Mensile (120-180pz),Pampers Baby Dry,B001001316,1,25,95
WaterWipes Salviette Umidificate All'Acqua 99% Premium Edition Mod. 03 (1319),https://www.amazon.it/dp/B001001319?tag=offertissimes-21,26.99,36.48,11.6,24.3,Prima Infanzia e Maternità,Salviette Umidificate All'Acqua 99%,WaterWipes,B001001319,1,29,93
Dreamegg Gadget Virali Sonno Neonato (White Noise) Premium Edition Mod. 17 (1441),https://www.amazon.it/dp/B001001441?tag=offertissimes-21,72.14,85.89,11.6,67.67,Prima Infanzia e Maternità,Gadget Virali Sonno Neonato (White Noise),Dreamegg,B001001441,0,507,86
Sanicat Lettiere Gatto Agglomeranti & Silicio 10-20L Premium Edition Mod. 37 (1497),https://www.amazon.it/dp/B001001497?tag=offertissimes-21,37.39,51.19,11.6,36.1,Animali Domestici (Pet Care),Lettiere Gatto Agglomeranti & Silicio 10-20L,Sanicat,B001001497,1,27,89
Catit Filtri Ricambio Fontanelle Acqua Gatti Premium Edition Mod. 12 (1613),https://www.amazon.it/dp/B001001613?tag=offertissimes-21,14.1,17.04,11.6,12.81,Animali Domestici (Pet Care),Filtri Ricambio Fontanelle Acqua Gatti,Catit,B001001613,1,39,87
Spigen Pellicole Salvaschermo Vetro con Dima Installazione Premium Edition Mod. 54 (1848),https://www.amazon.it/dp/B001001848?tag=offertissimes-21,22.21,28.99,11.6,20.61,"Elettronica, Accessori e Gadget Smart",Pellicole Salvaschermo Vetro con Dima Installazione,Spigen,B001001848,1,196,89
Shelly Prese Smart Wi-Fi Monitoraggio Consumi Premium Edition Mod. 18 (2025),https://www.amazon.it/dp/B001002025?tag=offertissimes-21,30.36,35.48,11.6,27.34,"Elettronica, Accessori e Gadget Smart",Prese Smart Wi-Fi Monitoraggio Consumi,Shelly,B001002025,0,403,84
Meross Prese Smart Wi-Fi Monitoraggio Consumi Premium Edition Mod. 36 (2043),https://www.amazon.it/dp/B001002043?tag=offertissimes-21,38.99,55.79,11.6,37.16,"Elettronica, Accessori e Gadget Smart",Prese Smart Wi-Fi Monitoraggio Consumi,Meross,B001002043,0,204,84
AirFryer Pro Carta Forno Riutilizzabile & Accessori Friggitrice Aria Premium Edition Mod. 03 (2115),https://www.amazon.it/dp/B001002115?tag=offertissimes-21,51.73,62.31,11.6,46.03,"Casa, Cucina ed Elettrodomestici",Carta Forno Riutilizzabile & Accessori Friggitrice Aria,AirFryer Pro,B001002115,1,296,84
Cecotec Friggitrici ad Aria a Doppia Resistenza Premium Edition Mod. 22 (2186),https://www.amazon.it/dp/B001002186?tag=offertissimes-21,30.64,39.28,11.6,28.59,"Casa, Cucina ed Elettrodomestici",Friggitrici ad Aria a Doppia Resistenza,Cecotec,B001002186,0,327,96
iDesign Organizer Frigo & Dispensa Trasparenti Acrilico Premium Edition Mod. 08 (2276),https://www.amazon.it/dp/B001002276?tag=offertissimes-21,22.26,31.85,11.6,19.79,"Casa, Cucina ed Elettrodomestici",Organizer Frigo & Dispensa Trasparenti Acrilico,iDesign,B001002276,0,393,95
Bostik Nastri Adesivi Gorilla & Sigillanti Impermeabilizzanti Premium Edition Mod. 15 (2457),https://www.amazon.it/dp/B001002457?tag=offertissimes-21,34.17,49.77,11.6,30.49,"Fai da Te, Bricolage e Giardinaggio",Nastri Adesivi Gorilla & Sigillanti Impermeabilizzanti,Bostik,B001002457,1,77,86
Tesa Nastri Adesivi Gorilla & Sigillanti Impermeabilizzanti Premium Edition Mod. 16 (2458),https://www.amazon.it/dp/B001002458?tag=offertissimes-21,25.39,30.66,11.6,22.2,"Fai da Te, Bricolage e Giardinaggio",Nastri Adesivi Gorilla & Sigillanti Impermeabilizzanti,Tesa,B001002458,1,120,95
Gorilla Glue Nastri Adesivi Gorilla & Sigillanti Impermeabilizzanti Premium Edition Mod. 19 (2461),https://www.amazon.it/dp/B001002461?tag=offertissimes-21,22.04,25.95,11.6,21.22,"Fai da Te, Bricolage e Giardinaggio",Nastri Adesivi Gorilla & Sigillanti Impermeabilizzanti,Gorilla Glue,B001002461,1,68,84
HOTO Mini Cacciaviti Elettrici di Precisione Virali Premium Edition Mod. 17 (2495),https://www.amazon.it/dp/B001002495?tag=offertissimes-21,70.09,87.95,11.6,64.53,"Fai da Te, Bricolage e Giardinaggio",Mini Cacciaviti Elettrici di Precisione Virali,HOTO,B001002495,0,231,93
JARBO Cartucce & Toner Compatibili Multipack Premium Edition Mod. 19 (2909),https://www.amazon.it/dp/B001002909?tag=offertissimes-21,34.4,45.38,11.6,31.37,"Cancelleria, Ufficio e Spedizioni",Cartucce & Toner Compatibili Multipack,JARBO,B001002909,1,55,90
Nike Calzini Sportivi Tecnici Traspiranti Multipack Premium Edition Mod. 19 (3102),https://www.amazon.it/dp/B001003102?tag=offertissimes-21,18.71,27.0,11.6,16.49,Abbigliamento Base e Calzetteria,Calzini Sportivi Tecnici Traspiranti Multipack,Nike,B001003102,1,84,98
Fjällräven Borse a Tracolla & Marsupi Virali Monospalla Premium Edition Mod. 28 (3176),https://www.amazon.it/dp/B001003176?tag=offertissimes-21,45.37,52.26,11.6,41.2,Abbigliamento Base e Calzetteria,Borse a Tracolla & Marsupi Virali Monospalla,Fjällräven,B001003176,0,471,89
Taco Gatto Capra Giochi da Tavolo Compatti & Pocket Virali Premium Edition Mod. 18 (3226),https://www.amazon.it/dp/B001003226?tag=offertissimes-21,12.21,19.68,11.6,10.4,"Giochi, Hobbies e Tempo Libero",Giochi da Tavolo Compatti & Pocket Virali,Taco Gatto Capra,B001003226,0,463,95
Philips Sonicare Igiene Orale & Ricambi Spazzolini Premium Edition Mod. 26 (0090),https://www.amazon.it/dp/B001000090?tag=offertissimes-21,35.41,56.51,11.5,33.87,Bellezza e Cura della Persona,Igiene Orale & Ricambi Spazzolini,Philips Sonicare,B001000090,1,52,80
Curaprox Igiene Orale & Ricambi Spazzolini Premium Edition Mod. 36 (0100),https://www.amazon.it/dp/B001000100?tag=offertissimes-21,10.07,15.36,11.5,9.68,Bellezza e Cura della Persona,Igiene Orale & Ricambi Spazzolini,Curaprox,B001000100,1,43,77
L'Oréal Professionnel Cura dei Capelli & Shampoo Trattanti Premium Edition Mod. 11 (0139),https://www.amazon.it/dp/B001000139?tag=offertissimes-21,27.59,33.36,11.5,25.25,Bellezza e Cura della Persona,Cura dei Capelli & Shampoo Trattanti,L'Oréal Professionnel,B001000139,1,26,84
Maybelline Make-Up & Accessori Bellezza Virali Premium Edition Mod. 17 (0334),https://www.amazon.it/dp/B001000334?tag=offertissimes-21,16.43,22.54,11.5,14.66,Bellezza e Cura della Persona,Make-Up & Accessori Bellezza Virali,Maybelline,B001000334,0,525,91
Real Techniques Make-Up & Accessori Bellezza Virali Premium Edition Mod. 30 (0347),https://www.amazon.it/dp/B001000347?tag=offertissimes-21,33.36,44.74,11.5,31.83,Bellezza e Cura della Persona,Make-Up & Accessori Bellezza Virali,Real Techniques,B001000347,0,373,92
Real Techniques Make-Up & Accessori Bellezza Virali Premium Edition Mod. 41 (0358),https://www.amazon.it/dp/B001000358?tag=offertissimes-21,29.51,39.31,11.5,27.2,Bellezza e Cura della Persona,Make-Up & Accessori Bellezza Virali,Real Techniques,B001000358,0,277,87
MyProtein Proteine & Aminoacidi Sportivi Premium Edition Mod. 13 (0393),https://www.amazon.it/dp/B001000393?tag=offertissimes-21,39.29,48.13,11.5,36.19,"Salute, Igiene e Integratori",Proteine & Aminoacidi Sportivi,MyProtein,B001000393,1,34,89
Foodspring Proteine & Aminoacidi Sportivi Premium Edition Mod. 16 (0396),https://www.amazon.it/dp/B001000396?tag=offertissimes-21,32.78,44.09,11.5,30.83,"Salute, Igiene e Integratori",Proteine & Aminoacidi Sportivi,Foodspring,B001000396,1,30,87
WeightWorld Creatina Monoidrato & Pre-Workout Premium Edition Mod. 10 (0447),https://www.amazon.it/dp/B001000447?tag=offertissimes-21,38.55,53.18,11.5,36.36,"Salute, Igiene e Integratori",Creatina Monoidrato & Pre-Workout,WeightWorld,B001000447,1,33,93
"Gloryfeel Vitamine, Magnesio & Biohacking Sonno Premium Edition Mod. 46 (0540)",https://www.amazon.it/dp/B001000540?tag=offertissimes-21,31.58,41.91,11.5,29.27,"Salute, Igiene e Integratori","Vitamine, Magnesio & Biohacking Sonno",Gloryfeel,B001000540,1,21,93
Borbone Cialde & Capsule Caffè Scorte 100-150pz Premium Edition Mod. 16 (0736),https://www.amazon.it/dp/B001000736?tag=offertissimes-21,38.27,44.86,11.5,35.76,"Alimentari, Caffè e Bevande",Cialde & Capsule Caffè Scorte 100-150pz,Borbone,B001000736,1,20,91
Kimbo Caffè in Grani Specialty 1kg Premium Edition Mod. 24 (0796),https://www.amazon.it/dp/B001000796?tag=offertissimes-21,27.75,33.96,11.5,25.46,"Alimentari, Caffè e Bevande",Caffè in Grani Specialty 1kg,Kimbo,B001000796,1,20,85
Illy Caffè in Grani Specialty 1kg Premium Edition Mod. 26 (0798),https://www.amazon.it/dp/B001000798?tag=offertissimes-21,32.85,51.89,11.5,30.48,"Alimentari, Caffè e Bevande",Caffè in Grani Specialty 1kg,Illy,B001000798,1,29,84
Scrub Mommy Pulitori Miracolosi Virali & Spugne Premium Edition Mod. 12 (1172),https://www.amazon.it/dp/B001001172?tag=offertissimes-21,18.86,21.86,11.5,17.74,Cura della Casa e Pulizia,Pulitori Miracolosi Virali & Spugne,Scrub Mommy,B001001172,0,304,86
Scrub Mommy Pulitori Miracolosi Virali & Spugne Premium Edition Mod. 42 (1202),https://www.amazon.it/dp/B001001202?tag=offertissimes-21,14.03,16.26,11.5,12.89,Cura della Casa e Pulizia,Pulitori Miracolosi Virali & Spugne,Scrub Mommy,B001001202,0,193,93
E-Cloth Panni Microfibra Alta Densità & Swiffer Ricambi Premium Edition Mod. 26 (1246),https://www.amazon.it/dp/B001001246?tag=offertissimes-21,16.64,22.79,11.5,15.37,Cura della Casa e Pulizia,Panni Microfibra Alta Densità & Swiffer Ricambi,E-Cloth,B001001246,1,41,81
Chicco Salviette Umidificate All'Acqua 99% Premium Edition Mod. 24 (1340),https://www.amazon.it/dp/B001001340?tag=offertissimes-21,17.76,24.3,11.5,17.35,Prima Infanzia e Maternità,Salviette Umidificate All'Acqua 99%,Chicco,B001001340,1,16,83
Angelcare Ricariche Mangia-Pannolini Multistrato Premium Edition Mod. 04 (1356),https://www.amazon.it/dp/B001001356?tag=offertissimes-21,55.08,88.49,11.5,49.23,Prima Infanzia e Maternità,Ricariche Mangia-Pannolini Multistrato,Angelcare,B001001356,1,18,82
Greenies Snack Igiene Dentale Cani Scorte Mensili Premium Edition Mod. 26 (1580),https://www.amazon.it/dp/B001001580?tag=offertissimes-21,48.25,69.2,11.5,45.37,Animali Domestici (Pet Care),Snack Igiene Dentale Cani Scorte Mensili,Greenies,B001001580,1,29,84
Petkit Filtri Ricambio Fontanelle Acqua Gatti Premium Edition Mod. 32 (1633),https://www.amazon.it/dp/B001001633?tag=offertissimes-21,52.69,79.51,11.5,48.17,Animali Domestici (Pet Care),Filtri Ricambio Fontanelle Acqua Gatti,Petkit,B001001633,1,23,82
JETech Pellicole Salvaschermo Vetro con Dima Installazione Premium Edition Mod. 21 (1815),https://www.amazon.it/dp/B001001815?tag=offertissimes-21,64.84,89.04,11.5,60.15,"Elettronica, Accessori e Gadget Smart",Pellicole Salvaschermo Vetro con Dima Installazione,JETech,B001001815,1,339,87
Klearlook Kit Pulizia Multifunzione 7-in-1 Tech Premium Edition Mod. 39 (1993),https://www.amazon.it/dp/B001001993?tag=offertissimes-21,61.07,97.12,11.5,58.73,"Elettronica, Accessori e Gadget Smart",Kit Pulizia Multifunzione 7-in-1 Tech,Klearlook,B001001993,0,489,91
TP-Link Tapo Prese Smart Wi-Fi Monitoraggio Consumi Premium Edition Mod. 08 (2015),https://www.amazon.it/dp/B001002015?tag=offertissimes-21,51.51,79.36,11.5,46.51,"Elettronica, Accessori e Gadget Smart",Prese Smart Wi-Fi Monitoraggio Consumi,TP-Link Tapo,B001002015,0,523,87
Woox Prese Smart Wi-Fi Monitoraggio Consumi Premium Edition Mod. 19 (2026),https://www.amazon.it/dp/B001002026?tag=offertissimes-21,35.45,50.73,11.5,34.33,"Elettronica, Accessori e Gadget Smart",Prese Smart Wi-Fi Monitoraggio Consumi,Woox,B001002026,0,375,92
TP-Link Tapo Prese Smart Wi-Fi Monitoraggio Consumi Premium Edition Mod. 35 (2042),https://www.amazon.it/dp/B001002042?tag=offertissimes-21,33.44,39.82,11.5,30.13,"Elettronica, Accessori e Gadget Smart",Prese Smart Wi-Fi Monitoraggio Consumi,TP-Link Tapo,B001002042,0,356,85
Dreame Filtri & Ricambi Robot Aspirapolvere Premium Edition Mod. 03 (2063),https://www.amazon.it/dp/B001002063?tag=offertissimes-21,53.46,71.09,11.5,47.59,"Casa, Cucina ed Elettrodomestici",Filtri & Ricambi Robot Aspirapolvere,Dreame,B001002063,1,84,80
mDesign Organizer Frigo & Dispensa Trasparenti Acrilico Premium Edition Mod. 11 (2279),https://www.amazon.it/dp/B001002279?tag=offertissimes-21,87.27,131.89,11.5,76.08,"Casa, Cucina ed Elettrodomestici",Organizer Frigo & Dispensa Trasparenti Acrilico,mDesign,B001002279,0,348,95
Bialetti Montalatte Elettrici a Induzione Virali Premium Edition Mod. 51 (2370),https://www.amazon.it/dp/B001002370?tag=offertissimes-21,95.78,135.43,11.5,87.81,"Casa, Cucina ed Elettrodomestici",Montalatte Elettrici a Induzione Virali,Bialetti,B001002370,0,501,92
Gardena Sistemi Irrigazione a Goccia Smart per Balconi Premium Edition Mod. 20 (2534),https://www.amazon.it/dp/B001002534?tag=offertissimes-21,43.04,69.18,11.5,37.63,"Fai da Te, Bricolage e Giardinaggio",Sistemi Irrigazione a Goccia Smart per Balconi,Gardena,B001002534,0,410,80
Rituals Car Profumatori Auto Lunga Durata & Ricariche Premium Edition Mod. 13 (2563),https://www.amazon.it/dp/B001002563?tag=offertissimes-21,26.72,33.13,11.5,24.72,Auto e Moto (Accessori & Manutenzione),Profumatori Auto Lunga Durata & Ricariche,Rituals Car,B001002563,1,111,80
Fanttik Compressori Portatili Ricaricabili Wireless Premium Edition Mod. 18 (2658),https://www.amazon.it/dp/B001002658?tag=offertissimes-21,34.81,40.1,11.5,30.14,Auto e Moto (Accessori & Manutenzione),Compressori Portatili Ricaricabili Wireless,Fanttik,B001002658,0,529,93
BlazePods Corda per Saltare Professionale con Cuscinetti Rapidi Premium Edition Mod. 15 (2753),https://www.amazon.it/dp/B001002753?tag=offertissimes-21,43.95,63.09,11.5,39.26,"Sport, Fitness e Attrezzatura",Corda per Saltare Professionale con Cuscinetti Rapidi,BlazePods,B001002753,0,283,86
Mebak Pistole Massaggianti Muscolari Portatili Premium Edition Mod. 11 (2787),https://www.amazon.it/dp/B001002787?tag=offertissimes-21,13.25,16.01,11.5,12.44,"Sport, Fitness e Attrezzatura",Pistole Massaggianti Muscolari Portatili,Mebak,B001002787,0,347,92
Fabriano Risme Carta da Stampa A4 80g Scorte 2500ff Premium Edition Mod. 25 (2947),https://www.amazon.it/dp/B001002947?tag=offertissimes-21,24.63,38.01,11.5,22.54,"Cancelleria, Ufficio e Spedizioni",Risme Carta da Stampa A4 80g Scorte 2500ff,Fabriano,B001002947,1,39,88
Phomemo Etichette Termiche Adesive Spedizioni 100x150mm Premium Edition Mod. 11 (2965),https://www.amazon.it/dp/B001002965?tag=offertissimes-21,8.93,10.77,11.5,8.05,"Cancelleria, Ufficio e Spedizioni",Etichette Termiche Adesive Spedizioni 100x150mm,Phomemo,B001002965,1,78,91
BONTEC Supporti Monitor Ergonomici con Cassetti Premium Edition Mod. 30 (3048),https://www.amazon.it/dp/B001003048?tag=offertissimes-21,12.62,17.75,11.5,11.47,"Cancelleria, Ufficio e Spedizioni",Supporti Monitor Ergonomici con Cassetti,BONTEC,B001003048,0,313,91
Titan Shield Bustine Protettive Carte Collezionabili (100-500pz) Premium Edition Mod. 27 (3207),https://www.amazon.it/dp/B001003207?tag=offertissimes-21,24.39,31.74,11.5,23.62,"Giochi, Hobbies e Tempo Libero",Bustine Protettive Carte Collezionabili (100-500pz),Titan Shield,B001003207,1,206,86
Dixit Giochi da Tavolo Compatti & Pocket Virali Premium Edition Mod. 07 (3215),https://www.amazon.it/dp/B001003215?tag=offertissimes-21,28.2,32.51,11.5,25.66,"Giochi, Hobbies e Tempo Libero",Giochi da Tavolo Compatti & Pocket Virali,Dixit,B001003215,0,406,100
Filofax Agende Settimanali 12/18 Mesi & Ricariche Premium Edition Mod. 23 (3313),https://www.amazon.it/dp/B001003313?tag=offertissimes-21,20.83,32.3,11.5,18.22,"Libri, Agende e Self-Help",Agende Settimanali 12/18 Mesi & Ricariche,Filofax,B001003313,1,188,83
Leuchtturm1917 Quaderni Puntinati Bullet Journal Dotted 120g Premium Edition Mod. 09 (3367),https://www.amazon.it/dp/B001003367?tag=offertissimes-21,19.84,27.89,11.5,18.76,"Libri, Agende e Self-Help",Quaderni Puntinati Bullet Journal Dotted 120g,Leuchtturm1917,B001003367,1,293,82
Florence Bio Sieri Viso & Trattamenti Anti-Age Premium Edition Mod. 22 (0022),https://www.amazon.it/dp/B001000022?tag=offertissimes-21,13.07,19.7,11.4,12.3,Bellezza e Cura della Persona,Sieri Viso & Trattamenti Anti-Age,Florence Bio,B001000022,1,43,100
Florence Bio Sieri Viso & Trattamenti Anti-Age Premium Edition Mod. 54 (0054),https://www.amazon.it/dp/B001000054?tag=offertissimes-21,54.75,64.47,11.4,51.98,Bellezza e Cura della Persona,Sieri Viso & Trattamenti Anti-Age,Florence Bio,B001000054,1,30,94
Curaprox Igiene Orale & Ricambi Spazzolini Premium Edition Mod. 22 (0086),https://www.amazon.it/dp/B001000086?tag=offertissimes-21,47.87,64.51,11.4,43.51,Bellezza e Cura della Persona,Igiene Orale & Ricambi Spazzolini,Curaprox,B001000086,1,49,81
SiS Science in Sport Elettroliti & Idratazione Senza Zucchero Premium Edition Mod. 27 (0578),https://www.amazon.it/dp/B001000578?tag=offertissimes-21,12.8,17.03,11.4,12.05,"Salute, Igiene e Integratori",Elettroliti & Idratazione Senza Zucchero,SiS Science in Sport,B001000578,1,31,91
Illy Caffè in Grani Specialty 1kg Premium Edition Mod. 19 (0791),https://www.amazon.it/dp/B001000791?tag=offertissimes-21,40.04,46.5,11.4,38.01,"Alimentari, Caffè e Bevande",Caffè in Grani Specialty 1kg,Illy,B001000791,1,19,82
Illy Caffè in Grani Specialty 1kg Premium Edition Mod. 44 (0816),https://www.amazon.it/dp/B001000816?tag=offertissimes-21,32.05,49.85,11.4,27.35,"Alimentari, Caffè e Bevande",Caffè in Grani Specialty 1kg,Illy,B001000816,1,27,77
Philips Water Filtri Ricambio Caraffe & Depuratori Acqua Premium Edition Mod. 18 (1118),https://www.amazon.it/dp/B001001118?tag=offertissimes-21,13.98,21.51,11.4,12.32,Cura della Casa e Pulizia,Filtri Ricambio Caraffe & Depuratori Acqua,Philips Water,B001001118,1,51,82
Vileda Panni Microfibra Alta Densità & Swiffer Ricambi Premium Edition Mod. 53 (1273),https://www.amazon.it/dp/B001001273?tag=offertissimes-21,44.38,66.14,11.4,42.21,Cura della Casa e Pulizia,Panni Microfibra Alta Densità & Swiffer Ricambi,Vileda,B001001273,1,37,79
Dreamegg Gadget Virali Sonno Neonato (White Noise) Premium Edition Mod. 24 (1448),https://www.amazon.it/dp/B001001448?tag=offertissimes-21,26.55,40.14,11.4,24.29,Prima Infanzia e Maternità,Gadget Virali Sonno Neonato (White Noise),Dreamegg,B001001448,0,189,86
Pedigree Dentastix Snack Igiene Dentale Cani Scorte Mensili Premium Edition Mod. 37 (1591),https://www.amazon.it/dp/B001001591?tag=offertissimes-21,29.55,38.3,11.4,25.65,Animali Domestici (Pet Care),Snack Igiene Dentale Cani Scorte Mensili,Pedigree Dentastix,B001001591,1,26,87
ChomChom Roller Spazzole Rullo Toglipelo Elettrostatiche Premium Edition Mod. 04 (1652),https://www.amazon.it/dp/B001001652?tag=offertissimes-21,36.01,40.94,11.4,31.82,Animali Domestici (Pet Care),Spazzole Rullo Toglipelo Elettrostatiche,ChomChom Roller,B001001652,0,455,100
ChomChom Roller Spazzole Rullo Toglipelo Elettrostatiche Premium Edition Mod. 21 (1669),https://www.amazon.it/dp/B001001669?tag=offertissimes-21,38.33,52.75,11.4,37.01,Animali Domestici (Pet Care),Spazzole Rullo Toglipelo Elettrostatiche,ChomChom Roller,B001001669,0,270,98
Ace2Ace Spazzole Rullo Toglipelo Elettrostatiche Premium Edition Mod. 36 (1684),https://www.amazon.it/dp/B001001684?tag=offertissimes-21,28.96,34.9,11.4,25.58,Animali Domestici (Pet Care),Spazzole Rullo Toglipelo Elettrostatiche,Ace2Ace,B001001684,0,317,91
Trixie Tappetini Olfattivi & Ciotole Lente Virali Premium Edition Mod. 36 (1730),https://www.amazon.it/dp/B001001730?tag=offertissimes-21,29.04,38.29,11.4,28.38,Animali Domestici (Pet Care),Tappetini Olfattivi & Ciotole Lente Virali,Trixie,B001001730,0,369,86
Anker Cavi USB-C Fast Charge 100W/240W Multipack Premium Edition Mod. 11 (1751),https://www.amazon.it/dp/B001001751?tag=offertissimes-21,15.16,20.81,11.4,13.52,"Elettronica, Accessori e Gadget Smart",Cavi USB-C Fast Charge 100W/240W Multipack,Anker,B001001751,1,321,91
Spigen Pellicole Salvaschermo Vetro con Dima Installazione Premium Edition Mod. 42 (1836),https://www.amazon.it/dp/B001001836?tag=offertissimes-21,23.03,30.55,11.4,22.42,"Elettronica, Accessori e Gadget Smart",Pellicole Salvaschermo Vetro con Dima Installazione,Spigen,B001001836,1,316,95
Spigen Pellicole Salvaschermo Vetro con Dima Installazione Premium Edition Mod. 45 (1839),https://www.amazon.it/dp/B001001839?tag=offertissimes-21,59.93,79.61,11.4,54.74,"Elettronica, Accessori e Gadget Smart",Pellicole Salvaschermo Vetro con Dima Installazione,Spigen,B001001839,1,212,86
Baseus Caricatori GaN Multi-Porta Compatti Premium Edition Mod. 47 (1895),https://www.amazon.it/dp/B001001895?tag=offertissimes-21,21.62,27.03,11.4,20.25,"Elettronica, Accessori e Gadget Smart",Caricatori GaN Multi-Porta Compatti,Baseus,B001001895,0,251,98
ESR Supporti Auto Magnetici MagSafe Wireless Premium Edition Mod. 28 (1929),https://www.amazon.it/dp/B001001929?tag=offertissimes-21,48.1,75.95,11.4,46.74,"Elettronica, Accessori e Gadget Smart",Supporti Auto Magnetici MagSafe Wireless,ESR,B001001929,0,344,97
Hagibis Kit Pulizia Multifunzione 7-in-1 Tech Premium Edition Mod. 19 (1973),https://www.amazon.it/dp/B001001973?tag=offertissimes-21,59.32,80.26,11.4,56.24,"Elettronica, Accessori e Gadget Smart",Kit Pulizia Multifunzione 7-in-1 Tech,Hagibis,B001001973,0,471,95
TP-Link Tapo Prese Smart Wi-Fi Monitoraggio Consumi Premium Edition Mod. 05 (2012),https://www.amazon.it/dp/B001002012?tag=offertissimes-21,87.99,105.91,11.4,76.25,"Elettronica, Accessori e Gadget Smart",Prese Smart Wi-Fi Monitoraggio Consumi,TP-Link Tapo,B001002012,0,312,86
Bonsenkitchen Sigillatori Sottovuoto & Rotoli Goffrati Premium Edition Mod. 21 (2237),https://www.amazon.it/dp/B001002237?tag=offertissimes-21,103.21,133.02,11.4,93.87,"Casa, Cucina ed Elettrodomestici",Sigillatori Sottovuoto & Rotoli Goffrati,Bonsenkitchen,B001002237,1,348,75
iDesign Organizer Frigo & Dispensa Trasparenti Acrilico Premium Edition Mod. 19 (2287),https://www.amazon.it/dp/B001002287?tag=offertissimes-21,100.3,160.86,11.4,89.73,"Casa, Cucina ed Elettrodomestici",Organizer Frigo & Dispensa Trasparenti Acrilico,iDesign,B001002287,0,510,89
iDesign Organizer Frigo & Dispensa Trasparenti Acrilico Premium Edition Mod. 25 (2293),https://www.amazon.it/dp/B001002293?tag=offertissimes-21,24.49,30.72,11.4,22.03,"Casa, Cucina ed Elettrodomestici",Organizer Frigo & Dispensa Trasparenti Acrilico,iDesign,B001002293,0,431,97
Duracell Pile Ricaricabili AA / AAA NiMH & Caricatori Smart Premium Edition Mod. 04 (2374),https://www.amazon.it/dp/B001002374?tag=offertissimes-21,23.96,35.86,11.4,21.47,"Fai da Te, Bricolage e Giardinaggio",Pile Ricaricabili AA / AAA NiMH & Caricatori Smart,Duracell,B001002374,1,101,96
TP-Link Tapo Lampadine LED Smart Dimmerabili Attacco E27/GU10 Premium Edition Mod. 32 (2438),https://www.amazon.it/dp/B001002438?tag=offertissimes-21,9.83,14.39,11.4,8.79,"Fai da Te, Bricolage e Giardinaggio",Lampadine LED Smart Dimmerabili Attacco E27/GU10,TP-Link Tapo,B001002438,1,53,90
Gorilla Glue Nastri Adesivi Gorilla & Sigillanti Impermeabilizzanti Premium Edition Mod. 17 (2459),https://www.amazon.it/dp/B001002459?tag=offertissimes-21,61.35,86.26,11.4,59.32,"Fai da Te, Bricolage e Giardinaggio",Nastri Adesivi Gorilla & Sigillanti Impermeabilizzanti,Gorilla Glue,B001002459,1,60,85
Raindrip Sistemi Irrigazione a Goccia Smart per Balconi Premium Edition Mod. 09 (2523),https://www.amazon.it/dp/B001002523?tag=offertissimes-21,57.27,82.99,11.4,54.5,"Fai da Te, Bricolage e Giardinaggio",Sistemi Irrigazione a Goccia Smart per Balconi,Raindrip,B001002523,0,471,90
Woowind Compressori Portatili Ricaricabili Wireless Premium Edition Mod. 20 (2660),https://www.amazon.it/dp/B001002660?tag=offertissimes-21,18.77,24.87,11.4,17.73,Auto e Moto (Accessori & Manutenzione),Compressori Portatili Ricaricabili Wireless,Woowind,B001002660,0,414,92
Gritin Corda per Saltare Professionale con Cuscinetti Rapidi Premium Edition Mod. 05 (2743),https://www.amazon.it/dp/B001002743?tag=offertissimes-21,67.32,77.42,11.4,62.36,"Sport, Fitness e Attrezzatura",Corda per Saltare Professionale con Cuscinetti Rapidi,Gritin,B001002743,0,402,92
BlazePods Corda per Saltare Professionale con Cuscinetti Rapidi Premium Edition Mod. 19 (2757),https://www.amazon.it/dp/B001002757?tag=offertissimes-21,17.0,20.41,11.4,14.49,"Sport, Fitness e Attrezzatura",Corda per Saltare Professionale con Cuscinetti Rapidi,BlazePods,B001002757,0,394,84
JARBO Cartucce & Toner Compatibili Multipack Premium Edition Mod. 01 (2891),https://www.amazon.it/dp/B001002891?tag=offertissimes-21,8.79,11.78,11.4,8.39,"Cancelleria, Ufficio e Spedizioni",Cartucce & Toner Compatibili Multipack,JARBO,B001002891,1,30,88
BONTEC Supporti Monitor Ergonomici con Cassetti Premium Edition Mod. 24 (3042),https://www.amazon.it/dp/B001003042?tag=offertissimes-21,8.74,13.78,11.4,8.27,"Cancelleria, Ufficio e Spedizioni",Supporti Monitor Ergonomici con Cassetti,BONTEC,B001003042,0,438,85
Uniqlo style Borse a Tracolla & Marsupi Virali Monospalla Premium Edition Mod. 13 (3161),https://www.amazon.it/dp/B001003161?tag=offertissimes-21,29.22,33.77,11.4,28.34,Abbigliamento Base e Calzetteria,Borse a Tracolla & Marsupi Virali Monospalla,Uniqlo style,B001003161,0,396,92
Legami Milano Agende Settimanali 12/18 Mesi & Ricariche Premium Edition Mod. 22 (3312),https://www.amazon.it/dp/B001003312?tag=offertissimes-21,25.62,32.6,11.4,22.24,"Libri, Agende e Self-Help",Agende Settimanali 12/18 Mesi & Ricariche,Legami Milano,B001003312,1,343,90
Rhodia Quaderni Puntinati Bullet Journal Dotted 120g Premium Edition Mod. 01 (3359),https://www.amazon.it/dp/B001003359?tag=offertissimes-21,17.8,21.15,11.4,16.3,"Libri, Agende e Self-Help",Quaderni Puntinati Bullet Journal Dotted 120g,Rhodia,B001003359,1,267,90
La Roche-Posay Sieri Viso & Trattamenti Anti-Age Premium Edition Mod. 47 (0047),https://www.amazon.it/dp/B001000047?tag=offertissimes-21,40.03,52.73,11.3,38.32,Bellezza e Cura della Persona,Sieri Viso & Trattamenti Anti-Age,La Roche-Posay,B001000047,1,42,87
CeraVe Sieri Viso & Trattamenti Anti-Age Premium Edition Mod. 64 (0064),https://www.amazon.it/dp/B001000064?tag=offertissimes-21,30.08,35.71,11.3,26.31,Bellezza e Cura della Persona,Sieri Viso & Trattamenti Anti-Age,CeraVe,B001000064,1,40,95
Philips Sonicare Igiene Orale & Ricambi Spazzolini Premium Edition Mod. 64 (0128),https://www.amazon.it/dp/B001000128?tag=offertissimes-21,37.78,44.15,11.3,35.26,Bellezza e Cura della Persona,Igiene Orale & Ricambi Spazzolini,Philips Sonicare,B001000128,1,44,81
Lattafa Profumeria & Fragranze Virali Premium Edition Mod. 60 (0314),https://www.amazon.it/dp/B001000314?tag=offertissimes-21,20.9,25.08,11.3,20.37,Bellezza e Cura della Persona,Profumeria & Fragranze Virali,Lattafa,B001000314,0,265,96
Maybelline Make-Up & Accessori Bellezza Virali Premium Edition Mod. 46 (0363),https://www.amazon.it/dp/B001000363?tag=offertissimes-21,27.14,38.28,11.3,24.95,Bellezza e Cura della Persona,Make-Up & Accessori Bellezza Virali,Maybelline,B001000363,0,265,93
Yamamoto Proteine & Aminoacidi Sportivi Premium Edition Mod. 03 (0383),https://www.amazon.it/dp/B001000383?tag=offertissimes-21,35.45,49.06,11.3,32.95,"Salute, Igiene e Integratori",Proteine & Aminoacidi Sportivi,Yamamoto,B001000383,1,25,100
MyProtein Proteine & Aminoacidi Sportivi Premium Edition Mod. 06 (0386),https://www.amazon.it/dp/B001000386?tag=offertissimes-21,23.27,32.27,11.3,22.03,"Salute, Igiene e Integratori",Proteine & Aminoacidi Sportivi,MyProtein,B001000386,1,43,88
Foodspring Proteine & Aminoacidi Sportivi Premium Edition Mod. 52 (0432),https://www.amazon.it/dp/B001000432?tag=offertissimes-21,12.14,16.88,11.3,10.41,"Salute, Igiene e Integratori",Proteine & Aminoacidi Sportivi,Foodspring,B001000432,1,26,96
Creapure Creatina Monoidrato & Pre-Workout Premium Edition Mod. 41 (0478),https://www.amazon.it/dp/B001000478?tag=offertissimes-21,18.42,25.7,11.3,17.49,"Salute, Igiene e Integratori",Creatina Monoidrato & Pre-Workout,Creapure,B001000478,1,36,94
Pic Solution Dispositivi Elettromedicali & Termometri Premium Edition Mod. 43 (0651),https://www.amazon.it/dp/B001000651?tag=offertissimes-21,34.75,51.73,11.3,32.71,"Salute, Igiene e Integratori",Dispositivi Elettromedicali & Termometri,Pic Solution,B001000651,0,255,73
Braun Dispositivi Elettromedicali & Termometri Premium Edition Mod. 51 (0659),https://www.amazon.it/dp/B001000659?tag=offertissimes-21,29.01,41.47,11.3,25.02,"Salute, Igiene e Integratori",Dispositivi Elettromedicali & Termometri,Braun,B001000659,0,191,65
Caffè Toraldo Cialde & Capsule Caffè Scorte 100-150pz Premium Edition Mod. 19 (0739),https://www.amazon.it/dp/B001000739?tag=offertissimes-21,18.38,27.53,11.3,17.58,"Alimentari, Caffè e Bevande",Cialde & Capsule Caffè Scorte 100-150pz,Caffè Toraldo,B001000739,1,19,95
Nespresso Cialde & Capsule Caffè Scorte 100-150pz Premium Edition Mod. 50 (0770),https://www.amazon.it/dp/B001000770?tag=offertissimes-21,28.65,43.6,11.3,27.71,"Alimentari, Caffè e Bevande",Cialde & Capsule Caffè Scorte 100-150pz,Nespresso,B001000770,1,34,91
Pampers Baby Dry Pannolini Box Scorta Mensile (120-180pz) Premium Edition Mod. 02 (1282),https://www.amazon.it/dp/B001001282?tag=offertissimes-21,46.8,68.35,11.3,43.26,Prima Infanzia e Maternità,Pannolini Box Scorta Mensile (120-180pz),Pampers Baby Dry,B001001282,1,26,97
Foppapedretti Ricariche Mangia-Pannolini Multistrato Premium Edition Mod. 12 (1364),https://www.amazon.it/dp/B001001364?tag=offertissimes-21,53.28,81.19,11.3,45.9,Prima Infanzia e Maternità,Ricariche Mangia-Pannolini Multistrato,Foppapedretti,B001001364,1,25,89
Chicco Next2Stars Gadget Virali Sonno Neonato (White Noise) Premium Edition Mod. 21 (1445),https://www.amazon.it/dp/B001001445?tag=offertissimes-21,51.74,63.52,11.3,46.37,Prima Infanzia e Maternità,Gadget Virali Sonno Neonato (White Noise),Chicco Next2Stars,B001001445,0,257,87
Greenies Snack Igiene Dentale Cani Scorte Mensili Premium Edition Mod. 16 (1570),https://www.amazon.it/dp/B001001570?tag=offertissimes-21,12.62,18.01,11.3,11.95,Animali Domestici (Pet Care),Snack Igiene Dentale Cani Scorte Mensili,Greenies,B001001570,1,27,91
Catit Filtri Ricambio Fontanelle Acqua Gatti Premium Edition Mod. 26 (1627),https://www.amazon.it/dp/B001001627?tag=offertissimes-21,23.69,31.19,11.3,20.4,Animali Domestici (Pet Care),Filtri Ricambio Fontanelle Acqua Gatti,Catit,B001001627,1,37,85
Baseus Caricatori GaN Multi-Porta Compatti Premium Edition Mod. 14 (1862),https://www.amazon.it/dp/B001001862?tag=offertissimes-21,72.21,111.36,11.3,69.61,"Elettronica, Accessori e Gadget Smart",Caricatori GaN Multi-Porta Compatti,Baseus,B001001862,0,490,92
Ordilend Kit Pulizia Multifunzione 7-in-1 Tech Premium Edition Mod. 36 (1990),https://www.amazon.it/dp/B001001990?tag=offertissimes-21,28.66,40.75,11.3,25.15,"Elettronica, Accessori e Gadget Smart",Kit Pulizia Multifunzione 7-in-1 Tech,Ordilend,B001001990,0,290,100
Ninja Friggitrici ad Aria a Doppia Resistenza Premium Edition Mod. 49 (2213),https://www.amazon.it/dp/B001002213?tag=offertissimes-21,87.14,113.93,11.3,79.11,"Casa, Cucina ed Elettrodomestici",Friggitrici ad Aria a Doppia Resistenza,Ninja,B001002213,0,203,94
Severin Montalatte Elettrici a Induzione Virali Premium Edition Mod. 46 (2365),https://www.amazon.it/dp/B001002365?tag=offertissimes-21,97.18,119.51,11.3,86.86,"Casa, Cucina ed Elettrodomestici",Montalatte Elettrici a Induzione Virali,Severin,B001002365,0,473,88
HOTO Mini Cacciaviti Elettrici di Precisione Virali Premium Edition Mod. 20 (2498),https://www.amazon.it/dp/B001002498?tag=offertissimes-21,43.21,63.48,11.3,38.76,"Fai da Te, Bricolage e Giardinaggio",Mini Cacciaviti Elettrici di Precisione Virali,HOTO,B001002498,0,331,89
Little Trees Profumatori Auto Lunga Durata & Ricariche Premium Edition Mod. 28 (2578),https://www.amazon.it/dp/B001002578?tag=offertissimes-21,49.17,70.73,11.3,46.91,Auto e Moto (Accessori & Manutenzione),Profumatori Auto Lunga Durata & Ricariche,Little Trees,B001002578,1,141,91
Michelin Spazzole Tergicristallo Aerodinamiche Premium Edition Mod. 17 (2597),https://www.amazon.it/dp/B001002597?tag=offertissimes-21,30.8,36.17,11.3,26.45,Auto e Moto (Accessori & Manutenzione),Spazzole Tergicristallo Aerodinamiche,Michelin,B001002597,1,59,85
Valeo Silencio Spazzole Tergicristallo Aerodinamiche Premium Edition Mod. 26 (2606),https://www.amazon.it/dp/B001002606?tag=offertissimes-21,48.8,72.68,11.3,44.63,Auto e Moto (Accessori & Manutenzione),Spazzole Tergicristallo Aerodinamiche,Valeo Silencio,B001002606,1,86,88
Eufy Aspirapolvere Portatili per Auto ad Alta Potenza Premium Edition Mod. 28 (2698),https://www.amazon.it/dp/B001002698?tag=offertissimes-21,23.17,26.86,11.3,22.01,Auto e Moto (Accessori & Manutenzione),Aspirapolvere Portatili per Auto ad Alta Potenza,Eufy,B001002698,0,531,94
Gritin Fasce Elastiche di Resistenza & Loop Bands Tessuto Premium Edition Mod. 30 (2730),https://www.amazon.it/dp/B001002730?tag=offertissimes-21,31.25,40.1,11.3,27.29,"Sport, Fitness e Attrezzatura",Fasce Elastiche di Resistenza & Loop Bands Tessuto,Gritin,B001002730,1,175,85
Beast Gear Corda per Saltare Professionale con Cuscinetti Rapidi Premium Edition Mod. 03 (2741),https://www.amazon.it/dp/B001002741?tag=offertissimes-21,68.14,99.09,11.3,64.2,"Sport, Fitness e Attrezzatura",Corda per Saltare Professionale con Cuscinetti Rapidi,Beast Gear,B001002741,0,368,92
HUANUO Supporti Monitor Ergonomici con Cassetti Premium Edition Mod. 15 (3033),https://www.amazon.it/dp/B001003033?tag=offertissimes-21,10.51,14.11,11.3,10.23,"Cancelleria, Ufficio e Spedizioni",Supporti Monitor Ergonomici con Cassetti,HUANUO,B001003033,0,396,89
Titan Shield Bustine Protettive Carte Collezionabili (100-500pz) Premium Edition Mod. 02 (3182),https://www.amazon.it/dp/B001003182?tag=offertissimes-21,16.1,23.73,11.3,15.73,"Giochi, Hobbies e Tempo Libero",Bustine Protettive Carte Collezionabili (100-500pz),Titan Shield,B001003182,1,253,90
LEGO Icons Set Costruzioni Modulari per Adulti Premium Edition Mod. 08 (3244),https://www.amazon.it/dp/B001003244?tag=offertissimes-21,28.63,42.56,11.3,25.09,"Giochi, Hobbies e Tempo Libero",Set Costruzioni Modulari per Adulti,LEGO Icons,B001003244,0,401,89
Filofax Agende Settimanali 12/18 Mesi & Ricariche Premium Edition Mod. 08 (3298),https://www.amazon.it/dp/B001003298?tag=offertissimes-21,10.8,16.79,11.3,10.25,"Libri, Agende e Self-Help",Agende Settimanali 12/18 Mesi & Ricariche,Filofax,B001003298,1,133,87
COSRX Sieri Viso & Trattamenti Anti-Age Premium Edition Mod. 25 (0025),https://www.amazon.it/dp/B001000025?tag=offertissimes-21,44.04,59.66,11.2,42.21,Bellezza e Cura della Persona,Sieri Viso & Trattamenti Anti-Age,COSRX,B001000025,1,32,100
Foodspring Proteine & Aminoacidi Sportivi Premium Edition Mod. 46 (0426),https://www.amazon.it/dp/B001000426?tag=offertissimes-21,13.43,15.78,11.2,11.72,"Salute, Igiene e Integratori",Proteine & Aminoacidi Sportivi,Foodspring,B001000426,1,28,91
Enervit Elettroliti & Idratazione Senza Zucchero Premium Edition Mod. 06 (0557),https://www.amazon.it/dp/B001000557?tag=offertissimes-21,35.63,43.69,11.2,31.8,"Salute, Igiene e Integratori",Elettroliti & Idratazione Senza Zucchero,Enervit,B001000557,1,38,86
Enervit Elettroliti & Idratazione Senza Zucchero Premium Edition Mod. 19 (0570),https://www.amazon.it/dp/B001000570?tag=offertissimes-21,57.27,65.44,11.2,52.8,"Salute, Igiene e Integratori",Elettroliti & Idratazione Senza Zucchero,Enervit,B001000570,1,27,95
Omron Dispositivi Elettromedicali & Termometri Premium Edition Mod. 31 (0639),https://www.amazon.it/dp/B001000639?tag=offertissimes-21,28.97,35.85,11.2,25.91,"Salute, Igiene e Integratori",Dispositivi Elettromedicali & Termometri,Omron,B001000639,0,505,76
BlenderBottle Shaker Magnetici & Accessori Virali Gym Premium Edition Mod. 47 (0711),https://www.amazon.it/dp/B001000711?tag=offertissimes-21,33.29,38.44,11.2,28.76,"Salute, Igiene e Integratori",Shaker Magnetici & Accessori Virali Gym,BlenderBottle,B001000711,0,373,86
Philips Water Filtri Ricambio Caraffe & Depuratori Acqua Premium Edition Mod. 30 (1130),https://www.amazon.it/dp/B001001130?tag=offertissimes-21,16.19,22.53,11.2,14.78,Cura della Casa e Pulizia,Filtri Ricambio Caraffe & Depuratori Acqua,Philips Water,B001001130,1,43,88
Laica Filtri Ricambio Caraffe & Depuratori Acqua Premium Edition Mod. 52 (1152),https://www.amazon.it/dp/B001001152?tag=offertissimes-21,28.88,33.18,11.2,24.59,Cura della Casa e Pulizia,Filtri Ricambio Caraffe & Depuratori Acqua,Laica,B001001152,1,43,91
Huggies Pure Salviette Umidificate All'Acqua 99% Premium Edition Mod. 19 (1335),https://www.amazon.it/dp/B001001335?tag=offertissimes-21,17.76,27.97,11.2,15.87,Prima Infanzia e Maternità,Salviette Umidificate All'Acqua 99%,Huggies Pure,B001001335,1,19,86
Amazon Basics Sacchetti Igienici Cane Biodegradabili (300-600pz) Premium Edition Mod. 04 (1511),https://www.amazon.it/dp/B001001511?tag=offertissimes-21,26.28,33.7,11.2,23.62,Animali Domestici (Pet Care),Sacchetti Igienici Cane Biodegradabili (300-600pz),Amazon Basics,B001001511,1,34,85
Earth Rated Sacchetti Igienici Cane Biodegradabili (300-600pz) Premium Edition Mod. 39 (1546),https://www.amazon.it/dp/B001001546?tag=offertissimes-21,8.86,12.22,11.2,8.5,Animali Domestici (Pet Care),Sacchetti Igienici Cane Biodegradabili (300-600pz),Earth Rated,B001001546,1,21,89
Catit Filtri Ricambio Fontanelle Acqua Gatti Premium Edition Mod. 08 (1609),https://www.amazon.it/dp/B001001609?tag=offertissimes-21,50.34,57.77,11.2,48.39,Animali Domestici (Pet Care),Filtri Ricambio Fontanelle Acqua Gatti,Catit,B001001609,1,30,85
Catit Filtri Ricambio Fontanelle Acqua Gatti Premium Edition Mod. 10 (1611),https://www.amazon.it/dp/B001001611?tag=offertissimes-21,23.66,29.22,11.2,20.61,Animali Domestici (Pet Care),Filtri Ricambio Fontanelle Acqua Gatti,Catit,B001001611,1,23,94
Outward Hound Tappetini Olfattivi & Ciotole Lente Virali Premium Edition Mod. 30 (1724),https://www.amazon.it/dp/B001001724?tag=offertissimes-21,36.18,51.95,11.2,32.76,Animali Domestici (Pet Care),Tappetini Olfattivi & Ciotole Lente Virali,Outward Hound,B001001724,0,311,90
Baseus Cavi USB-C Fast Charge 100W/240W Multipack Premium Edition Mod. 01 (1741),https://www.amazon.it/dp/B001001741?tag=offertissimes-21,52.6,74.72,11.2,50.78,"Elettronica, Accessori e Gadget Smart",Cavi USB-C Fast Charge 100W/240W Multipack,Baseus,B001001741,1,345,85
Ugreen Caricatori GaN Multi-Porta Compatti Premium Edition Mod. 22 (1870),https://www.amazon.it/dp/B001001870?tag=offertissimes-21,26.71,33.92,11.2,24.58,"Elettronica, Accessori e Gadget Smart",Caricatori GaN Multi-Porta Compatti,Ugreen,B001001870,0,371,95
Baseus Caricatori GaN Multi-Porta Compatti Premium Edition Mod. 53 (1901),https://www.amazon.it/dp/B001001901?tag=offertissimes-21,89.25,114.53,11.2,81.46,"Elettronica, Accessori e Gadget Smart",Caricatori GaN Multi-Porta Compatti,Baseus,B001001901,0,243,94
Klearlook Kit Pulizia Multifunzione 7-in-1 Tech Premium Edition Mod. 31 (1985),https://www.amazon.it/dp/B001001985?tag=offertissimes-21,45.44,60.0,11.2,42.78,"Elettronica, Accessori e Gadget Smart",Kit Pulizia Multifunzione 7-in-1 Tech,Klearlook,B001001985,0,315,100
Dreame Filtri & Ricambi Robot Aspirapolvere Premium Edition Mod. 22 (2082),https://www.amazon.it/dp/B001002082?tag=offertissimes-21,90.4,115.25,11.2,88.02,"Casa, Cucina ed Elettrodomestici",Filtri & Ricambi Robot Aspirapolvere,Dreame,B001002082,1,104,88
AirFryer Pro Carta Forno Riutilizzabile & Accessori Friggitrice Aria Premium Edition Mod. 37 (2149),https://www.amazon.it/dp/B001002149?tag=offertissimes-21,129.25,186.56,11.2,121.05,"Casa, Cucina ed Elettrodomestici",Carta Forno Riutilizzabile & Accessori Friggitrice Aria,AirFryer Pro,B001002149,1,211,92
Eufy Aspirapolvere Portatili per Auto ad Alta Potenza Premium Edition Mod. 30 (2700),https://www.amazon.it/dp/B001002700?tag=offertissimes-21,9.32,10.61,11.2,8.05,Auto e Moto (Accessori & Manutenzione),Aspirapolvere Portatili per Auto ad Alta Potenza,Eufy,B001002700,0,187,96
JARBO Cartucce & Toner Compatibili Multipack Premium Edition Mod. 03 (2893),https://www.amazon.it/dp/B001002893?tag=offertissimes-21,48.38,63.03,11.2,46.17,"Cancelleria, Ufficio e Spedizioni",Cartucce & Toner Compatibili Multipack,JARBO,B001002893,1,51,93
Lemero Cartucce & Toner Compatibili Multipack Premium Edition Mod. 30 (2920),https://www.amazon.it/dp/B001002920?tag=offertissimes-21,24.7,31.2,11.2,21.81,"Cancelleria, Ufficio e Spedizioni",Cartucce & Toner Compatibili Multipack,Lemero,B001002920,1,61,90
Fruit of the Loom T-Shirt Girocollo Cotone Pesante Pack da 5 Premium Edition Mod. 13 (3129),https://www.amazon.it/dp/B001003129?tag=offertissimes-21,16.44,24.19,11.2,14.71,Abbigliamento Base e Calzetteria,T-Shirt Girocollo Cotone Pesante Pack da 5,Fruit of the Loom,B001003129,1,117,78
Uniqlo style Borse a Tracolla & Marsupi Virali Monospalla Premium Edition Mod. 06 (3154),https://www.amazon.it/dp/B001003154?tag=offertissimes-21,30.42,35.55,11.2,29.01,Abbigliamento Base e Calzetteria,Borse a Tracolla & Marsupi Virali Monospalla,Uniqlo style,B001003154,0,468,98
Infinity Cube Fidget Toys & Antistress Magnetici Virali Premium Edition Mod. 27 (3290),https://www.amazon.it/dp/B001003290?tag=offertissimes-21,41.8,62.45,11.2,38.94,"Giochi, Hobbies e Tempo Libero",Fidget Toys & Antistress Magnetici Virali,Infinity Cube,B001003290,0,197,96
Legami Milano Agende Settimanali 12/18 Mesi & Ricariche Premium Edition Mod. 20 (3310),https://www.amazon.it/dp/B001003310?tag=offertissimes-21,22.02,28.45,11.2,20.35,"Libri, Agende e Self-Help",Agende Settimanali 12/18 Mesi & Ricariche,Legami Milano,B001003310,1,123,82
"Gribaudo Bestseller Crescita Personale & Finanza (Atomic Habits, etc.) Premium Edition Mod. 02 (3315)",https://www.amazon.it/dp/B001003315?tag=offertissimes-21,17.32,22.4,11.2,16.44,"Libri, Agende e Self-Help","Bestseller Crescita Personale & Finanza (Atomic Habits, etc.)",Gribaudo,B001003315,0,235,93
The Ordinary Sieri Viso & Trattamenti Anti-Age Premium Edition Mod. 39 (0039),https://www.amazon.it/dp/B001000039?tag=offertissimes-21,54.17,61.91,11.1,52.25,Bellezza e Cura della Persona,Sieri Viso & Trattamenti Anti-Age,The Ordinary,B001000039,1,51,88
"Philips OneBlade Rasatura, Lame & Depilazione Premium Edition Mod. 06 (0197)",https://www.amazon.it/dp/B001000197?tag=offertissimes-21,12.68,20.27,11.1,11.26,Bellezza e Cura della Persona,"Rasatura, Lame & Depilazione",Philips OneBlade,B001000197,1,47,72
Armaf Profumeria & Fragranze Virali Premium Edition Mod. 16 (0270),https://www.amazon.it/dp/B001000270?tag=offertissimes-21,10.22,11.93,11.1,8.83,Bellezza e Cura della Persona,Profumeria & Fragranze Virali,Armaf,B001000270,0,181,96
NYX Make-Up & Accessori Bellezza Virali Premium Edition Mod. 50 (0367),https://www.amazon.it/dp/B001000367?tag=offertissimes-21,13.65,20.51,11.1,12.83,Bellezza e Cura della Persona,Make-Up & Accessori Bellezza Virali,NYX,B001000367,0,219,90
Yamamoto Proteine & Aminoacidi Sportivi Premium Edition Mod. 34 (0414),https://www.amazon.it/dp/B001000414?tag=offertissimes-21,44.35,51.58,11.1,43.06,"Salute, Igiene e Integratori",Proteine & Aminoacidi Sportivi,Yamamoto,B001000414,1,25,93
"Swisse Vitamine, Magnesio & Biohacking Sonno Premium Edition Mod. 06 (0500)",https://www.amazon.it/dp/B001000500?tag=offertissimes-21,21.75,26.82,11.1,19.33,"Salute, Igiene e Integratori","Vitamine, Magnesio & Biohacking Sonno",Swisse,B001000500,1,37,86
Lavazza Cialde & Capsule Caffè Scorte 100-150pz Premium Edition Mod. 22 (0742),https://www.amazon.it/dp/B001000742?tag=offertissimes-21,27.57,37.32,11.1,26.92,"Alimentari, Caffè e Bevande",Cialde & Capsule Caffè Scorte 100-150pz,Lavazza,B001000742,1,18,96
Pellini Caffè in Grani Specialty 1kg Premium Edition Mod. 14 (0786),https://www.amazon.it/dp/B001000786?tag=offertissimes-21,20.27,23.88,11.1,18.26,"Alimentari, Caffè e Bevande",Caffè in Grani Specialty 1kg,Pellini,B001000786,1,18,78
Kimbo Caffè in Grani Specialty 1kg Premium Edition Mod. 38 (0810),https://www.amazon.it/dp/B001000810?tag=offertissimes-21,35.74,52.6,11.1,31.75,"Alimentari, Caffè e Bevande",Caffè in Grani Specialty 1kg,Kimbo,B001000810,1,20,85
Pril Gold Capsule Lavastoviglie Maxi Box (100-160pz) Premium Edition Mod. 21 (1001),https://www.amazon.it/dp/B001001001?tag=offertissimes-21,33.61,49.42,11.1,31.37,Cura della Casa e Pulizia,Capsule Lavastoviglie Maxi Box (100-160pz),Pril Gold,B001001001,1,72,95
Pril Gold Capsule Lavastoviglie Maxi Box (100-160pz) Premium Edition Mod. 26 (1006),https://www.amazon.it/dp/B001001006?tag=offertissimes-21,51.48,65.51,11.1,46.71,Cura della Casa e Pulizia,Capsule Lavastoviglie Maxi Box (100-160pz),Pril Gold,B001001006,1,74,81
Finish Quantum Capsule Lavastoviglie Maxi Box (100-160pz) Premium Edition Mod. 30 (1010),https://www.amazon.it/dp/B001001010?tag=offertissimes-21,37.99,59.44,11.1,32.34,Cura della Casa e Pulizia,Capsule Lavastoviglie Maxi Box (100-160pz),Finish Quantum,B001001010,1,38,92
Brita Maxtra+ Filtri Ricambio Caraffe & Depuratori Acqua Premium Edition Mod. 35 (1135),https://www.amazon.it/dp/B001001135?tag=offertissimes-21,43.04,53.99,11.1,37.28,Cura della Casa e Pulizia,Filtri Ricambio Caraffe & Depuratori Acqua,Brita Maxtra+,B001001135,1,53,97
Scrub Daddy Pulitori Miracolosi Virali & Spugne Premium Edition Mod. 38 (1198),https://www.amazon.it/dp/B001001198?tag=offertissimes-21,41.4,48.38,11.1,38.15,Cura della Casa e Pulizia,Pulitori Miracolosi Virali & Spugne,Scrub Daddy,B001001198,0,402,90
Astonish Pulitori Miracolosi Virali & Spugne Premium Edition Mod. 39 (1199),https://www.amazon.it/dp/B001001199?tag=offertissimes-21,17.76,21.39,11.1,16.32,Cura della Casa e Pulizia,Pulitori Miracolosi Virali & Spugne,Astonish,B001001199,0,230,94
Tommee Tippee Sangenic Ricariche Mangia-Pannolini Multistrato Premium Edition Mod. 36 (1388),https://www.amazon.it/dp/B001001388?tag=offertissimes-21,49.18,61.78,11.1,47.81,Prima Infanzia e Maternità,Ricariche Mangia-Pannolini Multistrato,Tommee Tippee Sangenic,B001001388,1,27,85
Mustela Paste Cambio Protettive Ossido Zinco Premium Edition Mod. 06 (1394),https://www.amazon.it/dp/B001001394?tag=offertissimes-21,26.02,34.04,11.1,23.65,Prima Infanzia e Maternità,Paste Cambio Protettive Ossido Zinco,Mustela,B001001394,1,19,88
Greenies Snack Igiene Dentale Cani Scorte Mensili Premium Edition Mod. 44 (1598),https://www.amazon.it/dp/B001001598?tag=offertissimes-21,19.41,22.75,11.1,17.57,Animali Domestici (Pet Care),Snack Igiene Dentale Cani Scorte Mensili,Greenies,B001001598,1,31,82
PetiFine Filtri Ricambio Fontanelle Acqua Gatti Premium Edition Mod. 18 (1619),https://www.amazon.it/dp/B001001619?tag=offertissimes-21,10.14,13.49,11.1,9.12,Animali Domestici (Pet Care),Filtri Ricambio Fontanelle Acqua Gatti,PetiFine,B001001619,1,29,87
INIU Cavi USB-C Fast Charge 100W/240W Multipack Premium Edition Mod. 43 (1783),https://www.amazon.it/dp/B001001783?tag=offertissimes-21,86.73,102.9,11.1,78.54,"Elettronica, Accessori e Gadget Smart",Cavi USB-C Fast Charge 100W/240W Multipack,INIU,B001001783,1,117,87
SiliconeMaster Carta Forno Riutilizzabile & Accessori Friggitrice Aria Premium Edition Mod. 02 (2114),https://www.amazon.it/dp/B001002114?tag=offertissimes-21,50.76,58.9,11.1,45.13,"Casa, Cucina ed Elettrodomestici",Carta Forno Riutilizzabile & Accessori Friggitrice Aria,SiliconeMaster,B001002114,1,339,91
Philips Friggitrici ad Aria a Doppia Resistenza Premium Edition Mod. 39 (2203),https://www.amazon.it/dp/B001002203?tag=offertissimes-21,45.34,53.33,11.1,41.1,"Casa, Cucina ed Elettrodomestici",Friggitrici ad Aria a Doppia Resistenza,Philips,B001002203,0,281,100
Philips Friggitrici ad Aria a Doppia Resistenza Premium Edition Mod. 41 (2205),https://www.amazon.it/dp/B001002205?tag=offertissimes-21,18.74,21.94,11.1,16.88,"Casa, Cucina ed Elettrodomestici",Friggitrici ad Aria a Doppia Resistenza,Philips,B001002205,0,322,99
FoodSaver Sigillatori Sottovuoto & Rotoli Goffrati Premium Edition Mod. 07 (2223),https://www.amazon.it/dp/B001002223?tag=offertissimes-21,121.97,176.96,11.1,107.63,"Casa, Cucina ed Elettrodomestici",Sigillatori Sottovuoto & Rotoli Goffrati,FoodSaver,B001002223,1,350,88
KitchenBoss Sigillatori Sottovuoto & Rotoli Goffrati Premium Edition Mod. 34 (2250),https://www.amazon.it/dp/B001002250?tag=offertissimes-21,25.46,32.8,11.1,21.7,"Casa, Cucina ed Elettrodomestici",Sigillatori Sottovuoto & Rotoli Goffrati,KitchenBoss,B001002250,1,198,83
FoodSaver Sigillatori Sottovuoto & Rotoli Goffrati Premium Edition Mod. 36 (2252),https://www.amazon.it/dp/B001002252?tag=offertissimes-21,54.94,66.88,11.1,53.66,"Casa, Cucina ed Elettrodomestici",Sigillatori Sottovuoto & Rotoli Goffrati,FoodSaver,B001002252,1,89,86
Nespresso Aeroccino Montalatte Elettrici a Induzione Virali Premium Edition Mod. 01 (2320),https://www.amazon.it/dp/B001002320?tag=offertissimes-21,29.03,36.59,11.1,28.04,"Casa, Cucina ed Elettrodomestici",Montalatte Elettrici a Induzione Virali,Nespresso Aeroccino,B001002320,0,296,92
Bialetti Montalatte Elettrici a Induzione Virali Premium Edition Mod. 41 (2360),https://www.amazon.it/dp/B001002360?tag=offertissimes-21,79.15,107.62,11.1,73.82,"Casa, Cucina ed Elettrodomestici",Montalatte Elettrici a Induzione Virali,Bialetti,B001002360,0,247,90
TP-Link Tapo Lampadine LED Smart Dimmerabili Attacco E27/GU10 Premium Edition Mod. 27 (2433),https://www.amazon.it/dp/B001002433?tag=offertissimes-21,54.24,86.78,11.1,50.75,"Fai da Te, Bricolage e Giardinaggio",Lampadine LED Smart Dimmerabili Attacco E27/GU10,TP-Link Tapo,B001002433,1,103,83
Xiaomi Wowstick Mini Cacciaviti Elettrici di Precisione Virali Premium Edition Mod. 16 (2494),https://www.amazon.it/dp/B001002494?tag=offertissimes-21,19.24,23.61,11.1,16.56,"Fai da Te, Bricolage e Giardinaggio",Mini Cacciaviti Elettrici di Precisione Virali,Xiaomi Wowstick,B001002494,0,368,97
Xiaomi Portable Air Pump 2 Compressori Portatili Ricaricabili Wireless Premium Edition Mod. 05 (2645),https://www.amazon.it/dp/B001002645?tag=offertissimes-21,50.01,59.22,11.1,47.15,Auto e Moto (Accessori & Manutenzione),Compressori Portatili Ricaricabili Wireless,Xiaomi Portable Air Pump 2,B001002645,0,312,95
Baseus Aspirapolvere Portatili per Auto ad Alta Potenza Premium Edition Mod. 11 (2681),https://www.amazon.it/dp/B001002681?tag=offertissimes-21,25.31,37.91,11.1,22.7,Auto e Moto (Accessori & Manutenzione),Aspirapolvere Portatili per Auto ad Alta Potenza,Baseus,B001002681,0,435,85
Eufy Aspirapolvere Portatili per Auto ad Alta Potenza Premium Edition Mod. 19 (2689),https://www.amazon.it/dp/B001002689?tag=offertissimes-21,16.24,24.05,11.1,14.71,Auto e Moto (Accessori & Manutenzione),Aspirapolvere Portatili per Auto ad Alta Potenza,Eufy,B001002689,0,188,86
Danish Endurance Calzini Sportivi Tecnici Traspiranti Multipack Premium Edition Mod. 14 (3097),https://www.amazon.it/dp/B001003097?tag=offertissimes-21,32.25,47.07,11.1,30.87,Abbigliamento Base e Calzetteria,Calzini Sportivi Tecnici Traspiranti Multipack,Danish Endurance,B001003097,1,61,86
Rhodia Quaderni Puntinati Bullet Journal Dotted 120g Premium Edition Mod. 08 (3366),https://www.amazon.it/dp/B001003366?tag=offertissimes-21,9.67,12.79,11.1,9.02,"Libri, Agende e Self-Help",Quaderni Puntinati Bullet Journal Dotted 120g,Rhodia,B001003366,1,227,77
Olaplex Cura dei Capelli & Shampoo Trattanti Premium Edition Mod. 24 (0152),https://www.amazon.it/dp/B001000152?tag=offertissimes-21,24.51,35.17,11.0,21.08,Bellezza e Cura della Persona,Cura dei Capelli & Shampoo Trattanti,Olaplex,B001000152,1,58,93
Restivoil Cura dei Capelli & Shampoo Trattanti Premium Edition Mod. 33 (0161),https://www.amazon.it/dp/B001000161?tag=offertissimes-21,32.95,49.14,11.0,31.93,Bellezza e Cura della Persona,Cura dei Capelli & Shampoo Trattanti,Restivoil,B001000161,1,40,89
Promixx Shaker Magnetici & Accessori Virali Gym Premium Edition Mod. 53 (0717),https://www.amazon.it/dp/B001000717?tag=offertissimes-21,13.6,16.79,11.0,13.29,"Salute, Igiene e Integratori",Shaker Magnetici & Accessori Virali Gym,Promixx,B001000717,0,276,81
Matcha Ninja Tè Matcha Cerimoniale Bio & Tisane Premium Edition Mod. 21 (0845),https://www.amazon.it/dp/B001000845?tag=offertissimes-21,23.32,28.45,11.0,20.94,"Alimentari, Caffè e Bevande",Tè Matcha Cerimoniale Bio & Tisane,Matcha Ninja,B001000845,1,32,91
Vahdam Tè Matcha Cerimoniale Bio & Tisane Premium Edition Mod. 44 (0868),https://www.amazon.it/dp/B001000868?tag=offertissimes-21,36.85,50.63,11.0,32.07,"Alimentari, Caffè e Bevande",Tè Matcha Cerimoniale Bio & Tisane,Vahdam,B001000868,1,19,92
Finish Quantum Capsule Lavastoviglie Maxi Box (100-160pz) Premium Edition Mod. 06 (0986),https://www.amazon.it/dp/B001000986?tag=offertissimes-21,31.74,48.78,11.0,28.72,Cura della Casa e Pulizia,Capsule Lavastoviglie Maxi Box (100-160pz),Finish Quantum,B001000986,1,69,89
Dixan Detersivi Lavatrice Concentrati & Pods Premium Edition Mod. 40 (1080),https://www.amazon.it/dp/B001001080?tag=offertissimes-21,29.74,36.27,11.0,27.67,Cura della Casa e Pulizia,Detersivi Lavatrice Concentrati & Pods,Dixan,B001001080,1,48,82
Ariel Pods Detersivi Lavatrice Concentrati & Pods Premium Edition Mod. 49 (1089),https://www.amazon.it/dp/B001001089?tag=offertissimes-21,11.27,17.25,11.0,10.49,Cura della Casa e Pulizia,Detersivi Lavatrice Concentrati & Pods,Ariel Pods,B001001089,1,44,82
Scrub Daddy Pulitori Miracolosi Virali & Spugne Premium Edition Mod. 33 (1193),https://www.amazon.it/dp/B001001193?tag=offertissimes-21,34.5,47.12,11.0,29.98,Cura della Casa e Pulizia,Pulitori Miracolosi Virali & Spugne,Scrub Daddy,B001001193,0,454,98
The Pink Stuff Pulitori Miracolosi Virali & Spugne Premium Edition Mod. 45 (1205),https://www.amazon.it/dp/B001001205?tag=offertissimes-21,39.75,62.11,11.0,38.86,Cura della Casa e Pulizia,Pulitori Miracolosi Virali & Spugne,The Pink Stuff,B001001205,0,431,95
Swiffer Panni Microfibra Alta Densità & Swiffer Ricambi Premium Edition Mod. 42 (1262),https://www.amazon.it/dp/B001001262?tag=offertissimes-21,8.81,13.81,11.0,8.31,Cura della Casa e Pulizia,Panni Microfibra Alta Densità & Swiffer Ricambi,Swiffer,B001001262,1,71,73
Huggies Pure Salviette Umidificate All'Acqua 99% Premium Edition Mod. 06 (1322),https://www.amazon.it/dp/B001001322?tag=offertissimes-21,31.12,46.62,11.0,30.27,Prima Infanzia e Maternità,Salviette Umidificate All'Acqua 99%,Huggies Pure,B001001322,1,15,86
Momcozy Gadget Virali Sonno Neonato (White Noise) Premium Edition Mod. 36 (1460),https://www.amazon.it/dp/B001001460?tag=offertissimes-21,45.77,71.94,11.0,44.36,Prima Infanzia e Maternità,Gadget Virali Sonno Neonato (White Noise),Momcozy,B001001460,0,324,98
Earth Rated Sacchetti Igienici Cane Biodegradabili (300-600pz) Premium Edition Mod. 46 (1553),https://www.amazon.it/dp/B001001553?tag=offertissimes-21,16.33,22.82,11.0,14.58,Animali Domestici (Pet Care),Sacchetti Igienici Cane Biodegradabili (300-600pz),Earth Rated,B001001553,1,41,84
Ace2Ace Spazzole Rullo Toglipelo Elettrostatiche Premium Edition Mod. 20 (1668),https://www.amazon.it/dp/B001001668?tag=offertissimes-21,38.96,46.82,11.0,37.98,Animali Domestici (Pet Care),Spazzole Rullo Toglipelo Elettrostatiche,Ace2Ace,B001001668,0,489,99
Lickimat Tappetini Olfattivi & Ciotole Lente Virali Premium Edition Mod. 29 (1723),https://www.amazon.it/dp/B001001723?tag=offertissimes-21,46.55,74.49,11.0,43.8,Animali Domestici (Pet Care),Tappetini Olfattivi & Ciotole Lente Virali,Lickimat,B001001723,0,510,89
INIU Cavi USB-C Fast Charge 100W/240W Multipack Premium Edition Mod. 35 (1775),https://www.amazon.it/dp/B001001775?tag=offertissimes-21,55.75,65.85,11.0,48.97,"Elettronica, Accessori e Gadget Smart",Cavi USB-C Fast Charge 100W/240W Multipack,INIU,B001001775,1,116,95
Woox Prese Smart Wi-Fi Monitoraggio Consumi Premium Edition Mod. 43 (2050),https://www.amazon.it/dp/B001002050?tag=offertissimes-21,52.44,66.17,11.0,47.37,"Elettronica, Accessori e Gadget Smart",Prese Smart Wi-Fi Monitoraggio Consumi,Woox,B001002050,0,516,83
Dreame Filtri & Ricambi Robot Aspirapolvere Premium Edition Mod. 16 (2076),https://www.amazon.it/dp/B001002076?tag=offertissimes-21,54.07,84.1,11.0,51.56,"Casa, Cucina ed Elettrodomestici",Filtri & Ricambi Robot Aspirapolvere,Dreame,B001002076,1,70,94
AirFryer Pro Carta Forno Riutilizzabile & Accessori Friggitrice Aria Premium Edition Mod. 01 (2113),https://www.amazon.it/dp/B001002113?tag=offertissimes-21,121.89,152.47,11.0,106.51,"Casa, Cucina ed Elettrodomestici",Carta Forno Riutilizzabile & Accessori Friggitrice Aria,AirFryer Pro,B001002113,1,214,92
FoodSaver Sigillatori Sottovuoto & Rotoli Goffrati Premium Edition Mod. 15 (2231),https://www.amazon.it/dp/B001002231?tag=offertissimes-21,45.16,70.97,11.0,43.04,"Casa, Cucina ed Elettrodomestici",Sigillatori Sottovuoto & Rotoli Goffrati,FoodSaver,B001002231,1,188,88
Bialetti Montalatte Elettrici a Induzione Virali Premium Edition Mod. 10 (2329),https://www.amazon.it/dp/B001002329?tag=offertissimes-21,113.12,135.46,11.0,103.31,"Casa, Cucina ed Elettrodomestici",Montalatte Elettrici a Induzione Virali,Bialetti,B001002329,0,422,90
HOTO Mini Cacciaviti Elettrici di Precisione Virali Premium Edition Mod. 07 (2485),https://www.amazon.it/dp/B001002485?tag=offertissimes-21,33.66,51.18,11.0,29.8,"Fai da Te, Bricolage e Giardinaggio",Mini Cacciaviti Elettrici di Precisione Virali,HOTO,B001002485,0,227,90
Fanttik Compressori Portatili Ricaricabili Wireless Premium Edition Mod. 09 (2649),https://www.amazon.it/dp/B001002649?tag=offertissimes-21,58.11,76.97,11.0,52.37,Auto e Moto (Accessori & Manutenzione),Compressori Portatili Ricaricabili Wireless,Fanttik,B001002649,0,422,95
Xiaomi Portable Air Pump 2 Compressori Portatili Ricaricabili Wireless Premium Edition Mod. 26 (2666),https://www.amazon.it/dp/B001002666?tag=offertissimes-21,10.35,14.21,11.0,10.06,Auto e Moto (Accessori & Manutenzione),Compressori Portatili Ricaricabili Wireless,Xiaomi Portable Air Pump 2,B001002666,0,443,99
Gritin Fasce Elastiche di Resistenza & Loop Bands Tessuto Premium Edition Mod. 32 (2732),https://www.amazon.it/dp/B001002732?tag=offertissimes-21,44.54,67.77,11.0,40.64,"Sport, Fitness e Attrezzatura",Fasce Elastiche di Resistenza & Loop Bands Tessuto,Gritin,B001002732,1,162,90
Beast Gear Corda per Saltare Professionale con Cuscinetti Rapidi Premium Edition Mod. 25 (2763),https://www.amazon.it/dp/B001002763?tag=offertissimes-21,67.81,108.39,11.0,66.09,"Sport, Fitness e Attrezzatura",Corda per Saltare Professionale con Cuscinetti Rapidi,Beast Gear,B001002763,0,424,87
Calvin Klein Boxer Cotone Elasticizzato Multipack (6-10pz) Premium Edition Mod. 04 (3054),https://www.amazon.it/dp/B001003054?tag=offertissimes-21,22.67,36.32,11.0,22.14,Abbigliamento Base e Calzetteria,Boxer Cotone Elasticizzato Multipack (6-10pz),Calvin Klein,B001003054,1,75,92
Danish Endurance Calzini Sportivi Tecnici Traspiranti Multipack Premium Edition Mod. 17 (3100),https://www.amazon.it/dp/B001003100?tag=offertissimes-21,15.53,23.19,11.0,14.87,Abbigliamento Base e Calzetteria,Calzini Sportivi Tecnici Traspiranti Multipack,Danish Endurance,B001003100,1,101,88
Dixit Giochi da Tavolo Compatti & Pocket Virali Premium Edition Mod. 08 (3216),https://www.amazon.it/dp/B001003216?tag=offertissimes-21,27.54,39.64,11.0,25.03,"Giochi, Hobbies e Tempo Libero",Giochi da Tavolo Compatti & Pocket Virali,Dixit,B001003216,0,457,94
LEGO Speed Champions Set Costruzioni Modulari per Adulti Premium Edition Mod. 15 (3251),https://www.amazon.it/dp/B001003251?tag=offertissimes-21,16.62,24.46,11.0,16.25,"Giochi, Hobbies e Tempo Libero",Set Costruzioni Modulari per Adulti,LEGO Speed Champions,B001003251,0,299,91
LEGO Icons Set Costruzioni Modulari per Adulti Premium Edition Mod. 19 (3255),https://www.amazon.it/dp/B001003255?tag=offertissimes-21,15.88,20.44,11.0,14.64,"Giochi, Hobbies e Tempo Libero",Set Costruzioni Modulari per Adulti,LEGO Icons,B001003255,0,375,90
Ono Roller Fidget Toys & Antistress Magnetici Virali Premium Edition Mod. 10 (3273),https://www.amazon.it/dp/B001003273?tag=offertissimes-21,10.33,16.35,11.0,9.6,"Giochi, Hobbies e Tempo Libero",Fidget Toys & Antistress Magnetici Virali,Ono Roller,B001003273,0,483,95
Speks Fidget Toys & Antistress Magnetici Virali Premium Edition Mod. 19 (3282),https://www.amazon.it/dp/B001003282?tag=offertissimes-21,25.62,40.72,11.0,24.64,"Giochi, Hobbies e Tempo Libero",Fidget Toys & Antistress Magnetici Virali,Speks,B001003282,0,240,100
CeraVe Sieri Viso & Trattamenti Anti-Age Premium Edition Mod. 18 (0018),https://www.amazon.it/dp/B001000018?tag=offertissimes-21,21.39,33.9,10.9,20.95,Bellezza e Cura della Persona,Sieri Viso & Trattamenti Anti-Age,CeraVe,B001000018,1,43,92
COSRX Sieri Viso & Trattamenti Anti-Age Premium Edition Mod. 36 (0036),https://www.amazon.it/dp/B001000036?tag=offertissimes-21,13.96,18.39,10.9,12.83,Bellezza e Cura della Persona,Sieri Viso & Trattamenti Anti-Age,COSRX,B001000036,1,54,95
Oral-B Igiene Orale & Ricambi Spazzolini Premium Edition Mod. 24 (0088),https://www.amazon.it/dp/B001000088?tag=offertissimes-21,11.3,16.42,10.9,10.8,Bellezza e Cura della Persona,Igiene Orale & Ricambi Spazzolini,Oral-B,B001000088,1,52,85
Oral-B Igiene Orale & Ricambi Spazzolini Premium Edition Mod. 58 (0122),https://www.amazon.it/dp/B001000122?tag=offertissimes-21,38.0,50.65,10.9,34.21,Bellezza e Cura della Persona,Igiene Orale & Ricambi Spazzolini,Oral-B,B001000122,1,26,85
Armaf Profumeria & Fragranze Virali Premium Edition Mod. 43 (0297),https://www.amazon.it/dp/B001000297?tag=offertissimes-21,13.8,15.94,10.9,13.15,Bellezza e Cura della Persona,Profumeria & Fragranze Virali,Armaf,B001000297,0,192,92
Maybelline Make-Up & Accessori Bellezza Virali Premium Edition Mod. 60 (0377),https://www.amazon.it/dp/B001000377?tag=offertissimes-21,13.22,15.96,10.9,12.9,Bellezza e Cura della Persona,Make-Up & Accessori Bellezza Virali,Maybelline,B001000377,0,341,86
Bandini Creatina Monoidrato & Pre-Workout Premium Edition Mod. 22 (0459),https://www.amazon.it/dp/B001000459?tag=offertissimes-21,38.6,49.18,10.9,33.69,"Salute, Igiene e Integratori",Creatina Monoidrato & Pre-Workout,Bandini,B001000459,1,21,95
SiS Science in Sport Elettroliti & Idratazione Senza Zucchero Premium Edition Mod. 57 (0608),https://www.amazon.it/dp/B001000608?tag=offertissimes-21,55.1,64.39,10.9,47.58,"Salute, Igiene e Integratori",Elettroliti & Idratazione Senza Zucchero,SiS Science in Sport,B001000608,1,40,86
Omron Dispositivi Elettromedicali & Termometri Premium Edition Mod. 52 (0660),https://www.amazon.it/dp/B001000660?tag=offertissimes-21,16.86,25.21,10.9,14.37,"Salute, Igiene e Integratori",Dispositivi Elettromedicali & Termometri,Omron,B001000660,0,455,68
Omron Dispositivi Elettromedicali & Termometri Premium Edition Mod. 53 (0661),https://www.amazon.it/dp/B001000661?tag=offertissimes-21,18.08,24.97,10.9,15.79,"Salute, Igiene e Integratori",Dispositivi Elettromedicali & Termometri,Omron,B001000661,0,286,83
BlenderBottle Shaker Magnetici & Accessori Virali Gym Premium Edition Mod. 23 (0687),https://www.amazon.it/dp/B001000687?tag=offertissimes-21,27.18,31.8,10.9,23.15,"Salute, Igiene e Integratori",Shaker Magnetici & Accessori Virali Gym,BlenderBottle,B001000687,0,309,90
Voltrx Shaker Magnetici & Accessori Virali Gym Premium Edition Mod. 26 (0690),https://www.amazon.it/dp/B001000690?tag=offertissimes-21,43.83,64.22,10.9,42.08,"Salute, Igiene e Integratori",Shaker Magnetici & Accessori Virali Gym,Voltrx,B001000690,0,309,91
Voltrx Shaker Magnetici & Accessori Virali Gym Premium Edition Mod. 45 (0709),https://www.amazon.it/dp/B001000709?tag=offertissimes-21,9.42,15.16,10.9,8.03,"Salute, Igiene e Integratori",Shaker Magnetici & Accessori Virali Gym,Voltrx,B001000709,0,292,86
Nespresso Cialde & Capsule Caffè Scorte 100-150pz Premium Edition Mod. 32 (0752),https://www.amazon.it/dp/B001000752?tag=offertissimes-21,20.99,31.18,10.9,20.29,"Alimentari, Caffè e Bevande",Cialde & Capsule Caffè Scorte 100-150pz,Nespresso,B001000752,1,24,93
Vahdam Tè Matcha Cerimoniale Bio & Tisane Premium Edition Mod. 09 (0833),https://www.amazon.it/dp/B001000833?tag=offertissimes-21,37.44,42.59,10.9,32.15,"Alimentari, Caffè e Bevande",Tè Matcha Cerimoniale Bio & Tisane,Vahdam,B001000833,1,20,97
Pukka Tè Matcha Cerimoniale Bio & Tisane Premium Edition Mod. 33 (0857),https://www.amazon.it/dp/B001000857?tag=offertissimes-21,21.72,32.18,10.9,20.4,"Alimentari, Caffè e Bevande",Tè Matcha Cerimoniale Bio & Tisane,Pukka,B001000857,1,22,92
Foodspring Alimenti Proteici & Creme Spalmabili Zero Premium Edition Mod. 42 (0918),https://www.amazon.it/dp/B001000918?tag=offertissimes-21,17.14,25.42,10.9,15.29,"Alimentari, Caffè e Bevande",Alimenti Proteici & Creme Spalmabili Zero,Foodspring,B001000918,1,18,87
Foodspring Alimenti Proteici & Creme Spalmabili Zero Premium Edition Mod. 45 (0921),https://www.amazon.it/dp/B001000921?tag=offertissimes-21,18.93,25.66,10.9,17.72,"Alimentari, Caffè e Bevande",Alimenti Proteici & Creme Spalmabili Zero,Foodspring,B001000921,1,24,88
Monin Sciroppi Zero Calorie & Aromi Barista Premium Edition Mod. 31 (0959),https://www.amazon.it/dp/B001000959?tag=offertissimes-21,25.84,37.99,10.9,22.5,"Alimentari, Caffè e Bevande",Sciroppi Zero Calorie & Aromi Barista,Monin,B001000959,0,204,85
Pril Gold Capsule Lavastoviglie Maxi Box (100-160pz) Premium Edition Mod. 09 (0989),https://www.amazon.it/dp/B001000989?tag=offertissimes-21,36.97,56.87,10.9,35.99,Cura della Casa e Pulizia,Capsule Lavastoviglie Maxi Box (100-160pz),Pril Gold,B001000989,1,46,91
Pampers Baby Dry Pannolini Box Scorta Mensile (120-180pz) Premium Edition Mod. 08 (1288),https://www.amazon.it/dp/B001001288?tag=offertissimes-21,37.86,53.72,10.9,36.16,Prima Infanzia e Maternità,Pannolini Box Scorta Mensile (120-180pz),Pampers Baby Dry,B001001288,1,20,93
Huggies Pure Salviette Umidificate All'Acqua 99% Premium Edition Mod. 14 (1330),https://www.amazon.it/dp/B001001330?tag=offertissimes-21,56.31,75.82,10.9,51.82,Prima Infanzia e Maternità,Salviette Umidificate All'Acqua 99%,Huggies Pure,B001001330,1,29,90
Biokat's Lettiere Gatto Agglomeranti & Silicio 10-20L Premium Edition Mod. 03 (1463),https://www.amazon.it/dp/B001001463?tag=offertissimes-21,18.67,26.84,10.9,18.14,Animali Domestici (Pet Care),Lettiere Gatto Agglomeranti & Silicio 10-20L,Biokat's,B001001463,1,28,88
Pogi's Sacchetti Igienici Cane Biodegradabili (300-600pz) Premium Edition Mod. 18 (1525),https://www.amazon.it/dp/B001001525?tag=offertissimes-21,66.62,76.34,10.9,62.95,Animali Domestici (Pet Care),Sacchetti Igienici Cane Biodegradabili (300-600pz),Pogi's,B001001525,1,24,87
Amazon Basics Sacchetti Igienici Cane Biodegradabili (300-600pz) Premium Edition Mod. 30 (1537),https://www.amazon.it/dp/B001001537?tag=offertissimes-21,42.9,66.01,10.9,37.89,Animali Domestici (Pet Care),Sacchetti Igienici Cane Biodegradabili (300-600pz),Amazon Basics,B001001537,1,44,84
Lickimat Tappetini Olfattivi & Ciotole Lente Virali Premium Edition Mod. 15 (1709),https://www.amazon.it/dp/B001001709?tag=offertissimes-21,20.21,25.45,10.9,19.5,Animali Domestici (Pet Care),Tappetini Olfattivi & Ciotole Lente Virali,Lickimat,B001001709,0,333,93
Baseus Caricatori GaN Multi-Porta Compatti Premium Edition Mod. 25 (1873),https://www.amazon.it/dp/B001001873?tag=offertissimes-21,22.41,32.77,10.9,20.3,"Elettronica, Accessori e Gadget Smart",Caricatori GaN Multi-Porta Compatti,Baseus,B001001873,0,284,98
Lamicall Supporti Auto Magnetici MagSafe Wireless Premium Edition Mod. 32 (1933),https://www.amazon.it/dp/B001001933?tag=offertissimes-21,69.05,92.74,10.9,63.72,"Elettronica, Accessori e Gadget Smart",Supporti Auto Magnetici MagSafe Wireless,Lamicall,B001001933,0,183,98
Hagibis Kit Pulizia Multifunzione 7-in-1 Tech Premium Edition Mod. 22 (1976),https://www.amazon.it/dp/B001001976?tag=offertissimes-21,20.65,32.54,10.9,20.09,"Elettronica, Accessori e Gadget Smart",Kit Pulizia Multifunzione 7-in-1 Tech,Hagibis,B001001976,0,467,99
Meross Prese Smart Wi-Fi Monitoraggio Consumi Premium Edition Mod. 09 (2016),https://www.amazon.it/dp/B001002016?tag=offertissimes-21,31.43,48.39,10.9,27.2,"Elettronica, Accessori e Gadget Smart",Prese Smart Wi-Fi Monitoraggio Consumi,Meross,B001002016,0,336,80
TP-Link Tapo Prese Smart Wi-Fi Monitoraggio Consumi Premium Edition Mod. 16 (2023),https://www.amazon.it/dp/B001002023?tag=offertissimes-21,37.71,56.25,10.9,32.27,"Elettronica, Accessori e Gadget Smart",Prese Smart Wi-Fi Monitoraggio Consumi,TP-Link Tapo,B001002023,0,255,97
Roborock Filtri & Ricambi Robot Aspirapolvere Premium Edition Mod. 34 (2094),https://www.amazon.it/dp/B001002094?tag=offertissimes-21,91.58,146.99,10.9,79.31,"Casa, Cucina ed Elettrodomestici",Filtri & Ricambi Robot Aspirapolvere,Roborock,B001002094,1,284,88
AirFryer Pro Carta Forno Riutilizzabile & Accessori Friggitrice Aria Premium Edition Mod. 35 (2147),https://www.amazon.it/dp/B001002147?tag=offertissimes-21,113.69,133.1,10.9,103.95,"Casa, Cucina ed Elettrodomestici",Carta Forno Riutilizzabile & Accessori Friggitrice Aria,AirFryer Pro,B001002147,1,304,90
iDesign Organizer Frigo & Dispensa Trasparenti Acrilico Premium Edition Mod. 04 (2272),https://www.amazon.it/dp/B001002272?tag=offertissimes-21,150.24,174.33,10.9,134.74,"Casa, Cucina ed Elettrodomestici",Organizer Frigo & Dispensa Trasparenti Acrilico,iDesign,B001002272,0,240,91
Philips Hue Lampadine LED Smart Dimmerabili Attacco E27/GU10 Premium Edition Mod. 13 (2419),https://www.amazon.it/dp/B001002419?tag=offertissimes-21,18.31,28.01,10.9,16.33,"Fai da Te, Bricolage e Giardinaggio",Lampadine LED Smart Dimmerabili Attacco E27/GU10,Philips Hue,B001002419,1,71,84
Bostik Nastri Adesivi Gorilla & Sigillanti Impermeabilizzanti Premium Edition Mod. 25 (2467),https://www.amazon.it/dp/B001002467?tag=offertissimes-21,8.76,12.59,10.9,7.78,"Fai da Te, Bricolage e Giardinaggio",Nastri Adesivi Gorilla & Sigillanti Impermeabilizzanti,Bostik,B001002467,1,94,91
Fanttik Mini Cacciaviti Elettrici di Precisione Virali Premium Edition Mod. 09 (2487),https://www.amazon.it/dp/B001002487?tag=offertissimes-21,60.12,82.55,10.9,51.19,"Fai da Te, Bricolage e Giardinaggio",Mini Cacciaviti Elettrici di Precisione Virali,Fanttik,B001002487,0,185,98
Ma-Fra Kit Pulizia & Manutenzione Pelle/Plastiche Auto Premium Edition Mod. 10 (2620),https://www.amazon.it/dp/B001002620?tag=offertissimes-21,16.29,18.66,10.9,14.23,Auto e Moto (Accessori & Manutenzione),Kit Pulizia & Manutenzione Pelle/Plastiche Auto,Ma-Fra,B001002620,1,71,100
Fitbeast Fasce Elastiche di Resistenza & Loop Bands Tessuto Premium Edition Mod. 19 (2719),https://www.amazon.it/dp/B001002719?tag=offertissimes-21,12.35,19.0,10.9,11.57,"Sport, Fitness e Attrezzatura",Fasce Elastiche di Resistenza & Loop Bands Tessuto,Fitbeast,B001002719,1,171,97
Fitbeast Fasce Elastiche di Resistenza & Loop Bands Tessuto Premium Edition Mod. 23 (2723),https://www.amazon.it/dp/B001002723?tag=offertissimes-21,29.27,41.59,10.9,25.82,"Sport, Fitness e Attrezzatura",Fasce Elastiche di Resistenza & Loop Bands Tessuto,Fitbeast,B001002723,1,158,87
Beast Gear Fasce Elastiche di Resistenza & Loop Bands Tessuto Premium Edition Mod. 38 (2738),https://www.amazon.it/dp/B001002738?tag=offertissimes-21,66.97,78.73,10.9,58.43,"Sport, Fitness e Attrezzatura",Fasce Elastiche di Resistenza & Loop Bands Tessuto,Beast Gear,B001002738,1,89,88
Toplus Tappetini Yoga Antiscivolo Alta Densità TPE Premium Edition Mod. 37 (2851),https://www.amazon.it/dp/B001002851?tag=offertissimes-21,76.52,94.29,10.9,66.51,"Sport, Fitness e Attrezzatura",Tappetini Yoga Antiscivolo Alta Densità TPE,Toplus,B001002851,0,209,88
Lifewit Borse Termiche Pranzo Fit & Portavivande Ermetici Premium Edition Mod. 02 (2854),https://www.amazon.it/dp/B001002854?tag=offertissimes-21,51.21,60.88,10.9,49.08,"Sport, Fitness e Attrezzatura",Borse Termiche Pranzo Fit & Portavivande Ermetici,Lifewit,B001002854,0,215,87
Munbyn Etichette Termiche Adesive Spedizioni 100x150mm Premium Edition Mod. 09 (2963),https://www.amazon.it/dp/B001002963?tag=offertissimes-21,11.42,14.93,10.9,10.01,"Cancelleria, Ufficio e Spedizioni",Etichette Termiche Adesive Spedizioni 100x150mm,Munbyn,B001002963,1,77,87
Zebra Etichette Termiche Adesive Spedizioni 100x150mm Premium Edition Mod. 10 (2964),https://www.amazon.it/dp/B001002964?tag=offertissimes-21,40.84,56.22,10.9,39.21,"Cancelleria, Ufficio e Spedizioni",Etichette Termiche Adesive Spedizioni 100x150mm,Zebra,B001002964,1,35,93
Kensington Supporti Monitor Ergonomici con Cassetti Premium Edition Mod. 01 (3019),https://www.amazon.it/dp/B001003019?tag=offertissimes-21,35.04,49.04,10.9,31.43,"Cancelleria, Ufficio e Spedizioni",Supporti Monitor Ergonomici con Cassetti,Kensington,B001003019,0,308,93
Levi's Boxer Cotone Elasticizzato Multipack (6-10pz) Premium Edition Mod. 06 (3056),https://www.amazon.it/dp/B001003056?tag=offertissimes-21,31.42,38.8,10.9,29.15,Abbigliamento Base e Calzetteria,Boxer Cotone Elasticizzato Multipack (6-10pz),Levi's,B001003056,1,113,83
Calvin Klein Boxer Cotone Elasticizzato Multipack (6-10pz) Premium Edition Mod. 15 (3065),https://www.amazon.it/dp/B001003065?tag=offertissimes-21,44.67,55.67,10.9,39.7,Abbigliamento Base e Calzetteria,Boxer Cotone Elasticizzato Multipack (6-10pz),Calvin Klein,B001003065,1,85,91
Sluban Set Costruzioni Modulari per Adulti Premium Edition Mod. 14 (3250),https://www.amazon.it/dp/B001003250?tag=offertissimes-21,43.3,65.8,10.9,38.0,"Giochi, Hobbies e Tempo Libero",Set Costruzioni Modulari per Adulti,Sluban,B001003250,0,433,96
Infinity Cube Fidget Toys & Antistress Magnetici Virali Premium Edition Mod. 16 (3279),https://www.amazon.it/dp/B001003279?tag=offertissimes-21,25.72,30.77,10.9,24.87,"Giochi, Hobbies e Tempo Libero",Fidget Toys & Antistress Magnetici Virali,Infinity Cube,B001003279,0,372,95
COSRX Sieri Viso & Trattamenti Anti-Age Premium Edition Mod. 01 (0001),https://www.amazon.it/dp/B001000001?tag=offertissimes-21,15.97,18.72,10.8,15.11,Bellezza e Cura della Persona,Sieri Viso & Trattamenti Anti-Age,COSRX,B001000001,1,26,93
COSRX Sieri Viso & Trattamenti Anti-Age Premium Edition Mod. 12 (0012),https://www.amazon.it/dp/B001000012?tag=offertissimes-21,44.24,52.26,10.8,40.34,Bellezza e Cura della Persona,Sieri Viso & Trattamenti Anti-Age,COSRX,B001000012,1,59,91
Yamamoto Proteine & Aminoacidi Sportivi Premium Edition Mod. 19 (0399),https://www.amazon.it/dp/B001000399?tag=offertissimes-21,25.04,29.04,10.8,22.26,"Salute, Igiene e Integratori",Proteine & Aminoacidi Sportivi,Yamamoto,B001000399,1,20,87
Creapure Creatina Monoidrato & Pre-Workout Premium Edition Mod. 21 (0458),https://www.amazon.it/dp/B001000458?tag=offertissimes-21,31.19,38.51,10.8,30.35,"Salute, Igiene e Integratori",Creatina Monoidrato & Pre-Workout,Creapure,B001000458,1,29,93
Promixx Shaker Magnetici & Accessori Virali Gym Premium Edition Mod. 38 (0702),https://www.amazon.it/dp/B001000702?tag=offertissimes-21,21.02,28.46,10.8,18.6,"Salute, Igiene e Integratori",Shaker Magnetici & Accessori Virali Gym,Promixx,B001000702,0,259,86
Jordan's Skinny Sciroppi Zero Calorie & Aromi Barista Premium Edition Mod. 19 (0947),https://www.amazon.it/dp/B001000947?tag=offertissimes-21,13.77,21.58,10.8,12.99,"Alimentari, Caffè e Bevande",Sciroppi Zero Calorie & Aromi Barista,Jordan's Skinny,B001000947,0,264,82
Fairy Platinum Plus Capsule Lavastoviglie Maxi Box (100-160pz) Premium Edition Mod. 40 (1020),https://www.amazon.it/dp/B001001020?tag=offertissimes-21,26.59,33.16,10.8,24.29,Cura della Casa e Pulizia,Capsule Lavastoviglie Maxi Box (100-160pz),Fairy Platinum Plus,B001001020,1,60,90
Chanteclair Detersivi Lavatrice Concentrati & Pods Premium Edition Mod. 24 (1064),https://www.amazon.it/dp/B001001064?tag=offertissimes-21,32.89,50.87,10.8,29.53,Cura della Casa e Pulizia,Detersivi Lavatrice Concentrati & Pods,Chanteclair,B001001064,1,31,90
Chanteclair Detersivi Lavatrice Concentrati & Pods Premium Edition Mod. 60 (1100),https://www.amazon.it/dp/B001001100?tag=offertissimes-21,27.21,36.46,10.8,25.49,Cura della Casa e Pulizia,Detersivi Lavatrice Concentrati & Pods,Chanteclair,B001001100,1,61,85
Scrub Daddy Pulitori Miracolosi Virali & Spugne Premium Edition Mod. 48 (1208),https://www.amazon.it/dp/B001001208?tag=offertissimes-21,51.89,65.08,10.8,47.26,Cura della Casa e Pulizia,Pulitori Miracolosi Virali & Spugne,Scrub Daddy,B001001208,0,442,98
Sanicat Lettiere Gatto Agglomeranti & Silicio 10-20L Premium Edition Mod. 01 (1461),https://www.amazon.it/dp/B001001461?tag=offertissimes-21,15.18,21.73,10.8,13.12,Animali Domestici (Pet Care),Lettiere Gatto Agglomeranti & Silicio 10-20L,Sanicat,B001001461,1,38,87
amFilm Pellicole Salvaschermo Vetro con Dima Installazione Premium Edition Mod. 08 (1802),https://www.amazon.it/dp/B001001802?tag=offertissimes-21,103.96,119.04,10.8,97.58,"Elettronica, Accessori e Gadget Smart",Pellicole Salvaschermo Vetro con Dima Installazione,amFilm,B001001802,1,321,95
Klearlook Kit Pulizia Multifunzione 7-in-1 Tech Premium Edition Mod. 13 (1967),https://www.amazon.it/dp/B001001967?tag=offertissimes-21,30.35,47.02,10.8,26.17,"Elettronica, Accessori e Gadget Smart",Kit Pulizia Multifunzione 7-in-1 Tech,Klearlook,B001001967,0,305,97
Meross Prese Smart Wi-Fi Monitoraggio Consumi Premium Edition Mod. 02 (2009),https://www.amazon.it/dp/B001002009?tag=offertissimes-21,43.95,52.55,10.8,38.04,"Elettronica, Accessori e Gadget Smart",Prese Smart Wi-Fi Monitoraggio Consumi,Meross,B001002009,0,498,95
Ecovacs Filtri & Ricambi Robot Aspirapolvere Premium Edition Mod. 14 (2074),https://www.amazon.it/dp/B001002074?tag=offertissimes-21,135.52,180.63,10.8,115.93,"Casa, Cucina ed Elettrodomestici",Filtri & Ricambi Robot Aspirapolvere,Ecovacs,B001002074,1,154,83
Ecovacs Filtri & Ricambi Robot Aspirapolvere Premium Edition Mod. 32 (2092),https://www.amazon.it/dp/B001002092?tag=offertissimes-21,47.06,55.65,10.8,42.51,"Casa, Cucina ed Elettrodomestici",Filtri & Ricambi Robot Aspirapolvere,Ecovacs,B001002092,1,94,84
iDesign Organizer Frigo & Dispensa Trasparenti Acrilico Premium Edition Mod. 07 (2275),https://www.amazon.it/dp/B001002275?tag=offertissimes-21,131.13,154.97,10.8,112.76,"Casa, Cucina ed Elettrodomestici",Organizer Frigo & Dispensa Trasparenti Acrilico,iDesign,B001002275,0,394,94
Vtopmart Organizer Frigo & Dispensa Trasparenti Acrilico Premium Edition Mod. 30 (2298),https://www.amazon.it/dp/B001002298?tag=offertissimes-21,84.7,96.99,10.8,80.04,"Casa, Cucina ed Elettrodomestici",Organizer Frigo & Dispensa Trasparenti Acrilico,Vtopmart,B001002298,0,314,92
mDesign Organizer Frigo & Dispensa Trasparenti Acrilico Premium Edition Mod. 35 (2303),https://www.amazon.it/dp/B001002303?tag=offertissimes-21,76.57,91.78,10.8,69.68,"Casa, Cucina ed Elettrodomestici",Organizer Frigo & Dispensa Trasparenti Acrilico,mDesign,B001002303,0,289,89
Fanttik Mini Cacciaviti Elettrici di Precisione Virali Premium Edition Mod. 03 (2481),https://www.amazon.it/dp/B001002481?tag=offertissimes-21,65.83,93.12,10.8,63.57,"Fai da Te, Bricolage e Giardinaggio",Mini Cacciaviti Elettrici di Precisione Virali,Fanttik,B001002481,0,304,91
JARBO Cartucce & Toner Compatibili Multipack Premium Edition Mod. 22 (2912),https://www.amazon.it/dp/B001002912?tag=offertissimes-21,43.96,63.25,10.8,40.42,"Cancelleria, Ufficio e Spedizioni",Cartucce & Toner Compatibili Multipack,JARBO,B001002912,1,67,90
Navigator Risme Carta da Stampa A4 80g Scorte 2500ff Premium Edition Mod. 21 (2943),https://www.amazon.it/dp/B001002943?tag=offertissimes-21,49.09,71.02,10.8,42.04,"Cancelleria, Ufficio e Spedizioni",Risme Carta da Stampa A4 80g Scorte 2500ff,Navigator,B001002943,1,89,100
Pentel Evidenziatori Pastello & Penne Gel Cancellabili Premium Edition Mod. 26 (3012),https://www.amazon.it/dp/B001003012?tag=offertissimes-21,47.73,60.72,10.8,42.24,"Cancelleria, Ufficio e Spedizioni",Evidenziatori Pastello & Penne Gel Cancellabili,Pentel,B001003012,1,55,88
Nike Calzini Sportivi Tecnici Traspiranti Multipack Premium Edition Mod. 31 (3114),https://www.amazon.it/dp/B001003114?tag=offertissimes-21,13.18,20.83,10.8,11.63,Abbigliamento Base e Calzetteria,Calzini Sportivi Tecnici Traspiranti Multipack,Nike,B001003114,1,114,81
Ono Roller Fidget Toys & Antistress Magnetici Virali Premium Edition Mod. 20 (3283),https://www.amazon.it/dp/B001003283?tag=offertissimes-21,24.72,38.1,10.8,23.37,"Giochi, Hobbies e Tempo Libero",Fidget Toys & Antistress Magnetici Virali,Ono Roller,B001003283,0,353,99
La Roche-Posay Sieri Viso & Trattamenti Anti-Age Premium Edition Mod. 09 (0009),https://www.amazon.it/dp/B001000009?tag=offertissimes-21,8.21,11.86,10.7,7.71,Bellezza e Cura della Persona,Sieri Viso & Trattamenti Anti-Age,La Roche-Posay,B001000009,1,41,100
Curaprox Igiene Orale & Ricambi Spazzolini Premium Edition Mod. 11 (0075),https://www.amazon.it/dp/B001000075?tag=offertissimes-21,42.78,51.28,10.7,37.1,Bellezza e Cura della Persona,Igiene Orale & Ricambi Spazzolini,Curaprox,B001000075,1,33,84
Restivoil Cura dei Capelli & Shampoo Trattanti Premium Edition Mod. 12 (0140),https://www.amazon.it/dp/B001000140?tag=offertissimes-21,19.84,31.43,10.7,18.05,Bellezza e Cura della Persona,Cura dei Capelli & Shampoo Trattanti,Restivoil,B001000140,1,58,89
Restivoil Cura dei Capelli & Shampoo Trattanti Premium Edition Mod. 36 (0164),https://www.amazon.it/dp/B001000164?tag=offertissimes-21,27.68,40.81,10.7,24.9,Bellezza e Cura della Persona,Cura dei Capelli & Shampoo Trattanti,Restivoil,B001000164,1,40,96
Creapure Creatina Monoidrato & Pre-Workout Premium Edition Mod. 24 (0461),https://www.amazon.it/dp/B001000461?tag=offertissimes-21,28.35,42.68,10.7,25.83,"Salute, Igiene e Integratori",Creatina Monoidrato & Pre-Workout,Creapure,B001000461,1,22,89
BPR Nutrition Alimenti Proteici & Creme Spalmabili Zero Premium Edition Mod. 36 (0912),https://www.amazon.it/dp/B001000912?tag=offertissimes-21,17.02,23.89,10.7,15.05,"Alimentari, Caffè e Bevande",Alimenti Proteici & Creme Spalmabili Zero,BPR Nutrition,B001000912,1,34,87
Monin Sciroppi Zero Calorie & Aromi Barista Premium Edition Mod. 34 (0962),https://www.amazon.it/dp/B001000962?tag=offertissimes-21,29.82,40.61,10.7,28.28,"Alimentari, Caffè e Bevande",Sciroppi Zero Calorie & Aromi Barista,Monin,B001000962,0,439,91
Chanteclair Detersivi Lavatrice Concentrati & Pods Premium Edition Mod. 32 (1072),https://www.amazon.it/dp/B001001072?tag=offertissimes-21,35.95,56.03,10.7,31.98,Cura della Casa e Pulizia,Detersivi Lavatrice Concentrati & Pods,Chanteclair,B001001072,1,71,83
Laica Filtri Ricambio Caraffe & Depuratori Acqua Premium Edition Mod. 06 (1106),https://www.amazon.it/dp/B001001106?tag=offertissimes-21,31.99,38.08,10.7,27.6,Cura della Casa e Pulizia,Filtri Ricambio Caraffe & Depuratori Acqua,Laica,B001001106,1,45,93
Scrub Daddy Pulitori Miracolosi Virali & Spugne Premium Edition Mod. 51 (1211),https://www.amazon.it/dp/B001001211?tag=offertissimes-21,13.98,18.58,10.7,13.37,Cura della Casa e Pulizia,Pulitori Miracolosi Virali & Spugne,Scrub Daddy,B001001211,0,218,99
Pampers Baby Dry Pannolini Box Scorta Mensile (120-180pz) Premium Edition Mod. 11 (1291),https://www.amazon.it/dp/B001001291?tag=offertissimes-21,62.62,76.15,10.7,57.58,Prima Infanzia e Maternità,Pannolini Box Scorta Mensile (120-180pz),Pampers Baby Dry,B001001291,1,15,89
Lillydoo Pannolini Box Scorta Mensile (120-180pz) Premium Edition Mod. 16 (1296),https://www.amazon.it/dp/B001001296?tag=offertissimes-21,63.43,74.89,10.7,56.05,Prima Infanzia e Maternità,Pannolini Box Scorta Mensile (120-180pz),Lillydoo,B001001296,1,17,96
Foppapedretti Ricariche Mangia-Pannolini Multistrato Premium Edition Mod. 10 (1362),https://www.amazon.it/dp/B001001362?tag=offertissimes-21,38.62,43.96,10.7,36.66,Prima Infanzia e Maternità,Ricariche Mangia-Pannolini Multistrato,Foppapedretti,B001001362,1,16,82
Pasta Fissan Paste Cambio Protettive Ossido Zinco Premium Edition Mod. 07 (1395),https://www.amazon.it/dp/B001001395?tag=offertissimes-21,37.0,44.03,10.7,33.56,Prima Infanzia e Maternità,Paste Cambio Protettive Ossido Zinco,Pasta Fissan,B001001395,1,16,87
Cat's Best Lettiere Gatto Agglomeranti & Silicio 10-20L Premium Edition Mod. 02 (1462),https://www.amazon.it/dp/B001001462?tag=offertissimes-21,7.0,11.0,10.7,6.63,Animali Domestici (Pet Care),Lettiere Gatto Agglomeranti & Silicio 10-20L,Cat's Best,B001001462,1,21,86
Sanicat Lettiere Gatto Agglomeranti & Silicio 10-20L Premium Edition Mod. 15 (1475),https://www.amazon.it/dp/B001001475?tag=offertissimes-21,17.14,24.86,10.7,15.76,Animali Domestici (Pet Care),Lettiere Gatto Agglomeranti & Silicio 10-20L,Sanicat,B001001475,1,34,82
Ever Clean Lettiere Gatto Agglomeranti & Silicio 10-20L Premium Edition Mod. 26 (1486),https://www.amazon.it/dp/B001001486?tag=offertissimes-21,14.78,22.41,10.7,14.13,Animali Domestici (Pet Care),Lettiere Gatto Agglomeranti & Silicio 10-20L,Ever Clean,B001001486,1,30,85
Catit Filtri Ricambio Fontanelle Acqua Gatti Premium Edition Mod. 02 (1603),https://www.amazon.it/dp/B001001603?tag=offertissimes-21,36.71,58.99,10.7,33.56,Animali Domestici (Pet Care),Filtri Ricambio Fontanelle Acqua Gatti,Catit,B001001603,1,43,85
INIU Cavi USB-C Fast Charge 100W/240W Multipack Premium Edition Mod. 29 (1769),https://www.amazon.it/dp/B001001769?tag=offertissimes-21,18.35,27.42,10.7,17.65,"Elettronica, Accessori e Gadget Smart",Cavi USB-C Fast Charge 100W/240W Multipack,INIU,B001001769,1,320,90
amFilm Pellicole Salvaschermo Vetro con Dima Installazione Premium Edition Mod. 10 (1804),https://www.amazon.it/dp/B001001804?tag=offertissimes-21,69.13,83.63,10.7,64.92,"Elettronica, Accessori e Gadget Smart",Pellicole Salvaschermo Vetro con Dima Installazione,amFilm,B001001804,1,336,92
Ugreen Caricatori GaN Multi-Porta Compatti Premium Edition Mod. 05 (1853),https://www.amazon.it/dp/B001001853?tag=offertissimes-21,20.17,27.54,10.7,18.0,"Elettronica, Accessori e Gadget Smart",Caricatori GaN Multi-Porta Compatti,Ugreen,B001001853,0,341,98
Aukey Caricatori GaN Multi-Porta Compatti Premium Edition Mod. 44 (1892),https://www.amazon.it/dp/B001001892?tag=offertissimes-21,15.75,23.17,10.7,14.19,"Elettronica, Accessori e Gadget Smart",Caricatori GaN Multi-Porta Compatti,Aukey,B001001892,0,397,90
Ecovacs Filtri & Ricambi Robot Aspirapolvere Premium Edition Mod. 48 (2108),https://www.amazon.it/dp/B001002108?tag=offertissimes-21,119.93,171.11,10.7,105.31,"Casa, Cucina ed Elettrodomestici",Filtri & Ricambi Robot Aspirapolvere,Ecovacs,B001002108,1,132,84
Cosori Friggitrici ad Aria a Doppia Resistenza Premium Edition Mod. 37 (2201),https://www.amazon.it/dp/B001002201?tag=offertissimes-21,20.59,24.22,10.7,18.31,"Casa, Cucina ed Elettrodomestici",Friggitrici ad Aria a Doppia Resistenza,Cosori,B001002201,0,189,100
KitchenBoss Sigillatori Sottovuoto & Rotoli Goffrati Premium Edition Mod. 46 (2262),https://www.amazon.it/dp/B001002262?tag=offertissimes-21,57.08,81.57,10.7,49.04,"Casa, Cucina ed Elettrodomestici",Sigillatori Sottovuoto & Rotoli Goffrati,KitchenBoss,B001002262,1,325,81
Yankee Candle Car Profumatori Auto Lunga Durata & Ricariche Premium Edition Mod. 04 (2554),https://www.amazon.it/dp/B001002554?tag=offertissimes-21,55.48,85.23,10.7,48.3,Auto e Moto (Accessori & Manutenzione),Profumatori Auto Lunga Durata & Ricariche,Yankee Candle Car,B001002554,1,146,92
Bosch Aerotwin Spazzole Tergicristallo Aerodinamiche Premium Edition Mod. 25 (2605),https://www.amazon.it/dp/B001002605?tag=offertissimes-21,10.82,14.11,10.7,9.74,Auto e Moto (Accessori & Manutenzione),Spazzole Tergicristallo Aerodinamiche,Bosch Aerotwin,B001002605,1,44,83
Fitbeast Fasce Elastiche di Resistenza & Loop Bands Tessuto Premium Edition Mod. 07 (2707),https://www.amazon.it/dp/B001002707?tag=offertissimes-21,86.04,113.47,10.7,82.41,"Sport, Fitness e Attrezzatura",Fasce Elastiche di Resistenza & Loop Bands Tessuto,Fitbeast,B001002707,1,124,96
Theragun Mini Pistole Massaggianti Muscolari Portatili Premium Edition Mod. 32 (2808),https://www.amazon.it/dp/B001002808?tag=offertissimes-21,25.66,37.77,10.7,22.63,"Sport, Fitness e Attrezzatura",Pistole Massaggianti Muscolari Portatili,Theragun Mini,B001002808,0,529,89
Lifewit Borse Termiche Pranzo Fit & Portavivande Ermetici Premium Edition Mod. 07 (2859),https://www.amazon.it/dp/B001002859?tag=offertissimes-21,40.69,49.23,10.7,39.33,"Sport, Fitness e Attrezzatura",Borse Termiche Pranzo Fit & Portavivande Ermetici,Lifewit,B001002859,0,282,87
Tatay Borse Termiche Pranzo Fit & Portavivande Ermetici Premium Edition Mod. 37 (2889),https://www.amazon.it/dp/B001002889?tag=offertissimes-21,55.94,73.14,10.7,52.02,"Sport, Fitness e Attrezzatura",Borse Termiche Pranzo Fit & Portavivande Ermetici,Tatay,B001002889,0,318,85
Filofax Agende Settimanali 12/18 Mesi & Ricariche Premium Edition Mod. 13 (3303),https://www.amazon.it/dp/B001003303?tag=offertissimes-21,9.58,13.18,10.7,8.66,"Libri, Agende e Self-Help",Agende Settimanali 12/18 Mesi & Ricariche,Filofax,B001003303,1,350,90
Dingbats Quaderni Puntinati Bullet Journal Dotted 120g Premium Edition Mod. 18 (3376),https://www.amazon.it/dp/B001003376?tag=offertissimes-21,18.6,29.28,10.7,17.09,"Libri, Agende e Self-Help",Quaderni Puntinati Bullet Journal Dotted 120g,Dingbats,B001003376,1,201,79
NamedSport Creatina Monoidrato & Pre-Workout Premium Edition Mod. 43 (0480),https://www.amazon.it/dp/B001000480?tag=offertissimes-21,46.49,64.52,10.6,44.54,"Salute, Igiene e Integratori",Creatina Monoidrato & Pre-Workout,NamedSport,B001000480,1,45,92
BlenderBottle Shaker Magnetici & Accessori Virali Gym Premium Edition Mod. 44 (0708),https://www.amazon.it/dp/B001000708?tag=offertissimes-21,28.61,38.11,10.6,26.3,"Salute, Igiene e Integratori",Shaker Magnetici & Accessori Virali Gym,BlenderBottle,B001000708,0,376,89
Pellini Caffè in Grani Specialty 1kg Premium Edition Mod. 06 (0778),https://www.amazon.it/dp/B001000778?tag=offertissimes-21,29.12,43.91,10.6,25.12,"Alimentari, Caffè e Bevande",Caffè in Grani Specialty 1kg,Pellini,B001000778,1,30,80
Prozis Alimenti Proteici & Creme Spalmabili Zero Premium Edition Mod. 47 (0923),https://www.amazon.it/dp/B001000923?tag=offertissimes-21,21.41,28.41,10.6,18.33,"Alimentari, Caffè e Bevande",Alimenti Proteici & Creme Spalmabili Zero,Prozis,B001000923,1,22,95
Jordan's Skinny Sciroppi Zero Calorie & Aromi Barista Premium Edition Mod. 18 (0946),https://www.amazon.it/dp/B001000946?tag=offertissimes-21,22.75,33.6,10.6,21.0,"Alimentari, Caffè e Bevande",Sciroppi Zero Calorie & Aromi Barista,Jordan's Skinny,B001000946,0,361,84
Laica Filtri Ricambio Caraffe & Depuratori Acqua Premium Edition Mod. 58 (1158),https://www.amazon.it/dp/B001001158?tag=offertissimes-21,35.52,51.15,10.6,34.27,Cura della Casa e Pulizia,Filtri Ricambio Caraffe & Depuratori Acqua,Laica,B001001158,1,47,89
The Pink Stuff Pulitori Miracolosi Virali & Spugne Premium Edition Mod. 21 (1181),https://www.amazon.it/dp/B001001181?tag=offertissimes-21,26.17,35.5,10.6,25.09,Cura della Casa e Pulizia,Pulitori Miracolosi Virali & Spugne,The Pink Stuff,B001001181,0,195,93
The Pink Stuff Pulitori Miracolosi Virali & Spugne Premium Edition Mod. 23 (1183),https://www.amazon.it/dp/B001001183?tag=offertissimes-21,15.64,19.45,10.6,13.76,Cura della Casa e Pulizia,Pulitori Miracolosi Virali & Spugne,The Pink Stuff,B001001183,0,449,93
Angelcare Ricariche Mangia-Pannolini Multistrato Premium Edition Mod. 24 (1376),https://www.amazon.it/dp/B001001376?tag=offertissimes-21,68.3,81.44,10.6,64.71,Prima Infanzia e Maternità,Ricariche Mangia-Pannolini Multistrato,Angelcare,B001001376,1,16,85
Mustela Paste Cambio Protettive Ossido Zinco Premium Edition Mod. 09 (1397),https://www.amazon.it/dp/B001001397?tag=offertissimes-21,17.1,26.67,10.6,16.23,Prima Infanzia e Maternità,Paste Cambio Protettive Ossido Zinco,Mustela,B001001397,1,22,88
Earth Rated Sacchetti Igienici Cane Biodegradabili (300-600pz) Premium Edition Mod. 13 (1520),https://www.amazon.it/dp/B001001520?tag=offertissimes-21,26.16,31.68,10.6,23.95,Animali Domestici (Pet Care),Sacchetti Igienici Cane Biodegradabili (300-600pz),Earth Rated,B001001520,1,26,85
Purina Dentalife Snack Igiene Dentale Cani Scorte Mensili Premium Edition Mod. 38 (1592),https://www.amazon.it/dp/B001001592?tag=offertissimes-21,10.31,12.71,10.6,9.99,Animali Domestici (Pet Care),Snack Igiene Dentale Cani Scorte Mensili,Purina Dentalife,B001001592,1,42,78
Pedigree Dentastix Snack Igiene Dentale Cani Scorte Mensili Premium Edition Mod. 41 (1595),https://www.amazon.it/dp/B001001595?tag=offertissimes-21,51.71,59.25,10.6,49.54,Animali Domestici (Pet Care),Snack Igiene Dentale Cani Scorte Mensili,Pedigree Dentastix,B001001595,1,25,87
Ugreen Cavi USB-C Fast Charge 100W/240W Multipack Premium Edition Mod. 12 (1752),https://www.amazon.it/dp/B001001752?tag=offertissimes-21,31.22,41.79,10.6,28.21,"Elettronica, Accessori e Gadget Smart",Cavi USB-C Fast Charge 100W/240W Multipack,Ugreen,B001001752,1,348,87
JETech Pellicole Salvaschermo Vetro con Dima Installazione Premium Edition Mod. 29 (1823),https://www.amazon.it/dp/B001001823?tag=offertissimes-21,51.27,60.88,10.6,48.69,"Elettronica, Accessori e Gadget Smart",Pellicole Salvaschermo Vetro con Dima Installazione,JETech,B001001823,1,189,85
JETech Pellicole Salvaschermo Vetro con Dima Installazione Premium Edition Mod. 30 (1824),https://www.amazon.it/dp/B001001824?tag=offertissimes-21,63.43,72.96,10.6,60.18,"Elettronica, Accessori e Gadget Smart",Pellicole Salvaschermo Vetro con Dima Installazione,JETech,B001001824,1,340,94
Ninja Friggitrici ad Aria a Doppia Resistenza Premium Edition Mod. 34 (2198),https://www.amazon.it/dp/B001002198?tag=offertissimes-21,19.23,25.39,10.6,18.14,"Casa, Cucina ed Elettrodomestici",Friggitrici ad Aria a Doppia Resistenza,Ninja,B001002198,0,236,99
iDesign Organizer Frigo & Dispensa Trasparenti Acrilico Premium Edition Mod. 10 (2278),https://www.amazon.it/dp/B001002278?tag=offertissimes-21,47.08,64.78,10.6,44.39,"Casa, Cucina ed Elettrodomestici",Organizer Frigo & Dispensa Trasparenti Acrilico,iDesign,B001002278,0,494,93
iDesign Organizer Frigo & Dispensa Trasparenti Acrilico Premium Edition Mod. 47 (2315),https://www.amazon.it/dp/B001002315?tag=offertissimes-21,44.42,68.26,10.6,40.89,"Casa, Cucina ed Elettrodomestici",Organizer Frigo & Dispensa Trasparenti Acrilico,iDesign,B001002315,0,352,99
Duracell Pile Ricaricabili AA / AAA NiMH & Caricatori Smart Premium Edition Mod. 31 (2401),https://www.amazon.it/dp/B001002401?tag=offertissimes-21,10.65,14.3,10.6,10.08,"Fai da Te, Bricolage e Giardinaggio",Pile Ricaricabili AA / AAA NiMH & Caricatori Smart,Duracell,B001002401,1,88,90
TP-Link Tapo Lampadine LED Smart Dimmerabili Attacco E27/GU10 Premium Edition Mod. 11 (2417),https://www.amazon.it/dp/B001002417?tag=offertissimes-21,54.33,75.77,10.6,51.36,"Fai da Te, Bricolage e Giardinaggio",Lampadine LED Smart Dimmerabili Attacco E27/GU10,TP-Link Tapo,B001002417,1,114,81
Xiaomi Wowstick Mini Cacciaviti Elettrici di Precisione Virali Premium Edition Mod. 29 (2507),https://www.amazon.it/dp/B001002507?tag=offertissimes-21,19.07,27.15,10.6,17.23,"Fai da Te, Bricolage e Giardinaggio",Mini Cacciaviti Elettrici di Precisione Virali,Xiaomi Wowstick,B001002507,0,450,93
Claber Sistemi Irrigazione a Goccia Smart per Balconi Premium Edition Mod. 28 (2542),https://www.amazon.it/dp/B001002542?tag=offertissimes-21,10.67,15.82,10.6,10.35,"Fai da Te, Bricolage e Giardinaggio",Sistemi Irrigazione a Goccia Smart per Balconi,Claber,B001002542,0,393,88
Valeo Silencio Spazzole Tergicristallo Aerodinamiche Premium Edition Mod. 21 (2601),https://www.amazon.it/dp/B001002601?tag=offertissimes-21,14.19,19.89,10.6,12.74,Auto e Moto (Accessori & Manutenzione),Spazzole Tergicristallo Aerodinamiche,Valeo Silencio,B001002601,1,108,88
Michelin Spazzole Tergicristallo Aerodinamiche Premium Edition Mod. 30 (2610),https://www.amazon.it/dp/B001002610?tag=offertissimes-21,20.86,29.17,10.6,19.11,Auto e Moto (Accessori & Manutenzione),Spazzole Tergicristallo Aerodinamiche,Michelin,B001002610,1,78,77
Toplus Tappetini Yoga Antiscivolo Alta Densità TPE Premium Edition Mod. 07 (2821),https://www.amazon.it/dp/B001002821?tag=offertissimes-21,81.48,102.84,10.6,74.24,"Sport, Fitness e Attrezzatura",Tappetini Yoga Antiscivolo Alta Densità TPE,Toplus,B001002821,0,207,86
Pilot Frixion Evidenziatori Pastello & Penne Gel Cancellabili Premium Edition Mod. 07 (2993),https://www.amazon.it/dp/B001002993?tag=offertissimes-21,9.38,14.55,10.6,8.76,"Cancelleria, Ufficio e Spedizioni",Evidenziatori Pastello & Penne Gel Cancellabili,Pilot Frixion,B001002993,1,55,91
Pentel Evidenziatori Pastello & Penne Gel Cancellabili Premium Edition Mod. 20 (3006),https://www.amazon.it/dp/B001003006?tag=offertissimes-21,42.87,51.51,10.6,41.77,"Cancelleria, Ufficio e Spedizioni",Evidenziatori Pastello & Penne Gel Cancellabili,Pentel,B001003006,1,60,89
Kensington Supporti Monitor Ergonomici con Cassetti Premium Edition Mod. 19 (3037),https://www.amazon.it/dp/B001003037?tag=offertissimes-21,29.39,34.53,10.6,28.04,"Cancelleria, Ufficio e Spedizioni",Supporti Monitor Ergonomici con Cassetti,Kensington,B001003037,0,530,86
Fjällräven Borse a Tracolla & Marsupi Virali Monospalla Premium Edition Mod. 05 (3153),https://www.amazon.it/dp/B001003153?tag=offertissimes-21,19.76,31.49,10.6,18.04,Abbigliamento Base e Calzetteria,Borse a Tracolla & Marsupi Virali Monospalla,Fjällräven,B001003153,0,398,95
Taco Gatto Capra Giochi da Tavolo Compatti & Pocket Virali Premium Edition Mod. 04 (3212),https://www.amazon.it/dp/B001003212?tag=offertissimes-21,36.14,41.07,10.6,33.02,"Giochi, Hobbies e Tempo Libero",Giochi da Tavolo Compatti & Pocket Virali,Taco Gatto Capra,B001003212,0,264,93
"Tea Bestseller Crescita Personale & Finanza (Atomic Habits, etc.) Premium Edition Mod. 12 (3325)",https://www.amazon.it/dp/B001003325?tag=offertissimes-21,10.54,16.86,10.6,10.24,"Libri, Agende e Self-Help","Bestseller Crescita Personale & Finanza (Atomic Habits, etc.)",Tea,B001003325,0,327,99
Sperling & Kupfer Romanzi Virali BookTok & Romance Trend Premium Edition Mod. 03 (3339),https://www.amazon.it/dp/B001003339?tag=offertissimes-21,16.6,21.68,10.6,15.76,"Libri, Agende e Self-Help",Romanzi Virali BookTok & Romance Trend,Sperling & Kupfer,B001003339,0,214,95
"Gillette Rasatura, Lame & Depilazione Premium Edition Mod. 32 (0223)",https://www.amazon.it/dp/B001000223?tag=offertissimes-21,13.15,16.13,10.5,11.79,Bellezza e Cura della Persona,"Rasatura, Lame & Depilazione",Gillette,B001000223,1,38,79
"Braun Rasatura, Lame & Depilazione Premium Edition Mod. 59 (0250)",https://www.amazon.it/dp/B001000250?tag=offertissimes-21,46.57,60.16,10.5,42.52,Bellezza e Cura della Persona,"Rasatura, Lame & Depilazione",Braun,B001000250,1,38,71
Lattafa Profumeria & Fragranze Virali Premium Edition Mod. 56 (0310),https://www.amazon.it/dp/B001000310?tag=offertissimes-21,50.74,63.76,10.5,47.77,Bellezza e Cura della Persona,Profumeria & Fragranze Virali,Lattafa,B001000310,0,200,95
Lattafa Profumeria & Fragranze Virali Premium Edition Mod. 62 (0316),https://www.amazon.it/dp/B001000316?tag=offertissimes-21,26.64,31.5,10.5,22.7,Bellezza e Cura della Persona,Profumeria & Fragranze Virali,Lattafa,B001000316,0,297,100
Essence Make-Up & Accessori Bellezza Virali Premium Edition Mod. 35 (0352),https://www.amazon.it/dp/B001000352?tag=offertissimes-21,39.05,44.94,10.5,37.95,Bellezza e Cura della Persona,Make-Up & Accessori Bellezza Virali,Essence,B001000352,0,261,99
Optimum Nutrition Proteine & Aminoacidi Sportivi Premium Edition Mod. 25 (0405),https://www.amazon.it/dp/B001000405?tag=offertissimes-21,41.83,55.0,10.5,39.44,"Salute, Igiene e Integratori",Proteine & Aminoacidi Sportivi,Optimum Nutrition,B001000405,1,36,90
MyProtein Proteine & Aminoacidi Sportivi Premium Edition Mod. 27 (0407),https://www.amazon.it/dp/B001000407?tag=offertissimes-21,26.37,30.1,10.5,24.55,"Salute, Igiene e Integratori",Proteine & Aminoacidi Sportivi,MyProtein,B001000407,1,41,92
Omron Dispositivi Elettromedicali & Termometri Premium Edition Mod. 32 (0640),https://www.amazon.it/dp/B001000640?tag=offertissimes-21,17.97,26.65,10.5,16.15,"Salute, Igiene e Integratori",Dispositivi Elettromedicali & Termometri,Omron,B001000640,0,229,77
Promixx Shaker Magnetici & Accessori Virali Gym Premium Edition Mod. 07 (0671),https://www.amazon.it/dp/B001000671?tag=offertissimes-21,32.92,40.87,10.5,32.06,"Salute, Igiene e Integratori",Shaker Magnetici & Accessori Virali Gym,Promixx,B001000671,0,273,83
Clipper Tè Matcha Cerimoniale Bio & Tisane Premium Edition Mod. 22 (0846),https://www.amazon.it/dp/B001000846?tag=offertissimes-21,12.3,15.87,10.5,11.8,"Alimentari, Caffè e Bevande",Tè Matcha Cerimoniale Bio & Tisane,Clipper,B001000846,1,25,100
Pukka Tè Matcha Cerimoniale Bio & Tisane Premium Edition Mod. 45 (0869),https://www.amazon.it/dp/B001000869?tag=offertissimes-21,17.27,21.26,10.5,16.75,"Alimentari, Caffè e Bevande",Tè Matcha Cerimoniale Bio & Tisane,Pukka,B001000869,1,20,87
Jordan's Skinny Sciroppi Zero Calorie & Aromi Barista Premium Edition Mod. 12 (0940),https://www.amazon.it/dp/B001000940?tag=offertissimes-21,16.1,25.69,10.5,15.08,"Alimentari, Caffè e Bevande",Sciroppi Zero Calorie & Aromi Barista,Jordan's Skinny,B001000940,0,334,91
Laica Filtri Ricambio Caraffe & Depuratori Acqua Premium Edition Mod. 47 (1147),https://www.amazon.it/dp/B001001147?tag=offertissimes-21,23.15,27.1,10.5,22.27,Cura della Casa e Pulizia,Filtri Ricambio Caraffe & Depuratori Acqua,Laica,B001001147,1,37,88
Trixie Tappetini Olfattivi & Ciotole Lente Virali Premium Edition Mod. 08 (1702),https://www.amazon.it/dp/B001001702?tag=offertissimes-21,24.22,30.06,10.5,21.62,Animali Domestici (Pet Care),Tappetini Olfattivi & Ciotole Lente Virali,Trixie,B001001702,0,489,91
Ugreen Cavi USB-C Fast Charge 100W/240W Multipack Premium Edition Mod. 48 (1788),https://www.amazon.it/dp/B001001788?tag=offertissimes-21,24.41,34.23,10.5,21.9,"Elettronica, Accessori e Gadget Smart",Cavi USB-C Fast Charge 100W/240W Multipack,Ugreen,B001001788,1,141,90
JETech Pellicole Salvaschermo Vetro con Dima Installazione Premium Edition Mod. 52 (1846),https://www.amazon.it/dp/B001001846?tag=offertissimes-21,18.04,21.37,10.5,17.25,"Elettronica, Accessori e Gadget Smart",Pellicole Salvaschermo Vetro con Dima Installazione,JETech,B001001846,1,169,88
Ugreen Caricatori GaN Multi-Porta Compatti Premium Edition Mod. 20 (1868),https://www.amazon.it/dp/B001001868?tag=offertissimes-21,67.78,88.41,10.5,58.55,"Elettronica, Accessori e Gadget Smart",Caricatori GaN Multi-Porta Compatti,Ugreen,B001001868,0,427,95
Belkin Supporti Auto Magnetici MagSafe Wireless Premium Edition Mod. 49 (1950),https://www.amazon.it/dp/B001001950?tag=offertissimes-21,22.99,27.4,10.5,20.98,"Elettronica, Accessori e Gadget Smart",Supporti Auto Magnetici MagSafe Wireless,Belkin,B001001950,0,267,98
Ecovacs Filtri & Ricambi Robot Aspirapolvere Premium Edition Mod. 42 (2102),https://www.amazon.it/dp/B001002102?tag=offertissimes-21,80.95,107.34,10.5,78.49,"Casa, Cucina ed Elettrodomestici",Filtri & Ricambi Robot Aspirapolvere,Ecovacs,B001002102,1,349,88
Nespresso Aeroccino Montalatte Elettrici a Induzione Virali Premium Edition Mod. 03 (2322),https://www.amazon.it/dp/B001002322?tag=offertissimes-21,106.88,163.96,10.5,91.91,"Casa, Cucina ed Elettrodomestici",Montalatte Elettrici a Induzione Virali,Nespresso Aeroccino,B001002322,0,195,91
Nespresso Aeroccino Montalatte Elettrici a Induzione Virali Premium Edition Mod. 18 (2337),https://www.amazon.it/dp/B001002337?tag=offertissimes-21,118.71,138.83,10.5,102.18,"Casa, Cucina ed Elettrodomestici",Montalatte Elettrici a Induzione Virali,Nespresso Aeroccino,B001002337,0,373,89
Tesa Nastri Adesivi Gorilla & Sigillanti Impermeabilizzanti Premium Edition Mod. 13 (2455),https://www.amazon.it/dp/B001002455?tag=offertissimes-21,66.02,98.46,10.5,58.07,"Fai da Te, Bricolage e Giardinaggio",Nastri Adesivi Gorilla & Sigillanti Impermeabilizzanti,Tesa,B001002455,1,101,82
Gorilla Glue Nastri Adesivi Gorilla & Sigillanti Impermeabilizzanti Premium Edition Mod. 14 (2456),https://www.amazon.it/dp/B001002456?tag=offertissimes-21,64.86,90.24,10.5,59.17,"Fai da Te, Bricolage e Giardinaggio",Nastri Adesivi Gorilla & Sigillanti Impermeabilizzanti,Gorilla Glue,B001002456,1,82,85
Raindrip Sistemi Irrigazione a Goccia Smart per Balconi Premium Edition Mod. 14 (2528),https://www.amazon.it/dp/B001002528?tag=offertissimes-21,10.56,14.81,10.5,9.7,"Fai da Te, Bricolage e Giardinaggio",Sistemi Irrigazione a Goccia Smart per Balconi,Raindrip,B001002528,0,290,83
Black+Decker Aspirapolvere Portatili per Auto ad Alta Potenza Premium Edition Mod. 12 (2682),https://www.amazon.it/dp/B001002682?tag=offertissimes-21,15.98,24.18,10.5,15.11,Auto e Moto (Accessori & Manutenzione),Aspirapolvere Portatili per Auto ad Alta Potenza,Black+Decker,B001002682,0,258,93
Kensington Supporti Monitor Ergonomici con Cassetti Premium Edition Mod. 22 (3040),https://www.amazon.it/dp/B001003040?tag=offertissimes-21,35.0,40.77,10.5,33.15,"Cancelleria, Ufficio e Spedizioni",Supporti Monitor Ergonomici con Cassetti,Kensington,B001003040,0,289,89
Taco Gatto Capra Giochi da Tavolo Compatti & Pocket Virali Premium Edition Mod. 27 (3235),https://www.amazon.it/dp/B001003235?tag=offertissimes-21,24.79,39.97,10.5,22.05,"Giochi, Hobbies e Tempo Libero",Giochi da Tavolo Compatti & Pocket Virali,Taco Gatto Capra,B001003235,0,533,91
COSRX Sieri Viso & Trattamenti Anti-Age Premium Edition Mod. 14 (0014),https://www.amazon.it/dp/B001000014?tag=offertissimes-21,12.96,14.86,10.4,11.57,Bellezza e Cura della Persona,Sieri Viso & Trattamenti Anti-Age,COSRX,B001000014,1,39,97
Florence Bio Sieri Viso & Trattamenti Anti-Age Premium Edition Mod. 19 (0019),https://www.amazon.it/dp/B001000019?tag=offertissimes-21,44.87,60.48,10.4,38.47,Bellezza e Cura della Persona,Sieri Viso & Trattamenti Anti-Age,Florence Bio,B001000019,1,28,98
"Astra Rasatura, Lame & Depilazione Premium Edition Mod. 03 (0194)",https://www.amazon.it/dp/B001000194?tag=offertissimes-21,28.21,41.54,10.4,25.79,Bellezza e Cura della Persona,"Rasatura, Lame & Depilazione",Astra,B001000194,1,54,74
NYX Make-Up & Accessori Bellezza Virali Premium Edition Mod. 05 (0322),https://www.amazon.it/dp/B001000322?tag=offertissimes-21,33.68,53.19,10.4,29.07,Bellezza e Cura della Persona,Make-Up & Accessori Bellezza Virali,NYX,B001000322,0,408,90
Foodspring Proteine & Aminoacidi Sportivi Premium Edition Mod. 37 (0417),https://www.amazon.it/dp/B001000417?tag=offertissimes-21,50.75,69.66,10.4,47.17,"Salute, Igiene e Integratori",Proteine & Aminoacidi Sportivi,Foodspring,B001000417,1,33,89
Fairy Platinum Plus Capsule Lavastoviglie Maxi Box (100-160pz) Premium Edition Mod. 32 (1012),https://www.amazon.it/dp/B001001012?tag=offertissimes-21,12.86,18.19,10.4,11.46,Cura della Casa e Pulizia,Capsule Lavastoviglie Maxi Box (100-160pz),Fairy Platinum Plus,B001001012,1,72,96
Scrub Daddy Pulitori Miracolosi Virali & Spugne Premium Edition Mod. 01 (1161),https://www.amazon.it/dp/B001001161?tag=offertissimes-21,21.94,25.9,10.4,21.24,Cura della Casa e Pulizia,Pulitori Miracolosi Virali & Spugne,Scrub Daddy,B001001161,0,207,92
Lillydoo Pannolini Box Scorta Mensile (120-180pz) Premium Edition Mod. 03 (1283),https://www.amazon.it/dp/B001001283?tag=offertissimes-21,40.28,64.01,10.4,39.1,Prima Infanzia e Maternità,Pannolini Box Scorta Mensile (120-180pz),Lillydoo,B001001283,1,15,94
Pampers Baby Dry Pannolini Box Scorta Mensile (120-180pz) Premium Edition Mod. 18 (1298),https://www.amazon.it/dp/B001001298?tag=offertissimes-21,51.05,69.25,10.4,45.46,Prima Infanzia e Maternità,Pannolini Box Scorta Mensile (120-180pz),Pampers Baby Dry,B001001298,1,27,99
WaterWipes Salviette Umidificate All'Acqua 99% Premium Edition Mod. 22 (1338),https://www.amazon.it/dp/B001001338?tag=offertissimes-21,25.02,38.19,10.4,24.49,Prima Infanzia e Maternità,Salviette Umidificate All'Acqua 99%,WaterWipes,B001001338,1,19,89
Dreamegg Gadget Virali Sonno Neonato (White Noise) Premium Edition Mod. 33 (1457),https://www.amazon.it/dp/B001001457?tag=offertissimes-21,16.1,20.66,10.4,14.88,Prima Infanzia e Maternità,Gadget Virali Sonno Neonato (White Noise),Dreamegg,B001001457,0,248,94
Outward Hound Tappetini Olfattivi & Ciotole Lente Virali Premium Edition Mod. 42 (1736),https://www.amazon.it/dp/B001001736?tag=offertissimes-21,28.67,38.69,10.4,25.96,Animali Domestici (Pet Care),Tappetini Olfattivi & Ciotole Lente Virali,Outward Hound,B001001736,0,450,93
JETech Pellicole Salvaschermo Vetro con Dima Installazione Premium Edition Mod. 31 (1825),https://www.amazon.it/dp/B001001825?tag=offertissimes-21,33.57,49.17,10.4,31.97,"Elettronica, Accessori e Gadget Smart",Pellicole Salvaschermo Vetro con Dima Installazione,JETech,B001001825,1,258,88
Belkin Supporti Auto Magnetici MagSafe Wireless Premium Edition Mod. 46 (1947),https://www.amazon.it/dp/B001001947?tag=offertissimes-21,33.72,53.87,10.4,30.36,"Elettronica, Accessori e Gadget Smart",Supporti Auto Magnetici MagSafe Wireless,Belkin,B001001947,0,193,97
Klearlook Kit Pulizia Multifunzione 7-in-1 Tech Premium Edition Mod. 04 (1958),https://www.amazon.it/dp/B001001958?tag=offertissimes-21,73.26,93.52,10.4,69.67,"Elettronica, Accessori e Gadget Smart",Kit Pulizia Multifunzione 7-in-1 Tech,Klearlook,B001001958,0,362,92
Roborock Filtri & Ricambi Robot Aspirapolvere Premium Edition Mod. 19 (2079),https://www.amazon.it/dp/B001002079?tag=offertissimes-21,97.63,142.89,10.4,89.97,"Casa, Cucina ed Elettrodomestici",Filtri & Ricambi Robot Aspirapolvere,Roborock,B001002079,1,131,88
Bialetti Montalatte Elettrici a Induzione Virali Premium Edition Mod. 42 (2361),https://www.amazon.it/dp/B001002361?tag=offertissimes-21,66.78,81.63,10.4,57.58,"Casa, Cucina ed Elettrodomestici",Montalatte Elettrici a Induzione Virali,Bialetti,B001002361,0,291,89
Philips Hue Lampadine LED Smart Dimmerabili Attacco E27/GU10 Premium Edition Mod. 16 (2422),https://www.amazon.it/dp/B001002422?tag=offertissimes-21,40.59,63.54,10.4,39.03,"Fai da Te, Bricolage e Giardinaggio",Lampadine LED Smart Dimmerabili Attacco E27/GU10,Philips Hue,B001002422,1,60,84
Rituals Car Profumatori Auto Lunga Durata & Ricariche Premium Edition Mod. 30 (2580),https://www.amazon.it/dp/B001002580?tag=offertissimes-21,40.33,60.01,10.4,34.5,Auto e Moto (Accessori & Manutenzione),Profumatori Auto Lunga Durata & Ricariche,Rituals Car,B001002580,1,98,87
Black+Decker Aspirapolvere Portatili per Auto ad Alta Potenza Premium Edition Mod. 01 (2671),https://www.amazon.it/dp/B001002671?tag=offertissimes-21,37.44,51.95,10.4,36.13,Auto e Moto (Accessori & Manutenzione),Aspirapolvere Portatili per Auto ad Alta Potenza,Black+Decker,B001002671,0,260,82
Black+Decker Aspirapolvere Portatili per Auto ad Alta Potenza Premium Edition Mod. 06 (2676),https://www.amazon.it/dp/B001002676?tag=offertissimes-21,53.82,65.81,10.4,46.85,Auto e Moto (Accessori & Manutenzione),Aspirapolvere Portatili per Auto ad Alta Potenza,Black+Decker,B001002676,0,383,84
Gritin Corda per Saltare Professionale con Cuscinetti Rapidi Premium Edition Mod. 01 (2739),https://www.amazon.it/dp/B001002739?tag=offertissimes-21,53.8,75.3,10.4,52.48,"Sport, Fitness e Attrezzatura",Corda per Saltare Professionale con Cuscinetti Rapidi,Gritin,B001002739,0,496,85
BlazePods Corda per Saltare Professionale con Cuscinetti Rapidi Premium Edition Mod. 38 (2776),https://www.amazon.it/dp/B001002776?tag=offertissimes-21,18.13,28.14,10.4,17.61,"Sport, Fitness e Attrezzatura",Corda per Saltare Professionale con Cuscinetti Rapidi,BlazePods,B001002776,0,275,91
Gritin Tappetini Yoga Antiscivolo Alta Densità TPE Premium Edition Mod. 11 (2825),https://www.amazon.it/dp/B001002825?tag=offertissimes-21,20.49,32.53,10.4,18.01,"Sport, Fitness e Attrezzatura",Tappetini Yoga Antiscivolo Alta Densità TPE,Gritin,B001002825,0,226,88
Phomemo Etichette Termiche Adesive Spedizioni 100x150mm Premium Edition Mod. 24 (2978),https://www.amazon.it/dp/B001002978?tag=offertissimes-21,52.88,66.03,10.4,47.18,"Cancelleria, Ufficio e Spedizioni",Etichette Termiche Adesive Spedizioni 100x150mm,Phomemo,B001002978,1,38,91
Filofax Agende Settimanali 12/18 Mesi & Ricariche Premium Edition Mod. 05 (3295),https://www.amazon.it/dp/B001003295?tag=offertissimes-21,11.3,15.32,10.4,10.14,"Libri, Agende e Self-Help",Agende Settimanali 12/18 Mesi & Ricariche,Filofax,B001003295,1,227,87
Filofax Agende Settimanali 12/18 Mesi & Ricariche Premium Edition Mod. 12 (3302),https://www.amazon.it/dp/B001003302?tag=offertissimes-21,22.59,29.66,10.4,19.24,"Libri, Agende e Self-Help",Agende Settimanali 12/18 Mesi & Ricariche,Filofax,B001003302,1,332,84
Maison Alhambra Profumeria & Fragranze Virali Premium Edition Mod. 24 (0278),https://www.amazon.it/dp/B001000278?tag=offertissimes-21,43.63,57.12,10.3,37.76,Bellezza e Cura della Persona,Profumeria & Fragranze Virali,Maison Alhambra,B001000278,0,225,94
Yamamoto Proteine & Aminoacidi Sportivi Premium Edition Mod. 12 (0392),https://www.amazon.it/dp/B001000392?tag=offertissimes-21,10.35,15.2,10.3,8.81,"Salute, Igiene e Integratori",Proteine & Aminoacidi Sportivi,Yamamoto,B001000392,1,26,88
Yamamoto Proteine & Aminoacidi Sportivi Premium Edition Mod. 24 (0404),https://www.amazon.it/dp/B001000404?tag=offertissimes-21,34.5,39.5,10.3,31.49,"Salute, Igiene e Integratori",Proteine & Aminoacidi Sportivi,Yamamoto,B001000404,1,22,86
NamedSport Creatina Monoidrato & Pre-Workout Premium Edition Mod. 18 (0455),https://www.amazon.it/dp/B001000455?tag=offertissimes-21,10.85,17.44,10.3,10.26,"Salute, Igiene e Integratori",Creatina Monoidrato & Pre-Workout,NamedSport,B001000455,1,38,96
Omron Dispositivi Elettromedicali & Termometri Premium Edition Mod. 27 (0635),https://www.amazon.it/dp/B001000635?tag=offertissimes-21,18.57,24.15,10.3,17.45,"Salute, Igiene e Integratori",Dispositivi Elettromedicali & Termometri,Omron,B001000635,0,445,81
Voltrx Shaker Magnetici & Accessori Virali Gym Premium Edition Mod. 11 (0675),https://www.amazon.it/dp/B001000675?tag=offertissimes-21,17.62,22.36,10.3,15.09,"Salute, Igiene e Integratori",Shaker Magnetici & Accessori Virali Gym,Voltrx,B001000675,0,295,88
Foodspring Alimenti Proteici & Creme Spalmabili Zero Premium Edition Mod. 18 (0894),https://www.amazon.it/dp/B001000894?tag=offertissimes-21,26.46,34.01,10.3,25.45,"Alimentari, Caffè e Bevande",Alimenti Proteici & Creme Spalmabili Zero,Foodspring,B001000894,1,34,94
Daily Life Alimenti Proteici & Creme Spalmabili Zero Premium Edition Mod. 38 (0914),https://www.amazon.it/dp/B001000914?tag=offertissimes-21,29.84,43.77,10.3,26.19,"Alimentari, Caffè e Bevande",Alimenti Proteici & Creme Spalmabili Zero,Daily Life,B001000914,1,24,92
Chanteclair Detersivi Lavatrice Concentrati & Pods Premium Edition Mod. 44 (1084),https://www.amazon.it/dp/B001001084?tag=offertissimes-21,41.0,55.12,10.3,36.57,Cura della Casa e Pulizia,Detersivi Lavatrice Concentrati & Pods,Chanteclair,B001001084,1,57,86
E-Cloth Panni Microfibra Alta Densità & Swiffer Ricambi Premium Edition Mod. 57 (1277),https://www.amazon.it/dp/B001001277?tag=offertissimes-21,31.79,44.65,10.3,29.49,Cura della Casa e Pulizia,Panni Microfibra Alta Densità & Swiffer Ricambi,E-Cloth,B001001277,1,69,82
Chicco Next2Stars Gadget Virali Sonno Neonato (White Noise) Premium Edition Mod. 16 (1440),https://www.amazon.it/dp/B001001440?tag=offertissimes-21,59.96,79.3,10.3,55.92,Prima Infanzia e Maternità,Gadget Virali Sonno Neonato (White Noise),Chicco Next2Stars,B001001440,0,232,91
Anker Cavi USB-C Fast Charge 100W/240W Multipack Premium Edition Mod. 40 (1780),https://www.amazon.it/dp/B001001780?tag=offertissimes-21,12.13,15.24,10.3,10.7,"Elettronica, Accessori e Gadget Smart",Cavi USB-C Fast Charge 100W/240W Multipack,Anker,B001001780,1,238,88
Aukey Caricatori GaN Multi-Porta Compatti Premium Edition Mod. 13 (1861),https://www.amazon.it/dp/B001001861?tag=offertissimes-21,79.56,113.61,10.3,73.89,"Elettronica, Accessori e Gadget Smart",Caricatori GaN Multi-Porta Compatti,Aukey,B001001861,0,191,98
Ordilend Kit Pulizia Multifunzione 7-in-1 Tech Premium Edition Mod. 46 (2000),https://www.amazon.it/dp/B001002000?tag=offertissimes-21,19.61,22.98,10.3,18.93,"Elettronica, Accessori e Gadget Smart",Kit Pulizia Multifunzione 7-in-1 Tech,Ordilend,B001002000,0,221,98
Ninja Friggitrici ad Aria a Doppia Resistenza Premium Edition Mod. 27 (2191),https://www.amazon.it/dp/B001002191?tag=offertissimes-21,90.08,120.93,10.3,80.32,"Casa, Cucina ed Elettrodomestici",Friggitrici ad Aria a Doppia Resistenza,Ninja,B001002191,0,293,100
mDesign Organizer Frigo & Dispensa Trasparenti Acrilico Premium Edition Mod. 36 (2304),https://www.amazon.it/dp/B001002304?tag=offertissimes-21,80.23,123.34,10.3,75.58,"Casa, Cucina ed Elettrodomestici",Organizer Frigo & Dispensa Trasparenti Acrilico,mDesign,B001002304,0,264,90
Nespresso Aeroccino Montalatte Elettrici a Induzione Virali Premium Edition Mod. 29 (2348),https://www.amazon.it/dp/B001002348?tag=offertissimes-21,44.4,65.4,10.3,40.68,"Casa, Cucina ed Elettrodomestici",Montalatte Elettrici a Induzione Virali,Nespresso Aeroccino,B001002348,0,526,88
Duracell Pile Ricaricabili AA / AAA NiMH & Caricatori Smart Premium Edition Mod. 16 (2386),https://www.amazon.it/dp/B001002386?tag=offertissimes-21,77.32,89.8,10.3,75.06,"Fai da Te, Bricolage e Giardinaggio",Pile Ricaricabili AA / AAA NiMH & Caricatori Smart,Duracell,B001002386,1,106,87
Tesa Nastri Adesivi Gorilla & Sigillanti Impermeabilizzanti Premium Edition Mod. 11 (2453),https://www.amazon.it/dp/B001002453?tag=offertissimes-21,75.9,93.08,10.3,68.57,"Fai da Te, Bricolage e Giardinaggio",Nastri Adesivi Gorilla & Sigillanti Impermeabilizzanti,Tesa,B001002453,1,58,82
Claber Sistemi Irrigazione a Goccia Smart per Balconi Premium Edition Mod. 35 (2549),https://www.amazon.it/dp/B001002549?tag=offertissimes-21,30.8,38.5,10.3,28.66,"Fai da Te, Bricolage e Giardinaggio",Sistemi Irrigazione a Goccia Smart per Balconi,Claber,B001002549,0,206,81
Rituals Car Profumatori Auto Lunga Durata & Ricariche Premium Edition Mod. 05 (2555),https://www.amazon.it/dp/B001002555?tag=offertissimes-21,58.49,82.59,10.3,55.43,Auto e Moto (Accessori & Manutenzione),Profumatori Auto Lunga Durata & Ricariche,Rituals Car,B001002555,1,133,91
Gritin Tappetini Yoga Antiscivolo Alta Densità TPE Premium Edition Mod. 26 (2840),https://www.amazon.it/dp/B001002840?tag=offertissimes-21,76.43,107.78,10.3,72.68,"Sport, Fitness e Attrezzatura",Tappetini Yoga Antiscivolo Alta Densità TPE,Gritin,B001002840,0,299,88
Navigator Risme Carta da Stampa A4 80g Scorte 2500ff Premium Edition Mod. 05 (2927),https://www.amazon.it/dp/B001002927?tag=offertissimes-21,23.84,29.07,10.3,21.47,"Cancelleria, Ufficio e Spedizioni",Risme Carta da Stampa A4 80g Scorte 2500ff,Navigator,B001002927,1,59,92
Phomemo Etichette Termiche Adesive Spedizioni 100x150mm Premium Edition Mod. 06 (2960),https://www.amazon.it/dp/B001002960?tag=offertissimes-21,9.27,12.36,10.3,8.57,"Cancelleria, Ufficio e Spedizioni",Etichette Termiche Adesive Spedizioni 100x150mm,Phomemo,B001002960,1,56,83
Phomemo Etichette Termiche Adesive Spedizioni 100x150mm Premium Edition Mod. 30 (2984),https://www.amazon.it/dp/B001002984?tag=offertissimes-21,31.73,37.46,10.3,28.63,"Cancelleria, Ufficio e Spedizioni",Etichette Termiche Adesive Spedizioni 100x150mm,Phomemo,B001002984,1,44,91
HUANUO Supporti Monitor Ergonomici con Cassetti Premium Edition Mod. 07 (3025),https://www.amazon.it/dp/B001003025?tag=offertissimes-21,22.96,27.36,10.3,21.61,"Cancelleria, Ufficio e Spedizioni",Supporti Monitor Ergonomici con Cassetti,HUANUO,B001003025,0,227,89
PUMA Boxer Cotone Elasticizzato Multipack (6-10pz) Premium Edition Mod. 32 (3082),https://www.amazon.it/dp/B001003082?tag=offertissimes-21,34.4,46.85,10.3,33.01,Abbigliamento Base e Calzetteria,Boxer Cotone Elasticizzato Multipack (6-10pz),PUMA,B001003082,1,101,87
Nike Calzini Sportivi Tecnici Traspiranti Multipack Premium Edition Mod. 28 (3111),https://www.amazon.it/dp/B001003111?tag=offertissimes-21,27.16,35.18,10.3,23.18,Abbigliamento Base e Calzetteria,Calzini Sportivi Tecnici Traspiranti Multipack,Nike,B001003111,1,96,92
Fjällräven Borse a Tracolla & Marsupi Virali Monospalla Premium Edition Mod. 04 (3152),https://www.amazon.it/dp/B001003152?tag=offertissimes-21,27.49,34.31,10.3,23.51,Abbigliamento Base e Calzetteria,Borse a Tracolla & Marsupi Virali Monospalla,Fjällräven,B001003152,0,374,90
CeraVe Sieri Viso & Trattamenti Anti-Age Premium Edition Mod. 48 (0048),https://www.amazon.it/dp/B001000048?tag=offertissimes-21,21.99,29.26,10.2,19.62,Bellezza e Cura della Persona,Sieri Viso & Trattamenti Anti-Age,CeraVe,B001000048,1,49,88
CeraVe Sieri Viso & Trattamenti Anti-Age Premium Edition Mod. 58 (0058),https://www.amazon.it/dp/B001000058?tag=offertissimes-21,30.93,48.72,10.2,28.3,Bellezza e Cura della Persona,Sieri Viso & Trattamenti Anti-Age,CeraVe,B001000058,1,44,96
L'Oréal Professionnel Cura dei Capelli & Shampoo Trattanti Premium Edition Mod. 53 (0181),https://www.amazon.it/dp/B001000181?tag=offertissimes-21,50.77,63.13,10.2,47.74,Bellezza e Cura della Persona,Cura dei Capelli & Shampoo Trattanti,L'Oréal Professionnel,B001000181,1,55,83
Foodspring Proteine & Aminoacidi Sportivi Premium Edition Mod. 35 (0415),https://www.amazon.it/dp/B001000415?tag=offertissimes-21,40.73,59.94,10.2,36.63,"Salute, Igiene e Integratori",Proteine & Aminoacidi Sportivi,Foodspring,B001000415,1,32,92
Foodspring Proteine & Aminoacidi Sportivi Premium Edition Mod. 55 (0435),https://www.amazon.it/dp/B001000435?tag=offertissimes-21,47.79,66.26,10.2,41.73,"Salute, Igiene e Integratori",Proteine & Aminoacidi Sportivi,Foodspring,B001000435,1,25,86
Liquid I.V. Elettroliti & Idratazione Senza Zucchero Premium Edition Mod. 46 (0597),https://www.amazon.it/dp/B001000597?tag=offertissimes-21,16.44,21.98,10.2,15.22,"Salute, Igiene e Integratori",Elettroliti & Idratazione Senza Zucchero,Liquid I.V.,B001000597,1,21,86
BlenderBottle Shaker Magnetici & Accessori Virali Gym Premium Edition Mod. 14 (0678),https://www.amazon.it/dp/B001000678?tag=offertissimes-21,36.45,43.39,10.2,31.57,"Salute, Igiene e Integratori",Shaker Magnetici & Accessori Virali Gym,BlenderBottle,B001000678,0,450,85
Promixx Shaker Magnetici & Accessori Virali Gym Premium Edition Mod. 43 (0707),https://www.amazon.it/dp/B001000707?tag=offertissimes-21,15.0,22.04,10.2,13.44,"Salute, Igiene e Integratori",Shaker Magnetici & Accessori Virali Gym,Promixx,B001000707,0,322,89
Borbone Cialde & Capsule Caffè Scorte 100-150pz Premium Edition Mod. 33 (0753),https://www.amazon.it/dp/B001000753?tag=offertissimes-21,37.41,45.16,10.2,32.04,"Alimentari, Caffè e Bevande",Cialde & Capsule Caffè Scorte 100-150pz,Borbone,B001000753,1,31,91
Clipper Tè Matcha Cerimoniale Bio & Tisane Premium Edition Mod. 12 (0836),https://www.amazon.it/dp/B001000836?tag=offertissimes-21,32.85,43.56,10.2,31.36,"Alimentari, Caffè e Bevande",Tè Matcha Cerimoniale Bio & Tisane,Clipper,B001000836,1,22,100
Foodspring Alimenti Proteici & Creme Spalmabili Zero Premium Edition Mod. 04 (0880),https://www.amazon.it/dp/B001000880?tag=offertissimes-21,27.75,35.57,10.2,25.23,"Alimentari, Caffè e Bevande",Alimenti Proteici & Creme Spalmabili Zero,Foodspring,B001000880,1,22,100
Jordan's Skinny Sciroppi Zero Calorie & Aromi Barista Premium Edition Mod. 42 (0970),https://www.amazon.it/dp/B001000970?tag=offertissimes-21,34.91,50.54,10.2,32.91,"Alimentari, Caffè e Bevande",Sciroppi Zero Calorie & Aromi Barista,Jordan's Skinny,B001000970,0,309,93
Dixan Detersivi Lavatrice Concentrati & Pods Premium Edition Mod. 55 (1095),https://www.amazon.it/dp/B001001095?tag=offertissimes-21,27.11,33.8,10.2,23.13,Cura della Casa e Pulizia,Detersivi Lavatrice Concentrati & Pods,Dixan,B001001095,1,49,91
WaterWipes Salviette Umidificate All'Acqua 99% Premium Edition Mod. 20 (1336),https://www.amazon.it/dp/B001001336?tag=offertissimes-21,62.14,78.67,10.2,55.19,Prima Infanzia e Maternità,Salviette Umidificate All'Acqua 99%,WaterWipes,B001001336,1,18,89
Foppapedretti Ricariche Mangia-Pannolini Multistrato Premium Edition Mod. 07 (1359),https://www.amazon.it/dp/B001001359?tag=offertissimes-21,37.26,45.36,10.2,31.68,Prima Infanzia e Maternità,Ricariche Mangia-Pannolini Multistrato,Foppapedretti,B001001359,1,24,78
Foppapedretti Ricariche Mangia-Pannolini Multistrato Premium Edition Mod. 25 (1377),https://www.amazon.it/dp/B001001377?tag=offertissimes-21,63.74,77.05,10.2,55.16,Prima Infanzia e Maternità,Ricariche Mangia-Pannolini Multistrato,Foppapedretti,B001001377,1,27,89
Pasta Fissan Paste Cambio Protettive Ossido Zinco Premium Edition Mod. 19 (1407),https://www.amazon.it/dp/B001001407?tag=offertissimes-21,46.09,54.04,10.2,40.59,Prima Infanzia e Maternità,Paste Cambio Protettive Ossido Zinco,Pasta Fissan,B001001407,1,16,81
Ever Clean Lettiere Gatto Agglomeranti & Silicio 10-20L Premium Edition Mod. 13 (1473),https://www.amazon.it/dp/B001001473?tag=offertissimes-21,11.47,14.97,10.2,10.67,Animali Domestici (Pet Care),Lettiere Gatto Agglomeranti & Silicio 10-20L,Ever Clean,B001001473,1,33,76
Aumuca Spazzole Rullo Toglipelo Elettrostatiche Premium Edition Mod. 19 (1667),https://www.amazon.it/dp/B001001667?tag=offertissimes-21,14.25,19.55,10.2,13.16,Animali Domestici (Pet Care),Spazzole Rullo Toglipelo Elettrostatiche,Aumuca,B001001667,0,450,92
Aumuca Spazzole Rullo Toglipelo Elettrostatiche Premium Edition Mod. 31 (1679),https://www.amazon.it/dp/B001001679?tag=offertissimes-21,59.26,69.33,10.2,50.77,Animali Domestici (Pet Care),Spazzole Rullo Toglipelo Elettrostatiche,Aumuca,B001001679,0,279,91
Trixie Tappetini Olfattivi & Ciotole Lente Virali Premium Edition Mod. 07 (1701),https://www.amazon.it/dp/B001001701?tag=offertissimes-21,61.07,77.37,10.2,58.38,Animali Domestici (Pet Care),Tappetini Olfattivi & Ciotole Lente Virali,Trixie,B001001701,0,453,89
Baseus Caricatori GaN Multi-Porta Compatti Premium Edition Mod. 24 (1872),https://www.amazon.it/dp/B001001872?tag=offertissimes-21,64.1,100.4,10.2,58.05,"Elettronica, Accessori e Gadget Smart",Caricatori GaN Multi-Porta Compatti,Baseus,B001001872,0,456,88
Hagibis Kit Pulizia Multifunzione 7-in-1 Tech Premium Edition Mod. 02 (1956),https://www.amazon.it/dp/B001001956?tag=offertissimes-21,76.02,101.35,10.2,68.83,"Elettronica, Accessori e Gadget Smart",Kit Pulizia Multifunzione 7-in-1 Tech,Hagibis,B001001956,0,509,100
Ordilend Kit Pulizia Multifunzione 7-in-1 Tech Premium Edition Mod. 47 (2001),https://www.amazon.it/dp/B001002001?tag=offertissimes-21,46.39,68.09,10.2,41.89,"Elettronica, Accessori e Gadget Smart",Kit Pulizia Multifunzione 7-in-1 Tech,Ordilend,B001002001,0,420,87
Cosori Friggitrici ad Aria a Doppia Resistenza Premium Edition Mod. 06 (2170),https://www.amazon.it/dp/B001002170?tag=offertissimes-21,134.94,153.52,10.2,115.96,"Casa, Cucina ed Elettrodomestici",Friggitrici ad Aria a Doppia Resistenza,Cosori,B001002170,0,413,100
Bialetti Montalatte Elettrici a Induzione Virali Premium Edition Mod. 47 (2366),https://www.amazon.it/dp/B001002366?tag=offertissimes-21,69.63,80.91,10.2,59.71,"Casa, Cucina ed Elettrodomestici",Montalatte Elettrici a Induzione Virali,Bialetti,B001002366,0,514,86
Panasonic Eneloop Pile Ricaricabili AA / AAA NiMH & Caricatori Smart Premium Edition Mod. 36 (2406),https://www.amazon.it/dp/B001002406?tag=offertissimes-21,79.96,95.0,10.2,68.93,"Fai da Te, Bricolage e Giardinaggio",Pile Ricaricabili AA / AAA NiMH & Caricatori Smart,Panasonic Eneloop,B001002406,1,99,95
Fanttik Mini Cacciaviti Elettrici di Precisione Virali Premium Edition Mod. 19 (2497),https://www.amazon.it/dp/B001002497?tag=offertissimes-21,35.61,56.74,10.2,33.68,"Fai da Te, Bricolage e Giardinaggio",Mini Cacciaviti Elettrici di Precisione Virali,Fanttik,B001002497,0,200,98
Gardena Sistemi Irrigazione a Goccia Smart per Balconi Premium Edition Mod. 06 (2520),https://www.amazon.it/dp/B001002520?tag=offertissimes-21,53.02,71.28,10.2,48.27,"Fai da Te, Bricolage e Giardinaggio",Sistemi Irrigazione a Goccia Smart per Balconi,Gardena,B001002520,0,522,80
Valeo Silencio Spazzole Tergicristallo Aerodinamiche Premium Edition Mod. 24 (2604),https://www.amazon.it/dp/B001002604?tag=offertissimes-21,30.54,37.84,10.2,28.74,Auto e Moto (Accessori & Manutenzione),Spazzole Tergicristallo Aerodinamiche,Valeo Silencio,B001002604,1,56,92
Fanttik Compressori Portatili Ricaricabili Wireless Premium Edition Mod. 10 (2650),https://www.amazon.it/dp/B001002650?tag=offertissimes-21,28.38,35.62,10.2,24.81,Auto e Moto (Accessori & Manutenzione),Compressori Portatili Ricaricabili Wireless,Fanttik,B001002650,0,339,92
Fitbeast Fasce Elastiche di Resistenza & Loop Bands Tessuto Premium Edition Mod. 18 (2718),https://www.amazon.it/dp/B001002718?tag=offertissimes-21,32.39,41.73,10.2,27.65,"Sport, Fitness e Attrezzatura",Fasce Elastiche di Resistenza & Loop Bands Tessuto,Fitbeast,B001002718,1,76,90
Beast Gear Corda per Saltare Professionale con Cuscinetti Rapidi Premium Edition Mod. 07 (2745),https://www.amazon.it/dp/B001002745?tag=offertissimes-21,39.57,61.68,10.2,33.72,"Sport, Fitness e Attrezzatura",Corda per Saltare Professionale con Cuscinetti Rapidi,Beast Gear,B001002745,0,394,89
Tatay Borse Termiche Pranzo Fit & Portavivande Ermetici Premium Edition Mod. 31 (2883),https://www.amazon.it/dp/B001002883?tag=offertissimes-21,95.24,109.39,10.2,85.89,"Sport, Fitness e Attrezzatura",Borse Termiche Pranzo Fit & Portavivande Ermetici,Tatay,B001002883,0,366,89
Pilot Frixion Evidenziatori Pastello & Penne Gel Cancellabili Premium Edition Mod. 08 (2994),https://www.amazon.it/dp/B001002994?tag=offertissimes-21,45.49,54.67,10.2,42.32,"Cancelleria, Ufficio e Spedizioni",Evidenziatori Pastello & Penne Gel Cancellabili,Pilot Frixion,B001002994,1,32,85
PUMA Boxer Cotone Elasticizzato Multipack (6-10pz) Premium Edition Mod. 13 (3063),https://www.amazon.it/dp/B001003063?tag=offertissimes-21,17.52,24.96,10.2,15.42,Abbigliamento Base e Calzetteria,Boxer Cotone Elasticizzato Multipack (6-10pz),PUMA,B001003063,1,91,90
Filofax Agende Settimanali 12/18 Mesi & Ricariche Premium Edition Mod. 09 (3299),https://www.amazon.it/dp/B001003299?tag=offertissimes-21,17.98,25.33,10.2,16.22,"Libri, Agende e Self-Help",Agende Settimanali 12/18 Mesi & Ricariche,Filofax,B001003299,1,358,87
Leuchtturm1917 Quaderni Puntinati Bullet Journal Dotted 120g Premium Edition Mod. 14 (3372),https://www.amazon.it/dp/B001003372?tag=offertissimes-21,10.58,13.89,10.2,9.88,"Libri, Agende e Self-Help",Quaderni Puntinati Bullet Journal Dotted 120g,Leuchtturm1917,B001003372,1,291,91
"Gillette Rasatura, Lame & Depilazione Premium Edition Mod. 37 (0228)",https://www.amazon.it/dp/B001000228?tag=offertissimes-21,41.79,53.12,10.1,38.48,Bellezza e Cura della Persona,"Rasatura, Lame & Depilazione",Gillette,B001000228,1,49,74
Optimum Nutrition Proteine & Aminoacidi Sportivi Premium Edition Mod. 20 (0400),https://www.amazon.it/dp/B001000400?tag=offertissimes-21,17.05,25.71,10.1,16.54,"Salute, Igiene e Integratori",Proteine & Aminoacidi Sportivi,Optimum Nutrition,B001000400,1,25,86
Promixx Shaker Magnetici & Accessori Virali Gym Premium Edition Mod. 51 (0715),https://www.amazon.it/dp/B001000715?tag=offertissimes-21,41.62,48.4,10.1,39.12,"Salute, Igiene e Integratori",Shaker Magnetici & Accessori Virali Gym,Promixx,B001000715,0,274,91
Matcha Ninja Tè Matcha Cerimoniale Bio & Tisane Premium Edition Mod. 32 (0856),https://www.amazon.it/dp/B001000856?tag=offertissimes-21,27.36,34.99,10.1,24.63,"Alimentari, Caffè e Bevande",Tè Matcha Cerimoniale Bio & Tisane,Matcha Ninja,B001000856,1,25,87
The Pink Stuff Pulitori Miracolosi Virali & Spugne Premium Edition Mod. 06 (1166),https://www.amazon.it/dp/B001001166?tag=offertissimes-21,40.79,56.34,10.1,37.73,Cura della Casa e Pulizia,Pulitori Miracolosi Virali & Spugne,The Pink Stuff,B001001166,0,459,90
Swiffer Panni Microfibra Alta Densità & Swiffer Ricambi Premium Edition Mod. 13 (1233),https://www.amazon.it/dp/B001001233?tag=offertissimes-21,11.65,16.9,10.1,10.1,Cura della Casa e Pulizia,Panni Microfibra Alta Densità & Swiffer Ricambi,Swiffer,B001001233,1,74,79
E-Cloth Panni Microfibra Alta Densità & Swiffer Ricambi Premium Edition Mod. 55 (1275),https://www.amazon.it/dp/B001001275?tag=offertissimes-21,14.7,17.3,10.1,13.35,Cura della Casa e Pulizia,Panni Microfibra Alta Densità & Swiffer Ricambi,E-Cloth,B001001275,1,51,82
Pampers Progressi Pannolini Box Scorta Mensile (120-180pz) Premium Edition Mod. 28 (1308),https://www.amazon.it/dp/B001001308?tag=offertissimes-21,18.57,25.55,10.1,18.16,Prima Infanzia e Maternità,Pannolini Box Scorta Mensile (120-180pz),Pampers Progressi,B001001308,1,15,95
Biokat's Lettiere Gatto Agglomeranti & Silicio 10-20L Premium Edition Mod. 05 (1465),https://www.amazon.it/dp/B001001465?tag=offertissimes-21,41.06,65.13,10.1,36.05,Animali Domestici (Pet Care),Lettiere Gatto Agglomeranti & Silicio 10-20L,Biokat's,B001001465,1,36,84
Biokat's Lettiere Gatto Agglomeranti & Silicio 10-20L Premium Edition Mod. 36 (1496),https://www.amazon.it/dp/B001001496?tag=offertissimes-21,23.35,29.9,10.1,20.11,Animali Domestici (Pet Care),Lettiere Gatto Agglomeranti & Silicio 10-20L,Biokat's,B001001496,1,29,93
Spigen Pellicole Salvaschermo Vetro con Dima Installazione Premium Edition Mod. 51 (1845),https://www.amazon.it/dp/B001001845?tag=offertissimes-21,98.23,112.42,10.1,91.53,"Elettronica, Accessori e Gadget Smart",Pellicole Salvaschermo Vetro con Dima Installazione,Spigen,B001001845,1,290,83
Aukey Caricatori GaN Multi-Porta Compatti Premium Edition Mod. 48 (1896),https://www.amazon.it/dp/B001001896?tag=offertissimes-21,42.36,64.71,10.1,38.81,"Elettronica, Accessori e Gadget Smart",Caricatori GaN Multi-Porta Compatti,Aukey,B001001896,0,398,96
Klearlook Kit Pulizia Multifunzione 7-in-1 Tech Premium Edition Mod. 10 (1964),https://www.amazon.it/dp/B001001964?tag=offertissimes-21,65.21,78.16,10.1,56.34,"Elettronica, Accessori e Gadget Smart",Kit Pulizia Multifunzione 7-in-1 Tech,Klearlook,B001001964,0,492,90
KitchenBoss Sigillatori Sottovuoto & Rotoli Goffrati Premium Edition Mod. 24 (2240),https://www.amazon.it/dp/B001002240?tag=offertissimes-21,24.88,37.75,10.1,21.87,"Casa, Cucina ed Elettrodomestici",Sigillatori Sottovuoto & Rotoli Goffrati,KitchenBoss,B001002240,1,135,84
FoodSaver Sigillatori Sottovuoto & Rotoli Goffrati Premium Edition Mod. 49 (2265),https://www.amazon.it/dp/B001002265?tag=offertissimes-21,117.57,157.69,10.1,113.45,"Casa, Cucina ed Elettrodomestici",Sigillatori Sottovuoto & Rotoli Goffrati,FoodSaver,B001002265,1,229,82
Duracell Pile Ricaricabili AA / AAA NiMH & Caricatori Smart Premium Edition Mod. 13 (2383),https://www.amazon.it/dp/B001002383?tag=offertissimes-21,37.97,56.4,10.1,34.71,"Fai da Te, Bricolage e Giardinaggio",Pile Ricaricabili AA / AAA NiMH & Caricatori Smart,Duracell,B001002383,1,118,85
Philips Hue Lampadine LED Smart Dimmerabili Attacco E27/GU10 Premium Edition Mod. 07 (2413),https://www.amazon.it/dp/B001002413?tag=offertissimes-21,40.11,46.9,10.1,37.51,"Fai da Te, Bricolage e Giardinaggio",Lampadine LED Smart Dimmerabili Attacco E27/GU10,Philips Hue,B001002413,1,92,85
Valeo Silencio Spazzole Tergicristallo Aerodinamiche Premium Edition Mod. 09 (2589),https://www.amazon.it/dp/B001002589?tag=offertissimes-21,51.12,63.96,10.1,46.29,Auto e Moto (Accessori & Manutenzione),Spazzole Tergicristallo Aerodinamiche,Valeo Silencio,B001002589,1,52,85
Chemical Guys Kit Pulizia & Manutenzione Pelle/Plastiche Auto Premium Edition Mod. 13 (2623),https://www.amazon.it/dp/B001002623?tag=offertissimes-21,18.96,21.72,10.1,17.73,Auto e Moto (Accessori & Manutenzione),Kit Pulizia & Manutenzione Pelle/Plastiche Auto,Chemical Guys,B001002623,1,42,89
Prestige Cartridge Cartucce & Toner Compatibili Multipack Premium Edition Mod. 31 (2921),https://www.amazon.it/dp/B001002921?tag=offertissimes-21,17.48,27.5,10.1,16.03,"Cancelleria, Ufficio e Spedizioni",Cartucce & Toner Compatibili Multipack,Prestige Cartridge,B001002921,1,72,88
Zebra Etichette Termiche Adesive Spedizioni 100x150mm Premium Edition Mod. 14 (2968),https://www.amazon.it/dp/B001002968?tag=offertissimes-21,18.43,21.48,10.1,16.8,"Cancelleria, Ufficio e Spedizioni",Etichette Termiche Adesive Spedizioni 100x150mm,Zebra,B001002968,1,66,90
Kensington Supporti Monitor Ergonomici con Cassetti Premium Edition Mod. 03 (3021),https://www.amazon.it/dp/B001003021?tag=offertissimes-21,51.78,69.7,10.1,49.11,"Cancelleria, Ufficio e Spedizioni",Supporti Monitor Ergonomici con Cassetti,Kensington,B001003021,0,194,88
Uniqlo style Borse a Tracolla & Marsupi Virali Monospalla Premium Edition Mod. 16 (3164),https://www.amazon.it/dp/B001003164?tag=offertissimes-21,34.06,43.71,10.1,29.56,Abbigliamento Base e Calzetteria,Borse a Tracolla & Marsupi Virali Monospalla,Uniqlo style,B001003164,0,424,100
Rhodia Quaderni Puntinati Bullet Journal Dotted 120g Premium Edition Mod. 03 (3361),https://www.amazon.it/dp/B001003361?tag=offertissimes-21,22.39,31.83,10.1,20.68,"Libri, Agende e Self-Help",Quaderni Puntinati Bullet Journal Dotted 120g,Rhodia,B001003361,1,185,86
The Ordinary Sieri Viso & Trattamenti Anti-Age Premium Edition Mod. 59 (0059),https://www.amazon.it/dp/B001000059?tag=offertissimes-21,22.33,25.68,10.0,21.18,Bellezza e Cura della Persona,Sieri Viso & Trattamenti Anti-Age,The Ordinary,B001000059,1,26,99
L'Oréal Professionnel Cura dei Capelli & Shampoo Trattanti Premium Edition Mod. 23 (0151),https://www.amazon.it/dp/B001000151?tag=offertissimes-21,33.72,43.69,10.0,31.07,Bellezza e Cura della Persona,Cura dei Capelli & Shampoo Trattanti,L'Oréal Professionnel,B001000151,1,55,91
Real Techniques Make-Up & Accessori Bellezza Virali Premium Edition Mod. 19 (0336),https://www.amazon.it/dp/B001000336?tag=offertissimes-21,14.62,21.75,10.0,13.83,Bellezza e Cura della Persona,Make-Up & Accessori Bellezza Virali,Real Techniques,B001000336,0,375,93
MyProtein Proteine & Aminoacidi Sportivi Premium Edition Mod. 04 (0384),https://www.amazon.it/dp/B001000384?tag=offertissimes-21,42.32,50.86,10.0,38.1,"Salute, Igiene e Integratori",Proteine & Aminoacidi Sportivi,MyProtein,B001000384,1,42,92
MyProtein Proteine & Aminoacidi Sportivi Premium Edition Mod. 30 (0410),https://www.amazon.it/dp/B001000410?tag=offertissimes-21,14.9,22.28,10.0,14.45,"Salute, Igiene e Integratori",Proteine & Aminoacidi Sportivi,MyProtein,B001000410,1,38,82
"Nutravita Vitamine, Magnesio & Biohacking Sonno Premium Edition Mod. 01 (0495)",https://www.amazon.it/dp/B001000495?tag=offertissimes-21,30.97,42.08,10.0,28.5,"Salute, Igiene e Integratori","Vitamine, Magnesio & Biohacking Sonno",Nutravita,B001000495,1,35,86
Omron Dispositivi Elettromedicali & Termometri Premium Edition Mod. 37 (0645),https://www.amazon.it/dp/B001000645?tag=offertissimes-21,37.85,60.95,10.0,37.03,"Salute, Igiene e Integratori",Dispositivi Elettromedicali & Termometri,Omron,B001000645,0,245,73
BPR Nutrition Alimenti Proteici & Creme Spalmabili Zero Premium Edition Mod. 20 (0896),https://www.amazon.it/dp/B001000896?tag=offertissimes-21,20.82,25.55,10.0,19.24,"Alimentari, Caffè e Bevande",Alimenti Proteici & Creme Spalmabili Zero,BPR Nutrition,B001000896,1,18,86
Foodspring Alimenti Proteici & Creme Spalmabili Zero Premium Edition Mod. 44 (0920),https://www.amazon.it/dp/B001000920?tag=offertissimes-21,26.12,34.1,10.0,23.17,"Alimentari, Caffè e Bevande",Alimenti Proteici & Creme Spalmabili Zero,Foodspring,B001000920,1,26,90
Monin Sciroppi Zero Calorie & Aromi Barista Premium Edition Mod. 20 (0948),https://www.amazon.it/dp/B001000948?tag=offertissimes-21,30.53,48.67,10.0,29.5,"Alimentari, Caffè e Bevande",Sciroppi Zero Calorie & Aromi Barista,Monin,B001000948,0,379,82
Monin Sciroppi Zero Calorie & Aromi Barista Premium Edition Mod. 23 (0951),https://www.amazon.it/dp/B001000951?tag=offertissimes-21,21.32,24.99,10.0,19.86,"Alimentari, Caffè e Bevande",Sciroppi Zero Calorie & Aromi Barista,Monin,B001000951,0,347,89
Laica Filtri Ricambio Caraffe & Depuratori Acqua Premium Edition Mod. 45 (1145),https://www.amazon.it/dp/B001001145?tag=offertissimes-21,23.85,28.6,10.0,22.66,Cura della Casa e Pulizia,Filtri Ricambio Caraffe & Depuratori Acqua,Laica,B001001145,1,56,91
Brita Maxtra+ Filtri Ricambio Caraffe & Depuratori Acqua Premium Edition Mod. 51 (1151),https://www.amazon.it/dp/B001001151?tag=offertissimes-21,16.18,20.93,10.0,13.85,Cura della Casa e Pulizia,Filtri Ricambio Caraffe & Depuratori Acqua,Brita Maxtra+,B001001151,1,74,93
Pedigree Dentastix Snack Igiene Dentale Cani Scorte Mensili Premium Edition Mod. 39 (1593),https://www.amazon.it/dp/B001001593?tag=offertissimes-21,31.07,46.85,10.0,29.53,Animali Domestici (Pet Care),Snack Igiene Dentale Cani Scorte Mensili,Pedigree Dentastix,B001001593,1,20,88
Trixie Tappetini Olfattivi & Ciotole Lente Virali Premium Edition Mod. 06 (1700),https://www.amazon.it/dp/B001001700?tag=offertissimes-21,48.35,63.59,10.0,43.43,Animali Domestici (Pet Care),Tappetini Olfattivi & Ciotole Lente Virali,Trixie,B001001700,0,282,91
Ugreen Cavi USB-C Fast Charge 100W/240W Multipack Premium Edition Mod. 07 (1747),https://www.amazon.it/dp/B001001747?tag=offertissimes-21,45.4,70.1,10.0,43.1,"Elettronica, Accessori e Gadget Smart",Cavi USB-C Fast Charge 100W/240W Multipack,Ugreen,B001001747,1,134,84
INIU Cavi USB-C Fast Charge 100W/240W Multipack Premium Edition Mod. 33 (1773),https://www.amazon.it/dp/B001001773?tag=offertissimes-21,47.27,65.7,10.0,40.28,"Elettronica, Accessori e Gadget Smart",Cavi USB-C Fast Charge 100W/240W Multipack,INIU,B001001773,1,306,84
Meross Prese Smart Wi-Fi Monitoraggio Consumi Premium Edition Mod. 06 (2013),https://www.amazon.it/dp/B001002013?tag=offertissimes-21,21.21,24.56,10.0,18.9,"Elettronica, Accessori e Gadget Smart",Prese Smart Wi-Fi Monitoraggio Consumi,Meross,B001002013,0,206,92
EBL Pile Ricaricabili AA / AAA NiMH & Caricatori Smart Premium Edition Mod. 35 (2405),https://www.amazon.it/dp/B001002405?tag=offertissimes-21,69.02,83.28,10.0,66.23,"Fai da Te, Bricolage e Giardinaggio",Pile Ricaricabili AA / AAA NiMH & Caricatori Smart,EBL,B001002405,1,110,90
Little Trees Profumatori Auto Lunga Durata & Ricariche Premium Edition Mod. 18 (2568),https://www.amazon.it/dp/B001002568?tag=offertissimes-21,42.68,64.59,10.0,40.64,Auto e Moto (Accessori & Manutenzione),Profumatori Auto Lunga Durata & Ricariche,Little Trees,B001002568,1,150,89
Mebak Pistole Massaggianti Muscolari Portatili Premium Edition Mod. 05 (2781),https://www.amazon.it/dp/B001002781?tag=offertissimes-21,26.44,34.22,10.0,23.67,"Sport, Fitness e Attrezzatura",Pistole Massaggianti Muscolari Portatili,Mebak,B001002781,0,182,93
Fabriano Risme Carta da Stampa A4 80g Scorte 2500ff Premium Edition Mod. 15 (2937),https://www.amazon.it/dp/B001002937?tag=offertissimes-21,56.83,73.02,10.0,52.53,"Cancelleria, Ufficio e Spedizioni",Risme Carta da Stampa A4 80g Scorte 2500ff,Fabriano,B001002937,1,79,85
Phomemo Etichette Termiche Adesive Spedizioni 100x150mm Premium Edition Mod. 03 (2957),https://www.amazon.it/dp/B001002957?tag=offertissimes-21,15.99,23.02,10.0,14.86,"Cancelleria, Ufficio e Spedizioni",Etichette Termiche Adesive Spedizioni 100x150mm,Phomemo,B001002957,1,45,92
Phomemo Etichette Termiche Adesive Spedizioni 100x150mm Premium Edition Mod. 16 (2970),https://www.amazon.it/dp/B001002970?tag=offertissimes-21,24.72,32.0,10.0,24.01,"Cancelleria, Ufficio e Spedizioni",Etichette Termiche Adesive Spedizioni 100x150mm,Phomemo,B001002970,1,57,94
Gildan T-Shirt Girocollo Cotone Pesante Pack da 5 Premium Edition Mod. 22 (3138),https://www.amazon.it/dp/B001003138?tag=offertissimes-21,21.61,32.12,10.0,19.17,Abbigliamento Base e Calzetteria,T-Shirt Girocollo Cotone Pesante Pack da 5,Gildan,B001003138,1,90,85
Curaprox Igiene Orale & Ricambi Spazzolini Premium Edition Mod. 51 (0115),https://www.amazon.it/dp/B001000115?tag=offertissimes-21,45.74,54.81,9.9,43.51,Bellezza e Cura della Persona,Igiene Orale & Ricambi Spazzolini,Curaprox,B001000115,1,33,86
"Gillette Rasatura, Lame & Depilazione Premium Edition Mod. 31 (0222)",https://www.amazon.it/dp/B001000222?tag=offertissimes-21,20.69,30.44,9.9,18.8,Bellezza e Cura della Persona,"Rasatura, Lame & Depilazione",Gillette,B001000222,1,59,71
Essence Make-Up & Accessori Bellezza Virali Premium Edition Mod. 22 (0339),https://www.amazon.it/dp/B001000339?tag=offertissimes-21,30.24,35.18,9.9,28.12,Bellezza e Cura della Persona,Make-Up & Accessori Bellezza Virali,Essence,B001000339,0,524,85
Yamamoto Proteine & Aminoacidi Sportivi Premium Edition Mod. 18 (0398),https://www.amazon.it/dp/B001000398?tag=offertissimes-21,25.74,31.03,9.9,22.27,"Salute, Igiene e Integratori",Proteine & Aminoacidi Sportivi,Yamamoto,B001000398,1,42,88
Liquid I.V. Elettroliti & Idratazione Senza Zucchero Premium Edition Mod. 49 (0600),https://www.amazon.it/dp/B001000600?tag=offertissimes-21,31.18,39.54,9.9,28.87,"Salute, Igiene e Integratori",Elettroliti & Idratazione Senza Zucchero,Liquid I.V.,B001000600,1,29,88
Promixx Shaker Magnetici & Accessori Virali Gym Premium Edition Mod. 34 (0698),https://www.amazon.it/dp/B001000698?tag=offertissimes-21,17.52,23.19,9.9,16.02,"Salute, Igiene e Integratori",Shaker Magnetici & Accessori Virali Gym,Promixx,B001000698,0,368,82
Monin Sciroppi Zero Calorie & Aromi Barista Premium Edition Mod. 30 (0958),https://www.amazon.it/dp/B001000958?tag=offertissimes-21,18.73,24.23,9.9,15.99,"Alimentari, Caffè e Bevande",Sciroppi Zero Calorie & Aromi Barista,Monin,B001000958,0,230,83
Dash Power Detersivi Lavatrice Concentrati & Pods Premium Edition Mod. 06 (1046),https://www.amazon.it/dp/B001001046?tag=offertissimes-21,19.48,22.9,9.9,18.39,Cura della Casa e Pulizia,Detersivi Lavatrice Concentrati & Pods,Dash Power,B001001046,1,60,81
TAPP Water Filtri Ricambio Caraffe & Depuratori Acqua Premium Edition Mod. 27 (1127),https://www.amazon.it/dp/B001001127?tag=offertissimes-21,13.69,20.11,9.9,13.02,Cura della Casa e Pulizia,Filtri Ricambio Caraffe & Depuratori Acqua,TAPP Water,B001001127,1,41,92
Scrub Daddy Pulitori Miracolosi Virali & Spugne Premium Edition Mod. 03 (1163),https://www.amazon.it/dp/B001001163?tag=offertissimes-21,40.35,46.96,9.9,38.28,Cura della Casa e Pulizia,Pulitori Miracolosi Virali & Spugne,Scrub Daddy,B001001163,0,499,93
The Pink Stuff Pulitori Miracolosi Virali & Spugne Premium Edition Mod. 35 (1195),https://www.amazon.it/dp/B001001195?tag=offertissimes-21,36.09,42.98,9.9,33.68,Cura della Casa e Pulizia,Pulitori Miracolosi Virali & Spugne,The Pink Stuff,B001001195,0,388,96
E-Cloth Panni Microfibra Alta Densità & Swiffer Ricambi Premium Edition Mod. 04 (1224),https://www.amazon.it/dp/B001001224?tag=offertissimes-21,23.15,27.81,9.9,21.25,Cura della Casa e Pulizia,Panni Microfibra Alta Densità & Swiffer Ricambi,E-Cloth,B001001224,1,53,80
Tommee Tippee Sangenic Ricariche Mangia-Pannolini Multistrato Premium Edition Mod. 31 (1383),https://www.amazon.it/dp/B001001383?tag=offertissimes-21,44.72,71.01,9.9,39.65,Prima Infanzia e Maternità,Ricariche Mangia-Pannolini Multistrato,Tommee Tippee Sangenic,B001001383,1,25,89
Anker Caricatori GaN Multi-Porta Compatti Premium Edition Mod. 08 (1856),https://www.amazon.it/dp/B001001856?tag=offertissimes-21,69.4,110.65,9.9,65.51,"Elettronica, Accessori e Gadget Smart",Caricatori GaN Multi-Porta Compatti,Anker,B001001856,0,326,95
Shelly Prese Smart Wi-Fi Monitoraggio Consumi Premium Edition Mod. 28 (2035),https://www.amazon.it/dp/B001002035?tag=offertissimes-21,66.44,88.23,9.9,61.12,"Elettronica, Accessori e Gadget Smart",Prese Smart Wi-Fi Monitoraggio Consumi,Shelly,B001002035,0,487,82
Ninja Friggitrici ad Aria a Doppia Resistenza Premium Edition Mod. 46 (2210),https://www.amazon.it/dp/B001002210?tag=offertissimes-21,51.01,72.69,9.9,48.89,"Casa, Cucina ed Elettrodomestici",Friggitrici ad Aria a Doppia Resistenza,Ninja,B001002210,0,346,95
Severin Montalatte Elettrici a Induzione Virali Premium Edition Mod. 32 (2351),https://www.amazon.it/dp/B001002351?tag=offertissimes-21,89.0,105.72,9.9,77.37,"Casa, Cucina ed Elettrodomestici",Montalatte Elettrici a Induzione Virali,Severin,B001002351,0,375,90
Varta Pile Ricaricabili AA / AAA NiMH & Caricatori Smart Premium Edition Mod. 24 (2394),https://www.amazon.it/dp/B001002394?tag=offertissimes-21,9.56,14.38,9.9,8.99,"Fai da Te, Bricolage e Giardinaggio",Pile Ricaricabili AA / AAA NiMH & Caricatori Smart,Varta,B001002394,1,109,87
Aigostar Lampadine LED Smart Dimmerabili Attacco E27/GU10 Premium Edition Mod. 14 (2420),https://www.amazon.it/dp/B001002420?tag=offertissimes-21,24.01,30.9,9.9,21.85,"Fai da Te, Bricolage e Giardinaggio",Lampadine LED Smart Dimmerabili Attacco E27/GU10,Aigostar,B001002420,1,112,86
Claber Sistemi Irrigazione a Goccia Smart per Balconi Premium Edition Mod. 19 (2533),https://www.amazon.it/dp/B001002533?tag=offertissimes-21,10.25,14.1,9.9,9.91,"Fai da Te, Bricolage e Giardinaggio",Sistemi Irrigazione a Goccia Smart per Balconi,Claber,B001002533,0,215,83
Rituals Car Profumatori Auto Lunga Durata & Ricariche Premium Edition Mod. 10 (2560),https://www.amazon.it/dp/B001002560?tag=offertissimes-21,61.27,85.44,9.9,58.27,Auto e Moto (Accessori & Manutenzione),Profumatori Auto Lunga Durata & Ricariche,Rituals Car,B001002560,1,64,80
Little Trees Profumatori Auto Lunga Durata & Ricariche Premium Edition Mod. 29 (2579),https://www.amazon.it/dp/B001002579?tag=offertissimes-21,33.55,38.85,9.9,30.7,Auto e Moto (Accessori & Manutenzione),Profumatori Auto Lunga Durata & Ricariche,Little Trees,B001002579,1,94,82
Manduka Tappetini Yoga Antiscivolo Alta Densità TPE Premium Edition Mod. 08 (2822),https://www.amazon.it/dp/B001002822?tag=offertissimes-21,78.62,114.29,9.9,76.11,"Sport, Fitness e Attrezzatura",Tappetini Yoga Antiscivolo Alta Densità TPE,Manduka,B001002822,0,317,90
Aosbos Borse Termiche Pranzo Fit & Portavivande Ermetici Premium Edition Mod. 18 (2870),https://www.amazon.it/dp/B001002870?tag=offertissimes-21,69.13,88.09,9.9,66.86,"Sport, Fitness e Attrezzatura",Borse Termiche Pranzo Fit & Portavivande Ermetici,Aosbos,B001002870,0,408,82
Tatay Borse Termiche Pranzo Fit & Portavivande Ermetici Premium Edition Mod. 21 (2873),https://www.amazon.it/dp/B001002873?tag=offertissimes-21,17.52,24.94,9.9,16.82,"Sport, Fitness e Attrezzatura",Borse Termiche Pranzo Fit & Portavivande Ermetici,Tatay,B001002873,0,203,86
Brother Cartucce & Toner Compatibili Multipack Premium Edition Mod. 27 (2917),https://www.amazon.it/dp/B001002917?tag=offertissimes-21,62.2,71.78,9.9,57.87,"Cancelleria, Ufficio e Spedizioni",Cartucce & Toner Compatibili Multipack,Brother,B001002917,1,41,89
Nike Calzini Sportivi Tecnici Traspiranti Multipack Premium Edition Mod. 16 (3099),https://www.amazon.it/dp/B001003099?tag=offertissimes-21,17.19,20.17,9.9,14.96,Abbigliamento Base e Calzetteria,Calzini Sportivi Tecnici Traspiranti Multipack,Nike,B001003099,1,86,89
Carhartt Borse a Tracolla & Marsupi Virali Monospalla Premium Edition Mod. 10 (3158),https://www.amazon.it/dp/B001003158?tag=offertissimes-21,20.28,28.69,9.9,18.85,Abbigliamento Base e Calzetteria,Borse a Tracolla & Marsupi Virali Monospalla,Carhartt,B001003158,0,503,95
LEGO Speed Champions Set Costruzioni Modulari per Adulti Premium Edition Mod. 12 (3248),https://www.amazon.it/dp/B001003248?tag=offertissimes-21,34.32,40.09,9.9,33.17,"Giochi, Hobbies e Tempo Libero",Set Costruzioni Modulari per Adulti,LEGO Speed Champions,B001003248,0,195,97
Legami Milano Agende Settimanali 12/18 Mesi & Ricariche Premium Edition Mod. 07 (3297),https://www.amazon.it/dp/B001003297?tag=offertissimes-21,13.43,21.03,9.9,12.83,"Libri, Agende e Self-Help",Agende Settimanali 12/18 Mesi & Ricariche,Legami Milano,B001003297,1,123,83
Filofax Agende Settimanali 12/18 Mesi & Ricariche Premium Edition Mod. 19 (3309),https://www.amazon.it/dp/B001003309?tag=offertissimes-21,11.75,17.5,9.9,11.21,"Libri, Agende e Self-Help",Agende Settimanali 12/18 Mesi & Ricariche,Filofax,B001003309,1,307,85
NYX Make-Up & Accessori Bellezza Virali Premium Edition Mod. 18 (0335),https://www.amazon.it/dp/B001000335?tag=offertissimes-21,40.46,51.53,9.8,36.5,Bellezza e Cura della Persona,Make-Up & Accessori Bellezza Virali,NYX,B001000335,0,435,88
Maybelline Make-Up & Accessori Bellezza Virali Premium Edition Mod. 31 (0348),https://www.amazon.it/dp/B001000348?tag=offertissimes-21,15.81,18.57,9.8,14.37,Bellezza e Cura della Persona,Make-Up & Accessori Bellezza Virali,Maybelline,B001000348,0,273,93
MyProtein Proteine & Aminoacidi Sportivi Premium Edition Mod. 40 (0420),https://www.amazon.it/dp/B001000420?tag=offertissimes-21,14.03,19.67,9.8,12.68,"Salute, Igiene e Integratori",Proteine & Aminoacidi Sportivi,MyProtein,B001000420,1,24,94
Braun Dispositivi Elettromedicali & Termometri Premium Edition Mod. 20 (0628),https://www.amazon.it/dp/B001000628?tag=offertissimes-21,20.17,24.74,9.8,17.89,"Salute, Igiene e Integratori",Dispositivi Elettromedicali & Termometri,Braun,B001000628,0,397,73
Braun Dispositivi Elettromedicali & Termometri Premium Edition Mod. 22 (0630),https://www.amazon.it/dp/B001000630?tag=offertissimes-21,44.81,55.11,9.8,40.79,"Salute, Igiene e Integratori",Dispositivi Elettromedicali & Termometri,Braun,B001000630,0,463,75
BlenderBottle Shaker Magnetici & Accessori Virali Gym Premium Edition Mod. 35 (0699),https://www.amazon.it/dp/B001000699?tag=offertissimes-21,21.38,25.37,9.8,19.36,"Salute, Igiene e Integratori",Shaker Magnetici & Accessori Virali Gym,BlenderBottle,B001000699,0,270,89
Pellini Caffè in Grani Specialty 1kg Premium Edition Mod. 02 (0774),https://www.amazon.it/dp/B001000774?tag=offertissimes-21,27.67,32.05,9.8,24.58,"Alimentari, Caffè e Bevande",Caffè in Grani Specialty 1kg,Pellini,B001000774,1,27,85
Fairy Platinum Plus Capsule Lavastoviglie Maxi Box (100-160pz) Premium Edition Mod. 56 (1036),https://www.amazon.it/dp/B001001036?tag=offertissimes-21,14.57,21.87,9.8,13.93,Cura della Casa e Pulizia,Capsule Lavastoviglie Maxi Box (100-160pz),Fairy Platinum Plus,B001001036,1,74,95
Chanteclair Detersivi Lavatrice Concentrati & Pods Premium Edition Mod. 20 (1060),https://www.amazon.it/dp/B001001060?tag=offertissimes-21,22.58,30.67,9.8,21.26,Cura della Casa e Pulizia,Detersivi Lavatrice Concentrati & Pods,Chanteclair,B001001060,1,32,86
Scrub Daddy Pulitori Miracolosi Virali & Spugne Premium Edition Mod. 24 (1184),https://www.amazon.it/dp/B001001184?tag=offertissimes-21,34.08,45.53,9.8,29.29,Cura della Casa e Pulizia,Pulitori Miracolosi Virali & Spugne,Scrub Daddy,B001001184,0,290,92
WaterWipes Salviette Umidificate All'Acqua 99% Premium Edition Mod. 02 (1318),https://www.amazon.it/dp/B001001318?tag=offertissimes-21,51.93,68.65,9.8,48.32,Prima Infanzia e Maternità,Salviette Umidificate All'Acqua 99%,WaterWipes,B001001318,1,26,85
Weleda Paste Cambio Protettive Ossido Zinco Premium Edition Mod. 29 (1417),https://www.amazon.it/dp/B001001417?tag=offertissimes-21,55.68,74.15,9.8,49.48,Prima Infanzia e Maternità,Paste Cambio Protettive Ossido Zinco,Weleda,B001001417,1,27,80
Dreamegg Gadget Virali Sonno Neonato (White Noise) Premium Edition Mod. 07 (1431),https://www.amazon.it/dp/B001001431?tag=offertissimes-21,57.97,66.24,9.8,51.02,Prima Infanzia e Maternità,Gadget Virali Sonno Neonato (White Noise),Dreamegg,B001001431,0,329,92
ChomChom Roller Spazzole Rullo Toglipelo Elettrostatiche Premium Edition Mod. 15 (1663),https://www.amazon.it/dp/B001001663?tag=offertissimes-21,10.59,14.68,9.8,9.9,Animali Domestici (Pet Care),Spazzole Rullo Toglipelo Elettrostatiche,ChomChom Roller,B001001663,0,387,100
iRobot Roomba Filtri & Ricambi Robot Aspirapolvere Premium Edition Mod. 30 (2090),https://www.amazon.it/dp/B001002090?tag=offertissimes-21,64.27,76.42,9.8,59.35,"Casa, Cucina ed Elettrodomestici",Filtri & Ricambi Robot Aspirapolvere,iRobot Roomba,B001002090,1,274,83
FoodSaver Sigillatori Sottovuoto & Rotoli Goffrati Premium Edition Mod. 30 (2246),https://www.amazon.it/dp/B001002246?tag=offertissimes-21,30.81,42.78,9.8,28.19,"Casa, Cucina ed Elettrodomestici",Sigillatori Sottovuoto & Rotoli Goffrati,FoodSaver,B001002246,1,104,85
Gorilla Glue Nastri Adesivi Gorilla & Sigillanti Impermeabilizzanti Premium Edition Mod. 04 (2446),https://www.amazon.it/dp/B001002446?tag=offertissimes-21,35.75,47.94,9.8,34.43,"Fai da Te, Bricolage e Giardinaggio",Nastri Adesivi Gorilla & Sigillanti Impermeabilizzanti,Gorilla Glue,B001002446,1,63,88
Rituals Car Profumatori Auto Lunga Durata & Ricariche Premium Edition Mod. 06 (2556),https://www.amazon.it/dp/B001002556?tag=offertissimes-21,32.0,48.81,9.8,27.51,Auto e Moto (Accessori & Manutenzione),Profumatori Auto Lunga Durata & Ricariche,Rituals Car,B001002556,1,150,98
Baseus Aspirapolvere Portatili per Auto ad Alta Potenza Premium Edition Mod. 02 (2672),https://www.amazon.it/dp/B001002672?tag=offertissimes-21,41.13,56.88,9.8,35.19,Auto e Moto (Accessori & Manutenzione),Aspirapolvere Portatili per Auto ad Alta Potenza,Baseus,B001002672,0,247,91
Baseus Aspirapolvere Portatili per Auto ad Alta Potenza Premium Edition Mod. 13 (2683),https://www.amazon.it/dp/B001002683?tag=offertissimes-21,43.69,55.71,9.8,41.23,Auto e Moto (Accessori & Manutenzione),Aspirapolvere Portatili per Auto ad Alta Potenza,Baseus,B001002683,0,315,87
Beast Gear Fasce Elastiche di Resistenza & Loop Bands Tessuto Premium Edition Mod. 11 (2711),https://www.amazon.it/dp/B001002711?tag=offertissimes-21,65.95,80.34,9.8,56.26,"Sport, Fitness e Attrezzatura",Fasce Elastiche di Resistenza & Loop Bands Tessuto,Beast Gear,B001002711,1,122,91
Gritin Corda per Saltare Professionale con Cuscinetti Rapidi Premium Edition Mod. 31 (2769),https://www.amazon.it/dp/B001002769?tag=offertissimes-21,12.62,19.49,9.8,11.22,"Sport, Fitness e Attrezzatura",Corda per Saltare Professionale con Cuscinetti Rapidi,Gritin,B001002769,0,429,86
Lifewit Borse Termiche Pranzo Fit & Portavivande Ermetici Premium Edition Mod. 05 (2857),https://www.amazon.it/dp/B001002857?tag=offertissimes-21,72.47,87.57,9.8,69.79,"Sport, Fitness e Attrezzatura",Borse Termiche Pranzo Fit & Portavivande Ermetici,Lifewit,B001002857,0,335,83
Double A Risme Carta da Stampa A4 80g Scorte 2500ff Premium Edition Mod. 23 (2945),https://www.amazon.it/dp/B001002945?tag=offertissimes-21,20.52,26.76,9.8,19.01,"Cancelleria, Ufficio e Spedizioni",Risme Carta da Stampa A4 80g Scorte 2500ff,Double A,B001002945,1,68,75
Fruit of the Loom T-Shirt Girocollo Cotone Pesante Pack da 5 Premium Edition Mod. 23 (3139),https://www.amazon.it/dp/B001003139?tag=offertissimes-21,31.51,43.17,9.8,27.44,Abbigliamento Base e Calzetteria,T-Shirt Girocollo Cotone Pesante Pack da 5,Fruit of the Loom,B001003139,1,76,81
Fjällräven Borse a Tracolla & Marsupi Virali Monospalla Premium Edition Mod. 18 (3166),https://www.amazon.it/dp/B001003166?tag=offertissimes-21,35.88,52.66,9.8,32.05,Abbigliamento Base e Calzetteria,Borse a Tracolla & Marsupi Virali Monospalla,Fjällräven,B001003166,0,309,100
Infinity Cube Fidget Toys & Antistress Magnetici Virali Premium Edition Mod. 12 (3275),https://www.amazon.it/dp/B001003275?tag=offertissimes-21,39.39,47.4,9.8,37.29,"Giochi, Hobbies e Tempo Libero",Fidget Toys & Antistress Magnetici Virali,Infinity Cube,B001003275,0,345,98
Oral-B Igiene Orale & Ricambi Spazzolini Premium Edition Mod. 21 (0085),https://www.amazon.it/dp/B001000085?tag=offertissimes-21,29.03,34.08,9.7,27.36,Bellezza e Cura della Persona,Igiene Orale & Ricambi Spazzolini,Oral-B,B001000085,1,28,89
L'Oréal Professionnel Cura dei Capelli & Shampoo Trattanti Premium Edition Mod. 02 (0130),https://www.amazon.it/dp/B001000130?tag=offertissimes-21,23.4,27.18,9.7,20.07,Bellezza e Cura della Persona,Cura dei Capelli & Shampoo Trattanti,L'Oréal Professionnel,B001000130,1,50,89
"Braun Rasatura, Lame & Depilazione Premium Edition Mod. 61 (0252)",https://www.amazon.it/dp/B001000252?tag=offertissimes-21,39.0,47.73,9.7,35.63,Bellezza e Cura della Persona,"Rasatura, Lame & Depilazione",Braun,B001000252,1,32,77
Lattafa Profumeria & Fragranze Virali Premium Edition Mod. 20 (0274),https://www.amazon.it/dp/B001000274?tag=offertissimes-21,45.31,60.05,9.7,41.86,Bellezza e Cura della Persona,Profumeria & Fragranze Virali,Lattafa,B001000274,0,393,98
NYX Make-Up & Accessori Bellezza Virali Premium Edition Mod. 38 (0355),https://www.amazon.it/dp/B001000355?tag=offertissimes-21,36.54,53.48,9.7,34.89,Bellezza e Cura della Persona,Make-Up & Accessori Bellezza Virali,NYX,B001000355,0,429,93
Yamamoto Proteine & Aminoacidi Sportivi Premium Edition Mod. 05 (0385),https://www.amazon.it/dp/B001000385?tag=offertissimes-21,21.92,26.29,9.7,21.35,"Salute, Igiene e Integratori",Proteine & Aminoacidi Sportivi,Yamamoto,B001000385,1,43,89
Yamamoto Proteine & Aminoacidi Sportivi Premium Edition Mod. 28 (0408),https://www.amazon.it/dp/B001000408?tag=offertissimes-21,13.64,18.93,9.7,12.19,"Salute, Igiene e Integratori",Proteine & Aminoacidi Sportivi,Yamamoto,B001000408,1,25,92
Optimum Nutrition Proteine & Aminoacidi Sportivi Premium Edition Mod. 56 (0436),https://www.amazon.it/dp/B001000436?tag=offertissimes-21,13.92,19.03,9.7,12.29,"Salute, Igiene e Integratori",Proteine & Aminoacidi Sportivi,Optimum Nutrition,B001000436,1,21,92
"Nutravita Vitamine, Magnesio & Biohacking Sonno Premium Edition Mod. 14 (0508)",https://www.amazon.it/dp/B001000508?tag=offertissimes-21,19.16,22.96,9.7,18.7,"Salute, Igiene e Integratori","Vitamine, Magnesio & Biohacking Sonno",Nutravita,B001000508,1,26,81
"Swisse Vitamine, Magnesio & Biohacking Sonno Premium Edition Mod. 53 (0547)",https://www.amazon.it/dp/B001000547?tag=offertissimes-21,54.79,65.29,9.7,48.65,"Salute, Igiene e Integratori","Vitamine, Magnesio & Biohacking Sonno",Swisse,B001000547,1,25,80
Illy Caffè in Grani Specialty 1kg Premium Edition Mod. 40 (0812),https://www.amazon.it/dp/B001000812?tag=offertissimes-21,35.74,48.52,9.7,34.81,"Alimentari, Caffè e Bevande",Caffè in Grani Specialty 1kg,Illy,B001000812,1,26,89
Pukka Tè Matcha Cerimoniale Bio & Tisane Premium Edition Mod. 11 (0835),https://www.amazon.it/dp/B001000835?tag=offertissimes-21,33.05,48.51,9.7,29.9,"Alimentari, Caffè e Bevande",Tè Matcha Cerimoniale Bio & Tisane,Pukka,B001000835,1,21,91
Prozis Alimenti Proteici & Creme Spalmabili Zero Premium Edition Mod. 34 (0910),https://www.amazon.it/dp/B001000910?tag=offertissimes-21,38.07,44.22,9.7,34.73,"Alimentari, Caffè e Bevande",Alimenti Proteici & Creme Spalmabili Zero,Prozis,B001000910,1,28,91
Jordan's Skinny Sciroppi Zero Calorie & Aromi Barista Premium Edition Mod. 37 (0965),https://www.amazon.it/dp/B001000965?tag=offertissimes-21,33.66,51.23,9.7,30.73,"Alimentari, Caffè e Bevande",Sciroppi Zero Calorie & Aromi Barista,Jordan's Skinny,B001000965,0,290,90
Pril Gold Capsule Lavastoviglie Maxi Box (100-160pz) Premium Edition Mod. 25 (1005),https://www.amazon.it/dp/B001001005?tag=offertissimes-21,45.91,64.9,9.7,39.9,Cura della Casa e Pulizia,Capsule Lavastoviglie Maxi Box (100-160pz),Pril Gold,B001001005,1,47,86
TAPP Water Filtri Ricambio Caraffe & Depuratori Acqua Premium Edition Mod. 46 (1146),https://www.amazon.it/dp/B001001146?tag=offertissimes-21,52.03,64.24,9.7,47.47,Cura della Casa e Pulizia,Filtri Ricambio Caraffe & Depuratori Acqua,TAPP Water,B001001146,1,60,91
Sinland Panni Microfibra Alta Densità & Swiffer Ricambi Premium Edition Mod. 01 (1221),https://www.amazon.it/dp/B001001221?tag=offertissimes-21,27.7,42.15,9.7,25.61,Cura della Casa e Pulizia,Panni Microfibra Alta Densità & Swiffer Ricambi,Sinland,B001001221,1,61,79
Pogi's Sacchetti Igienici Cane Biodegradabili (300-600pz) Premium Edition Mod. 42 (1549),https://www.amazon.it/dp/B001001549?tag=offertissimes-21,58.32,72.1,9.7,52.64,Animali Domestici (Pet Care),Sacchetti Igienici Cane Biodegradabili (300-600pz),Pogi's,B001001549,1,39,83
Greenies Snack Igiene Dentale Cani Scorte Mensili Premium Edition Mod. 46 (1600),https://www.amazon.it/dp/B001001600?tag=offertissimes-21,56.93,66.27,9.7,55.23,Animali Domestici (Pet Care),Snack Igiene Dentale Cani Scorte Mensili,Greenies,B001001600,1,26,88
Catit Filtri Ricambio Fontanelle Acqua Gatti Premium Edition Mod. 16 (1617),https://www.amazon.it/dp/B001001617?tag=offertissimes-21,17.88,27.04,9.7,16.4,Animali Domestici (Pet Care),Filtri Ricambio Fontanelle Acqua Gatti,Catit,B001001617,1,23,85
Outward Hound Tappetini Olfattivi & Ciotole Lente Virali Premium Edition Mod. 13 (1707),https://www.amazon.it/dp/B001001707?tag=offertissimes-21,12.9,15.81,9.7,11.51,Animali Domestici (Pet Care),Tappetini Olfattivi & Ciotole Lente Virali,Outward Hound,B001001707,0,371,93
Ugreen Cavi USB-C Fast Charge 100W/240W Multipack Premium Edition Mod. 50 (1790),https://www.amazon.it/dp/B001001790?tag=offertissimes-21,66.56,91.39,9.7,59.66,"Elettronica, Accessori e Gadget Smart",Cavi USB-C Fast Charge 100W/240W Multipack,Ugreen,B001001790,1,117,94
amFilm Pellicole Salvaschermo Vetro con Dima Installazione Premium Edition Mod. 36 (1830),https://www.amazon.it/dp/B001001830?tag=offertissimes-21,30.0,39.35,9.7,26.57,"Elettronica, Accessori e Gadget Smart",Pellicole Salvaschermo Vetro con Dima Installazione,amFilm,B001001830,1,325,85
Anker Caricatori GaN Multi-Porta Compatti Premium Edition Mod. 42 (1890),https://www.amazon.it/dp/B001001890?tag=offertissimes-21,73.48,101.08,9.7,63.09,"Elettronica, Accessori e Gadget Smart",Caricatori GaN Multi-Porta Compatti,Anker,B001001890,0,449,97
Woox Prese Smart Wi-Fi Monitoraggio Consumi Premium Edition Mod. 39 (2046),https://www.amazon.it/dp/B001002046?tag=offertissimes-21,54.92,68.23,9.7,49.51,"Elettronica, Accessori e Gadget Smart",Prese Smart Wi-Fi Monitoraggio Consumi,Woox,B001002046,0,508,89
TP-Link Tapo Prese Smart Wi-Fi Monitoraggio Consumi Premium Edition Mod. 52 (2059),https://www.amazon.it/dp/B001002059?tag=offertissimes-21,11.27,17.07,9.7,10.69,"Elettronica, Accessori e Gadget Smart",Prese Smart Wi-Fi Monitoraggio Consumi,TP-Link Tapo,B001002059,0,219,83
iRobot Roomba Filtri & Ricambi Robot Aspirapolvere Premium Edition Mod. 39 (2099),https://www.amazon.it/dp/B001002099?tag=offertissimes-21,95.01,108.17,9.7,83.82,"Casa, Cucina ed Elettrodomestici",Filtri & Ricambi Robot Aspirapolvere,iRobot Roomba,B001002099,1,239,95
TP-Link Tapo Lampadine LED Smart Dimmerabili Attacco E27/GU10 Premium Edition Mod. 29 (2435),https://www.amazon.it/dp/B001002435?tag=offertissimes-21,29.59,44.0,9.7,27.33,"Fai da Te, Bricolage e Giardinaggio",Lampadine LED Smart Dimmerabili Attacco E27/GU10,TP-Link Tapo,B001002435,1,84,84
Fanttik Compressori Portatili Ricaricabili Wireless Premium Edition Mod. 28 (2668),https://www.amazon.it/dp/B001002668?tag=offertissimes-21,30.55,37.57,9.7,27.55,Auto e Moto (Accessori & Manutenzione),Compressori Portatili Ricaricabili Wireless,Fanttik,B001002668,0,403,95
Fitbeast Fasce Elastiche di Resistenza & Loop Bands Tessuto Premium Edition Mod. 35 (2735),https://www.amazon.it/dp/B001002735?tag=offertissimes-21,72.62,101.28,9.7,64.01,"Sport, Fitness e Attrezzatura",Fasce Elastiche di Resistenza & Loop Bands Tessuto,Fitbeast,B001002735,1,74,90
Theragun Mini Pistole Massaggianti Muscolari Portatili Premium Edition Mod. 36 (2812),https://www.amazon.it/dp/B001002812?tag=offertissimes-21,71.82,96.07,9.7,61.57,"Sport, Fitness e Attrezzatura",Pistole Massaggianti Muscolari Portatili,Theragun Mini,B001002812,0,219,100
Manduka Tappetini Yoga Antiscivolo Alta Densità TPE Premium Edition Mod. 16 (2830),https://www.amazon.it/dp/B001002830?tag=offertissimes-21,14.23,17.02,9.7,12.76,"Sport, Fitness e Attrezzatura",Tappetini Yoga Antiscivolo Alta Densità TPE,Manduka,B001002830,0,287,94
Aosbos Borse Termiche Pranzo Fit & Portavivande Ermetici Premium Edition Mod. 10 (2862),https://www.amazon.it/dp/B001002862?tag=offertissimes-21,21.78,26.84,9.7,20.95,"Sport, Fitness e Attrezzatura",Borse Termiche Pranzo Fit & Portavivande Ermetici,Aosbos,B001002862,0,215,82
Phomemo Etichette Termiche Adesive Spedizioni 100x150mm Premium Edition Mod. 17 (2971),https://www.amazon.it/dp/B001002971?tag=offertissimes-21,48.26,70.65,9.7,45.22,"Cancelleria, Ufficio e Spedizioni",Etichette Termiche Adesive Spedizioni 100x150mm,Phomemo,B001002971,1,48,90
Under Armour Calzini Sportivi Tecnici Traspiranti Multipack Premium Edition Mod. 10 (3093),https://www.amazon.it/dp/B001003093?tag=offertissimes-21,13.38,18.72,9.7,12.73,Abbigliamento Base e Calzetteria,Calzini Sportivi Tecnici Traspiranti Multipack,Under Armour,B001003093,1,119,84
Taco Gatto Capra Giochi da Tavolo Compatti & Pocket Virali Premium Edition Mod. 26 (3234),https://www.amazon.it/dp/B001003234?tag=offertissimes-21,35.54,54.71,9.7,31.71,"Giochi, Hobbies e Tempo Libero",Giochi da Tavolo Compatti & Pocket Virali,Taco Gatto Capra,B001003234,0,427,93
Mondadori Romanzi Virali BookTok & Romance Trend Premium Edition Mod. 19 (3355),https://www.amazon.it/dp/B001003355?tag=offertissimes-21,14.8,20.38,9.7,13.0,"Libri, Agende e Self-Help",Romanzi Virali BookTok & Romance Trend,Mondadori,B001003355,0,229,93
Oral-B Igiene Orale & Ricambi Spazzolini Premium Edition Mod. 06 (0070),https://www.amazon.it/dp/B001000070?tag=offertissimes-21,24.77,28.62,9.6,22.21,Bellezza e Cura della Persona,Igiene Orale & Ricambi Spazzolini,Oral-B,B001000070,1,27,82
Philips Sonicare Igiene Orale & Ricambi Spazzolini Premium Edition Mod. 31 (0095),https://www.amazon.it/dp/B001000095?tag=offertissimes-21,23.47,30.22,9.6,22.21,Bellezza e Cura della Persona,Igiene Orale & Ricambi Spazzolini,Philips Sonicare,B001000095,1,57,76
WeightWorld Creatina Monoidrato & Pre-Workout Premium Edition Mod. 39 (0476),https://www.amazon.it/dp/B001000476?tag=offertissimes-21,37.77,48.06,9.6,34.46,"Salute, Igiene e Integratori",Creatina Monoidrato & Pre-Workout,WeightWorld,B001000476,1,22,100
"Gloryfeel Vitamine, Magnesio & Biohacking Sonno Premium Edition Mod. 23 (0517)",https://www.amazon.it/dp/B001000517?tag=offertissimes-21,57.16,67.29,9.6,53.93,"Salute, Igiene e Integratori","Vitamine, Magnesio & Biohacking Sonno",Gloryfeel,B001000517,1,24,89
"Solgar Vitamine, Magnesio & Biohacking Sonno Premium Edition Mod. 30 (0524)",https://www.amazon.it/dp/B001000524?tag=offertissimes-21,13.79,16.98,9.6,12.99,"Salute, Igiene e Integratori","Vitamine, Magnesio & Biohacking Sonno",Solgar,B001000524,1,25,81
Pic Solution Dispositivi Elettromedicali & Termometri Premium Edition Mod. 29 (0637),https://www.amazon.it/dp/B001000637?tag=offertissimes-21,29.37,38.06,9.6,26.07,"Salute, Igiene e Integratori",Dispositivi Elettromedicali & Termometri,Pic Solution,B001000637,0,180,80
Nespresso Cialde & Capsule Caffè Scorte 100-150pz Premium Edition Mod. 15 (0735),https://www.amazon.it/dp/B001000735?tag=offertissimes-21,20.23,27.48,9.6,17.62,"Alimentari, Caffè e Bevande",Cialde & Capsule Caffè Scorte 100-150pz,Nespresso,B001000735,1,21,96
Vahdam Tè Matcha Cerimoniale Bio & Tisane Premium Edition Mod. 25 (0849),https://www.amazon.it/dp/B001000849?tag=offertissimes-21,26.75,34.47,9.6,23.77,"Alimentari, Caffè e Bevande",Tè Matcha Cerimoniale Bio & Tisane,Vahdam,B001000849,1,34,83
Foodspring Alimenti Proteici & Creme Spalmabili Zero Premium Edition Mod. 06 (0882),https://www.amazon.it/dp/B001000882?tag=offertissimes-21,23.89,33.17,9.6,23.02,"Alimentari, Caffè e Bevande",Alimenti Proteici & Creme Spalmabili Zero,Foodspring,B001000882,1,24,91
Foodspring Alimenti Proteici & Creme Spalmabili Zero Premium Edition Mod. 50 (0926),https://www.amazon.it/dp/B001000926?tag=offertissimes-21,23.58,33.69,9.6,22.56,"Alimentari, Caffè e Bevande",Alimenti Proteici & Creme Spalmabili Zero,Foodspring,B001000926,1,32,83
Sinland Panni Microfibra Alta Densità & Swiffer Ricambi Premium Edition Mod. 39 (1259),https://www.amazon.it/dp/B001001259?tag=offertissimes-21,45.25,51.99,9.6,41.83,Cura della Casa e Pulizia,Panni Microfibra Alta Densità & Swiffer Ricambi,Sinland,B001001259,1,45,84
Pampers Baby Dry Pannolini Box Scorta Mensile (120-180pz) Premium Edition Mod. 26 (1306),https://www.amazon.it/dp/B001001306?tag=offertissimes-21,24.77,39.35,9.6,23.62,Prima Infanzia e Maternità,Pannolini Box Scorta Mensile (120-180pz),Pampers Baby Dry,B001001306,1,19,97
Angelcare Ricariche Mangia-Pannolini Multistrato Premium Edition Mod. 15 (1367),https://www.amazon.it/dp/B001001367?tag=offertissimes-21,49.95,71.2,9.6,46.13,Prima Infanzia e Maternità,Ricariche Mangia-Pannolini Multistrato,Angelcare,B001001367,1,18,78
Chicco Next2Stars Gadget Virali Sonno Neonato (White Noise) Premium Edition Mod. 29 (1453),https://www.amazon.it/dp/B001001453?tag=offertissimes-21,26.94,39.54,9.6,23.53,Prima Infanzia e Maternità,Gadget Virali Sonno Neonato (White Noise),Chicco Next2Stars,B001001453,0,389,93
Petkit Filtri Ricambio Fontanelle Acqua Gatti Premium Edition Mod. 03 (1604),https://www.amazon.it/dp/B001001604?tag=offertissimes-21,38.04,49.5,9.6,32.95,Animali Domestici (Pet Care),Filtri Ricambio Fontanelle Acqua Gatti,Petkit,B001001604,1,44,85
Lamicall Supporti Auto Magnetici MagSafe Wireless Premium Edition Mod. 09 (1910),https://www.amazon.it/dp/B001001910?tag=offertissimes-21,89.65,113.74,9.6,82.58,"Elettronica, Accessori e Gadget Smart",Supporti Auto Magnetici MagSafe Wireless,Lamicall,B001001910,0,518,91
Klearlook Kit Pulizia Multifunzione 7-in-1 Tech Premium Edition Mod. 32 (1986),https://www.amazon.it/dp/B001001986?tag=offertissimes-21,46.45,71.09,9.6,45.51,"Elettronica, Accessori e Gadget Smart",Kit Pulizia Multifunzione 7-in-1 Tech,Klearlook,B001001986,0,303,91
iRobot Roomba Filtri & Ricambi Robot Aspirapolvere Premium Edition Mod. 25 (2085),https://www.amazon.it/dp/B001002085?tag=offertissimes-21,121.31,159.4,9.6,116.77,"Casa, Cucina ed Elettrodomestici",Filtri & Ricambi Robot Aspirapolvere,iRobot Roomba,B001002085,1,119,87
Cecotec Friggitrici ad Aria a Doppia Resistenza Premium Edition Mod. 52 (2216),https://www.amazon.it/dp/B001002216?tag=offertissimes-21,14.97,20.06,9.6,13.25,"Casa, Cucina ed Elettrodomestici",Friggitrici ad Aria a Doppia Resistenza,Cecotec,B001002216,0,211,94
FoodSaver Sigillatori Sottovuoto & Rotoli Goffrati Premium Edition Mod. 51 (2267),https://www.amazon.it/dp/B001002267?tag=offertissimes-21,120.75,185.4,9.6,103.9,"Casa, Cucina ed Elettrodomestici",Sigillatori Sottovuoto & Rotoli Goffrati,FoodSaver,B001002267,1,340,90
Bialetti Montalatte Elettrici a Induzione Virali Premium Edition Mod. 43 (2362),https://www.amazon.it/dp/B001002362?tag=offertissimes-21,119.92,141.62,9.6,102.11,"Casa, Cucina ed Elettrodomestici",Montalatte Elettrici a Induzione Virali,Bialetti,B001002362,0,530,88
Nespresso Aeroccino Montalatte Elettrici a Induzione Virali Premium Edition Mod. 44 (2363),https://www.amazon.it/dp/B001002363?tag=offertissimes-21,50.57,69.06,9.6,47.45,"Casa, Cucina ed Elettrodomestici",Montalatte Elettrici a Induzione Virali,Nespresso Aeroccino,B001002363,0,433,88
Claber Sistemi Irrigazione a Goccia Smart per Balconi Premium Edition Mod. 31 (2545),https://www.amazon.it/dp/B001002545?tag=offertissimes-21,41.64,65.01,9.6,37.17,"Fai da Te, Bricolage e Giardinaggio",Sistemi Irrigazione a Goccia Smart per Balconi,Claber,B001002545,0,251,73
Meguiar's Kit Pulizia & Manutenzione Pelle/Plastiche Auto Premium Edition Mod. 22 (2632),https://www.amazon.it/dp/B001002632?tag=offertissimes-21,12.97,16.69,9.6,12.39,Auto e Moto (Accessori & Manutenzione),Kit Pulizia & Manutenzione Pelle/Plastiche Auto,Meguiar's,B001002632,1,136,84
Woowind Compressori Portatili Ricaricabili Wireless Premium Edition Mod. 11 (2651),https://www.amazon.it/dp/B001002651?tag=offertissimes-21,26.88,33.25,9.6,23.43,Auto e Moto (Accessori & Manutenzione),Compressori Portatili Ricaricabili Wireless,Woowind,B001002651,0,429,100
Eufy Aspirapolvere Portatili per Auto ad Alta Potenza Premium Edition Mod. 24 (2694),https://www.amazon.it/dp/B001002694?tag=offertissimes-21,63.44,80.68,9.6,58.21,Auto e Moto (Accessori & Manutenzione),Aspirapolvere Portatili per Auto ad Alta Potenza,Eufy,B001002694,0,526,80
Beast Gear Corda per Saltare Professionale con Cuscinetti Rapidi Premium Edition Mod. 26 (2764),https://www.amazon.it/dp/B001002764?tag=offertissimes-21,33.27,39.86,9.6,29.5,"Sport, Fitness e Attrezzatura",Corda per Saltare Professionale con Cuscinetti Rapidi,Beast Gear,B001002764,0,412,89
Zebra Etichette Termiche Adesive Spedizioni 100x150mm Premium Edition Mod. 27 (2981),https://www.amazon.it/dp/B001002981?tag=offertissimes-21,8.24,11.28,9.6,7.12,"Cancelleria, Ufficio e Spedizioni",Etichette Termiche Adesive Spedizioni 100x150mm,Zebra,B001002981,1,40,91
Stabilo Boss Pastel Evidenziatori Pastello & Penne Gel Cancellabili Premium Edition Mod. 09 (2995),https://www.amazon.it/dp/B001002995?tag=offertissimes-21,27.06,39.08,9.6,24.55,"Cancelleria, Ufficio e Spedizioni",Evidenziatori Pastello & Penne Gel Cancellabili,Stabilo Boss Pastel,B001002995,1,39,89
Under Armour Calzini Sportivi Tecnici Traspiranti Multipack Premium Edition Mod. 01 (3084),https://www.amazon.it/dp/B001003084?tag=offertissimes-21,37.07,50.69,9.6,32.99,Abbigliamento Base e Calzetteria,Calzini Sportivi Tecnici Traspiranti Multipack,Under Armour,B001003084,1,68,81
JHK T-Shirt Girocollo Cotone Pesante Pack da 5 Premium Edition Mod. 09 (3125),https://www.amazon.it/dp/B001003125?tag=offertissimes-21,18.07,20.77,9.6,17.23,Abbigliamento Base e Calzetteria,T-Shirt Girocollo Cotone Pesante Pack da 5,JHK,B001003125,1,76,87
Carhartt Borse a Tracolla & Marsupi Virali Monospalla Premium Edition Mod. 17 (3165),https://www.amazon.it/dp/B001003165?tag=offertissimes-21,20.51,31.29,9.6,18.71,Abbigliamento Base e Calzetteria,Borse a Tracolla & Marsupi Virali Monospalla,Carhartt,B001003165,0,410,95
Dragon Shield Bustine Protettive Carte Collezionabili (100-500pz) Premium Edition Mod. 14 (3194),https://www.amazon.it/dp/B001003194?tag=offertissimes-21,53.59,64.53,9.6,49.65,"Giochi, Hobbies e Tempo Libero",Bustine Protettive Carte Collezionabili (100-500pz),Dragon Shield,B001003194,1,359,87
Exploding Kittens Giochi da Tavolo Compatti & Pocket Virali Premium Edition Mod. 14 (3222),https://www.amazon.it/dp/B001003222?tag=offertissimes-21,20.2,26.39,9.6,17.3,"Giochi, Hobbies e Tempo Libero",Giochi da Tavolo Compatti & Pocket Virali,Exploding Kittens,B001003222,0,193,100
Mondadori Romanzi Virali BookTok & Romance Trend Premium Edition Mod. 13 (3349),https://www.amazon.it/dp/B001003349?tag=offertissimes-21,13.51,20.85,9.6,12.12,"Libri, Agende e Self-Help",Romanzi Virali BookTok & Romance Trend,Mondadori,B001003349,0,288,97
CeraVe Sieri Viso & Trattamenti Anti-Age Premium Edition Mod. 46 (0046),https://www.amazon.it/dp/B001000046?tag=offertissimes-21,10.63,14.94,9.5,9.05,Bellezza e Cura della Persona,Sieri Viso & Trattamenti Anti-Age,CeraVe,B001000046,1,48,93
Marvis Igiene Orale & Ricambi Spazzolini Premium Edition Mod. 44 (0108),https://www.amazon.it/dp/B001000108?tag=offertissimes-21,35.54,52.45,9.5,32.53,Bellezza e Cura della Persona,Igiene Orale & Ricambi Spazzolini,Marvis,B001000108,1,54,80
Lattafa Profumeria & Fragranze Virali Premium Edition Mod. 19 (0273),https://www.amazon.it/dp/B001000273?tag=offertissimes-21,39.24,56.0,9.5,35.79,Bellezza e Cura della Persona,Profumeria & Fragranze Virali,Lattafa,B001000273,0,385,92
BlenderBottle Shaker Magnetici & Accessori Virali Gym Premium Edition Mod. 21 (0685),https://www.amazon.it/dp/B001000685?tag=offertissimes-21,33.54,53.65,9.5,29.48,"Salute, Igiene e Integratori",Shaker Magnetici & Accessori Virali Gym,BlenderBottle,B001000685,0,206,83
Borbone Cialde & Capsule Caffè Scorte 100-150pz Premium Edition Mod. 25 (0745),https://www.amazon.it/dp/B001000745?tag=offertissimes-21,22.98,32.03,9.5,20.16,"Alimentari, Caffè e Bevande",Cialde & Capsule Caffè Scorte 100-150pz,Borbone,B001000745,1,33,94
Clipper Tè Matcha Cerimoniale Bio & Tisane Premium Edition Mod. 13 (0837),https://www.amazon.it/dp/B001000837?tag=offertissimes-21,30.61,39.6,9.5,29.24,"Alimentari, Caffè e Bevande",Tè Matcha Cerimoniale Bio & Tisane,Clipper,B001000837,1,19,86
Fairy Platinum Plus Capsule Lavastoviglie Maxi Box (100-160pz) Premium Edition Mod. 41 (1021),https://www.amazon.it/dp/B001001021?tag=offertissimes-21,31.56,37.44,9.5,29.91,Cura della Casa e Pulizia,Capsule Lavastoviglie Maxi Box (100-160pz),Fairy Platinum Plus,B001001021,1,55,81
Philips Water Filtri Ricambio Caraffe & Depuratori Acqua Premium Edition Mod. 49 (1149),https://www.amazon.it/dp/B001001149?tag=offertissimes-21,16.25,23.57,9.5,15.34,Cura della Casa e Pulizia,Filtri Ricambio Caraffe & Depuratori Acqua,Philips Water,B001001149,1,66,86
Scrub Daddy Pulitori Miracolosi Virali & Spugne Premium Edition Mod. 28 (1188),https://www.amazon.it/dp/B001001188?tag=offertissimes-21,32.96,43.72,9.5,31.65,Cura della Casa e Pulizia,Pulitori Miracolosi Virali & Spugne,Scrub Daddy,B001001188,0,403,100
Huggies Pannolini Box Scorta Mensile (120-180pz) Premium Edition Mod. 24 (1304),https://www.amazon.it/dp/B001001304?tag=offertissimes-21,23.79,31.79,9.5,22.1,Prima Infanzia e Maternità,Pannolini Box Scorta Mensile (120-180pz),Huggies,B001001304,1,22,95
Chicco Salviette Umidificate All'Acqua 99% Premium Edition Mod. 09 (1325),https://www.amazon.it/dp/B001001325?tag=offertissimes-21,48.09,55.42,9.5,43.89,Prima Infanzia e Maternità,Salviette Umidificate All'Acqua 99%,Chicco,B001001325,1,22,87
Chicco Salviette Umidificate All'Acqua 99% Premium Edition Mod. 13 (1329),https://www.amazon.it/dp/B001001329?tag=offertissimes-21,32.87,44.79,9.5,28.77,Prima Infanzia e Maternità,Salviette Umidificate All'Acqua 99%,Chicco,B001001329,1,30,94
Aumuca Spazzole Rullo Toglipelo Elettrostatiche Premium Edition Mod. 16 (1664),https://www.amazon.it/dp/B001001664?tag=offertissimes-21,10.66,13.53,9.5,10.03,Animali Domestici (Pet Care),Spazzole Rullo Toglipelo Elettrostatiche,Aumuca,B001001664,0,337,88
Baseus Cavi USB-C Fast Charge 100W/240W Multipack Premium Edition Mod. 08 (1748),https://www.amazon.it/dp/B001001748?tag=offertissimes-21,58.07,80.02,9.5,49.54,"Elettronica, Accessori e Gadget Smart",Cavi USB-C Fast Charge 100W/240W Multipack,Baseus,B001001748,1,302,100
Baseus Cavi USB-C Fast Charge 100W/240W Multipack Premium Edition Mod. 22 (1762),https://www.amazon.it/dp/B001001762?tag=offertissimes-21,69.18,111.1,9.5,66.17,"Elettronica, Accessori e Gadget Smart",Cavi USB-C Fast Charge 100W/240W Multipack,Baseus,B001001762,1,102,88
JETech Pellicole Salvaschermo Vetro con Dima Installazione Premium Edition Mod. 01 (1795),https://www.amazon.it/dp/B001001795?tag=offertissimes-21,53.72,81.95,9.5,50.54,"Elettronica, Accessori e Gadget Smart",Pellicole Salvaschermo Vetro con Dima Installazione,JETech,B001001795,1,142,87
Ugreen Caricatori GaN Multi-Porta Compatti Premium Edition Mod. 26 (1874),https://www.amazon.it/dp/B001001874?tag=offertissimes-21,20.22,27.13,9.5,19.67,"Elettronica, Accessori e Gadget Smart",Caricatori GaN Multi-Porta Compatti,Ugreen,B001001874,0,343,100
Belkin Supporti Auto Magnetici MagSafe Wireless Premium Edition Mod. 34 (1935),https://www.amazon.it/dp/B001001935?tag=offertissimes-21,49.0,70.83,9.5,43.18,"Elettronica, Accessori e Gadget Smart",Supporti Auto Magnetici MagSafe Wireless,Belkin,B001001935,0,527,91
SiliconeMaster Carta Forno Riutilizzabile & Accessori Friggitrice Aria Premium Edition Mod. 28 (2140),https://www.amazon.it/dp/B001002140?tag=offertissimes-21,22.5,33.71,9.5,20.16,"Casa, Cucina ed Elettrodomestici",Carta Forno Riutilizzabile & Accessori Friggitrice Aria,SiliconeMaster,B001002140,1,240,96
AirFryer Pro Carta Forno Riutilizzabile & Accessori Friggitrice Aria Premium Edition Mod. 30 (2142),https://www.amazon.it/dp/B001002142?tag=offertissimes-21,37.19,44.82,9.5,32.63,"Casa, Cucina ed Elettrodomestici",Carta Forno Riutilizzabile & Accessori Friggitrice Aria,AirFryer Pro,B001002142,1,289,89
Cosori Friggitrici ad Aria a Doppia Resistenza Premium Edition Mod. 18 (2182),https://www.amazon.it/dp/B001002182?tag=offertissimes-21,128.91,148.92,9.5,123.28,"Casa, Cucina ed Elettrodomestici",Friggitrici ad Aria a Doppia Resistenza,Cosori,B001002182,0,521,97
Bonsenkitchen Sigillatori Sottovuoto & Rotoli Goffrati Premium Edition Mod. 06 (2222),https://www.amazon.it/dp/B001002222?tag=offertissimes-21,55.96,86.82,9.5,48.81,"Casa, Cucina ed Elettrodomestici",Sigillatori Sottovuoto & Rotoli Goffrati,Bonsenkitchen,B001002222,1,291,84
Bonsenkitchen Sigillatori Sottovuoto & Rotoli Goffrati Premium Edition Mod. 17 (2233),https://www.amazon.it/dp/B001002233?tag=offertissimes-21,98.58,125.55,9.5,87.59,"Casa, Cucina ed Elettrodomestici",Sigillatori Sottovuoto & Rotoli Goffrati,Bonsenkitchen,B001002233,1,337,81
Panasonic Eneloop Pile Ricaricabili AA / AAA NiMH & Caricatori Smart Premium Edition Mod. 23 (2393),https://www.amazon.it/dp/B001002393?tag=offertissimes-21,61.61,83.65,9.5,54.26,"Fai da Te, Bricolage e Giardinaggio",Pile Ricaricabili AA / AAA NiMH & Caricatori Smart,Panasonic Eneloop,B001002393,1,108,91
Bostik Nastri Adesivi Gorilla & Sigillanti Impermeabilizzanti Premium Edition Mod. 30 (2472),https://www.amazon.it/dp/B001002472?tag=offertissimes-21,62.21,94.23,9.5,53.73,"Fai da Te, Bricolage e Giardinaggio",Nastri Adesivi Gorilla & Sigillanti Impermeabilizzanti,Bostik,B001002472,1,78,82
Valeo Silencio Spazzole Tergicristallo Aerodinamiche Premium Edition Mod. 04 (2584),https://www.amazon.it/dp/B001002584?tag=offertissimes-21,68.39,83.33,9.5,60.92,Auto e Moto (Accessori & Manutenzione),Spazzole Tergicristallo Aerodinamiche,Valeo Silencio,B001002584,1,43,90
Gritin Corda per Saltare Professionale con Cuscinetti Rapidi Premium Edition Mod. 11 (2749),https://www.amazon.it/dp/B001002749?tag=offertissimes-21,74.54,108.59,9.5,71.4,"Sport, Fitness e Attrezzatura",Corda per Saltare Professionale con Cuscinetti Rapidi,Gritin,B001002749,0,218,93
Gritin Corda per Saltare Professionale con Cuscinetti Rapidi Premium Edition Mod. 35 (2773),https://www.amazon.it/dp/B001002773?tag=offertissimes-21,67.35,106.81,9.5,63.2,"Sport, Fitness e Attrezzatura",Corda per Saltare Professionale con Cuscinetti Rapidi,Gritin,B001002773,0,430,87
PUMA Boxer Cotone Elasticizzato Multipack (6-10pz) Premium Edition Mod. 24 (3074),https://www.amazon.it/dp/B001003074?tag=offertissimes-21,21.98,28.56,9.5,19.59,Abbigliamento Base e Calzetteria,Boxer Cotone Elasticizzato Multipack (6-10pz),PUMA,B001003074,1,115,94
PUMA Calzini Sportivi Tecnici Traspiranti Multipack Premium Edition Mod. 13 (3096),https://www.amazon.it/dp/B001003096?tag=offertissimes-21,14.73,18.91,9.5,12.66,Abbigliamento Base e Calzetteria,Calzini Sportivi Tecnici Traspiranti Multipack,PUMA,B001003096,1,82,88
Mondadori Romanzi Virali BookTok & Romance Trend Premium Edition Mod. 09 (3345),https://www.amazon.it/dp/B001003345?tag=offertissimes-21,19.63,28.08,9.5,17.06,"Libri, Agende e Self-Help",Romanzi Virali BookTok & Romance Trend,Mondadori,B001003345,0,340,95
Olaplex Cura dei Capelli & Shampoo Trattanti Premium Edition Mod. 01 (0129),https://www.amazon.it/dp/B001000129?tag=offertissimes-21,29.95,42.14,9.4,28.44,Bellezza e Cura della Persona,Cura dei Capelli & Shampoo Trattanti,Olaplex,B001000129,1,30,93
"Gillette Rasatura, Lame & Depilazione Premium Edition Mod. 19 (0210)",https://www.amazon.it/dp/B001000210?tag=offertissimes-21,27.5,38.38,9.4,25.17,Bellezza e Cura della Persona,"Rasatura, Lame & Depilazione",Gillette,B001000210,1,50,83
"Astra Rasatura, Lame & Depilazione Premium Edition Mod. 27 (0218)",https://www.amazon.it/dp/B001000218?tag=offertissimes-21,42.42,51.97,9.4,36.09,Bellezza e Cura della Persona,"Rasatura, Lame & Depilazione",Astra,B001000218,1,59,74
Lattafa Profumeria & Fragranze Virali Premium Edition Mod. 13 (0267),https://www.amazon.it/dp/B001000267?tag=offertissimes-21,40.46,46.25,9.4,38.02,Bellezza e Cura della Persona,Profumeria & Fragranze Virali,Lattafa,B001000267,0,484,100
NYX Make-Up & Accessori Bellezza Virali Premium Edition Mod. 45 (0362),https://www.amazon.it/dp/B001000362?tag=offertissimes-21,37.29,44.74,9.4,35.33,Bellezza e Cura della Persona,Make-Up & Accessori Bellezza Virali,NYX,B001000362,0,471,89
Pic Solution Dispositivi Elettromedicali & Termometri Premium Edition Mod. 17 (0625),https://www.amazon.it/dp/B001000625?tag=offertissimes-21,50.83,58.44,9.4,48.44,"Salute, Igiene e Integratori",Dispositivi Elettromedicali & Termometri,Pic Solution,B001000625,0,348,77
Illy Caffè in Grani Specialty 1kg Premium Edition Mod. 48 (0820),https://www.amazon.it/dp/B001000820?tag=offertissimes-21,27.99,38.73,9.4,25.43,"Alimentari, Caffè e Bevande",Caffè in Grani Specialty 1kg,Illy,B001000820,1,29,90
Prozis Alimenti Proteici & Creme Spalmabili Zero Premium Edition Mod. 17 (0893),https://www.amazon.it/dp/B001000893?tag=offertissimes-21,30.12,43.72,9.4,27.17,"Alimentari, Caffè e Bevande",Alimenti Proteici & Creme Spalmabili Zero,Prozis,B001000893,1,27,93
Foodspring Alimenti Proteici & Creme Spalmabili Zero Premium Edition Mod. 19 (0895),https://www.amazon.it/dp/B001000895?tag=offertissimes-21,11.99,16.45,9.4,10.84,"Alimentari, Caffè e Bevande",Alimenti Proteici & Creme Spalmabili Zero,Foodspring,B001000895,1,32,88
Finish Quantum Capsule Lavastoviglie Maxi Box (100-160pz) Premium Edition Mod. 37 (1017),https://www.amazon.it/dp/B001001017?tag=offertissimes-21,22.81,34.43,9.4,20.27,Cura della Casa e Pulizia,Capsule Lavastoviglie Maxi Box (100-160pz),Finish Quantum,B001001017,1,50,90
Ariel Pods Detersivi Lavatrice Concentrati & Pods Premium Edition Mod. 07 (1047),https://www.amazon.it/dp/B001001047?tag=offertissimes-21,11.5,15.32,9.4,11.02,Cura della Casa e Pulizia,Detersivi Lavatrice Concentrati & Pods,Ariel Pods,B001001047,1,43,90
Scrub Mommy Pulitori Miracolosi Virali & Spugne Premium Edition Mod. 08 (1168),https://www.amazon.it/dp/B001001168?tag=offertissimes-21,16.89,21.61,9.4,14.63,Cura della Casa e Pulizia,Pulitori Miracolosi Virali & Spugne,Scrub Mommy,B001001168,0,451,97
Scrub Mommy Pulitori Miracolosi Virali & Spugne Premium Edition Mod. 15 (1175),https://www.amazon.it/dp/B001001175?tag=offertissimes-21,12.84,14.97,9.4,11.54,Cura della Casa e Pulizia,Pulitori Miracolosi Virali & Spugne,Scrub Mommy,B001001175,0,278,100
Vileda Panni Microfibra Alta Densità & Swiffer Ricambi Premium Edition Mod. 36 (1256),https://www.amazon.it/dp/B001001256?tag=offertissimes-21,37.98,45.82,9.4,32.31,Cura della Casa e Pulizia,Panni Microfibra Alta Densità & Swiffer Ricambi,Vileda,B001001256,1,33,77
PetiFine Filtri Ricambio Fontanelle Acqua Gatti Premium Edition Mod. 24 (1625),https://www.amazon.it/dp/B001001625?tag=offertissimes-21,15.66,22.38,9.4,13.39,Animali Domestici (Pet Care),Filtri Ricambio Fontanelle Acqua Gatti,PetiFine,B001001625,1,39,85
Ace2Ace Spazzole Rullo Toglipelo Elettrostatiche Premium Edition Mod. 29 (1677),https://www.amazon.it/dp/B001001677?tag=offertissimes-21,47.45,53.97,9.4,44.13,Animali Domestici (Pet Care),Spazzole Rullo Toglipelo Elettrostatiche,Ace2Ace,B001001677,0,223,93
Baseus Cavi USB-C Fast Charge 100W/240W Multipack Premium Edition Mod. 45 (1785),https://www.amazon.it/dp/B001001785?tag=offertissimes-21,16.17,23.95,9.4,13.8,"Elettronica, Accessori e Gadget Smart",Cavi USB-C Fast Charge 100W/240W Multipack,Baseus,B001001785,1,160,95
Aukey Caricatori GaN Multi-Porta Compatti Premium Edition Mod. 21 (1869),https://www.amazon.it/dp/B001001869?tag=offertissimes-21,74.13,89.59,9.4,64.93,"Elettronica, Accessori e Gadget Smart",Caricatori GaN Multi-Porta Compatti,Aukey,B001001869,0,377,89
Ordilend Kit Pulizia Multifunzione 7-in-1 Tech Premium Edition Mod. 26 (1980),https://www.amazon.it/dp/B001001980?tag=offertissimes-21,51.85,71.09,9.4,47.15,"Elettronica, Accessori e Gadget Smart",Kit Pulizia Multifunzione 7-in-1 Tech,Ordilend,B001001980,0,481,97
Cosori Carta Forno Riutilizzabile & Accessori Friggitrice Aria Premium Edition Mod. 06 (2118),https://www.amazon.it/dp/B001002118?tag=offertissimes-21,70.52,89.51,9.4,62.03,"Casa, Cucina ed Elettrodomestici",Carta Forno Riutilizzabile & Accessori Friggitrice Aria,Cosori,B001002118,1,93,90
SiliconeMaster Carta Forno Riutilizzabile & Accessori Friggitrice Aria Premium Edition Mod. 23 (2135),https://www.amazon.it/dp/B001002135?tag=offertissimes-21,14.67,21.7,9.4,12.7,"Casa, Cucina ed Elettrodomestici",Carta Forno Riutilizzabile & Accessori Friggitrice Aria,SiliconeMaster,B001002135,1,127,97
Cecotec Friggitrici ad Aria a Doppia Resistenza Premium Edition Mod. 23 (2187),https://www.amazon.it/dp/B001002187?tag=offertissimes-21,51.84,72.27,9.4,48.05,"Casa, Cucina ed Elettrodomestici",Friggitrici ad Aria a Doppia Resistenza,Cecotec,B001002187,0,491,98
Vtopmart Organizer Frigo & Dispensa Trasparenti Acrilico Premium Edition Mod. 37 (2305),https://www.amazon.it/dp/B001002305?tag=offertissimes-21,93.05,107.98,9.4,83.69,"Casa, Cucina ed Elettrodomestici",Organizer Frigo & Dispensa Trasparenti Acrilico,Vtopmart,B001002305,0,488,98
Gardena Sistemi Irrigazione a Goccia Smart per Balconi Premium Edition Mod. 03 (2517),https://www.amazon.it/dp/B001002517?tag=offertissimes-21,37.74,51.77,9.4,36.1,"Fai da Te, Bricolage e Giardinaggio",Sistemi Irrigazione a Goccia Smart per Balconi,Gardena,B001002517,0,255,81
Xiaomi Portable Air Pump 2 Compressori Portatili Ricaricabili Wireless Premium Edition Mod. 15 (2655),https://www.amazon.it/dp/B001002655?tag=offertissimes-21,32.05,40.53,9.4,28.39,Auto e Moto (Accessori & Manutenzione),Compressori Portatili Ricaricabili Wireless,Xiaomi Portable Air Pump 2,B001002655,0,536,95
Fitbeast Fasce Elastiche di Resistenza & Loop Bands Tessuto Premium Edition Mod. 26 (2726),https://www.amazon.it/dp/B001002726?tag=offertissimes-21,66.21,83.73,9.4,64.65,"Sport, Fitness e Attrezzatura",Fasce Elastiche di Resistenza & Loop Bands Tessuto,Fitbeast,B001002726,1,172,92
Renpho Pistole Massaggianti Muscolari Portatili Premium Edition Mod. 15 (2791),https://www.amazon.it/dp/B001002791?tag=offertissimes-21,19.67,27.05,9.4,17.85,"Sport, Fitness e Attrezzatura",Pistole Massaggianti Muscolari Portatili,Renpho,B001002791,0,182,96
Gritin Tappetini Yoga Antiscivolo Alta Densità TPE Premium Edition Mod. 01 (2815),https://www.amazon.it/dp/B001002815?tag=offertissimes-21,26.26,33.89,9.4,24.29,"Sport, Fitness e Attrezzatura",Tappetini Yoga Antiscivolo Alta Densità TPE,Gritin,B001002815,0,354,88
Toplus Tappetini Yoga Antiscivolo Alta Densità TPE Premium Edition Mod. 10 (2824),https://www.amazon.it/dp/B001002824?tag=offertissimes-21,61.98,90.55,9.4,58.28,"Sport, Fitness e Attrezzatura",Tappetini Yoga Antiscivolo Alta Densità TPE,Toplus,B001002824,0,466,84
Double A Risme Carta da Stampa A4 80g Scorte 2500ff Premium Edition Mod. 20 (2942),https://www.amazon.it/dp/B001002942?tag=offertissimes-21,34.84,52.88,9.4,31.87,"Cancelleria, Ufficio e Spedizioni",Risme Carta da Stampa A4 80g Scorte 2500ff,Double A,B001002942,1,63,84
Zebra Etichette Termiche Adesive Spedizioni 100x150mm Premium Edition Mod. 12 (2966),https://www.amazon.it/dp/B001002966?tag=offertissimes-21,22.09,32.84,9.4,21.22,"Cancelleria, Ufficio e Spedizioni",Etichette Termiche Adesive Spedizioni 100x150mm,Zebra,B001002966,1,31,94
Calvin Klein Boxer Cotone Elasticizzato Multipack (6-10pz) Premium Edition Mod. 18 (3068),https://www.amazon.it/dp/B001003068?tag=offertissimes-21,27.66,41.2,9.4,26.99,Abbigliamento Base e Calzetteria,Boxer Cotone Elasticizzato Multipack (6-10pz),Calvin Klein,B001003068,1,96,86
PUMA Calzini Sportivi Tecnici Traspiranti Multipack Premium Edition Mod. 30 (3113),https://www.amazon.it/dp/B001003113?tag=offertissimes-21,35.77,44.05,9.4,34.97,Abbigliamento Base e Calzetteria,Calzini Sportivi Tecnici Traspiranti Multipack,PUMA,B001003113,1,118,95
Eastpak Borse a Tracolla & Marsupi Virali Monospalla Premium Edition Mod. 22 (3170),https://www.amazon.it/dp/B001003170?tag=offertissimes-21,29.54,42.95,9.4,25.83,Abbigliamento Base e Calzetteria,Borse a Tracolla & Marsupi Virali Monospalla,Eastpak,B001003170,0,396,91
Exploding Kittens Giochi da Tavolo Compatti & Pocket Virali Premium Edition Mod. 19 (3227),https://www.amazon.it/dp/B001003227?tag=offertissimes-21,21.48,31.32,9.4,19.71,"Giochi, Hobbies e Tempo Libero",Giochi da Tavolo Compatti & Pocket Virali,Exploding Kittens,B001003227,0,197,93
"Mondadori Bestseller Crescita Personale & Finanza (Atomic Habits, etc.) Premium Edition Mod. 10 (3323)",https://www.amazon.it/dp/B001003323?tag=offertissimes-21,20.32,25.08,9.4,19.91,"Libri, Agende e Self-Help","Bestseller Crescita Personale & Finanza (Atomic Habits, etc.)",Mondadori,B001003323,0,314,94
Mondadori Romanzi Virali BookTok & Romance Trend Premium Edition Mod. 04 (3340),https://www.amazon.it/dp/B001003340?tag=offertissimes-21,10.55,12.73,9.4,9.99,"Libri, Agende e Self-Help",Romanzi Virali BookTok & Romance Trend,Mondadori,B001003340,0,303,97
Kérastase Cura dei Capelli & Shampoo Trattanti Premium Edition Mod. 42 (0170),https://www.amazon.it/dp/B001000170?tag=offertissimes-21,19.86,25.57,9.3,17.84,Bellezza e Cura della Persona,Cura dei Capelli & Shampoo Trattanti,Kérastase,B001000170,1,47,88
WeightWorld Creatina Monoidrato & Pre-Workout Premium Edition Mod. 52 (0489),https://www.amazon.it/dp/B001000489?tag=offertissimes-21,44.05,51.35,9.3,38.26,"Salute, Igiene e Integratori",Creatina Monoidrato & Pre-Workout,WeightWorld,B001000489,1,41,96
"Gloryfeel Vitamine, Magnesio & Biohacking Sonno Premium Edition Mod. 10 (0504)",https://www.amazon.it/dp/B001000504?tag=offertissimes-21,41.2,50.66,9.3,38.24,"Salute, Igiene e Integratori","Vitamine, Magnesio & Biohacking Sonno",Gloryfeel,B001000504,1,29,84
"Swisse Vitamine, Magnesio & Biohacking Sonno Premium Edition Mod. 12 (0506)",https://www.amazon.it/dp/B001000506?tag=offertissimes-21,31.56,48.21,9.3,30.52,"Salute, Igiene e Integratori","Vitamine, Magnesio & Biohacking Sonno",Swisse,B001000506,1,30,85
Lavazza Cialde & Capsule Caffè Scorte 100-150pz Premium Edition Mod. 12 (0732),https://www.amazon.it/dp/B001000732?tag=offertissimes-21,40.14,47.2,9.3,39.18,"Alimentari, Caffè e Bevande",Cialde & Capsule Caffè Scorte 100-150pz,Lavazza,B001000732,1,33,89
Jordan's Skinny Sciroppi Zero Calorie & Aromi Barista Premium Edition Mod. 46 (0974),https://www.amazon.it/dp/B001000974?tag=offertissimes-21,35.85,47.79,9.3,31.33,"Alimentari, Caffè e Bevande",Sciroppi Zero Calorie & Aromi Barista,Jordan's Skinny,B001000974,0,400,89
Ariel Pods Detersivi Lavatrice Concentrati & Pods Premium Edition Mod. 10 (1050),https://www.amazon.it/dp/B001001050?tag=offertissimes-21,41.28,52.27,9.3,36.02,Cura della Casa e Pulizia,Detersivi Lavatrice Concentrati & Pods,Ariel Pods,B001001050,1,50,83
The Pink Stuff Pulitori Miracolosi Virali & Spugne Premium Edition Mod. 50 (1210),https://www.amazon.it/dp/B001001210?tag=offertissimes-21,26.29,37.42,9.3,25.19,Cura della Casa e Pulizia,Pulitori Miracolosi Virali & Spugne,The Pink Stuff,B001001210,0,301,98
Pampers Baby Dry Pannolini Box Scorta Mensile (120-180pz) Premium Edition Mod. 14 (1294),https://www.amazon.it/dp/B001001294?tag=offertissimes-21,68.28,85.73,9.3,62.57,Prima Infanzia e Maternità,Pannolini Box Scorta Mensile (120-180pz),Pampers Baby Dry,B001001294,1,16,84
Earth Rated Sacchetti Igienici Cane Biodegradabili (300-600pz) Premium Edition Mod. 25 (1532),https://www.amazon.it/dp/B001001532?tag=offertissimes-21,51.96,68.21,9.3,46.24,Animali Domestici (Pet Care),Sacchetti Igienici Cane Biodegradabili (300-600pz),Earth Rated,B001001532,1,35,87
Earth Rated Sacchetti Igienici Cane Biodegradabili (300-600pz) Premium Edition Mod. 32 (1539),https://www.amazon.it/dp/B001001539?tag=offertissimes-21,15.05,19.64,9.3,12.88,Animali Domestici (Pet Care),Sacchetti Igienici Cane Biodegradabili (300-600pz),Earth Rated,B001001539,1,35,84
Petkit Filtri Ricambio Fontanelle Acqua Gatti Premium Edition Mod. 22 (1623),https://www.amazon.it/dp/B001001623?tag=offertissimes-21,23.54,34.97,9.3,22.87,Animali Domestici (Pet Care),Filtri Ricambio Fontanelle Acqua Gatti,Petkit,B001001623,1,20,87
HoneyGuaridan Filtri Ricambio Fontanelle Acqua Gatti Premium Edition Mod. 46 (1647),https://www.amazon.it/dp/B001001647?tag=offertissimes-21,49.37,70.28,9.3,44.81,Animali Domestici (Pet Care),Filtri Ricambio Fontanelle Acqua Gatti,HoneyGuaridan,B001001647,1,44,86
Lickimat Tappetini Olfattivi & Ciotole Lente Virali Premium Edition Mod. 09 (1703),https://www.amazon.it/dp/B001001703?tag=offertissimes-21,47.03,68.97,9.3,42.41,Animali Domestici (Pet Care),Tappetini Olfattivi & Ciotole Lente Virali,Lickimat,B001001703,0,451,93
Trixie Tappetini Olfattivi & Ciotole Lente Virali Premium Edition Mod. 38 (1732),https://www.amazon.it/dp/B001001732?tag=offertissimes-21,42.37,50.24,9.3,36.48,Animali Domestici (Pet Care),Tappetini Olfattivi & Ciotole Lente Virali,Trixie,B001001732,0,210,88
JETech Pellicole Salvaschermo Vetro con Dima Installazione Premium Edition Mod. 23 (1817),https://www.amazon.it/dp/B001001817?tag=offertissimes-21,70.02,81.65,9.3,60.94,"Elettronica, Accessori e Gadget Smart",Pellicole Salvaschermo Vetro con Dima Installazione,JETech,B001001817,1,164,89
Anker Caricatori GaN Multi-Porta Compatti Premium Edition Mod. 17 (1865),https://www.amazon.it/dp/B001001865?tag=offertissimes-21,35.4,43.74,9.3,30.38,"Elettronica, Accessori e Gadget Smart",Caricatori GaN Multi-Porta Compatti,Anker,B001001865,0,326,93
Spigen Supporti Auto Magnetici MagSafe Wireless Premium Edition Mod. 12 (1913),https://www.amazon.it/dp/B001001913?tag=offertissimes-21,65.58,90.44,9.3,60.28,"Elettronica, Accessori e Gadget Smart",Supporti Auto Magnetici MagSafe Wireless,Spigen,B001001913,0,343,96
Ordilend Kit Pulizia Multifunzione 7-in-1 Tech Premium Edition Mod. 30 (1984),https://www.amazon.it/dp/B001001984?tag=offertissimes-21,82.8,94.56,9.3,73.99,"Elettronica, Accessori e Gadget Smart",Kit Pulizia Multifunzione 7-in-1 Tech,Ordilend,B001001984,0,345,92
Shelly Prese Smart Wi-Fi Monitoraggio Consumi Premium Edition Mod. 30 (2037),https://www.amazon.it/dp/B001002037?tag=offertissimes-21,65.53,81.99,9.3,56.65,"Elettronica, Accessori e Gadget Smart",Prese Smart Wi-Fi Monitoraggio Consumi,Shelly,B001002037,0,342,92
Shelly Prese Smart Wi-Fi Monitoraggio Consumi Premium Edition Mod. 48 (2055),https://www.amazon.it/dp/B001002055?tag=offertissimes-21,41.93,65.65,9.3,36.17,"Elettronica, Accessori e Gadget Smart",Prese Smart Wi-Fi Monitoraggio Consumi,Shelly,B001002055,0,428,88
Roborock Filtri & Ricambi Robot Aspirapolvere Premium Edition Mod. 41 (2101),https://www.amazon.it/dp/B001002101?tag=offertissimes-21,85.8,123.71,9.3,76.57,"Casa, Cucina ed Elettrodomestici",Filtri & Ricambi Robot Aspirapolvere,Roborock,B001002101,1,306,95
Severin Montalatte Elettrici a Induzione Virali Premium Edition Mod. 17 (2336),https://www.amazon.it/dp/B001002336?tag=offertissimes-21,82.62,109.09,9.3,74.09,"Casa, Cucina ed Elettrodomestici",Montalatte Elettrici a Induzione Virali,Severin,B001002336,0,525,95
Claber Sistemi Irrigazione a Goccia Smart per Balconi Premium Edition Mod. 07 (2521),https://www.amazon.it/dp/B001002521?tag=offertissimes-21,47.21,69.52,9.3,43.81,"Fai da Te, Bricolage e Giardinaggio",Sistemi Irrigazione a Goccia Smart per Balconi,Claber,B001002521,0,231,87
Valeo Silencio Spazzole Tergicristallo Aerodinamiche Premium Edition Mod. 13 (2593),https://www.amazon.it/dp/B001002593?tag=offertissimes-21,35.52,48.89,9.3,30.85,Auto e Moto (Accessori & Manutenzione),Spazzole Tergicristallo Aerodinamiche,Valeo Silencio,B001002593,1,96,79
Beast Gear Fasce Elastiche di Resistenza & Loop Bands Tessuto Premium Edition Mod. 14 (2714),https://www.amazon.it/dp/B001002714?tag=offertissimes-21,16.52,18.94,9.3,14.69,"Sport, Fitness e Attrezzatura",Fasce Elastiche di Resistenza & Loop Bands Tessuto,Beast Gear,B001002714,1,136,89
Fitbeast Fasce Elastiche di Resistenza & Loop Bands Tessuto Premium Edition Mod. 33 (2733),https://www.amazon.it/dp/B001002733?tag=offertissimes-21,13.16,17.56,9.3,11.43,"Sport, Fitness e Attrezzatura",Fasce Elastiche di Resistenza & Loop Bands Tessuto,Fitbeast,B001002733,1,101,90
Pilot Frixion Evidenziatori Pastello & Penne Gel Cancellabili Premium Edition Mod. 11 (2997),https://www.amazon.it/dp/B001002997?tag=offertissimes-21,48.83,73.5,9.3,46.27,"Cancelleria, Ufficio e Spedizioni",Evidenziatori Pastello & Penne Gel Cancellabili,Pilot Frixion,B001002997,1,52,84
Fruit of the Loom T-Shirt Girocollo Cotone Pesante Pack da 5 Premium Edition Mod. 14 (3130),https://www.amazon.it/dp/B001003130?tag=offertissimes-21,16.57,24.41,9.3,14.82,Abbigliamento Base e Calzetteria,T-Shirt Girocollo Cotone Pesante Pack da 5,Fruit of the Loom,B001003130,1,65,83
"Braun Rasatura, Lame & Depilazione Premium Edition Mod. 29 (0220)",https://www.amazon.it/dp/B001000220?tag=offertissimes-21,31.7,42.35,9.2,29.57,Bellezza e Cura della Persona,"Rasatura, Lame & Depilazione",Braun,B001000220,1,30,80
Lattafa Profumeria & Fragranze Virali Premium Edition Mod. 53 (0307),https://www.amazon.it/dp/B001000307?tag=offertissimes-21,28.51,40.15,9.2,24.78,Bellezza e Cura della Persona,Profumeria & Fragranze Virali,Lattafa,B001000307,0,462,95
Optimum Nutrition Proteine & Aminoacidi Sportivi Premium Edition Mod. 36 (0416),https://www.amazon.it/dp/B001000416?tag=offertissimes-21,19.43,23.1,9.2,17.86,"Salute, Igiene e Integratori",Proteine & Aminoacidi Sportivi,Optimum Nutrition,B001000416,1,44,91
Enervit Elettroliti & Idratazione Senza Zucchero Premium Edition Mod. 48 (0599),https://www.amazon.it/dp/B001000599?tag=offertissimes-21,22.43,27.12,9.2,21.58,"Salute, Igiene e Integratori",Elettroliti & Idratazione Senza Zucchero,Enervit,B001000599,1,45,88
Omron Dispositivi Elettromedicali & Termometri Premium Edition Mod. 07 (0615),https://www.amazon.it/dp/B001000615?tag=offertissimes-21,39.74,52.29,9.2,35.55,"Salute, Igiene e Integratori",Dispositivi Elettromedicali & Termometri,Omron,B001000615,0,416,80
Beurer Dispositivi Elettromedicali & Termometri Premium Edition Mod. 12 (0620),https://www.amazon.it/dp/B001000620?tag=offertissimes-21,35.59,49.6,9.2,34.57,"Salute, Igiene e Integratori",Dispositivi Elettromedicali & Termometri,Beurer,B001000620,0,467,77
Beurer Dispositivi Elettromedicali & Termometri Premium Edition Mod. 46 (0654),https://www.amazon.it/dp/B001000654?tag=offertissimes-21,44.32,53.44,9.2,42.61,"Salute, Igiene e Integratori",Dispositivi Elettromedicali & Termometri,Beurer,B001000654,0,324,71
Beurer Dispositivi Elettromedicali & Termometri Premium Edition Mod. 49 (0657),https://www.amazon.it/dp/B001000657?tag=offertissimes-21,44.8,54.88,9.2,38.77,"Salute, Igiene e Integratori",Dispositivi Elettromedicali & Termometri,Beurer,B001000657,0,483,72
Matcha Ninja Tè Matcha Cerimoniale Bio & Tisane Premium Edition Mod. 50 (0874),https://www.amazon.it/dp/B001000874?tag=offertissimes-21,37.38,44.33,9.2,33.45,"Alimentari, Caffè e Bevande",Tè Matcha Cerimoniale Bio & Tisane,Matcha Ninja,B001000874,1,27,89
Prozis Alimenti Proteici & Creme Spalmabili Zero Premium Edition Mod. 24 (0900),https://www.amazon.it/dp/B001000900?tag=offertissimes-21,21.98,31.8,9.2,19.52,"Alimentari, Caffè e Bevande",Alimenti Proteici & Creme Spalmabili Zero,Prozis,B001000900,1,32,85
Foodspring Alimenti Proteici & Creme Spalmabili Zero Premium Edition Mod. 43 (0919),https://www.amazon.it/dp/B001000919?tag=offertissimes-21,32.15,50.72,9.2,30.59,"Alimentari, Caffè e Bevande",Alimenti Proteici & Creme Spalmabili Zero,Foodspring,B001000919,1,33,97
Dixan Detersivi Lavatrice Concentrati & Pods Premium Edition Mod. 36 (1076),https://www.amazon.it/dp/B001001076?tag=offertissimes-21,40.33,60.24,9.2,36.25,Cura della Casa e Pulizia,Detersivi Lavatrice Concentrati & Pods,Dixan,B001001076,1,41,90
Philips Water Filtri Ricambio Caraffe & Depuratori Acqua Premium Edition Mod. 01 (1101),https://www.amazon.it/dp/B001001101?tag=offertissimes-21,52.8,61.7,9.2,47.52,Cura della Casa e Pulizia,Filtri Ricambio Caraffe & Depuratori Acqua,Philips Water,B001001101,1,70,88
The Pink Stuff Pulitori Miracolosi Virali & Spugne Premium Edition Mod. 22 (1182),https://www.amazon.it/dp/B001001182?tag=offertissimes-21,40.19,61.78,9.2,37.71,Cura della Casa e Pulizia,Pulitori Miracolosi Virali & Spugne,The Pink Stuff,B001001182,0,392,95
Swiffer Panni Microfibra Alta Densità & Swiffer Ricambi Premium Edition Mod. 49 (1269),https://www.amazon.it/dp/B001001269?tag=offertissimes-21,40.69,55.28,9.2,35.12,Cura della Casa e Pulizia,Panni Microfibra Alta Densità & Swiffer Ricambi,Swiffer,B001001269,1,43,91
Angelcare Ricariche Mangia-Pannolini Multistrato Premium Edition Mod. 27 (1379),https://www.amazon.it/dp/B001001379?tag=offertissimes-21,34.68,39.83,9.2,33.83,Prima Infanzia e Maternità,Ricariche Mangia-Pannolini Multistrato,Angelcare,B001001379,1,24,88
Bepanthenol Paste Cambio Protettive Ossido Zinco Premium Edition Mod. 14 (1402),https://www.amazon.it/dp/B001001402?tag=offertissimes-21,17.85,20.37,9.2,15.46,Prima Infanzia e Maternità,Paste Cambio Protettive Ossido Zinco,Bepanthenol,B001001402,1,27,82
Mustela Paste Cambio Protettive Ossido Zinco Premium Edition Mod. 33 (1421),https://www.amazon.it/dp/B001001421?tag=offertissimes-21,43.24,59.08,9.2,38.64,Prima Infanzia e Maternità,Paste Cambio Protettive Ossido Zinco,Mustela,B001001421,1,24,86
Biokat's Lettiere Gatto Agglomeranti & Silicio 10-20L Premium Edition Mod. 27 (1487),https://www.amazon.it/dp/B001001487?tag=offertissimes-21,62.92,72.71,9.2,59.54,Animali Domestici (Pet Care),Lettiere Gatto Agglomeranti & Silicio 10-20L,Biokat's,B001001487,1,23,91
Pedigree Dentastix Snack Igiene Dentale Cani Scorte Mensili Premium Edition Mod. 35 (1589),https://www.amazon.it/dp/B001001589?tag=offertissimes-21,39.25,49.46,9.2,37.29,Animali Domestici (Pet Care),Snack Igiene Dentale Cani Scorte Mensili,Pedigree Dentastix,B001001589,1,41,89
ESR Pellicole Salvaschermo Vetro con Dima Installazione Premium Edition Mod. 03 (1797),https://www.amazon.it/dp/B001001797?tag=offertissimes-21,23.87,37.65,9.2,20.55,"Elettronica, Accessori e Gadget Smart",Pellicole Salvaschermo Vetro con Dima Installazione,ESR,B001001797,1,129,84
Cosori Carta Forno Riutilizzabile & Accessori Friggitrice Aria Premium Edition Mod. 45 (2157),https://www.amazon.it/dp/B001002157?tag=offertissimes-21,91.69,112.54,9.2,84.42,"Casa, Cucina ed Elettrodomestici",Carta Forno Riutilizzabile & Accessori Friggitrice Aria,Cosori,B001002157,1,141,93
Philips Friggitrici ad Aria a Doppia Resistenza Premium Edition Mod. 03 (2167),https://www.amazon.it/dp/B001002167?tag=offertissimes-21,89.03,112.75,9.2,86.39,"Casa, Cucina ed Elettrodomestici",Friggitrici ad Aria a Doppia Resistenza,Philips,B001002167,0,299,100
Cecotec Friggitrici ad Aria a Doppia Resistenza Premium Edition Mod. 15 (2179),https://www.amazon.it/dp/B001002179?tag=offertissimes-21,32.93,50.5,9.2,31.2,"Casa, Cucina ed Elettrodomestici",Friggitrici ad Aria a Doppia Resistenza,Cecotec,B001002179,0,537,99
Cecotec Friggitrici ad Aria a Doppia Resistenza Premium Edition Mod. 36 (2200),https://www.amazon.it/dp/B001002200?tag=offertissimes-21,93.19,136.67,9.2,81.75,"Casa, Cucina ed Elettrodomestici",Friggitrici ad Aria a Doppia Resistenza,Cecotec,B001002200,0,493,100
KitchenBoss Sigillatori Sottovuoto & Rotoli Goffrati Premium Edition Mod. 42 (2258),https://www.amazon.it/dp/B001002258?tag=offertissimes-21,111.62,165.42,9.2,106.43,"Casa, Cucina ed Elettrodomestici",Sigillatori Sottovuoto & Rotoli Goffrati,KitchenBoss,B001002258,1,177,86
Vtopmart Organizer Frigo & Dispensa Trasparenti Acrilico Premium Edition Mod. 44 (2312),https://www.amazon.it/dp/B001002312?tag=offertissimes-21,56.24,82.78,9.2,48.25,"Casa, Cucina ed Elettrodomestici",Organizer Frigo & Dispensa Trasparenti Acrilico,Vtopmart,B001002312,0,493,92
Nespresso Aeroccino Montalatte Elettrici a Induzione Virali Premium Edition Mod. 48 (2367),https://www.amazon.it/dp/B001002367?tag=offertissimes-21,84.08,134.09,9.2,75.3,"Casa, Cucina ed Elettrodomestici",Montalatte Elettrici a Induzione Virali,Nespresso Aeroccino,B001002367,0,284,87
Philips Hue Lampadine LED Smart Dimmerabili Attacco E27/GU10 Premium Edition Mod. 22 (2428),https://www.amazon.it/dp/B001002428?tag=offertissimes-21,61.82,79.93,9.2,59.86,"Fai da Te, Bricolage e Giardinaggio",Lampadine LED Smart Dimmerabili Attacco E27/GU10,Philips Hue,B001002428,1,71,79
Rituals Car Profumatori Auto Lunga Durata & Ricariche Premium Edition Mod. 03 (2553),https://www.amazon.it/dp/B001002553?tag=offertissimes-21,54.68,67.13,9.2,47.72,Auto e Moto (Accessori & Manutenzione),Profumatori Auto Lunga Durata & Ricariche,Rituals Car,B001002553,1,56,90
Eufy Aspirapolvere Portatili per Auto ad Alta Potenza Premium Edition Mod. 25 (2695),https://www.amazon.it/dp/B001002695?tag=offertissimes-21,14.59,17.89,9.2,12.45,Auto e Moto (Accessori & Manutenzione),Aspirapolvere Portatili per Auto ad Alta Potenza,Eufy,B001002695,0,296,89
Theragun Mini Pistole Massaggianti Muscolari Portatili Premium Edition Mod. 10 (2786),https://www.amazon.it/dp/B001002786?tag=offertissimes-21,60.51,78.6,9.2,54.53,"Sport, Fitness e Attrezzatura",Pistole Massaggianti Muscolari Portatili,Theragun Mini,B001002786,0,287,96
Theragun Mini Pistole Massaggianti Muscolari Portatili Premium Edition Mod. 22 (2798),https://www.amazon.it/dp/B001002798?tag=offertissimes-21,10.37,16.14,9.2,9.65,"Sport, Fitness e Attrezzatura",Pistole Massaggianti Muscolari Portatili,Theragun Mini,B001002798,0,260,96
Renpho Pistole Massaggianti Muscolari Portatili Premium Edition Mod. 24 (2800),https://www.amazon.it/dp/B001002800?tag=offertissimes-21,42.09,55.7,9.2,37.51,"Sport, Fitness e Attrezzatura",Pistole Massaggianti Muscolari Portatili,Renpho,B001002800,0,481,94
Sperling & Kupfer Romanzi Virali BookTok & Romance Trend Premium Edition Mod. 05 (3341),https://www.amazon.it/dp/B001003341?tag=offertissimes-21,20.49,23.5,9.2,18.25,"Libri, Agende e Self-Help",Romanzi Virali BookTok & Romance Trend,Sperling & Kupfer,B001003341,0,367,99
Florence Bio Sieri Viso & Trattamenti Anti-Age Premium Edition Mod. 38 (0038),https://www.amazon.it/dp/B001000038?tag=offertissimes-21,50.74,59.07,9.1,44.12,Bellezza e Cura della Persona,Sieri Viso & Trattamenti Anti-Age,Florence Bio,B001000038,1,45,89
"Philips OneBlade Rasatura, Lame & Depilazione Premium Edition Mod. 36 (0227)",https://www.amazon.it/dp/B001000227?tag=offertissimes-21,44.21,58.52,9.1,38.08,Bellezza e Cura della Persona,"Rasatura, Lame & Depilazione",Philips OneBlade,B001000227,1,40,75
Optimum Nutrition Proteine & Aminoacidi Sportivi Premium Edition Mod. 10 (0390),https://www.amazon.it/dp/B001000390?tag=offertissimes-21,31.28,39.81,9.1,28.72,"Salute, Igiene e Integratori",Proteine & Aminoacidi Sportivi,Optimum Nutrition,B001000390,1,42,93
"Swisse Vitamine, Magnesio & Biohacking Sonno Premium Edition Mod. 16 (0510)",https://www.amazon.it/dp/B001000510?tag=offertissimes-21,46.3,65.64,9.1,40.88,"Salute, Igiene e Integratori","Vitamine, Magnesio & Biohacking Sonno",Swisse,B001000510,1,42,76
Liquid I.V. Elettroliti & Idratazione Senza Zucchero Premium Edition Mod. 18 (0569),https://www.amazon.it/dp/B001000569?tag=offertissimes-21,35.6,47.35,9.1,33.74,"Salute, Igiene e Integratori",Elettroliti & Idratazione Senza Zucchero,Liquid I.V.,B001000569,1,21,90
Liquid I.V. Elettroliti & Idratazione Senza Zucchero Premium Edition Mod. 56 (0607),https://www.amazon.it/dp/B001000607?tag=offertissimes-21,47.82,65.44,9.1,43.08,"Salute, Igiene e Integratori",Elettroliti & Idratazione Senza Zucchero,Liquid I.V.,B001000607,1,30,82
Promixx Shaker Magnetici & Accessori Virali Gym Premium Edition Mod. 54 (0718),https://www.amazon.it/dp/B001000718?tag=offertissimes-21,50.94,67.92,9.1,45.38,"Salute, Igiene e Integratori",Shaker Magnetici & Accessori Virali Gym,Promixx,B001000718,0,324,85
Kimbo Caffè in Grani Specialty 1kg Premium Edition Mod. 37 (0809),https://www.amazon.it/dp/B001000809?tag=offertissimes-21,26.32,35.32,9.1,22.93,"Alimentari, Caffè e Bevande",Caffè in Grani Specialty 1kg,Kimbo,B001000809,1,35,78
Prozis Alimenti Proteici & Creme Spalmabili Zero Premium Edition Mod. 23 (0899),https://www.amazon.it/dp/B001000899?tag=offertissimes-21,21.46,28.81,9.1,19.55,"Alimentari, Caffè e Bevande",Alimenti Proteici & Creme Spalmabili Zero,Prozis,B001000899,1,18,91
Jordan's Skinny Sciroppi Zero Calorie & Aromi Barista Premium Edition Mod. 35 (0963),https://www.amazon.it/dp/B001000963?tag=offertissimes-21,20.61,26.16,9.1,17.87,"Alimentari, Caffè e Bevande",Sciroppi Zero Calorie & Aromi Barista,Jordan's Skinny,B001000963,0,387,89
E-Cloth Panni Microfibra Alta Densità & Swiffer Ricambi Premium Edition Mod. 08 (1228),https://www.amazon.it/dp/B001001228?tag=offertissimes-21,47.89,63.62,9.1,42.34,Cura della Casa e Pulizia,Panni Microfibra Alta Densità & Swiffer Ricambi,E-Cloth,B001001228,1,31,82
Swiffer Panni Microfibra Alta Densità & Swiffer Ricambi Premium Edition Mod. 24 (1244),https://www.amazon.it/dp/B001001244?tag=offertissimes-21,37.19,56.54,9.1,35.2,Cura della Casa e Pulizia,Panni Microfibra Alta Densità & Swiffer Ricambi,Swiffer,B001001244,1,62,74
Sinland Panni Microfibra Alta Densità & Swiffer Ricambi Premium Edition Mod. 43 (1263),https://www.amazon.it/dp/B001001263?tag=offertissimes-21,46.25,62.75,9.1,42.56,Cura della Casa e Pulizia,Panni Microfibra Alta Densità & Swiffer Ricambi,Sinland,B001001263,1,37,84
Vileda Panni Microfibra Alta Densità & Swiffer Ricambi Premium Edition Mod. 58 (1278),https://www.amazon.it/dp/B001001278?tag=offertissimes-21,31.36,44.68,9.1,29.97,Cura della Casa e Pulizia,Panni Microfibra Alta Densità & Swiffer Ricambi,Vileda,B001001278,1,59,82
WaterWipes Salviette Umidificate All'Acqua 99% Premium Edition Mod. 23 (1339),https://www.amazon.it/dp/B001001339?tag=offertissimes-21,29.86,35.36,9.1,27.01,Prima Infanzia e Maternità,Salviette Umidificate All'Acqua 99%,WaterWipes,B001001339,1,20,86
Foppapedretti Ricariche Mangia-Pannolini Multistrato Premium Edition Mod. 28 (1380),https://www.amazon.it/dp/B001001380?tag=offertissimes-21,24.86,29.93,9.1,23.87,Prima Infanzia e Maternità,Ricariche Mangia-Pannolini Multistrato,Foppapedretti,B001001380,1,27,80
Baseus Cavi USB-C Fast Charge 100W/240W Multipack Premium Edition Mod. 26 (1766),https://www.amazon.it/dp/B001001766?tag=offertissimes-21,64.87,98.31,9.1,61.12,"Elettronica, Accessori e Gadget Smart",Cavi USB-C Fast Charge 100W/240W Multipack,Baseus,B001001766,1,239,96
JETech Pellicole Salvaschermo Vetro con Dima Installazione Premium Edition Mod. 06 (1800),https://www.amazon.it/dp/B001001800?tag=offertissimes-21,58.12,93.41,9.1,54.18,"Elettronica, Accessori e Gadget Smart",Pellicole Salvaschermo Vetro con Dima Installazione,JETech,B001001800,1,163,90
Meross Prese Smart Wi-Fi Monitoraggio Consumi Premium Edition Mod. 20 (2027),https://www.amazon.it/dp/B001002027?tag=offertissimes-21,16.68,24.14,9.1,14.6,"Elettronica, Accessori e Gadget Smart",Prese Smart Wi-Fi Monitoraggio Consumi,Meross,B001002027,0,482,90
iRobot Roomba Filtri & Ricambi Robot Aspirapolvere Premium Edition Mod. 06 (2066),https://www.amazon.it/dp/B001002066?tag=offertissimes-21,31.91,42.65,9.1,30.29,"Casa, Cucina ed Elettrodomestici",Filtri & Ricambi Robot Aspirapolvere,iRobot Roomba,B001002066,1,94,82
Ecovacs Filtri & Ricambi Robot Aspirapolvere Premium Edition Mod. 28 (2088),https://www.amazon.it/dp/B001002088?tag=offertissimes-21,119.2,161.25,9.1,116.67,"Casa, Cucina ed Elettrodomestici",Filtri & Ricambi Robot Aspirapolvere,Ecovacs,B001002088,1,171,81
Ninja Friggitrici ad Aria a Doppia Resistenza Premium Edition Mod. 40 (2204),https://www.amazon.it/dp/B001002204?tag=offertissimes-21,58.16,90.03,9.1,52.66,"Casa, Cucina ed Elettrodomestici",Friggitrici ad Aria a Doppia Resistenza,Ninja,B001002204,0,243,97
Fanttik Mini Cacciaviti Elettrici di Precisione Virali Premium Edition Mod. 13 (2491),https://www.amazon.it/dp/B001002491?tag=offertissimes-21,66.22,99.53,9.1,60.25,"Fai da Te, Bricolage e Giardinaggio",Mini Cacciaviti Elettrici di Precisione Virali,Fanttik,B001002491,0,513,96
Black+Decker Aspirapolvere Portatili per Auto ad Alta Potenza Premium Edition Mod. 22 (2692),https://www.amazon.it/dp/B001002692?tag=offertissimes-21,66.51,82.88,9.1,62.84,Auto e Moto (Accessori & Manutenzione),Aspirapolvere Portatili per Auto ad Alta Potenza,Black+Decker,B001002692,0,231,88
Gritin Corda per Saltare Professionale con Cuscinetti Rapidi Premium Edition Mod. 24 (2762),https://www.amazon.it/dp/B001002762?tag=offertissimes-21,39.05,58.11,9.1,35.34,"Sport, Fitness e Attrezzatura",Corda per Saltare Professionale con Cuscinetti Rapidi,Gritin,B001002762,0,188,94
Mebak Pistole Massaggianti Muscolari Portatili Premium Edition Mod. 01 (2777),https://www.amazon.it/dp/B001002777?tag=offertissimes-21,30.51,46.11,9.1,28.71,"Sport, Fitness e Attrezzatura",Pistole Massaggianti Muscolari Portatili,Mebak,B001002777,0,470,88
BONTEC Supporti Monitor Ergonomici con Cassetti Premium Edition Mod. 25 (3043),https://www.amazon.it/dp/B001003043?tag=offertissimes-21,49.52,69.3,9.1,48.08,"Cancelleria, Ufficio e Spedizioni",Supporti Monitor Ergonomici con Cassetti,BONTEC,B001003043,0,198,89
Gildan T-Shirt Girocollo Cotone Pesante Pack da 5 Premium Edition Mod. 29 (3145),https://www.amazon.it/dp/B001003145?tag=offertissimes-21,24.01,33.46,9.1,22.86,Abbigliamento Base e Calzetteria,T-Shirt Girocollo Cotone Pesante Pack da 5,Gildan,B001003145,1,73,84
LEGO Speed Champions Set Costruzioni Modulari per Adulti Premium Edition Mod. 24 (3260),https://www.amazon.it/dp/B001003260?tag=offertissimes-21,8.73,13.21,9.1,8.07,"Giochi, Hobbies e Tempo Libero",Set Costruzioni Modulari per Adulti,LEGO Speed Champions,B001003260,0,214,98
Speks Fidget Toys & Antistress Magnetici Virali Premium Edition Mod. 02 (3265),https://www.amazon.it/dp/B001003265?tag=offertissimes-21,34.97,50.59,9.1,34.05,"Giochi, Hobbies e Tempo Libero",Fidget Toys & Antistress Magnetici Virali,Speks,B001003265,0,369,98
"Gribaudo Bestseller Crescita Personale & Finanza (Atomic Habits, etc.) Premium Edition Mod. 19 (3332)",https://www.amazon.it/dp/B001003332?tag=offertissimes-21,15.95,18.8,9.1,14.96,"Libri, Agende e Self-Help","Bestseller Crescita Personale & Finanza (Atomic Habits, etc.)",Gribaudo,B001003332,0,472,95
Marvis Igiene Orale & Ricambi Spazzolini Premium Edition Mod. 46 (0110),https://www.amazon.it/dp/B001000110?tag=offertissimes-21,47.16,61.08,9.0,42.52,Bellezza e Cura della Persona,Igiene Orale & Ricambi Spazzolini,Marvis,B001000110,1,47,79
Oral-B Igiene Orale & Ricambi Spazzolini Premium Edition Mod. 50 (0114),https://www.amazon.it/dp/B001000114?tag=offertissimes-21,50.4,58.02,9.0,45.37,Bellezza e Cura della Persona,Igiene Orale & Ricambi Spazzolini,Oral-B,B001000114,1,49,82
Curaprox Igiene Orale & Ricambi Spazzolini Premium Edition Mod. 57 (0121),https://www.amazon.it/dp/B001000121?tag=offertissimes-21,30.71,43.65,9.0,29.89,Bellezza e Cura della Persona,Igiene Orale & Ricambi Spazzolini,Curaprox,B001000121,1,48,78
L'Oréal Professionnel Cura dei Capelli & Shampoo Trattanti Premium Edition Mod. 40 (0168),https://www.amazon.it/dp/B001000168?tag=offertissimes-21,43.11,49.12,9.0,39.48,Bellezza e Cura della Persona,Cura dei Capelli & Shampoo Trattanti,L'Oréal Professionnel,B001000168,1,29,91
Restivoil Cura dei Capelli & Shampoo Trattanti Premium Edition Mod. 55 (0183),https://www.amazon.it/dp/B001000183?tag=offertissimes-21,20.81,24.78,9.0,18.83,Bellezza e Cura della Persona,Cura dei Capelli & Shampoo Trattanti,Restivoil,B001000183,1,56,90
Foodspring Proteine & Aminoacidi Sportivi Premium Edition Mod. 23 (0403),https://www.amazon.it/dp/B001000403?tag=offertissimes-21,25.71,29.99,9.0,24.78,"Salute, Igiene e Integratori",Proteine & Aminoacidi Sportivi,Foodspring,B001000403,1,42,94
Liquid I.V. Elettroliti & Idratazione Senza Zucchero Premium Edition Mod. 54 (0605),https://www.amazon.it/dp/B001000605?tag=offertissimes-21,20.27,26.57,9.0,18.7,"Salute, Igiene e Integratori",Elettroliti & Idratazione Senza Zucchero,Liquid I.V.,B001000605,1,33,89
Borbone Cialde & Capsule Caffè Scorte 100-150pz Premium Edition Mod. 13 (0733),https://www.amazon.it/dp/B001000733?tag=offertissimes-21,21.68,29.37,9.0,18.9,"Alimentari, Caffè e Bevande",Cialde & Capsule Caffè Scorte 100-150pz,Borbone,B001000733,1,19,95
Fairy Platinum Plus Capsule Lavastoviglie Maxi Box (100-160pz) Premium Edition Mod. 01 (0981),https://www.amazon.it/dp/B001000981?tag=offertissimes-21,20.87,29.1,9.0,18.84,Cura della Casa e Pulizia,Capsule Lavastoviglie Maxi Box (100-160pz),Fairy Platinum Plus,B001000981,1,50,94
Dash Power Detersivi Lavatrice Concentrati & Pods Premium Edition Mod. 17 (1057),https://www.amazon.it/dp/B001001057?tag=offertissimes-21,10.36,14.3,9.0,9.27,Cura della Casa e Pulizia,Detersivi Lavatrice Concentrati & Pods,Dash Power,B001001057,1,57,90
Ariel Pods Detersivi Lavatrice Concentrati & Pods Premium Edition Mod. 57 (1097),https://www.amazon.it/dp/B001001097?tag=offertissimes-21,15.26,21.38,9.0,13.17,Cura della Casa e Pulizia,Detersivi Lavatrice Concentrati & Pods,Ariel Pods,B001001097,1,56,87
Philips Water Filtri Ricambio Caraffe & Depuratori Acqua Premium Edition Mod. 43 (1143),https://www.amazon.it/dp/B001001143?tag=offertissimes-21,15.85,20.21,9.0,15.49,Cura della Casa e Pulizia,Filtri Ricambio Caraffe & Depuratori Acqua,Philips Water,B001001143,1,39,92
Tommee Tippee Sangenic Ricariche Mangia-Pannolini Multistrato Premium Edition Mod. 17 (1369),https://www.amazon.it/dp/B001001369?tag=offertissimes-21,51.38,62.37,9.0,47.33,Prima Infanzia e Maternità,Ricariche Mangia-Pannolini Multistrato,Tommee Tippee Sangenic,B001001369,1,30,79
Greenies Snack Igiene Dentale Cani Scorte Mensili Premium Edition Mod. 31 (1585),https://www.amazon.it/dp/B001001585?tag=offertissimes-21,36.08,45.6,9.0,31.89,Animali Domestici (Pet Care),Snack Igiene Dentale Cani Scorte Mensili,Greenies,B001001585,1,38,85
Hagibis Kit Pulizia Multifunzione 7-in-1 Tech Premium Edition Mod. 34 (1988),https://www.amazon.it/dp/B001001988?tag=offertissimes-21,87.88,104.21,9.0,80.97,"Elettronica, Accessori e Gadget Smart",Kit Pulizia Multifunzione 7-in-1 Tech,Hagibis,B001001988,0,220,95
Ordilend Kit Pulizia Multifunzione 7-in-1 Tech Premium Edition Mod. 48 (2002),https://www.amazon.it/dp/B001002002?tag=offertissimes-21,75.13,107.96,9.0,64.02,"Elettronica, Accessori e Gadget Smart",Kit Pulizia Multifunzione 7-in-1 Tech,Ordilend,B001002002,0,460,98
TP-Link Tapo Prese Smart Wi-Fi Monitoraggio Consumi Premium Edition Mod. 01 (2008),https://www.amazon.it/dp/B001002008?tag=offertissimes-21,75.05,85.5,9.0,67.26,"Elettronica, Accessori e Gadget Smart",Prese Smart Wi-Fi Monitoraggio Consumi,TP-Link Tapo,B001002008,0,438,87
Shelly Prese Smart Wi-Fi Monitoraggio Consumi Premium Edition Mod. 51 (2058),https://www.amazon.it/dp/B001002058?tag=offertissimes-21,56.74,68.89,9.0,55.15,"Elettronica, Accessori e Gadget Smart",Prese Smart Wi-Fi Monitoraggio Consumi,Shelly,B001002058,0,201,86
Roborock Filtri & Ricambi Robot Aspirapolvere Premium Edition Mod. 13 (2073),https://www.amazon.it/dp/B001002073?tag=offertissimes-21,27.38,37.06,9.0,26.03,"Casa, Cucina ed Elettrodomestici",Filtri & Ricambi Robot Aspirapolvere,Roborock,B001002073,1,275,84
iRobot Roomba Filtri & Ricambi Robot Aspirapolvere Premium Edition Mod. 33 (2093),https://www.amazon.it/dp/B001002093?tag=offertissimes-21,74.46,114.94,9.0,67.22,"Casa, Cucina ed Elettrodomestici",Filtri & Ricambi Robot Aspirapolvere,iRobot Roomba,B001002093,1,299,92
AirFryer Pro Carta Forno Riutilizzabile & Accessori Friggitrice Aria Premium Edition Mod. 32 (2144),https://www.amazon.it/dp/B001002144?tag=offertissimes-21,73.3,99.96,9.0,71.3,"Casa, Cucina ed Elettrodomestici",Carta Forno Riutilizzabile & Accessori Friggitrice Aria,AirFryer Pro,B001002144,1,258,91
Nespresso Aeroccino Montalatte Elettrici a Induzione Virali Premium Edition Mod. 04 (2323),https://www.amazon.it/dp/B001002323?tag=offertissimes-21,37.57,48.38,9.0,36.67,"Casa, Cucina ed Elettrodomestici",Montalatte Elettrici a Induzione Virali,Nespresso Aeroccino,B001002323,0,374,98
EBL Pile Ricaricabili AA / AAA NiMH & Caricatori Smart Premium Edition Mod. 27 (2397),https://www.amazon.it/dp/B001002397?tag=offertissimes-21,13.93,22.36,9.0,13.06,"Fai da Te, Bricolage e Giardinaggio",Pile Ricaricabili AA / AAA NiMH & Caricatori Smart,EBL,B001002397,1,62,83
HOTO Mini Cacciaviti Elettrici di Precisione Virali Premium Edition Mod. 34 (2512),https://www.amazon.it/dp/B001002512?tag=offertissimes-21,13.96,19.58,9.0,13.4,"Fai da Te, Bricolage e Giardinaggio",Mini Cacciaviti Elettrici di Precisione Virali,HOTO,B001002512,0,420,93
Gardena Sistemi Irrigazione a Goccia Smart per Balconi Premium Edition Mod. 17 (2531),https://www.amazon.it/dp/B001002531?tag=offertissimes-21,25.05,36.17,9.0,24.04,"Fai da Te, Bricolage e Giardinaggio",Sistemi Irrigazione a Goccia Smart per Balconi,Gardena,B001002531,0,184,86
Fanttik Compressori Portatili Ricaricabili Wireless Premium Edition Mod. 03 (2643),https://www.amazon.it/dp/B001002643?tag=offertissimes-21,51.4,74.72,9.0,45.39,Auto e Moto (Accessori & Manutenzione),Compressori Portatili Ricaricabili Wireless,Fanttik,B001002643,0,424,94
Gritin Corda per Saltare Professionale con Cuscinetti Rapidi Premium Edition Mod. 30 (2768),https://www.amazon.it/dp/B001002768?tag=offertissimes-21,73.35,112.58,9.0,69.38,"Sport, Fitness e Attrezzatura",Corda per Saltare Professionale con Cuscinetti Rapidi,Gritin,B001002768,0,259,85
Stabilo Boss Pastel Evidenziatori Pastello & Penne Gel Cancellabili Premium Edition Mod. 16 (3002),https://www.amazon.it/dp/B001003002?tag=offertissimes-21,20.69,30.83,9.0,17.64,"Cancelleria, Ufficio e Spedizioni",Evidenziatori Pastello & Penne Gel Cancellabili,Stabilo Boss Pastel,B001003002,1,85,80
Danish Endurance Boxer Cotone Elasticizzato Multipack (6-10pz) Premium Edition Mod. 11 (3061),https://www.amazon.it/dp/B001003061?tag=offertissimes-21,22.64,25.98,9.0,21.52,Abbigliamento Base e Calzetteria,Boxer Cotone Elasticizzato Multipack (6-10pz),Danish Endurance,B001003061,1,116,95
Levi's Boxer Cotone Elasticizzato Multipack (6-10pz) Premium Edition Mod. 28 (3078),https://www.amazon.it/dp/B001003078?tag=offertissimes-21,30.15,35.99,9.0,26.83,Abbigliamento Base e Calzetteria,Boxer Cotone Elasticizzato Multipack (6-10pz),Levi's,B001003078,1,85,83
Fjällräven Borse a Tracolla & Marsupi Virali Monospalla Premium Edition Mod. 09 (3157),https://www.amazon.it/dp/B001003157?tag=offertissimes-21,19.97,23.91,9.0,18.72,Abbigliamento Base e Calzetteria,Borse a Tracolla & Marsupi Virali Monospalla,Fjällräven,B001003157,0,481,100
Dragon Shield Bustine Protettive Carte Collezionabili (100-500pz) Premium Edition Mod. 18 (3198),https://www.amazon.it/dp/B001003198?tag=offertissimes-21,39.0,56.92,9.0,37.51,"Giochi, Hobbies e Tempo Libero",Bustine Protettive Carte Collezionabili (100-500pz),Dragon Shield,B001003198,1,337,90
Philips Sonicare Igiene Orale & Ricambi Spazzolini Premium Edition Mod. 53 (0117),https://www.amazon.it/dp/B001000117?tag=offertissimes-21,45.73,57.61,8.9,39.61,Bellezza e Cura della Persona,Igiene Orale & Ricambi Spazzolini,Philips Sonicare,B001000117,1,43,77
Maybelline Make-Up & Accessori Bellezza Virali Premium Edition Mod. 06 (0323),https://www.amazon.it/dp/B001000323?tag=offertissimes-21,37.19,43.39,8.9,32.88,Bellezza e Cura della Persona,Make-Up & Accessori Bellezza Virali,Maybelline,B001000323,0,226,94
NYX Make-Up & Accessori Bellezza Virali Premium Edition Mod. 49 (0366),https://www.amazon.it/dp/B001000366?tag=offertissimes-21,10.45,13.27,8.9,9.07,Bellezza e Cura della Persona,Make-Up & Accessori Bellezza Virali,NYX,B001000366,0,228,89
Liquid I.V. Elettroliti & Idratazione Senza Zucchero Premium Edition Mod. 07 (0558),https://www.amazon.it/dp/B001000558?tag=offertissimes-21,48.43,64.05,8.9,43.97,"Salute, Igiene e Integratori",Elettroliti & Idratazione Senza Zucchero,Liquid I.V.,B001000558,1,33,83
Liquid I.V. Elettroliti & Idratazione Senza Zucchero Premium Edition Mod. 09 (0560),https://www.amazon.it/dp/B001000560?tag=offertissimes-21,28.21,41.13,8.9,27.44,"Salute, Igiene e Integratori",Elettroliti & Idratazione Senza Zucchero,Liquid I.V.,B001000560,1,34,88
Braun Dispositivi Elettromedicali & Termometri Premium Edition Mod. 06 (0614),https://www.amazon.it/dp/B001000614?tag=offertissimes-21,25.71,37.7,8.9,22.26,"Salute, Igiene e Integratori",Dispositivi Elettromedicali & Termometri,Braun,B001000614,0,432,78
Beurer Dispositivi Elettromedicali & Termometri Premium Edition Mod. 13 (0621),https://www.amazon.it/dp/B001000621?tag=offertissimes-21,12.45,18.64,8.9,11.63,"Salute, Igiene e Integratori",Dispositivi Elettromedicali & Termometri,Beurer,B001000621,0,186,71
Monin Sciroppi Zero Calorie & Aromi Barista Premium Edition Mod. 25 (0953),https://www.amazon.it/dp/B001000953?tag=offertissimes-21,38.0,52.55,8.9,35.26,"Alimentari, Caffè e Bevande",Sciroppi Zero Calorie & Aromi Barista,Monin,B001000953,0,329,88
Pril Gold Capsule Lavastoviglie Maxi Box (100-160pz) Premium Edition Mod. 39 (1019),https://www.amazon.it/dp/B001001019?tag=offertissimes-21,13.36,18.37,8.9,12.95,Cura della Casa e Pulizia,Capsule Lavastoviglie Maxi Box (100-160pz),Pril Gold,B001001019,1,58,96
Chanteclair Detersivi Lavatrice Concentrati & Pods Premium Edition Mod. 09 (1049),https://www.amazon.it/dp/B001001049?tag=offertissimes-21,17.07,25.88,8.9,14.61,Cura della Casa e Pulizia,Detersivi Lavatrice Concentrati & Pods,Chanteclair,B001001049,1,65,89
Chanteclair Detersivi Lavatrice Concentrati & Pods Premium Edition Mod. 52 (1092),https://www.amazon.it/dp/B001001092?tag=offertissimes-21,47.48,58.11,8.9,44.12,Cura della Casa e Pulizia,Detersivi Lavatrice Concentrati & Pods,Chanteclair,B001001092,1,39,92
E-Cloth Panni Microfibra Alta Densità & Swiffer Ricambi Premium Edition Mod. 10 (1230),https://www.amazon.it/dp/B001001230?tag=offertissimes-21,17.6,26.12,8.9,15.16,Cura della Casa e Pulizia,Panni Microfibra Alta Densità & Swiffer Ricambi,E-Cloth,B001001230,1,67,83
Sinland Panni Microfibra Alta Densità & Swiffer Ricambi Premium Edition Mod. 23 (1243),https://www.amazon.it/dp/B001001243?tag=offertissimes-21,30.99,38.91,8.9,29.35,Cura della Casa e Pulizia,Panni Microfibra Alta Densità & Swiffer Ricambi,Sinland,B001001243,1,41,84
Swiffer Panni Microfibra Alta Densità & Swiffer Ricambi Premium Edition Mod. 27 (1247),https://www.amazon.it/dp/B001001247?tag=offertissimes-21,13.77,21.29,8.9,12.29,Cura della Casa e Pulizia,Panni Microfibra Alta Densità & Swiffer Ricambi,Swiffer,B001001247,1,70,81
Huggies Pannolini Box Scorta Mensile (120-180pz) Premium Edition Mod. 23 (1303),https://www.amazon.it/dp/B001001303?tag=offertissimes-21,60.92,76.23,8.9,55.14,Prima Infanzia e Maternità,Pannolini Box Scorta Mensile (120-180pz),Huggies,B001001303,1,28,94
Angelcare Ricariche Mangia-Pannolini Multistrato Premium Edition Mod. 34 (1386),https://www.amazon.it/dp/B001001386?tag=offertissimes-21,69.08,87.86,8.9,60.87,Prima Infanzia e Maternità,Ricariche Mangia-Pannolini Multistrato,Angelcare,B001001386,1,25,90
Chicco Next2Stars Gadget Virali Sonno Neonato (White Noise) Premium Edition Mod. 02 (1426),https://www.amazon.it/dp/B001001426?tag=offertissimes-21,22.79,31.82,8.9,21.7,Prima Infanzia e Maternità,Gadget Virali Sonno Neonato (White Noise),Chicco Next2Stars,B001001426,0,358,99
Momcozy Gadget Virali Sonno Neonato (White Noise) Premium Edition Mod. 12 (1436),https://www.amazon.it/dp/B001001436?tag=offertissimes-21,17.2,26.63,8.9,16.37,Prima Infanzia e Maternità,Gadget Virali Sonno Neonato (White Noise),Momcozy,B001001436,0,534,90
Aukey Caricatori GaN Multi-Porta Compatti Premium Edition Mod. 52 (1900),https://www.amazon.it/dp/B001001900?tag=offertissimes-21,10.86,16.4,8.9,10.52,"Elettronica, Accessori e Gadget Smart",Caricatori GaN Multi-Porta Compatti,Aukey,B001001900,0,331,99
ESR Supporti Auto Magnetici MagSafe Wireless Premium Edition Mod. 40 (1941),https://www.amazon.it/dp/B001001941?tag=offertissimes-21,79.07,98.72,8.9,69.88,"Elettronica, Accessori e Gadget Smart",Supporti Auto Magnetici MagSafe Wireless,ESR,B001001941,0,479,95
Ordilend Kit Pulizia Multifunzione 7-in-1 Tech Premium Edition Mod. 29 (1983),https://www.amazon.it/dp/B001001983?tag=offertissimes-21,24.83,35.5,8.9,24.24,"Elettronica, Accessori e Gadget Smart",Kit Pulizia Multifunzione 7-in-1 Tech,Ordilend,B001001983,0,468,100
Cecotec Friggitrici ad Aria a Doppia Resistenza Premium Edition Mod. 32 (2196),https://www.amazon.it/dp/B001002196?tag=offertissimes-21,74.45,96.95,8.9,64.28,"Casa, Cucina ed Elettrodomestici",Friggitrici ad Aria a Doppia Resistenza,Cecotec,B001002196,0,514,94
iDesign Organizer Frigo & Dispensa Trasparenti Acrilico Premium Edition Mod. 26 (2294),https://www.amazon.it/dp/B001002294?tag=offertissimes-21,82.73,114.74,8.9,74.31,"Casa, Cucina ed Elettrodomestici",Organizer Frigo & Dispensa Trasparenti Acrilico,iDesign,B001002294,0,354,99
Bostik Nastri Adesivi Gorilla & Sigillanti Impermeabilizzanti Premium Edition Mod. 32 (2474),https://www.amazon.it/dp/B001002474?tag=offertissimes-21,25.06,29.01,8.9,22.22,"Fai da Te, Bricolage e Giardinaggio",Nastri Adesivi Gorilla & Sigillanti Impermeabilizzanti,Bostik,B001002474,1,91,80
Claber Sistemi Irrigazione a Goccia Smart per Balconi Premium Edition Mod. 02 (2516),https://www.amazon.it/dp/B001002516?tag=offertissimes-21,35.6,56.02,8.9,32.03,"Fai da Te, Bricolage e Giardinaggio",Sistemi Irrigazione a Goccia Smart per Balconi,Claber,B001002516,0,519,85
Yankee Candle Car Profumatori Auto Lunga Durata & Ricariche Premium Edition Mod. 11 (2561),https://www.amazon.it/dp/B001002561?tag=offertissimes-21,52.06,60.57,8.9,48.41,Auto e Moto (Accessori & Manutenzione),Profumatori Auto Lunga Durata & Ricariche,Yankee Candle Car,B001002561,1,85,90
Lemero Cartucce & Toner Compatibili Multipack Premium Edition Mod. 23 (2913),https://www.amazon.it/dp/B001002913?tag=offertissimes-21,39.74,54.65,8.9,36.67,"Cancelleria, Ufficio e Spedizioni",Cartucce & Toner Compatibili Multipack,Lemero,B001002913,1,59,86
HUANUO Supporti Monitor Ergonomici con Cassetti Premium Edition Mod. 02 (3020),https://www.amazon.it/dp/B001003020?tag=offertissimes-21,22.43,33.41,8.9,21.97,"Cancelleria, Ufficio e Spedizioni",Supporti Monitor Ergonomici con Cassetti,HUANUO,B001003020,0,506,88
BONTEC Supporti Monitor Ergonomici con Cassetti Premium Edition Mod. 31 (3049),https://www.amazon.it/dp/B001003049?tag=offertissimes-21,54.48,61.95,8.9,51.73,"Cancelleria, Ufficio e Spedizioni",Supporti Monitor Ergonomici con Cassetti,BONTEC,B001003049,0,295,95
Danish Endurance Calzini Sportivi Tecnici Traspiranti Multipack Premium Edition Mod. 26 (3109),https://www.amazon.it/dp/B001003109?tag=offertissimes-21,27.49,31.52,8.9,25.45,Abbigliamento Base e Calzetteria,Calzini Sportivi Tecnici Traspiranti Multipack,Danish Endurance,B001003109,1,78,86
Amazon Essentials T-Shirt Girocollo Cotone Pesante Pack da 5 Premium Edition Mod. 03 (3119),https://www.amazon.it/dp/B001003119?tag=offertissimes-21,26.58,39.38,8.9,23.92,Abbigliamento Base e Calzetteria,T-Shirt Girocollo Cotone Pesante Pack da 5,Amazon Essentials,B001003119,1,66,84
Gildan T-Shirt Girocollo Cotone Pesante Pack da 5 Premium Edition Mod. 12 (3128),https://www.amazon.it/dp/B001003128?tag=offertissimes-21,24.17,31.71,8.9,21.1,Abbigliamento Base e Calzetteria,T-Shirt Girocollo Cotone Pesante Pack da 5,Gildan,B001003128,1,67,79
Exploding Kittens Giochi da Tavolo Compatti & Pocket Virali Premium Edition Mod. 24 (3232),https://www.amazon.it/dp/B001003232?tag=offertissimes-21,30.97,45.43,8.9,27.78,"Giochi, Hobbies e Tempo Libero",Giochi da Tavolo Compatti & Pocket Virali,Exploding Kittens,B001003232,0,287,92
Moleskine Agende Settimanali 12/18 Mesi & Ricariche Premium Edition Mod. 21 (3311),https://www.amazon.it/dp/B001003311?tag=offertissimes-21,21.0,27.77,8.9,20.13,"Libri, Agende e Self-Help",Agende Settimanali 12/18 Mesi & Ricariche,Moleskine,B001003311,1,302,81
Lattafa Profumeria & Fragranze Virali Premium Edition Mod. 15 (0269),https://www.amazon.it/dp/B001000269?tag=offertissimes-21,35.12,52.91,8.8,34.29,Bellezza e Cura della Persona,Profumeria & Fragranze Virali,Lattafa,B001000269,0,234,90
Lattafa Profumeria & Fragranze Virali Premium Edition Mod. 18 (0272),https://www.amazon.it/dp/B001000272?tag=offertissimes-21,40.24,56.87,8.8,35.1,Bellezza e Cura della Persona,Profumeria & Fragranze Virali,Lattafa,B001000272,0,184,100
Maison Alhambra Profumeria & Fragranze Virali Premium Edition Mod. 26 (0280),https://www.amazon.it/dp/B001000280?tag=offertissimes-21,11.67,16.47,8.8,9.92,Bellezza e Cura della Persona,Profumeria & Fragranze Virali,Maison Alhambra,B001000280,0,238,93
Maybelline Make-Up & Accessori Bellezza Virali Premium Edition Mod. 59 (0376),https://www.amazon.it/dp/B001000376?tag=offertissimes-21,32.98,46.61,8.8,31.95,Bellezza e Cura della Persona,Make-Up & Accessori Bellezza Virali,Maybelline,B001000376,0,378,91
MyProtein Proteine & Aminoacidi Sportivi Premium Edition Mod. 29 (0409),https://www.amazon.it/dp/B001000409?tag=offertissimes-21,34.85,49.75,8.8,31.64,"Salute, Igiene e Integratori",Proteine & Aminoacidi Sportivi,MyProtein,B001000409,1,25,88
Enervit Elettroliti & Idratazione Senza Zucchero Premium Edition Mod. 04 (0555),https://www.amazon.it/dp/B001000555?tag=offertissimes-21,14.34,18.31,8.8,13.36,"Salute, Igiene e Integratori",Elettroliti & Idratazione Senza Zucchero,Enervit,B001000555,1,33,90
Omron Dispositivi Elettromedicali & Termometri Premium Edition Mod. 25 (0633),https://www.amazon.it/dp/B001000633?tag=offertissimes-21,21.63,28.62,8.8,20.98,"Salute, Igiene e Integratori",Dispositivi Elettromedicali & Termometri,Omron,B001000633,0,513,71
Beurer Dispositivi Elettromedicali & Termometri Premium Edition Mod. 33 (0641),https://www.amazon.it/dp/B001000641?tag=offertissimes-21,40.42,51.71,8.8,34.66,"Salute, Igiene e Integratori",Dispositivi Elettromedicali & Termometri,Beurer,B001000641,0,341,78
Beurer Dispositivi Elettromedicali & Termometri Premium Edition Mod. 56 (0664),https://www.amazon.it/dp/B001000664?tag=offertissimes-21,49.09,67.85,8.8,43.11,"Salute, Igiene e Integratori",Dispositivi Elettromedicali & Termometri,Beurer,B001000664,0,290,74
BlenderBottle Shaker Magnetici & Accessori Virali Gym Premium Edition Mod. 15 (0679),https://www.amazon.it/dp/B001000679?tag=offertissimes-21,25.95,39.21,8.8,22.6,"Salute, Igiene e Integratori",Shaker Magnetici & Accessori Virali Gym,BlenderBottle,B001000679,0,454,87
Nespresso Cialde & Capsule Caffè Scorte 100-150pz Premium Edition Mod. 43 (0763),https://www.amazon.it/dp/B001000763?tag=offertissimes-21,22.62,26.63,8.8,20.85,"Alimentari, Caffè e Bevande",Cialde & Capsule Caffè Scorte 100-150pz,Nespresso,B001000763,1,18,88
Jordan's Skinny Sciroppi Zero Calorie & Aromi Barista Premium Edition Mod. 28 (0956),https://www.amazon.it/dp/B001000956?tag=offertissimes-21,30.25,35.61,8.8,28.72,"Alimentari, Caffè e Bevande",Sciroppi Zero Calorie & Aromi Barista,Jordan's Skinny,B001000956,0,230,86
Dash Power Detersivi Lavatrice Concentrati & Pods Premium Edition Mod. 46 (1086),https://www.amazon.it/dp/B001001086?tag=offertissimes-21,44.69,51.11,8.8,41.31,Cura della Casa e Pulizia,Detersivi Lavatrice Concentrati & Pods,Dash Power,B001001086,1,58,82
Sinland Panni Microfibra Alta Densità & Swiffer Ricambi Premium Edition Mod. 33 (1253),https://www.amazon.it/dp/B001001253?tag=offertissimes-21,33.62,51.59,8.8,31.49,Cura della Casa e Pulizia,Panni Microfibra Alta Densità & Swiffer Ricambi,Sinland,B001001253,1,52,80
Pampers Baby Dry Pannolini Box Scorta Mensile (120-180pz) Premium Edition Mod. 04 (1284),https://www.amazon.it/dp/B001001284?tag=offertissimes-21,56.29,73.81,8.8,54.29,Prima Infanzia e Maternità,Pannolini Box Scorta Mensile (120-180pz),Pampers Baby Dry,B001001284,1,20,90
Lickimat Tappetini Olfattivi & Ciotole Lente Virali Premium Edition Mod. 17 (1711),https://www.amazon.it/dp/B001001711?tag=offertissimes-21,14.6,17.55,8.8,12.46,Animali Domestici (Pet Care),Tappetini Olfattivi & Ciotole Lente Virali,Lickimat,B001001711,0,305,95
Trixie Tappetini Olfattivi & Ciotole Lente Virali Premium Edition Mod. 46 (1740),https://www.amazon.it/dp/B001001740?tag=offertissimes-21,20.07,31.25,8.8,18.27,Animali Domestici (Pet Care),Tappetini Olfattivi & Ciotole Lente Virali,Trixie,B001001740,0,186,91
Klearlook Kit Pulizia Multifunzione 7-in-1 Tech Premium Edition Mod. 09 (1963),https://www.amazon.it/dp/B001001963?tag=offertissimes-21,63.77,82.98,8.8,59.69,"Elettronica, Accessori e Gadget Smart",Kit Pulizia Multifunzione 7-in-1 Tech,Klearlook,B001001963,0,352,96
Klearlook Kit Pulizia Multifunzione 7-in-1 Tech Premium Edition Mod. 45 (1999),https://www.amazon.it/dp/B001001999?tag=offertissimes-21,73.13,100.46,8.8,69.32,"Elettronica, Accessori e Gadget Smart",Kit Pulizia Multifunzione 7-in-1 Tech,Klearlook,B001001999,0,220,100
TP-Link Tapo Prese Smart Wi-Fi Monitoraggio Consumi Premium Edition Mod. 03 (2010),https://www.amazon.it/dp/B001002010?tag=offertissimes-21,86.17,117.08,8.8,77.45,"Elettronica, Accessori e Gadget Smart",Prese Smart Wi-Fi Monitoraggio Consumi,TP-Link Tapo,B001002010,0,267,86
Meross Prese Smart Wi-Fi Monitoraggio Consumi Premium Edition Mod. 12 (2019),https://www.amazon.it/dp/B001002019?tag=offertissimes-21,25.68,29.92,8.8,24.53,"Elettronica, Accessori e Gadget Smart",Prese Smart Wi-Fi Monitoraggio Consumi,Meross,B001002019,0,393,93
TP-Link Tapo Prese Smart Wi-Fi Monitoraggio Consumi Premium Edition Mod. 44 (2051),https://www.amazon.it/dp/B001002051?tag=offertissimes-21,25.8,39.39,8.8,23.09,"Elettronica, Accessori e Gadget Smart",Prese Smart Wi-Fi Monitoraggio Consumi,TP-Link Tapo,B001002051,0,429,80
Philips Hue Lampadine LED Smart Dimmerabili Attacco E27/GU10 Premium Edition Mod. 08 (2414),https://www.amazon.it/dp/B001002414?tag=offertissimes-21,71.9,83.72,8.8,69.73,"Fai da Te, Bricolage e Giardinaggio",Lampadine LED Smart Dimmerabili Attacco E27/GU10,Philips Hue,B001002414,1,46,77
Gorilla Glue Nastri Adesivi Gorilla & Sigillanti Impermeabilizzanti Premium Edition Mod. 33 (2475),https://www.amazon.it/dp/B001002475?tag=offertissimes-21,33.95,41.53,8.8,30.14,"Fai da Te, Bricolage e Giardinaggio",Nastri Adesivi Gorilla & Sigillanti Impermeabilizzanti,Gorilla Glue,B001002475,1,52,80
Michelin Spazzole Tergicristallo Aerodinamiche Premium Edition Mod. 18 (2598),https://www.amazon.it/dp/B001002598?tag=offertissimes-21,50.04,60.51,8.8,47.63,Auto e Moto (Accessori & Manutenzione),Spazzole Tergicristallo Aerodinamiche,Michelin,B001002598,1,91,86
Michelin Spazzole Tergicristallo Aerodinamiche Premium Edition Mod. 27 (2607),https://www.amazon.it/dp/B001002607?tag=offertissimes-21,66.23,75.81,8.8,57.65,Auto e Moto (Accessori & Manutenzione),Spazzole Tergicristallo Aerodinamiche,Michelin,B001002607,1,52,85
Beast Gear Fasce Elastiche di Resistenza & Loop Bands Tessuto Premium Edition Mod. 05 (2705),https://www.amazon.it/dp/B001002705?tag=offertissimes-21,34.71,49.94,8.8,31.24,"Sport, Fitness e Attrezzatura",Fasce Elastiche di Resistenza & Loop Bands Tessuto,Beast Gear,B001002705,1,89,95
Pilot Frixion Evidenziatori Pastello & Penne Gel Cancellabili Premium Edition Mod. 27 (3013),https://www.amazon.it/dp/B001003013?tag=offertissimes-21,52.13,63.81,8.8,50.02,"Cancelleria, Ufficio e Spedizioni",Evidenziatori Pastello & Penne Gel Cancellabili,Pilot Frixion,B001003013,1,43,78
Kensington Supporti Monitor Ergonomici con Cassetti Premium Edition Mod. 11 (3029),https://www.amazon.it/dp/B001003029?tag=offertissimes-21,20.87,26.17,8.8,19.33,"Cancelleria, Ufficio e Spedizioni",Supporti Monitor Ergonomici con Cassetti,Kensington,B001003029,0,224,86
Calvin Klein Boxer Cotone Elasticizzato Multipack (6-10pz) Premium Edition Mod. 22 (3072),https://www.amazon.it/dp/B001003072?tag=offertissimes-21,18.58,27.49,8.8,18.1,Abbigliamento Base e Calzetteria,Boxer Cotone Elasticizzato Multipack (6-10pz),Calvin Klein,B001003072,1,113,89
Danish Endurance Calzini Sportivi Tecnici Traspiranti Multipack Premium Edition Mod. 11 (3094),https://www.amazon.it/dp/B001003094?tag=offertissimes-21,31.94,41.14,8.8,27.58,Abbigliamento Base e Calzetteria,Calzini Sportivi Tecnici Traspiranti Multipack,Danish Endurance,B001003094,1,90,91
Fjällräven Borse a Tracolla & Marsupi Virali Monospalla Premium Edition Mod. 30 (3178),https://www.amazon.it/dp/B001003178?tag=offertissimes-21,17.65,22.99,8.8,16.58,Abbigliamento Base e Calzetteria,Borse a Tracolla & Marsupi Virali Monospalla,Fjällräven,B001003178,0,353,91
"Corbaccio Bestseller Crescita Personale & Finanza (Atomic Habits, etc.) Premium Edition Mod. 05 (3318)",https://www.amazon.it/dp/B001003318?tag=offertissimes-21,18.15,23.14,8.8,16.11,"Libri, Agende e Self-Help","Bestseller Crescita Personale & Finanza (Atomic Habits, etc.)",Corbaccio,B001003318,0,526,91
Real Techniques Make-Up & Accessori Bellezza Virali Premium Edition Mod. 01 (0318),https://www.amazon.it/dp/B001000318?tag=offertissimes-21,46.41,61.5,8.7,44.09,Bellezza e Cura della Persona,Make-Up & Accessori Bellezza Virali,Real Techniques,B001000318,0,297,91
Maybelline Make-Up & Accessori Bellezza Virali Premium Edition Mod. 09 (0326),https://www.amazon.it/dp/B001000326?tag=offertissimes-21,17.59,26.48,8.7,17.04,Bellezza e Cura della Persona,Make-Up & Accessori Bellezza Virali,Maybelline,B001000326,0,461,92
Maybelline Make-Up & Accessori Bellezza Virali Premium Edition Mod. 55 (0372),https://www.amazon.it/dp/B001000372?tag=offertissimes-21,26.22,33.4,8.7,22.94,Bellezza e Cura della Persona,Make-Up & Accessori Bellezza Virali,Maybelline,B001000372,0,523,90
Liquid I.V. Elettroliti & Idratazione Senza Zucchero Premium Edition Mod. 52 (0603),https://www.amazon.it/dp/B001000603?tag=offertissimes-21,19.99,29.41,8.7,17.72,"Salute, Igiene e Integratori",Elettroliti & Idratazione Senza Zucchero,Liquid I.V.,B001000603,1,44,87
Caffè Toraldo Cialde & Capsule Caffè Scorte 100-150pz Premium Edition Mod. 06 (0726),https://www.amazon.it/dp/B001000726?tag=offertissimes-21,14.01,21.46,8.7,13.13,"Alimentari, Caffè e Bevande",Cialde & Capsule Caffè Scorte 100-150pz,Caffè Toraldo,B001000726,1,20,84
Lavazza Cialde & Capsule Caffè Scorte 100-150pz Premium Edition Mod. 49 (0769),https://www.amazon.it/dp/B001000769?tag=offertissimes-21,35.5,44.78,8.7,32.44,"Alimentari, Caffè e Bevande",Cialde & Capsule Caffè Scorte 100-150pz,Lavazza,B001000769,1,22,93
Pellini Caffè in Grani Specialty 1kg Premium Edition Mod. 17 (0789),https://www.amazon.it/dp/B001000789?tag=offertissimes-21,14.08,17.7,8.7,13.72,"Alimentari, Caffè e Bevande",Caffè in Grani Specialty 1kg,Pellini,B001000789,1,34,84
Pellini Caffè in Grani Specialty 1kg Premium Edition Mod. 35 (0807),https://www.amazon.it/dp/B001000807?tag=offertissimes-21,11.69,14.6,8.7,10.76,"Alimentari, Caffè e Bevande",Caffè in Grani Specialty 1kg,Pellini,B001000807,1,30,85
Chanteclair Detersivi Lavatrice Concentrati & Pods Premium Edition Mod. 58 (1098),https://www.amazon.it/dp/B001001098?tag=offertissimes-21,41.01,62.69,8.7,37.41,Cura della Casa e Pulizia,Detersivi Lavatrice Concentrati & Pods,Chanteclair,B001001098,1,32,84
TAPP Water Filtri Ricambio Caraffe & Depuratori Acqua Premium Edition Mod. 29 (1129),https://www.amazon.it/dp/B001001129?tag=offertissimes-21,14.89,23.92,8.7,14.12,Cura della Casa e Pulizia,Filtri Ricambio Caraffe & Depuratori Acqua,TAPP Water,B001001129,1,40,82
Swiffer Panni Microfibra Alta Densità & Swiffer Ricambi Premium Edition Mod. 52 (1272),https://www.amazon.it/dp/B001001272?tag=offertissimes-21,21.06,24.05,8.7,19.09,Cura della Casa e Pulizia,Panni Microfibra Alta Densità & Swiffer Ricambi,Swiffer,B001001272,1,75,87
Pampers Baby Dry Pannolini Box Scorta Mensile (120-180pz) Premium Edition Mod. 25 (1305),https://www.amazon.it/dp/B001001305?tag=offertissimes-21,18.28,25.55,8.7,16.97,Prima Infanzia e Maternità,Pannolini Box Scorta Mensile (120-180pz),Pampers Baby Dry,B001001305,1,28,93
Sanicat Lettiere Gatto Agglomeranti & Silicio 10-20L Premium Edition Mod. 40 (1500),https://www.amazon.it/dp/B001001500?tag=offertissimes-21,57.25,72.05,8.7,53.95,Animali Domestici (Pet Care),Lettiere Gatto Agglomeranti & Silicio 10-20L,Sanicat,B001001500,1,44,86
Greenies Snack Igiene Dentale Cani Scorte Mensili Premium Edition Mod. 01 (1555),https://www.amazon.it/dp/B001001555?tag=offertissimes-21,39.24,61.36,8.7,35.53,Animali Domestici (Pet Care),Snack Igiene Dentale Cani Scorte Mensili,Greenies,B001001555,1,26,91
Catit Filtri Ricambio Fontanelle Acqua Gatti Premium Edition Mod. 15 (1616),https://www.amazon.it/dp/B001001616?tag=offertissimes-21,12.42,14.84,8.7,10.73,Animali Domestici (Pet Care),Filtri Ricambio Fontanelle Acqua Gatti,Catit,B001001616,1,28,85
PetiFine Filtri Ricambio Fontanelle Acqua Gatti Premium Edition Mod. 38 (1639),https://www.amazon.it/dp/B001001639?tag=offertissimes-21,41.34,62.56,8.7,40.31,Animali Domestici (Pet Care),Filtri Ricambio Fontanelle Acqua Gatti,PetiFine,B001001639,1,32,86
Spigen Supporti Auto Magnetici MagSafe Wireless Premium Edition Mod. 16 (1917),https://www.amazon.it/dp/B001001917?tag=offertissimes-21,93.7,110.11,8.7,82.56,"Elettronica, Accessori e Gadget Smart",Supporti Auto Magnetici MagSafe Wireless,Spigen,B001001917,0,276,100
Ecovacs Filtri & Ricambi Robot Aspirapolvere Premium Edition Mod. 23 (2083),https://www.amazon.it/dp/B001002083?tag=offertissimes-21,114.15,163.5,8.7,99.88,"Casa, Cucina ed Elettrodomestici",Filtri & Ricambi Robot Aspirapolvere,Ecovacs,B001002083,1,111,82
Roborock Filtri & Ricambi Robot Aspirapolvere Premium Edition Mod. 31 (2091),https://www.amazon.it/dp/B001002091?tag=offertissimes-21,43.72,62.3,8.7,40.17,"Casa, Cucina ed Elettrodomestici",Filtri & Ricambi Robot Aspirapolvere,Roborock,B001002091,1,164,82
FoodSaver Sigillatori Sottovuoto & Rotoli Goffrati Premium Edition Mod. 14 (2230),https://www.amazon.it/dp/B001002230?tag=offertissimes-21,81.75,117.58,8.7,72.82,"Casa, Cucina ed Elettrodomestici",Sigillatori Sottovuoto & Rotoli Goffrati,FoodSaver,B001002230,1,77,81
Philips Hue Lampadine LED Smart Dimmerabili Attacco E27/GU10 Premium Edition Mod. 01 (2407),https://www.amazon.it/dp/B001002407?tag=offertissimes-21,19.82,24.8,8.7,19.36,"Fai da Te, Bricolage e Giardinaggio",Lampadine LED Smart Dimmerabili Attacco E27/GU10,Philips Hue,B001002407,1,50,85
Aigostar Lampadine LED Smart Dimmerabili Attacco E27/GU10 Premium Edition Mod. 19 (2425),https://www.amazon.it/dp/B001002425?tag=offertissimes-21,44.02,70.45,8.7,41.99,"Fai da Te, Bricolage e Giardinaggio",Lampadine LED Smart Dimmerabili Attacco E27/GU10,Aigostar,B001002425,1,116,92
Michelin Spazzole Tergicristallo Aerodinamiche Premium Edition Mod. 02 (2582),https://www.amazon.it/dp/B001002582?tag=offertissimes-21,9.4,13.11,8.7,8.96,Auto e Moto (Accessori & Manutenzione),Spazzole Tergicristallo Aerodinamiche,Michelin,B001002582,1,126,83
Gritin Corda per Saltare Professionale con Cuscinetti Rapidi Premium Edition Mod. 34 (2772),https://www.amazon.it/dp/B001002772?tag=offertissimes-21,39.73,49.92,8.7,34.69,"Sport, Fitness e Attrezzatura",Corda per Saltare Professionale con Cuscinetti Rapidi,Gritin,B001002772,0,317,95
Pentel Evidenziatori Pastello & Penne Gel Cancellabili Premium Edition Mod. 06 (2992),https://www.amazon.it/dp/B001002992?tag=offertissimes-21,21.52,32.56,8.7,19.9,"Cancelleria, Ufficio e Spedizioni",Evidenziatori Pastello & Penne Gel Cancellabili,Pentel,B001002992,1,53,91
BONTEC Supporti Monitor Ergonomici con Cassetti Premium Edition Mod. 23 (3041),https://www.amazon.it/dp/B001003041?tag=offertissimes-21,38.64,60.75,8.7,33.01,"Cancelleria, Ufficio e Spedizioni",Supporti Monitor Ergonomici con Cassetti,BONTEC,B001003041,0,266,83
HUANUO Supporti Monitor Ergonomici con Cassetti Premium Edition Mod. 27 (3045),https://www.amazon.it/dp/B001003045?tag=offertissimes-21,17.46,22.42,8.7,15.97,"Cancelleria, Ufficio e Spedizioni",Supporti Monitor Ergonomici con Cassetti,HUANUO,B001003045,0,262,89
Dragon Shield Bustine Protettive Carte Collezionabili (100-500pz) Premium Edition Mod. 07 (3187),https://www.amazon.it/dp/B001003187?tag=offertissimes-21,42.72,52.06,8.7,40.08,"Giochi, Hobbies e Tempo Libero",Bustine Protettive Carte Collezionabili (100-500pz),Dragon Shield,B001003187,1,272,88
Speks Fidget Toys & Antistress Magnetici Virali Premium Edition Mod. 09 (3272),https://www.amazon.it/dp/B001003272?tag=offertissimes-21,37.85,60.54,8.7,35.71,"Giochi, Hobbies e Tempo Libero",Fidget Toys & Antistress Magnetici Virali,Speks,B001003272,0,496,100
"Philips OneBlade Rasatura, Lame & Depilazione Premium Edition Mod. 56 (0247)",https://www.amazon.it/dp/B001000247?tag=offertissimes-21,13.42,16.66,8.6,12.34,Bellezza e Cura della Persona,"Rasatura, Lame & Depilazione",Philips OneBlade,B001000247,1,31,82
MyProtein Proteine & Aminoacidi Sportivi Premium Edition Mod. 33 (0413),https://www.amazon.it/dp/B001000413?tag=offertissimes-21,28.36,45.25,8.6,25.52,"Salute, Igiene e Integratori",Proteine & Aminoacidi Sportivi,MyProtein,B001000413,1,38,86
Segafredo Caffè in Grani Specialty 1kg Premium Edition Mod. 43 (0815),https://www.amazon.it/dp/B001000815?tag=offertissimes-21,14.5,18.24,8.6,13.81,"Alimentari, Caffè e Bevande",Caffè in Grani Specialty 1kg,Segafredo,B001000815,1,20,78
Pril Gold Capsule Lavastoviglie Maxi Box (100-160pz) Premium Edition Mod. 31 (1011),https://www.amazon.it/dp/B001001011?tag=offertissimes-21,39.54,58.48,8.6,35.7,Cura della Casa e Pulizia,Capsule Lavastoviglie Maxi Box (100-160pz),Pril Gold,B001001011,1,54,86
Swiffer Panni Microfibra Alta Densità & Swiffer Ricambi Premium Edition Mod. 06 (1226),https://www.amazon.it/dp/B001001226?tag=offertissimes-21,39.27,49.41,8.6,36.1,Cura della Casa e Pulizia,Panni Microfibra Alta Densità & Swiffer Ricambi,Swiffer,B001001226,1,73,81
Huggies Pure Salviette Umidificate All'Acqua 99% Premium Edition Mod. 32 (1348),https://www.amazon.it/dp/B001001348?tag=offertissimes-21,54.33,69.86,8.6,49.35,Prima Infanzia e Maternità,Salviette Umidificate All'Acqua 99%,Huggies Pure,B001001348,1,23,88
Foppapedretti Ricariche Mangia-Pannolini Multistrato Premium Edition Mod. 11 (1363),https://www.amazon.it/dp/B001001363?tag=offertissimes-21,55.59,63.29,8.6,53.73,Prima Infanzia e Maternità,Ricariche Mangia-Pannolini Multistrato,Foppapedretti,B001001363,1,27,80
Pasta Fissan Paste Cambio Protettive Ossido Zinco Premium Edition Mod. 18 (1406),https://www.amazon.it/dp/B001001406?tag=offertissimes-21,20.18,31.1,8.6,19.76,Prima Infanzia e Maternità,Paste Cambio Protettive Ossido Zinco,Pasta Fissan,B001001406,1,27,81
Pogi's Sacchetti Igienici Cane Biodegradabili (300-600pz) Premium Edition Mod. 07 (1514),https://www.amazon.it/dp/B001001514?tag=offertissimes-21,61.14,76.81,8.6,59.06,Animali Domestici (Pet Care),Sacchetti Igienici Cane Biodegradabili (300-600pz),Pogi's,B001001514,1,34,87
Greenies Snack Igiene Dentale Cani Scorte Mensili Premium Edition Mod. 11 (1565),https://www.amazon.it/dp/B001001565?tag=offertissimes-21,53.63,69.79,8.6,47.72,Animali Domestici (Pet Care),Snack Igiene Dentale Cani Scorte Mensili,Greenies,B001001565,1,36,90
Pedigree Dentastix Snack Igiene Dentale Cani Scorte Mensili Premium Edition Mod. 18 (1572),https://www.amazon.it/dp/B001001572?tag=offertissimes-21,46.46,54.02,8.6,45.28,Animali Domestici (Pet Care),Snack Igiene Dentale Cani Scorte Mensili,Pedigree Dentastix,B001001572,1,20,88
INIU Cavi USB-C Fast Charge 100W/240W Multipack Premium Edition Mod. 27 (1767),https://www.amazon.it/dp/B001001767?tag=offertissimes-21,60.51,78.63,8.6,54.91,"Elettronica, Accessori e Gadget Smart",Cavi USB-C Fast Charge 100W/240W Multipack,INIU,B001001767,1,227,91
Meross Prese Smart Wi-Fi Monitoraggio Consumi Premium Edition Mod. 46 (2053),https://www.amazon.it/dp/B001002053?tag=offertissimes-21,51.97,67.0,8.6,44.88,"Elettronica, Accessori e Gadget Smart",Prese Smart Wi-Fi Monitoraggio Consumi,Meross,B001002053,0,360,93
Philips Friggitrici ad Aria a Doppia Resistenza Premium Edition Mod. 45 (2209),https://www.amazon.it/dp/B001002209?tag=offertissimes-21,43.76,70.44,8.6,38.19,"Casa, Cucina ed Elettrodomestici",Friggitrici ad Aria a Doppia Resistenza,Philips,B001002209,0,209,100
FoodSaver Sigillatori Sottovuoto & Rotoli Goffrati Premium Edition Mod. 44 (2260),https://www.amazon.it/dp/B001002260?tag=offertissimes-21,87.3,105.82,8.6,83.51,"Casa, Cucina ed Elettrodomestici",Sigillatori Sottovuoto & Rotoli Goffrati,FoodSaver,B001002260,1,77,82
iDesign Organizer Frigo & Dispensa Trasparenti Acrilico Premium Edition Mod. 09 (2277),https://www.amazon.it/dp/B001002277?tag=offertissimes-21,92.02,124.9,8.6,84.46,"Casa, Cucina ed Elettrodomestici",Organizer Frigo & Dispensa Trasparenti Acrilico,iDesign,B001002277,0,220,93
Panasonic Eneloop Pile Ricaricabili AA / AAA NiMH & Caricatori Smart Premium Edition Mod. 08 (2378),https://www.amazon.it/dp/B001002378?tag=offertissimes-21,41.24,49.59,8.6,35.67,"Fai da Te, Bricolage e Giardinaggio",Pile Ricaricabili AA / AAA NiMH & Caricatori Smart,Panasonic Eneloop,B001002378,1,55,92
EBL Pile Ricaricabili AA / AAA NiMH & Caricatori Smart Premium Edition Mod. 20 (2390),https://www.amazon.it/dp/B001002390?tag=offertissimes-21,21.01,31.15,8.6,20.09,"Fai da Te, Bricolage e Giardinaggio",Pile Ricaricabili AA / AAA NiMH & Caricatori Smart,EBL,B001002390,1,64,85
EBL Pile Ricaricabili AA / AAA NiMH & Caricatori Smart Premium Edition Mod. 21 (2391),https://www.amazon.it/dp/B001002391?tag=offertissimes-21,38.05,60.53,8.6,34.12,"Fai da Te, Bricolage e Giardinaggio",Pile Ricaricabili AA / AAA NiMH & Caricatori Smart,EBL,B001002391,1,58,85
Xiaomi Wowstick Mini Cacciaviti Elettrici di Precisione Virali Premium Edition Mod. 24 (2502),https://www.amazon.it/dp/B001002502?tag=offertissimes-21,30.57,47.4,8.6,29.83,"Fai da Te, Bricolage e Giardinaggio",Mini Cacciaviti Elettrici di Precisione Virali,Xiaomi Wowstick,B001002502,0,283,92
Beast Gear Fasce Elastiche di Resistenza & Loop Bands Tessuto Premium Edition Mod. 17 (2717),https://www.amazon.it/dp/B001002717?tag=offertissimes-21,59.52,90.12,8.6,56.94,"Sport, Fitness e Attrezzatura",Fasce Elastiche di Resistenza & Loop Bands Tessuto,Beast Gear,B001002717,1,67,92
Levi's Boxer Cotone Elasticizzato Multipack (6-10pz) Premium Edition Mod. 10 (3060),https://www.amazon.it/dp/B001003060?tag=offertissimes-21,29.95,40.69,8.6,26.1,Abbigliamento Base e Calzetteria,Boxer Cotone Elasticizzato Multipack (6-10pz),Levi's,B001003060,1,90,93
COSRX Sieri Viso & Trattamenti Anti-Age Premium Edition Mod. 24 (0024),https://www.amazon.it/dp/B001000024?tag=offertissimes-21,30.04,45.22,8.5,25.71,Bellezza e Cura della Persona,Sieri Viso & Trattamenti Anti-Age,COSRX,B001000024,1,30,95
Restivoil Cura dei Capelli & Shampoo Trattanti Premium Edition Mod. 08 (0136),https://www.amazon.it/dp/B001000136?tag=offertissimes-21,25.8,35.72,8.5,23.66,Bellezza e Cura della Persona,Cura dei Capelli & Shampoo Trattanti,Restivoil,B001000136,1,58,87
Olaplex Cura dei Capelli & Shampoo Trattanti Premium Edition Mod. 52 (0180),https://www.amazon.it/dp/B001000180?tag=offertissimes-21,20.87,29.04,8.5,19.92,Bellezza e Cura della Persona,Cura dei Capelli & Shampoo Trattanti,Olaplex,B001000180,1,50,89
"Braun Rasatura, Lame & Depilazione Premium Edition Mod. 48 (0239)",https://www.amazon.it/dp/B001000239?tag=offertissimes-21,33.58,43.77,8.5,28.78,Bellezza e Cura della Persona,"Rasatura, Lame & Depilazione",Braun,B001000239,1,26,72
"Solgar Vitamine, Magnesio & Biohacking Sonno Premium Edition Mod. 19 (0513)",https://www.amazon.it/dp/B001000513?tag=offertissimes-21,26.39,38.23,8.5,24.31,"Salute, Igiene e Integratori","Vitamine, Magnesio & Biohacking Sonno",Solgar,B001000513,1,42,85
Liquid I.V. Elettroliti & Idratazione Senza Zucchero Premium Edition Mod. 51 (0602),https://www.amazon.it/dp/B001000602?tag=offertissimes-21,14.17,17.11,8.5,12.41,"Salute, Igiene e Integratori",Elettroliti & Idratazione Senza Zucchero,Liquid I.V.,B001000602,1,31,89
Pic Solution Dispositivi Elettromedicali & Termometri Premium Edition Mod. 44 (0652),https://www.amazon.it/dp/B001000652?tag=offertissimes-21,42.13,53.87,8.5,41.18,"Salute, Igiene e Integratori",Dispositivi Elettromedicali & Termometri,Pic Solution,B001000652,0,329,73
BlenderBottle Shaker Magnetici & Accessori Virali Gym Premium Edition Mod. 40 (0704),https://www.amazon.it/dp/B001000704?tag=offertissimes-21,54.7,67.8,8.5,47.04,"Salute, Igiene e Integratori",Shaker Magnetici & Accessori Virali Gym,BlenderBottle,B001000704,0,232,86
Caffè Toraldo Cialde & Capsule Caffè Scorte 100-150pz Premium Edition Mod. 52 (0772),https://www.amazon.it/dp/B001000772?tag=offertissimes-21,12.56,19.52,8.5,11.25,"Alimentari, Caffè e Bevande",Cialde & Capsule Caffè Scorte 100-150pz,Caffè Toraldo,B001000772,1,34,93
Fairy Platinum Plus Capsule Lavastoviglie Maxi Box (100-160pz) Premium Edition Mod. 49 (1029),https://www.amazon.it/dp/B001001029?tag=offertissimes-21,13.74,16.84,8.5,12.81,Cura della Casa e Pulizia,Capsule Lavastoviglie Maxi Box (100-160pz),Fairy Platinum Plus,B001001029,1,75,94
TAPP Water Filtri Ricambio Caraffe & Depuratori Acqua Premium Edition Mod. 50 (1150),https://www.amazon.it/dp/B001001150?tag=offertissimes-21,24.15,33.66,8.5,23.32,Cura della Casa e Pulizia,Filtri Ricambio Caraffe & Depuratori Acqua,TAPP Water,B001001150,1,36,92
Angelcare Ricariche Mangia-Pannolini Multistrato Premium Edition Mod. 09 (1361),https://www.amazon.it/dp/B001001361?tag=offertissimes-21,62.05,75.39,8.5,54.53,Prima Infanzia e Maternità,Ricariche Mangia-Pannolini Multistrato,Angelcare,B001001361,1,20,84
Weleda Paste Cambio Protettive Ossido Zinco Premium Edition Mod. 27 (1415),https://www.amazon.it/dp/B001001415?tag=offertissimes-21,38.43,55.58,8.5,35.55,Prima Infanzia e Maternità,Paste Cambio Protettive Ossido Zinco,Weleda,B001001415,1,25,81
Biokat's Lettiere Gatto Agglomeranti & Silicio 10-20L Premium Edition Mod. 16 (1476),https://www.amazon.it/dp/B001001476?tag=offertissimes-21,36.74,54.8,8.5,35.41,Animali Domestici (Pet Care),Lettiere Gatto Agglomeranti & Silicio 10-20L,Biokat's,B001001476,1,41,87
INIU Cavi USB-C Fast Charge 100W/240W Multipack Premium Edition Mod. 13 (1753),https://www.amazon.it/dp/B001001753?tag=offertissimes-21,70.47,97.42,8.5,65.69,"Elettronica, Accessori e Gadget Smart",Cavi USB-C Fast Charge 100W/240W Multipack,INIU,B001001753,1,145,95
INIU Cavi USB-C Fast Charge 100W/240W Multipack Premium Edition Mod. 16 (1756),https://www.amazon.it/dp/B001001756?tag=offertissimes-21,31.56,39.56,8.5,28.55,"Elettronica, Accessori e Gadget Smart",Cavi USB-C Fast Charge 100W/240W Multipack,INIU,B001001756,1,113,92
INIU Cavi USB-C Fast Charge 100W/240W Multipack Premium Edition Mod. 24 (1764),https://www.amazon.it/dp/B001001764?tag=offertissimes-21,75.47,89.37,8.5,72.29,"Elettronica, Accessori e Gadget Smart",Cavi USB-C Fast Charge 100W/240W Multipack,INIU,B001001764,1,196,96
Hagibis Kit Pulizia Multifunzione 7-in-1 Tech Premium Edition Mod. 03 (1957),https://www.amazon.it/dp/B001001957?tag=offertissimes-21,29.94,39.51,8.5,28.8,"Elettronica, Accessori e Gadget Smart",Kit Pulizia Multifunzione 7-in-1 Tech,Hagibis,B001001957,0,395,100
Ninja Friggitrici ad Aria a Doppia Resistenza Premium Edition Mod. 12 (2176),https://www.amazon.it/dp/B001002176?tag=offertissimes-21,104.1,157.7,8.5,93.57,"Casa, Cucina ed Elettrodomestici",Friggitrici ad Aria a Doppia Resistenza,Ninja,B001002176,0,466,95
Cecotec Friggitrici ad Aria a Doppia Resistenza Premium Edition Mod. 17 (2181),https://www.amazon.it/dp/B001002181?tag=offertissimes-21,26.57,40.06,8.5,24.82,"Casa, Cucina ed Elettrodomestici",Friggitrici ad Aria a Doppia Resistenza,Cecotec,B001002181,0,478,100
Vtopmart Organizer Frigo & Dispensa Trasparenti Acrilico Premium Edition Mod. 02 (2270),https://www.amazon.it/dp/B001002270?tag=offertissimes-21,57.71,89.0,8.5,49.08,"Casa, Cucina ed Elettrodomestici",Organizer Frigo & Dispensa Trasparenti Acrilico,Vtopmart,B001002270,0,289,98
iDesign Organizer Frigo & Dispensa Trasparenti Acrilico Premium Edition Mod. 17 (2285),https://www.amazon.it/dp/B001002285?tag=offertissimes-21,42.09,61.75,8.5,41.09,"Casa, Cucina ed Elettrodomestici",Organizer Frigo & Dispensa Trasparenti Acrilico,iDesign,B001002285,0,191,93
Nespresso Aeroccino Montalatte Elettrici a Induzione Virali Premium Edition Mod. 11 (2330),https://www.amazon.it/dp/B001002330?tag=offertissimes-21,45.85,66.9,8.5,41.52,"Casa, Cucina ed Elettrodomestici",Montalatte Elettrici a Induzione Virali,Nespresso Aeroccino,B001002330,0,310,89
TP-Link Tapo Lampadine LED Smart Dimmerabili Attacco E27/GU10 Premium Edition Mod. 25 (2431),https://www.amazon.it/dp/B001002431?tag=offertissimes-21,16.92,19.71,8.5,15.72,"Fai da Te, Bricolage e Giardinaggio",Lampadine LED Smart Dimmerabili Attacco E27/GU10,TP-Link Tapo,B001002431,1,59,83
Pattex Nastri Adesivi Gorilla & Sigillanti Impermeabilizzanti Premium Edition Mod. 09 (2451),https://www.amazon.it/dp/B001002451?tag=offertissimes-21,10.74,13.86,8.5,9.87,"Fai da Te, Bricolage e Giardinaggio",Nastri Adesivi Gorilla & Sigillanti Impermeabilizzanti,Pattex,B001002451,1,97,92
Pattex Nastri Adesivi Gorilla & Sigillanti Impermeabilizzanti Premium Edition Mod. 29 (2471),https://www.amazon.it/dp/B001002471?tag=offertissimes-21,11.04,12.78,8.5,9.79,"Fai da Te, Bricolage e Giardinaggio",Nastri Adesivi Gorilla & Sigillanti Impermeabilizzanti,Pattex,B001002471,1,106,81
Eufy Aspirapolvere Portatili per Auto ad Alta Potenza Premium Edition Mod. 08 (2678),https://www.amazon.it/dp/B001002678?tag=offertissimes-21,45.51,60.18,8.5,41.32,Auto e Moto (Accessori & Manutenzione),Aspirapolvere Portatili per Auto ad Alta Potenza,Eufy,B001002678,0,397,93
Lifewit Borse Termiche Pranzo Fit & Portavivande Ermetici Premium Edition Mod. 16 (2868),https://www.amazon.it/dp/B001002868?tag=offertissimes-21,23.93,32.6,8.5,22.4,"Sport, Fitness e Attrezzatura",Borse Termiche Pranzo Fit & Portavivande Ermetici,Lifewit,B001002868,0,262,87
Lifewit Borse Termiche Pranzo Fit & Portavivande Ermetici Premium Edition Mod. 29 (2881),https://www.amazon.it/dp/B001002881?tag=offertissimes-21,24.46,38.92,8.5,20.89,"Sport, Fitness e Attrezzatura",Borse Termiche Pranzo Fit & Portavivande Ermetici,Lifewit,B001002881,0,186,81
Phomemo Etichette Termiche Adesive Spedizioni 100x150mm Premium Edition Mod. 29 (2983),https://www.amazon.it/dp/B001002983?tag=offertissimes-21,14.48,16.73,8.5,13.03,"Cancelleria, Ufficio e Spedizioni",Etichette Termiche Adesive Spedizioni 100x150mm,Phomemo,B001002983,1,68,91
Pilot Frixion Evidenziatori Pastello & Penne Gel Cancellabili Premium Edition Mod. 23 (3009),https://www.amazon.it/dp/B001003009?tag=offertissimes-21,52.76,70.16,8.5,48.37,"Cancelleria, Ufficio e Spedizioni",Evidenziatori Pastello & Penne Gel Cancellabili,Pilot Frixion,B001003009,1,30,80
Gildan T-Shirt Girocollo Cotone Pesante Pack da 5 Premium Edition Mod. 04 (3120),https://www.amazon.it/dp/B001003120?tag=offertissimes-21,27.12,36.78,8.5,26.05,Abbigliamento Base e Calzetteria,T-Shirt Girocollo Cotone Pesante Pack da 5,Gildan,B001003120,1,85,80
Fjällräven Borse a Tracolla & Marsupi Virali Monospalla Premium Edition Mod. 19 (3167),https://www.amazon.it/dp/B001003167?tag=offertissimes-21,20.38,30.97,8.5,17.72,Abbigliamento Base e Calzetteria,Borse a Tracolla & Marsupi Virali Monospalla,Fjällräven,B001003167,0,355,91
Ultra Pro Bustine Protettive Carte Collezionabili (100-500pz) Premium Edition Mod. 09 (3189),https://www.amazon.it/dp/B001003189?tag=offertissimes-21,37.18,52.4,8.5,32.91,"Giochi, Hobbies e Tempo Libero",Bustine Protettive Carte Collezionabili (100-500pz),Ultra Pro,B001003189,1,241,86
LEGO Speed Champions Set Costruzioni Modulari per Adulti Premium Edition Mod. 06 (3242),https://www.amazon.it/dp/B001003242?tag=offertissimes-21,44.06,55.52,8.5,38.36,"Giochi, Hobbies e Tempo Libero",Set Costruzioni Modulari per Adulti,LEGO Speed Champions,B001003242,0,318,100
Speks Fidget Toys & Antistress Magnetici Virali Premium Edition Mod. 25 (3288),https://www.amazon.it/dp/B001003288?tag=offertissimes-21,32.96,45.06,8.5,32.25,"Giochi, Hobbies e Tempo Libero",Fidget Toys & Antistress Magnetici Virali,Speks,B001003288,0,504,93
Moleskine Agende Settimanali 12/18 Mesi & Ricariche Premium Edition Mod. 04 (3294),https://www.amazon.it/dp/B001003294?tag=offertissimes-21,18.45,27.23,8.5,16.91,"Libri, Agende e Self-Help",Agende Settimanali 12/18 Mesi & Ricariche,Moleskine,B001003294,1,122,82
Rhodia Quaderni Puntinati Bullet Journal Dotted 120g Premium Edition Mod. 16 (3374),https://www.amazon.it/dp/B001003374?tag=offertissimes-21,15.04,23.01,8.5,13.62,"Libri, Agende e Self-Help",Quaderni Puntinati Bullet Journal Dotted 120g,Rhodia,B001003374,1,228,86
Afnan Profumeria & Fragranze Virali Premium Edition Mod. 50 (0304),https://www.amazon.it/dp/B001000304?tag=offertissimes-21,31.17,42.53,8.4,27.97,Bellezza e Cura della Persona,Profumeria & Fragranze Virali,Afnan,B001000304,0,535,100
Yamamoto Proteine & Aminoacidi Sportivi Premium Edition Mod. 01 (0381),https://www.amazon.it/dp/B001000381?tag=offertissimes-21,14.67,23.01,8.4,14.22,"Salute, Igiene e Integratori",Proteine & Aminoacidi Sportivi,Yamamoto,B001000381,1,33,100
WeightWorld Creatina Monoidrato & Pre-Workout Premium Edition Mod. 07 (0444),https://www.amazon.it/dp/B001000444?tag=offertissimes-21,15.22,21.67,8.4,14.02,"Salute, Igiene e Integratori",Creatina Monoidrato & Pre-Workout,WeightWorld,B001000444,1,30,96
Enervit Elettroliti & Idratazione Senza Zucchero Premium Edition Mod. 47 (0598),https://www.amazon.it/dp/B001000598?tag=offertissimes-21,32.35,43.11,8.4,29.45,"Salute, Igiene e Integratori",Elettroliti & Idratazione Senza Zucchero,Enervit,B001000598,1,44,86
Pellini Caffè in Grani Specialty 1kg Premium Edition Mod. 41 (0813),https://www.amazon.it/dp/B001000813?tag=offertissimes-21,14.89,19.9,8.4,13.51,"Alimentari, Caffè e Bevande",Caffè in Grani Specialty 1kg,Pellini,B001000813,1,19,84
Daily Life Alimenti Proteici & Creme Spalmabili Zero Premium Edition Mod. 21 (0897),https://www.amazon.it/dp/B001000897?tag=offertissimes-21,12.43,19.53,8.4,12.05,"Alimentari, Caffè e Bevande",Alimenti Proteici & Creme Spalmabili Zero,Daily Life,B001000897,1,32,86
Jordan's Skinny Sciroppi Zero Calorie & Aromi Barista Premium Edition Mod. 52 (0980),https://www.amazon.it/dp/B001000980?tag=offertissimes-21,12.27,16.47,8.4,11.49,"Alimentari, Caffè e Bevande",Sciroppi Zero Calorie & Aromi Barista,Jordan's Skinny,B001000980,0,482,86
Dash Power Detersivi Lavatrice Concentrati & Pods Premium Edition Mod. 27 (1067),https://www.amazon.it/dp/B001001067?tag=offertissimes-21,33.29,41.55,8.4,31.81,Cura della Casa e Pulizia,Detersivi Lavatrice Concentrati & Pods,Dash Power,B001001067,1,37,81
Scrub Daddy Pulitori Miracolosi Virali & Spugne Premium Edition Mod. 19 (1179),https://www.amazon.it/dp/B001001179?tag=offertissimes-21,19.87,24.12,8.4,17.94,Cura della Casa e Pulizia,Pulitori Miracolosi Virali & Spugne,Scrub Daddy,B001001179,0,303,92
Bepanthenol Paste Cambio Protettive Ossido Zinco Premium Edition Mod. 02 (1390),https://www.amazon.it/dp/B001001390?tag=offertissimes-21,58.36,87.41,8.4,51.89,Prima Infanzia e Maternità,Paste Cambio Protettive Ossido Zinco,Bepanthenol,B001001390,1,20,88
Ever Clean Lettiere Gatto Agglomeranti & Silicio 10-20L Premium Edition Mod. 11 (1471),https://www.amazon.it/dp/B001001471?tag=offertissimes-21,51.63,70.67,8.4,44.52,Animali Domestici (Pet Care),Lettiere Gatto Agglomeranti & Silicio 10-20L,Ever Clean,B001001471,1,37,86
Amazon Basics Sacchetti Igienici Cane Biodegradabili (300-600pz) Premium Edition Mod. 29 (1536),https://www.amazon.it/dp/B001001536?tag=offertissimes-21,16.79,19.7,8.4,15.73,Animali Domestici (Pet Care),Sacchetti Igienici Cane Biodegradabili (300-600pz),Amazon Basics,B001001536,1,21,88
Greenies Snack Igiene Dentale Cani Scorte Mensili Premium Edition Mod. 27 (1581),https://www.amazon.it/dp/B001001581?tag=offertissimes-21,34.88,52.09,8.4,33.34,Animali Domestici (Pet Care),Snack Igiene Dentale Cani Scorte Mensili,Greenies,B001001581,1,29,94
Pedigree Dentastix Snack Igiene Dentale Cani Scorte Mensili Premium Edition Mod. 40 (1594),https://www.amazon.it/dp/B001001594?tag=offertissimes-21,9.32,11.23,8.4,8.72,Animali Domestici (Pet Care),Snack Igiene Dentale Cani Scorte Mensili,Pedigree Dentastix,B001001594,1,44,89
Lickimat Tappetini Olfattivi & Ciotole Lente Virali Premium Edition Mod. 14 (1708),https://www.amazon.it/dp/B001001708?tag=offertissimes-21,48.38,75.44,8.4,44.79,Animali Domestici (Pet Care),Tappetini Olfattivi & Ciotole Lente Virali,Lickimat,B001001708,0,535,93
Baseus Cavi USB-C Fast Charge 100W/240W Multipack Premium Edition Mod. 20 (1760),https://www.amazon.it/dp/B001001760?tag=offertissimes-21,25.83,34.87,8.4,23.45,"Elettronica, Accessori e Gadget Smart",Cavi USB-C Fast Charge 100W/240W Multipack,Baseus,B001001760,1,115,93
Ugreen Caricatori GaN Multi-Porta Compatti Premium Edition Mod. 10 (1858),https://www.amazon.it/dp/B001001858?tag=offertissimes-21,14.44,19.72,8.4,13.59,"Elettronica, Accessori e Gadget Smart",Caricatori GaN Multi-Porta Compatti,Ugreen,B001001858,0,535,99
Anker Caricatori GaN Multi-Porta Compatti Premium Edition Mod. 18 (1866),https://www.amazon.it/dp/B001001866?tag=offertissimes-21,56.45,68.55,8.4,50.26,"Elettronica, Accessori e Gadget Smart",Caricatori GaN Multi-Porta Compatti,Anker,B001001866,0,320,95
Anker Caricatori GaN Multi-Porta Compatti Premium Edition Mod. 51 (1899),https://www.amazon.it/dp/B001001899?tag=offertissimes-21,73.13,99.77,8.4,63.17,"Elettronica, Accessori e Gadget Smart",Caricatori GaN Multi-Porta Compatti,Anker,B001001899,0,417,92
Ordilend Kit Pulizia Multifunzione 7-in-1 Tech Premium Edition Mod. 17 (1971),https://www.amazon.it/dp/B001001971?tag=offertissimes-21,15.15,21.26,8.4,13.5,"Elettronica, Accessori e Gadget Smart",Kit Pulizia Multifunzione 7-in-1 Tech,Ordilend,B001001971,0,218,92
SiliconeMaster Carta Forno Riutilizzabile & Accessori Friggitrice Aria Premium Edition Mod. 10 (2122),https://www.amazon.it/dp/B001002122?tag=offertissimes-21,100.51,159.62,8.4,93.89,"Casa, Cucina ed Elettrodomestici",Carta Forno Riutilizzabile & Accessori Friggitrice Aria,SiliconeMaster,B001002122,1,184,89
Ninja Friggitrici ad Aria a Doppia Resistenza Premium Edition Mod. 25 (2189),https://www.amazon.it/dp/B001002189?tag=offertissimes-21,84.74,117.25,8.4,78.91,"Casa, Cucina ed Elettrodomestici",Friggitrici ad Aria a Doppia Resistenza,Ninja,B001002189,0,374,100
Ninja Friggitrici ad Aria a Doppia Resistenza Premium Edition Mod. 38 (2202),https://www.amazon.it/dp/B001002202?tag=offertissimes-21,15.68,20.56,8.4,13.59,"Casa, Cucina ed Elettrodomestici",Friggitrici ad Aria a Doppia Resistenza,Ninja,B001002202,0,394,95
Ninja Friggitrici ad Aria a Doppia Resistenza Premium Edition Mod. 44 (2208),https://www.amazon.it/dp/B001002208?tag=offertissimes-21,81.5,130.34,8.4,79.19,"Casa, Cucina ed Elettrodomestici",Friggitrici ad Aria a Doppia Resistenza,Ninja,B001002208,0,248,93
KitchenBoss Sigillatori Sottovuoto & Rotoli Goffrati Premium Edition Mod. 27 (2243),https://www.amazon.it/dp/B001002243?tag=offertissimes-21,68.63,89.01,8.4,62.83,"Casa, Cucina ed Elettrodomestici",Sigillatori Sottovuoto & Rotoli Goffrati,KitchenBoss,B001002243,1,343,88
Bonsenkitchen Sigillatori Sottovuoto & Rotoli Goffrati Premium Edition Mod. 45 (2261),https://www.amazon.it/dp/B001002261?tag=offertissimes-21,43.95,54.07,8.4,41.73,"Casa, Cucina ed Elettrodomestici",Sigillatori Sottovuoto & Rotoli Goffrati,Bonsenkitchen,B001002261,1,349,81
Vtopmart Organizer Frigo & Dispensa Trasparenti Acrilico Premium Edition Mod. 38 (2306),https://www.amazon.it/dp/B001002306?tag=offertissimes-21,90.85,105.42,8.4,79.78,"Casa, Cucina ed Elettrodomestici",Organizer Frigo & Dispensa Trasparenti Acrilico,Vtopmart,B001002306,0,198,95
Duracell Pile Ricaricabili AA / AAA NiMH & Caricatori Smart Premium Edition Mod. 19 (2389),https://www.amazon.it/dp/B001002389?tag=offertissimes-21,54.3,66.03,8.4,46.57,"Fai da Te, Bricolage e Giardinaggio",Pile Ricaricabili AA / AAA NiMH & Caricatori Smart,Duracell,B001002389,1,74,92
HOTO Mini Cacciaviti Elettrici di Precisione Virali Premium Edition Mod. 26 (2504),https://www.amazon.it/dp/B001002504?tag=offertissimes-21,52.79,60.74,8.4,48.85,"Fai da Te, Bricolage e Giardinaggio",Mini Cacciaviti Elettrici di Precisione Virali,HOTO,B001002504,0,403,89
Xiaomi Wowstick Mini Cacciaviti Elettrici di Precisione Virali Premium Edition Mod. 30 (2508),https://www.amazon.it/dp/B001002508?tag=offertissimes-21,11.83,17.44,8.4,11.45,"Fai da Te, Bricolage e Giardinaggio",Mini Cacciaviti Elettrici di Precisione Virali,Xiaomi Wowstick,B001002508,0,335,95
Renpho Pistole Massaggianti Muscolari Portatili Premium Edition Mod. 37 (2813),https://www.amazon.it/dp/B001002813?tag=offertissimes-21,19.19,30.57,8.4,18.78,"Sport, Fitness e Attrezzatura",Pistole Massaggianti Muscolari Portatili,Renpho,B001002813,0,197,95
Liforme Tappetini Yoga Antiscivolo Alta Densità TPE Premium Edition Mod. 03 (2817),https://www.amazon.it/dp/B001002817?tag=offertissimes-21,16.24,25.4,8.4,15.53,"Sport, Fitness e Attrezzatura",Tappetini Yoga Antiscivolo Alta Densità TPE,Liforme,B001002817,0,237,89
Tatay Borse Termiche Pranzo Fit & Portavivande Ermetici Premium Edition Mod. 27 (2879),https://www.amazon.it/dp/B001002879?tag=offertissimes-21,44.49,58.09,8.4,40.16,"Sport, Fitness e Attrezzatura",Borse Termiche Pranzo Fit & Portavivande Ermetici,Tatay,B001002879,0,524,93
Navigator Risme Carta da Stampa A4 80g Scorte 2500ff Premium Edition Mod. 22 (2944),https://www.amazon.it/dp/B001002944?tag=offertissimes-21,39.71,53.74,8.4,37.11,"Cancelleria, Ufficio e Spedizioni",Risme Carta da Stampa A4 80g Scorte 2500ff,Navigator,B001002944,1,77,82
Levi's Boxer Cotone Elasticizzato Multipack (6-10pz) Premium Edition Mod. 33 (3083),https://www.amazon.it/dp/B001003083?tag=offertissimes-21,29.69,35.92,8.4,27.29,Abbigliamento Base e Calzetteria,Boxer Cotone Elasticizzato Multipack (6-10pz),Levi's,B001003083,1,86,92
Danish Endurance Calzini Sportivi Tecnici Traspiranti Multipack Premium Edition Mod. 03 (3086),https://www.amazon.it/dp/B001003086?tag=offertissimes-21,37.46,48.61,8.4,36.02,Abbigliamento Base e Calzetteria,Calzini Sportivi Tecnici Traspiranti Multipack,Danish Endurance,B001003086,1,93,92
Eastpak Borse a Tracolla & Marsupi Virali Monospalla Premium Edition Mod. 01 (3149),https://www.amazon.it/dp/B001003149?tag=offertissimes-21,19.27,22.1,8.4,17.74,Abbigliamento Base e Calzetteria,Borse a Tracolla & Marsupi Virali Monospalla,Eastpak,B001003149,0,370,98
Uniqlo style Borse a Tracolla & Marsupi Virali Monospalla Premium Edition Mod. 25 (3173),https://www.amazon.it/dp/B001003173?tag=offertissimes-21,21.8,32.88,8.4,20.21,Abbigliamento Base e Calzetteria,Borse a Tracolla & Marsupi Virali Monospalla,Uniqlo style,B001003173,0,183,95
"Mondadori Bestseller Crescita Personale & Finanza (Atomic Habits, etc.) Premium Edition Mod. 22 (3335)",https://www.amazon.it/dp/B001003335?tag=offertissimes-21,20.13,24.92,8.4,17.25,"Libri, Agende e Self-Help","Bestseller Crescita Personale & Finanza (Atomic Habits, etc.)",Mondadori,B001003335,0,309,89
Marvis Igiene Orale & Ricambi Spazzolini Premium Edition Mod. 23 (0087),https://www.amazon.it/dp/B001000087?tag=offertissimes-21,22.5,32.6,8.3,20.04,Bellezza e Cura della Persona,Igiene Orale & Ricambi Spazzolini,Marvis,B001000087,1,39,75
Oral-B Igiene Orale & Ricambi Spazzolini Premium Edition Mod. 52 (0116),https://www.amazon.it/dp/B001000116?tag=offertissimes-21,14.87,22.05,8.3,14.35,Bellezza e Cura della Persona,Igiene Orale & Ricambi Spazzolini,Oral-B,B001000116,1,43,83
Olaplex Cura dei Capelli & Shampoo Trattanti Premium Edition Mod. 62 (0190),https://www.amazon.it/dp/B001000190?tag=offertissimes-21,35.51,47.17,8.3,34.64,Bellezza e Cura della Persona,Cura dei Capelli & Shampoo Trattanti,Olaplex,B001000190,1,41,85
"Philips OneBlade Rasatura, Lame & Depilazione Premium Edition Mod. 40 (0231)",https://www.amazon.it/dp/B001000231?tag=offertissimes-21,41.75,64.16,8.3,38.16,Bellezza e Cura della Persona,"Rasatura, Lame & Depilazione",Philips OneBlade,B001000231,1,34,75
"Philips OneBlade Rasatura, Lame & Depilazione Premium Edition Mod. 43 (0234)",https://www.amazon.it/dp/B001000234?tag=offertissimes-21,16.86,23.2,8.3,14.72,Bellezza e Cura della Persona,"Rasatura, Lame & Depilazione",Philips OneBlade,B001000234,1,47,84
Afnan Profumeria & Fragranze Virali Premium Edition Mod. 35 (0289),https://www.amazon.it/dp/B001000289?tag=offertissimes-21,20.2,32.0,8.3,19.73,Bellezza e Cura della Persona,Profumeria & Fragranze Virali,Afnan,B001000289,0,534,91
WeightWorld Creatina Monoidrato & Pre-Workout Premium Edition Mod. 32 (0469),https://www.amazon.it/dp/B001000469?tag=offertissimes-21,54.58,64.69,8.3,50.3,"Salute, Igiene e Integratori",Creatina Monoidrato & Pre-Workout,WeightWorld,B001000469,1,30,90
"Gloryfeel Vitamine, Magnesio & Biohacking Sonno Premium Edition Mod. 29 (0523)",https://www.amazon.it/dp/B001000523?tag=offertissimes-21,23.61,29.56,8.3,22.81,"Salute, Igiene e Integratori","Vitamine, Magnesio & Biohacking Sonno",Gloryfeel,B001000523,1,28,80
Braun Dispositivi Elettromedicali & Termometri Premium Edition Mod. 41 (0649),https://www.amazon.it/dp/B001000649?tag=offertissimes-21,25.23,32.3,8.3,23.86,"Salute, Igiene e Integratori",Dispositivi Elettromedicali & Termometri,Braun,B001000649,0,239,73
BPR Nutrition Alimenti Proteici & Creme Spalmabili Zero Premium Edition Mod. 29 (0905),https://www.amazon.it/dp/B001000905?tag=offertissimes-21,22.09,26.32,8.3,21.22,"Alimentari, Caffè e Bevande",Alimenti Proteici & Creme Spalmabili Zero,BPR Nutrition,B001000905,1,33,90
BPR Nutrition Alimenti Proteici & Creme Spalmabili Zero Premium Edition Mod. 30 (0906),https://www.amazon.it/dp/B001000906?tag=offertissimes-21,8.28,13.07,8.3,7.41,"Alimentari, Caffè e Bevande",Alimenti Proteici & Creme Spalmabili Zero,BPR Nutrition,B001000906,1,30,90
Scrub Mommy Pulitori Miracolosi Virali & Spugne Premium Edition Mod. 05 (1165),https://www.amazon.it/dp/B001001165?tag=offertissimes-21,31.5,45.45,8.3,30.82,Cura della Casa e Pulizia,Pulitori Miracolosi Virali & Spugne,Scrub Mommy,B001001165,0,209,98
Lillydoo Pannolini Box Scorta Mensile (120-180pz) Premium Edition Mod. 31 (1311),https://www.amazon.it/dp/B001001311?tag=offertissimes-21,36.41,44.88,8.3,33.38,Prima Infanzia e Maternità,Pannolini Box Scorta Mensile (120-180pz),Lillydoo,B001001311,1,26,100
Momcozy Gadget Virali Sonno Neonato (White Noise) Premium Edition Mod. 08 (1432),https://www.amazon.it/dp/B001001432?tag=offertissimes-21,37.79,58.53,8.3,36.79,Prima Infanzia e Maternità,Gadget Virali Sonno Neonato (White Noise),Momcozy,B001001432,0,196,94
Sanicat Lettiere Gatto Agglomeranti & Silicio 10-20L Premium Edition Mod. 24 (1484),https://www.amazon.it/dp/B001001484?tag=offertissimes-21,40.49,52.82,8.3,36.93,Animali Domestici (Pet Care),Lettiere Gatto Agglomeranti & Silicio 10-20L,Sanicat,B001001484,1,31,88
Biokat's Lettiere Gatto Agglomeranti & Silicio 10-20L Premium Edition Mod. 25 (1485),https://www.amazon.it/dp/B001001485?tag=offertissimes-21,20.87,30.98,8.3,18.44,Animali Domestici (Pet Care),Lettiere Gatto Agglomeranti & Silicio 10-20L,Biokat's,B001001485,1,26,93
Purina Dentalife Snack Igiene Dentale Cani Scorte Mensili Premium Edition Mod. 04 (1558),https://www.amazon.it/dp/B001001558?tag=offertissimes-21,41.05,65.74,8.3,40.04,Animali Domestici (Pet Care),Snack Igiene Dentale Cani Scorte Mensili,Purina Dentalife,B001001558,1,43,91
Aumuca Spazzole Rullo Toglipelo Elettrostatiche Premium Edition Mod. 30 (1678),https://www.amazon.it/dp/B001001678?tag=offertissimes-21,62.06,77.14,8.3,59.58,Animali Domestici (Pet Care),Spazzole Rullo Toglipelo Elettrostatiche,Aumuca,B001001678,0,508,97
Lickimat Tappetini Olfattivi & Ciotole Lente Virali Premium Edition Mod. 25 (1719),https://www.amazon.it/dp/B001001719?tag=offertissimes-21,18.2,27.06,8.3,16.26,Animali Domestici (Pet Care),Tappetini Olfattivi & Ciotole Lente Virali,Lickimat,B001001719,0,181,92
Baseus Cavi USB-C Fast Charge 100W/240W Multipack Premium Edition Mod. 19 (1759),https://www.amazon.it/dp/B001001759?tag=offertissimes-21,56.07,67.92,8.3,54.74,"Elettronica, Accessori e Gadget Smart",Cavi USB-C Fast Charge 100W/240W Multipack,Baseus,B001001759,1,224,95
Roborock Filtri & Ricambi Robot Aspirapolvere Premium Edition Mod. 44 (2104),https://www.amazon.it/dp/B001002104?tag=offertissimes-21,27.83,32.02,8.3,25.56,"Casa, Cucina ed Elettrodomestici",Filtri & Ricambi Robot Aspirapolvere,Roborock,B001002104,1,225,86
SiliconeMaster Carta Forno Riutilizzabile & Accessori Friggitrice Aria Premium Edition Mod. 22 (2134),https://www.amazon.it/dp/B001002134?tag=offertissimes-21,26.14,37.34,8.3,25.14,"Casa, Cucina ed Elettrodomestici",Carta Forno Riutilizzabile & Accessori Friggitrice Aria,SiliconeMaster,B001002134,1,300,94
Bonsenkitchen Sigillatori Sottovuoto & Rotoli Goffrati Premium Edition Mod. 22 (2238),https://www.amazon.it/dp/B001002238?tag=offertissimes-21,20.52,28.18,8.3,18.0,"Casa, Cucina ed Elettrodomestici",Sigillatori Sottovuoto & Rotoli Goffrati,Bonsenkitchen,B001002238,1,79,88
Bonsenkitchen Sigillatori Sottovuoto & Rotoli Goffrati Premium Edition Mod. 25 (2241),https://www.amazon.it/dp/B001002241?tag=offertissimes-21,120.9,145.19,8.3,115.01,"Casa, Cucina ed Elettrodomestici",Sigillatori Sottovuoto & Rotoli Goffrati,Bonsenkitchen,B001002241,1,321,85
FoodSaver Sigillatori Sottovuoto & Rotoli Goffrati Premium Edition Mod. 40 (2256),https://www.amazon.it/dp/B001002256?tag=offertissimes-21,81.73,119.25,8.3,74.27,"Casa, Cucina ed Elettrodomestici",Sigillatori Sottovuoto & Rotoli Goffrati,FoodSaver,B001002256,1,224,79
EBL Pile Ricaricabili AA / AAA NiMH & Caricatori Smart Premium Edition Mod. 10 (2380),https://www.amazon.it/dp/B001002380?tag=offertissimes-21,7.59,11.36,8.3,6.96,"Fai da Te, Bricolage e Giardinaggio",Pile Ricaricabili AA / AAA NiMH & Caricatori Smart,EBL,B001002380,1,96,82
TP-Link Tapo Lampadine LED Smart Dimmerabili Attacco E27/GU10 Premium Edition Mod. 06 (2412),https://www.amazon.it/dp/B001002412?tag=offertissimes-21,64.59,76.32,8.3,60.16,"Fai da Te, Bricolage e Giardinaggio",Lampadine LED Smart Dimmerabili Attacco E27/GU10,TP-Link Tapo,B001002412,1,55,83
Xiaomi Wowstick Mini Cacciaviti Elettrici di Precisione Virali Premium Edition Mod. 21 (2499),https://www.amazon.it/dp/B001002499?tag=offertissimes-21,69.34,92.57,8.3,60.69,"Fai da Te, Bricolage e Giardinaggio",Mini Cacciaviti Elettrici di Precisione Virali,Xiaomi Wowstick,B001002499,0,237,93
Fitbeast Fasce Elastiche di Resistenza & Loop Bands Tessuto Premium Edition Mod. 16 (2716),https://www.amazon.it/dp/B001002716?tag=offertissimes-21,14.17,20.59,8.3,13.16,"Sport, Fitness e Attrezzatura",Fasce Elastiche di Resistenza & Loop Bands Tessuto,Fitbeast,B001002716,1,166,91
Brother Cartucce & Toner Compatibili Multipack Premium Edition Mod. 11 (2901),https://www.amazon.it/dp/B001002901?tag=offertissimes-21,23.35,31.17,8.3,21.6,"Cancelleria, Ufficio e Spedizioni",Cartucce & Toner Compatibili Multipack,Brother,B001002901,1,37,88
Stabilo Boss Pastel Evidenziatori Pastello & Penne Gel Cancellabili Premium Edition Mod. 04 (2990),https://www.amazon.it/dp/B001002990?tag=offertissimes-21,49.73,61.63,8.3,46.64,"Cancelleria, Ufficio e Spedizioni",Evidenziatori Pastello & Penne Gel Cancellabili,Stabilo Boss Pastel,B001002990,1,75,88
Pilot Frixion Evidenziatori Pastello & Penne Gel Cancellabili Premium Edition Mod. 17 (3003),https://www.amazon.it/dp/B001003003?tag=offertissimes-21,48.8,68.71,8.3,46.62,"Cancelleria, Ufficio e Spedizioni",Evidenziatori Pastello & Penne Gel Cancellabili,Pilot Frixion,B001003003,1,55,90
Danish Endurance Boxer Cotone Elasticizzato Multipack (6-10pz) Premium Edition Mod. 31 (3081),https://www.amazon.it/dp/B001003081?tag=offertissimes-21,19.13,29.49,8.3,17.69,Abbigliamento Base e Calzetteria,Boxer Cotone Elasticizzato Multipack (6-10pz),Danish Endurance,B001003081,1,93,94
Taco Gatto Capra Giochi da Tavolo Compatti & Pocket Virali Premium Edition Mod. 23 (3231),https://www.amazon.it/dp/B001003231?tag=offertissimes-21,17.51,24.48,8.3,15.15,"Giochi, Hobbies e Tempo Libero",Giochi da Tavolo Compatti & Pocket Virali,Taco Gatto Capra,B001003231,0,311,90
Sluban Set Costruzioni Modulari per Adulti Premium Edition Mod. 09 (3245),https://www.amazon.it/dp/B001003245?tag=offertissimes-21,26.79,43.21,8.3,24.09,"Giochi, Hobbies e Tempo Libero",Set Costruzioni Modulari per Adulti,Sluban,B001003245,0,252,97
Marvis Igiene Orale & Ricambi Spazzolini Premium Edition Mod. 35 (0099),https://www.amazon.it/dp/B001000099?tag=offertissimes-21,16.67,19.33,8.2,15.13,Bellezza e Cura della Persona,Igiene Orale & Ricambi Spazzolini,Marvis,B001000099,1,45,85
Restivoil Cura dei Capelli & Shampoo Trattanti Premium Edition Mod. 09 (0137),https://www.amazon.it/dp/B001000137?tag=offertissimes-21,24.69,28.99,8.2,22.32,Bellezza e Cura della Persona,Cura dei Capelli & Shampoo Trattanti,Restivoil,B001000137,1,44,87
L'Oréal Professionnel Cura dei Capelli & Shampoo Trattanti Premium Edition Mod. 59 (0187),https://www.amazon.it/dp/B001000187?tag=offertissimes-21,24.26,34.71,8.2,21.63,Bellezza e Cura della Persona,Cura dei Capelli & Shampoo Trattanti,L'Oréal Professionnel,B001000187,1,58,83
"Derby Rasatura, Lame & Depilazione Premium Edition Mod. 58 (0249)",https://www.amazon.it/dp/B001000249?tag=offertissimes-21,30.05,47.92,8.2,26.43,Bellezza e Cura della Persona,"Rasatura, Lame & Depilazione",Derby,B001000249,1,42,82
Afnan Profumeria & Fragranze Virali Premium Edition Mod. 51 (0305),https://www.amazon.it/dp/B001000305?tag=offertissimes-21,44.26,58.26,8.2,39.69,Bellezza e Cura della Persona,Profumeria & Fragranze Virali,Afnan,B001000305,0,364,100
Optimum Nutrition Proteine & Aminoacidi Sportivi Premium Edition Mod. 02 (0382),https://www.amazon.it/dp/B001000382?tag=offertissimes-21,20.44,32.59,8.2,19.93,"Salute, Igiene e Integratori",Proteine & Aminoacidi Sportivi,Optimum Nutrition,B001000382,1,44,90
Creapure Creatina Monoidrato & Pre-Workout Premium Edition Mod. 30 (0467),https://www.amazon.it/dp/B001000467?tag=offertissimes-21,26.32,35.58,8.2,22.93,"Salute, Igiene e Integratori",Creatina Monoidrato & Pre-Workout,Creapure,B001000467,1,41,91
"Swisse Vitamine, Magnesio & Biohacking Sonno Premium Edition Mod. 07 (0501)",https://www.amazon.it/dp/B001000501?tag=offertissimes-21,17.89,26.58,8.2,16.72,"Salute, Igiene e Integratori","Vitamine, Magnesio & Biohacking Sonno",Swisse,B001000501,1,38,87
Voltrx Shaker Magnetici & Accessori Virali Gym Premium Edition Mod. 25 (0689),https://www.amazon.it/dp/B001000689?tag=offertissimes-21,12.98,20.44,8.2,12.08,"Salute, Igiene e Integratori",Shaker Magnetici & Accessori Virali Gym,Voltrx,B001000689,0,277,88
Segafredo Caffè in Grani Specialty 1kg Premium Edition Mod. 10 (0782),https://www.amazon.it/dp/B001000782?tag=offertissimes-21,15.13,21.48,8.2,14.54,"Alimentari, Caffè e Bevande",Caffè in Grani Specialty 1kg,Segafredo,B001000782,1,22,79
Vahdam Tè Matcha Cerimoniale Bio & Tisane Premium Edition Mod. 10 (0834),https://www.amazon.it/dp/B001000834?tag=offertissimes-21,22.65,31.94,8.2,19.78,"Alimentari, Caffè e Bevande",Tè Matcha Cerimoniale Bio & Tisane,Vahdam,B001000834,1,29,87
Clipper Tè Matcha Cerimoniale Bio & Tisane Premium Edition Mod. 19 (0843),https://www.amazon.it/dp/B001000843?tag=offertissimes-21,33.86,44.01,8.2,32.05,"Alimentari, Caffè e Bevande",Tè Matcha Cerimoniale Bio & Tisane,Clipper,B001000843,1,24,93
Daily Life Alimenti Proteici & Creme Spalmabili Zero Premium Edition Mod. 27 (0903),https://www.amazon.it/dp/B001000903?tag=offertissimes-21,35.09,47.84,8.2,33.08,"Alimentari, Caffè e Bevande",Alimenti Proteici & Creme Spalmabili Zero,Daily Life,B001000903,1,22,91
Foodspring Alimenti Proteici & Creme Spalmabili Zero Premium Edition Mod. 40 (0916),https://www.amazon.it/dp/B001000916?tag=offertissimes-21,33.16,50.01,8.2,29.78,"Alimentari, Caffè e Bevande",Alimenti Proteici & Creme Spalmabili Zero,Foodspring,B001000916,1,33,97
TAPP Water Filtri Ricambio Caraffe & Depuratori Acqua Premium Edition Mod. 33 (1133),https://www.amazon.it/dp/B001001133?tag=offertissimes-21,19.13,29.13,8.2,16.4,Cura della Casa e Pulizia,Filtri Ricambio Caraffe & Depuratori Acqua,TAPP Water,B001001133,1,45,86
E-Cloth Panni Microfibra Alta Densità & Swiffer Ricambi Premium Edition Mod. 16 (1236),https://www.amazon.it/dp/B001001236?tag=offertissimes-21,46.58,57.85,8.2,42.63,Cura della Casa e Pulizia,Panni Microfibra Alta Densità & Swiffer Ricambi,E-Cloth,B001001236,1,75,85
Dreamegg Gadget Virali Sonno Neonato (White Noise) Premium Edition Mod. 05 (1429),https://www.amazon.it/dp/B001001429?tag=offertissimes-21,71.2,87.67,8.2,63.86,Prima Infanzia e Maternità,Gadget Virali Sonno Neonato (White Noise),Dreamegg,B001001429,0,220,95
Ever Clean Lettiere Gatto Agglomeranti & Silicio 10-20L Premium Edition Mod. 06 (1466),https://www.amazon.it/dp/B001001466?tag=offertissimes-21,32.46,38.07,8.2,29.42,Animali Domestici (Pet Care),Lettiere Gatto Agglomeranti & Silicio 10-20L,Ever Clean,B001001466,1,25,85
Pedigree Dentastix Snack Igiene Dentale Cani Scorte Mensili Premium Edition Mod. 03 (1557),https://www.amazon.it/dp/B001001557?tag=offertissimes-21,25.54,40.98,8.2,24.54,Animali Domestici (Pet Care),Snack Igiene Dentale Cani Scorte Mensili,Pedigree Dentastix,B001001557,1,40,89
Greenies Snack Igiene Dentale Cani Scorte Mensili Premium Edition Mod. 08 (1562),https://www.amazon.it/dp/B001001562?tag=offertissimes-21,34.38,45.85,8.2,31.38,Animali Domestici (Pet Care),Snack Igiene Dentale Cani Scorte Mensili,Greenies,B001001562,1,45,88
Aumuca Spazzole Rullo Toglipelo Elettrostatiche Premium Edition Mod. 25 (1673),https://www.amazon.it/dp/B001001673?tag=offertissimes-21,19.25,30.24,8.2,16.54,Animali Domestici (Pet Care),Spazzole Rullo Toglipelo Elettrostatiche,Aumuca,B001001673,0,518,97
INIU Cavi USB-C Fast Charge 100W/240W Multipack Premium Edition Mod. 21 (1761),https://www.amazon.it/dp/B001001761?tag=offertissimes-21,89.96,106.71,8.2,83.94,"Elettronica, Accessori e Gadget Smart",Cavi USB-C Fast Charge 100W/240W Multipack,INIU,B001001761,1,320,88
Ugreen Cavi USB-C Fast Charge 100W/240W Multipack Premium Edition Mod. 38 (1778),https://www.amazon.it/dp/B001001778?tag=offertissimes-21,52.22,70.51,8.2,48.27,"Elettronica, Accessori e Gadget Smart",Cavi USB-C Fast Charge 100W/240W Multipack,Ugreen,B001001778,1,182,90
INIU Cavi USB-C Fast Charge 100W/240W Multipack Premium Edition Mod. 49 (1789),https://www.amazon.it/dp/B001001789?tag=offertissimes-21,26.01,33.51,8.2,24.72,"Elettronica, Accessori e Gadget Smart",Cavi USB-C Fast Charge 100W/240W Multipack,INIU,B001001789,1,235,90
Cecotec Friggitrici ad Aria a Doppia Resistenza Premium Edition Mod. 11 (2175),https://www.amazon.it/dp/B001002175?tag=offertissimes-21,153.8,186.71,8.2,142.09,"Casa, Cucina ed Elettrodomestici",Friggitrici ad Aria a Doppia Resistenza,Cecotec,B001002175,0,511,99
FoodSaver Sigillatori Sottovuoto & Rotoli Goffrati Premium Edition Mod. 43 (2259),https://www.amazon.it/dp/B001002259?tag=offertissimes-21,87.92,102.59,8.2,83.83,"Casa, Cucina ed Elettrodomestici",Sigillatori Sottovuoto & Rotoli Goffrati,FoodSaver,B001002259,1,62,86
Panasonic Eneloop Pile Ricaricabili AA / AAA NiMH & Caricatori Smart Premium Edition Mod. 07 (2377),https://www.amazon.it/dp/B001002377?tag=offertissimes-21,52.48,67.22,8.2,44.61,"Fai da Te, Bricolage e Giardinaggio",Pile Ricaricabili AA / AAA NiMH & Caricatori Smart,Panasonic Eneloop,B001002377,1,71,87
Rituals Car Profumatori Auto Lunga Durata & Ricariche Premium Edition Mod. 23 (2573),https://www.amazon.it/dp/B001002573?tag=offertissimes-21,68.86,81.35,8.2,63.01,Auto e Moto (Accessori & Manutenzione),Profumatori Auto Lunga Durata & Ricariche,Rituals Car,B001002573,1,87,85
Manduka Tappetini Yoga Antiscivolo Alta Densità TPE Premium Edition Mod. 38 (2852),https://www.amazon.it/dp/B001002852?tag=offertissimes-21,60.16,82.67,8.2,53.34,"Sport, Fitness e Attrezzatura",Tappetini Yoga Antiscivolo Alta Densità TPE,Manduka,B001002852,0,453,80
Amazon Basics Risme Carta da Stampa A4 80g Scorte 2500ff Premium Edition Mod. 24 (2946),https://www.amazon.it/dp/B001002946?tag=offertissimes-21,48.33,59.16,8.2,42.46,"Cancelleria, Ufficio e Spedizioni",Risme Carta da Stampa A4 80g Scorte 2500ff,Amazon Basics,B001002946,1,54,86
Amazon Basics Risme Carta da Stampa A4 80g Scorte 2500ff Premium Edition Mod. 28 (2950),https://www.amazon.it/dp/B001002950?tag=offertissimes-21,13.18,17.93,8.2,11.96,"Cancelleria, Ufficio e Spedizioni",Risme Carta da Stampa A4 80g Scorte 2500ff,Amazon Basics,B001002950,1,67,80
PUMA Boxer Cotone Elasticizzato Multipack (6-10pz) Premium Edition Mod. 21 (3071),https://www.amazon.it/dp/B001003071?tag=offertissimes-21,21.37,26.28,8.2,19.91,Abbigliamento Base e Calzetteria,Boxer Cotone Elasticizzato Multipack (6-10pz),PUMA,B001003071,1,62,90
Titan Shield Bustine Protettive Carte Collezionabili (100-500pz) Premium Edition Mod. 23 (3203),https://www.amazon.it/dp/B001003203?tag=offertissimes-21,18.67,21.84,8.2,17.96,"Giochi, Hobbies e Tempo Libero",Bustine Protettive Carte Collezionabili (100-500pz),Titan Shield,B001003203,1,186,83
Ono Roller Fidget Toys & Antistress Magnetici Virali Premium Edition Mod. 22 (3285),https://www.amazon.it/dp/B001003285?tag=offertissimes-21,52.21,64.96,8.2,50.56,"Giochi, Hobbies e Tempo Libero",Fidget Toys & Antistress Magnetici Virali,Ono Roller,B001003285,0,476,90
Florence Bio Sieri Viso & Trattamenti Anti-Age Premium Edition Mod. 04 (0004),https://www.amazon.it/dp/B001000004?tag=offertissimes-21,42.52,48.98,8.1,37.4,Bellezza e Cura della Persona,Sieri Viso & Trattamenti Anti-Age,Florence Bio,B001000004,1,37,94
Restivoil Cura dei Capelli & Shampoo Trattanti Premium Edition Mod. 14 (0142),https://www.amazon.it/dp/B001000142?tag=offertissimes-21,34.79,55.07,8.1,33.21,Bellezza e Cura della Persona,Cura dei Capelli & Shampoo Trattanti,Restivoil,B001000142,1,50,86
"Braun Rasatura, Lame & Depilazione Premium Edition Mod. 26 (0217)",https://www.amazon.it/dp/B001000217?tag=offertissimes-21,12.09,15.88,8.1,10.86,Bellezza e Cura della Persona,"Rasatura, Lame & Depilazione",Braun,B001000217,1,43,78
Yamamoto Proteine & Aminoacidi Sportivi Premium Edition Mod. 39 (0419),https://www.amazon.it/dp/B001000419?tag=offertissimes-21,48.4,61.55,8.1,43.77,"Salute, Igiene e Integratori",Proteine & Aminoacidi Sportivi,Yamamoto,B001000419,1,35,94
Yamamoto Proteine & Aminoacidi Sportivi Premium Edition Mod. 49 (0429),https://www.amazon.it/dp/B001000429?tag=offertissimes-21,21.89,29.5,8.1,19.84,"Salute, Igiene e Integratori",Proteine & Aminoacidi Sportivi,Yamamoto,B001000429,1,32,89
Creapure Creatina Monoidrato & Pre-Workout Premium Edition Mod. 19 (0456),https://www.amazon.it/dp/B001000456?tag=offertissimes-21,35.06,55.39,8.1,30.41,"Salute, Igiene e Integratori",Creatina Monoidrato & Pre-Workout,Creapure,B001000456,1,42,90
SiS Science in Sport Elettroliti & Idratazione Senza Zucchero Premium Edition Mod. 38 (0589),https://www.amazon.it/dp/B001000589?tag=offertissimes-21,17.46,23.04,8.1,16.21,"Salute, Igiene e Integratori",Elettroliti & Idratazione Senza Zucchero,SiS Science in Sport,B001000589,1,29,84
SiS Science in Sport Elettroliti & Idratazione Senza Zucchero Premium Edition Mod. 50 (0601),https://www.amazon.it/dp/B001000601?tag=offertissimes-21,25.52,29.66,8.1,24.68,"Salute, Igiene e Integratori",Elettroliti & Idratazione Senza Zucchero,SiS Science in Sport,B001000601,1,32,93
Borbone Cialde & Capsule Caffè Scorte 100-150pz Premium Edition Mod. 44 (0764),https://www.amazon.it/dp/B001000764?tag=offertissimes-21,26.58,38.54,8.1,24.05,"Alimentari, Caffè e Bevande",Cialde & Capsule Caffè Scorte 100-150pz,Borbone,B001000764,1,19,93
Nespresso Cialde & Capsule Caffè Scorte 100-150pz Premium Edition Mod. 46 (0766),https://www.amazon.it/dp/B001000766?tag=offertissimes-21,14.03,20.76,8.1,12.56,"Alimentari, Caffè e Bevande",Cialde & Capsule Caffè Scorte 100-150pz,Nespresso,B001000766,1,33,92
Foodspring Alimenti Proteici & Creme Spalmabili Zero Premium Edition Mod. 07 (0883),https://www.amazon.it/dp/B001000883?tag=offertissimes-21,37.83,43.29,8.1,33.47,"Alimentari, Caffè e Bevande",Alimenti Proteici & Creme Spalmabili Zero,Foodspring,B001000883,1,26,86
Chanteclair Detersivi Lavatrice Concentrati & Pods Premium Edition Mod. 45 (1085),https://www.amazon.it/dp/B001001085?tag=offertissimes-21,23.4,30.21,8.1,20.65,Cura della Casa e Pulizia,Detersivi Lavatrice Concentrati & Pods,Chanteclair,B001001085,1,40,85
Brita Maxtra+ Filtri Ricambio Caraffe & Depuratori Acqua Premium Edition Mod. 36 (1136),https://www.amazon.it/dp/B001001136?tag=offertissimes-21,31.03,42.51,8.1,29.16,Cura della Casa e Pulizia,Filtri Ricambio Caraffe & Depuratori Acqua,Brita Maxtra+,B001001136,1,75,96
Astonish Pulitori Miracolosi Virali & Spugne Premium Edition Mod. 32 (1192),https://www.amazon.it/dp/B001001192?tag=offertissimes-21,34.23,43.76,8.1,32.57,Cura della Casa e Pulizia,Pulitori Miracolosi Virali & Spugne,Astonish,B001001192,0,499,96
PetiFine Filtri Ricambio Fontanelle Acqua Gatti Premium Edition Mod. 31 (1632),https://www.amazon.it/dp/B001001632?tag=offertissimes-21,57.72,69.89,8.1,50.95,Animali Domestici (Pet Care),Filtri Ricambio Fontanelle Acqua Gatti,PetiFine,B001001632,1,33,93
Aumuca Spazzole Rullo Toglipelo Elettrostatiche Premium Edition Mod. 09 (1657),https://www.amazon.it/dp/B001001657?tag=offertissimes-21,14.79,22.63,8.1,13.14,Animali Domestici (Pet Care),Spazzole Rullo Toglipelo Elettrostatiche,Aumuca,B001001657,0,264,93
Ace2Ace Spazzole Rullo Toglipelo Elettrostatiche Premium Edition Mod. 46 (1694),https://www.amazon.it/dp/B001001694?tag=offertissimes-21,35.26,43.58,8.1,33.23,Animali Domestici (Pet Care),Spazzole Rullo Toglipelo Elettrostatiche,Ace2Ace,B001001694,0,423,95
Lickimat Tappetini Olfattivi & Ciotole Lente Virali Premium Edition Mod. 35 (1729),https://www.amazon.it/dp/B001001729?tag=offertissimes-21,10.37,14.62,8.1,10.13,Animali Domestici (Pet Care),Tappetini Olfattivi & Ciotole Lente Virali,Lickimat,B001001729,0,449,87
Spigen Supporti Auto Magnetici MagSafe Wireless Premium Edition Mod. 26 (1927),https://www.amazon.it/dp/B001001927?tag=offertissimes-21,67.58,78.27,8.1,63.75,"Elettronica, Accessori e Gadget Smart",Supporti Auto Magnetici MagSafe Wireless,Spigen,B001001927,0,369,90
Cosori Carta Forno Riutilizzabile & Accessori Friggitrice Aria Premium Edition Mod. 51 (2163),https://www.amazon.it/dp/B001002163?tag=offertissimes-21,100.02,155.0,8.1,90.91,"Casa, Cucina ed Elettrodomestici",Carta Forno Riutilizzabile & Accessori Friggitrice Aria,Cosori,B001002163,1,353,92
mDesign Organizer Frigo & Dispensa Trasparenti Acrilico Premium Edition Mod. 40 (2308),https://www.amazon.it/dp/B001002308?tag=offertissimes-21,28.59,38.2,8.1,27.14,"Casa, Cucina ed Elettrodomestici",Organizer Frigo & Dispensa Trasparenti Acrilico,mDesign,B001002308,0,496,94
Fitbeast Fasce Elastiche di Resistenza & Loop Bands Tessuto Premium Edition Mod. 10 (2710),https://www.amazon.it/dp/B001002710?tag=offertissimes-21,50.69,67.63,8.1,44.17,"Sport, Fitness e Attrezzatura",Fasce Elastiche di Resistenza & Loop Bands Tessuto,Fitbeast,B001002710,1,60,90
Theragun Mini Pistole Massaggianti Muscolari Portatili Premium Edition Mod. 27 (2803),https://www.amazon.it/dp/B001002803?tag=offertissimes-21,17.67,20.16,8.1,15.23,"Sport, Fitness e Attrezzatura",Pistole Massaggianti Muscolari Portatili,Theragun Mini,B001002803,0,531,98
Manduka Tappetini Yoga Antiscivolo Alta Densità TPE Premium Edition Mod. 20 (2834),https://www.amazon.it/dp/B001002834?tag=offertissimes-21,28.04,42.34,8.1,24.95,"Sport, Fitness e Attrezzatura",Tappetini Yoga Antiscivolo Alta Densità TPE,Manduka,B001002834,0,448,83
Toplus Tappetini Yoga Antiscivolo Alta Densità TPE Premium Edition Mod. 36 (2850),https://www.amazon.it/dp/B001002850?tag=offertissimes-21,61.97,82.25,8.1,54.35,"Sport, Fitness e Attrezzatura",Tappetini Yoga Antiscivolo Alta Densità TPE,Toplus,B001002850,0,348,88
Lifewit Borse Termiche Pranzo Fit & Portavivande Ermetici Premium Edition Mod. 01 (2853),https://www.amazon.it/dp/B001002853?tag=offertissimes-21,18.09,28.21,8.1,16.36,"Sport, Fitness e Attrezzatura",Borse Termiche Pranzo Fit & Portavivande Ermetici,Lifewit,B001002853,0,348,82
Prestige Cartridge Cartucce & Toner Compatibili Multipack Premium Edition Mod. 26 (2916),https://www.amazon.it/dp/B001002916?tag=offertissimes-21,18.22,24.93,8.1,16.95,"Cancelleria, Ufficio e Spedizioni",Cartucce & Toner Compatibili Multipack,Prestige Cartridge,B001002916,1,85,87
Zebra Etichette Termiche Adesive Spedizioni 100x150mm Premium Edition Mod. 19 (2973),https://www.amazon.it/dp/B001002973?tag=offertissimes-21,43.97,50.66,8.1,37.5,"Cancelleria, Ufficio e Spedizioni",Etichette Termiche Adesive Spedizioni 100x150mm,Zebra,B001002973,1,48,90
Pilot Frixion Evidenziatori Pastello & Penne Gel Cancellabili Premium Edition Mod. 10 (2996),https://www.amazon.it/dp/B001002996?tag=offertissimes-21,51.6,72.31,8.1,46.93,"Cancelleria, Ufficio e Spedizioni",Evidenziatori Pastello & Penne Gel Cancellabili,Pilot Frixion,B001002996,1,64,86
Eastpak Borse a Tracolla & Marsupi Virali Monospalla Premium Edition Mod. 26 (3174),https://www.amazon.it/dp/B001003174?tag=offertissimes-21,15.57,22.61,8.1,14.23,Abbigliamento Base e Calzetteria,Borse a Tracolla & Marsupi Virali Monospalla,Eastpak,B001003174,0,384,94
"Tea Bestseller Crescita Personale & Finanza (Atomic Habits, etc.) Premium Edition Mod. 20 (3333)",https://www.amazon.it/dp/B001003333?tag=offertissimes-21,11.4,17.74,8.1,11.15,"Libri, Agende e Self-Help","Bestseller Crescita Personale & Finanza (Atomic Habits, etc.)",Tea,B001003333,0,445,95
Rhodia Quaderni Puntinati Bullet Journal Dotted 120g Premium Edition Mod. 20 (3378),https://www.amazon.it/dp/B001003378?tag=offertissimes-21,20.93,30.86,8.1,18.97,"Libri, Agende e Self-Help",Quaderni Puntinati Bullet Journal Dotted 120g,Rhodia,B001003378,1,193,87
CeraVe Sieri Viso & Trattamenti Anti-Age Premium Edition Mod. 56 (0056),https://www.amazon.it/dp/B001000056?tag=offertissimes-21,36.5,48.17,8.0,31.18,Bellezza e Cura della Persona,Sieri Viso & Trattamenti Anti-Age,CeraVe,B001000056,1,53,99
Marvis Igiene Orale & Ricambi Spazzolini Premium Edition Mod. 38 (0102),https://www.amazon.it/dp/B001000102?tag=offertissimes-21,32.91,39.24,8.0,29.57,Bellezza e Cura della Persona,Igiene Orale & Ricambi Spazzolini,Marvis,B001000102,1,58,79
"Nutravita Vitamine, Magnesio & Biohacking Sonno Premium Edition Mod. 31 (0525)",https://www.amazon.it/dp/B001000525?tag=offertissimes-21,18.28,23.17,8.0,16.02,"Salute, Igiene e Integratori","Vitamine, Magnesio & Biohacking Sonno",Nutravita,B001000525,1,35,90
Borbone Cialde & Capsule Caffè Scorte 100-150pz Premium Edition Mod. 24 (0744),https://www.amazon.it/dp/B001000744?tag=offertissimes-21,22.43,30.93,8.0,19.38,"Alimentari, Caffè e Bevande",Cialde & Capsule Caffè Scorte 100-150pz,Borbone,B001000744,1,21,100
Caffè Toraldo Cialde & Capsule Caffè Scorte 100-150pz Premium Edition Mod. 39 (0759),https://www.amazon.it/dp/B001000759?tag=offertissimes-21,16.75,22.16,8.0,15.3,"Alimentari, Caffè e Bevande",Cialde & Capsule Caffè Scorte 100-150pz,Caffè Toraldo,B001000759,1,32,90
Philips Water Filtri Ricambio Caraffe & Depuratori Acqua Premium Edition Mod. 08 (1108),https://www.amazon.it/dp/B001001108?tag=offertissimes-21,34.53,44.58,8.0,33.16,Cura della Casa e Pulizia,Filtri Ricambio Caraffe & Depuratori Acqua,Philips Water,B001001108,1,55,90
TAPP Water Filtri Ricambio Caraffe & Depuratori Acqua Premium Edition Mod. 40 (1140),https://www.amazon.it/dp/B001001140?tag=offertissimes-21,25.39,34.95,8.0,24.59,Cura della Casa e Pulizia,Filtri Ricambio Caraffe & Depuratori Acqua,TAPP Water,B001001140,1,38,89
The Pink Stuff Pulitori Miracolosi Virali & Spugne Premium Edition Mod. 57 (1217),https://www.amazon.it/dp/B001001217?tag=offertissimes-21,21.37,27.82,8.0,19.86,Cura della Casa e Pulizia,Pulitori Miracolosi Virali & Spugne,The Pink Stuff,B001001217,0,465,91
Sanicat Lettiere Gatto Agglomeranti & Silicio 10-20L Premium Edition Mod. 34 (1494),https://www.amazon.it/dp/B001001494?tag=offertissimes-21,16.73,22.64,8.0,14.65,Animali Domestici (Pet Care),Lettiere Gatto Agglomeranti & Silicio 10-20L,Sanicat,B001001494,1,45,89
Greenies Snack Igiene Dentale Cani Scorte Mensili Premium Edition Mod. 10 (1564),https://www.amazon.it/dp/B001001564?tag=offertissimes-21,54.95,77.57,8.0,48.68,Animali Domestici (Pet Care),Snack Igiene Dentale Cani Scorte Mensili,Greenies,B001001564,1,20,83
Spigen Pellicole Salvaschermo Vetro con Dima Installazione Premium Edition Mod. 05 (1799),https://www.amazon.it/dp/B001001799?tag=offertissimes-21,30.34,35.88,8.0,26.27,"Elettronica, Accessori e Gadget Smart",Pellicole Salvaschermo Vetro con Dima Installazione,Spigen,B001001799,1,161,85
Spigen Pellicole Salvaschermo Vetro con Dima Installazione Premium Edition Mod. 37 (1831),https://www.amazon.it/dp/B001001831?tag=offertissimes-21,23.57,28.65,8.0,20.1,"Elettronica, Accessori e Gadget Smart",Pellicole Salvaschermo Vetro con Dima Installazione,Spigen,B001001831,1,243,83
amFilm Pellicole Salvaschermo Vetro con Dima Installazione Premium Edition Mod. 38 (1832),https://www.amazon.it/dp/B001001832?tag=offertissimes-21,31.39,48.13,8.0,26.72,"Elettronica, Accessori e Gadget Smart",Pellicole Salvaschermo Vetro con Dima Installazione,amFilm,B001001832,1,182,85
Aukey Caricatori GaN Multi-Porta Compatti Premium Edition Mod. 37 (1885),https://www.amazon.it/dp/B001001885?tag=offertissimes-21,69.93,112.08,8.0,62.96,"Elettronica, Accessori e Gadget Smart",Caricatori GaN Multi-Porta Compatti,Aukey,B001001885,0,304,100
Anker Caricatori GaN Multi-Porta Compatti Premium Edition Mod. 40 (1888),https://www.amazon.it/dp/B001001888?tag=offertissimes-21,20.01,22.9,8.0,19.0,"Elettronica, Accessori e Gadget Smart",Caricatori GaN Multi-Porta Compatti,Anker,B001001888,0,343,91
ESR Supporti Auto Magnetici MagSafe Wireless Premium Edition Mod. 35 (1936),https://www.amazon.it/dp/B001001936?tag=offertissimes-21,85.01,106.46,8.0,74.95,"Elettronica, Accessori e Gadget Smart",Supporti Auto Magnetici MagSafe Wireless,ESR,B001001936,0,204,99
FoodSaver Sigillatori Sottovuoto & Rotoli Goffrati Premium Edition Mod. 50 (2266),https://www.amazon.it/dp/B001002266?tag=offertissimes-21,148.79,182.88,8.0,140.57,"Casa, Cucina ed Elettrodomestici",Sigillatori Sottovuoto & Rotoli Goffrati,FoodSaver,B001002266,1,300,92
Nespresso Aeroccino Montalatte Elettrici a Induzione Virali Premium Edition Mod. 28 (2347),https://www.amazon.it/dp/B001002347?tag=offertissimes-21,76.06,87.97,8.0,69.35,"Casa, Cucina ed Elettrodomestici",Montalatte Elettrici a Induzione Virali,Nespresso Aeroccino,B001002347,0,389,92
Panasonic Eneloop Pile Ricaricabili AA / AAA NiMH & Caricatori Smart Premium Edition Mod. 05 (2375),https://www.amazon.it/dp/B001002375?tag=offertissimes-21,45.46,62.61,8.0,42.62,"Fai da Te, Bricolage e Giardinaggio",Pile Ricaricabili AA / AAA NiMH & Caricatori Smart,Panasonic Eneloop,B001002375,1,64,89
Bostik Nastri Adesivi Gorilla & Sigillanti Impermeabilizzanti Premium Edition Mod. 28 (2470),https://www.amazon.it/dp/B001002470?tag=offertissimes-21,26.08,35.69,8.0,22.78,"Fai da Te, Bricolage e Giardinaggio",Nastri Adesivi Gorilla & Sigillanti Impermeabilizzanti,Bostik,B001002470,1,108,82
Xiaomi Wowstick Mini Cacciaviti Elettrici di Precisione Virali Premium Edition Mod. 02 (2480),https://www.amazon.it/dp/B001002480?tag=offertissimes-21,72.61,86.96,8.0,63.25,"Fai da Te, Bricolage e Giardinaggio",Mini Cacciaviti Elettrici di Precisione Virali,Xiaomi Wowstick,B001002480,0,369,91
Fanttik Mini Cacciaviti Elettrici di Precisione Virali Premium Edition Mod. 23 (2501),https://www.amazon.it/dp/B001002501?tag=offertissimes-21,31.56,36.76,8.0,27.34,"Fai da Te, Bricolage e Giardinaggio",Mini Cacciaviti Elettrici di Precisione Virali,Fanttik,B001002501,0,302,95
Valeo Silencio Spazzole Tergicristallo Aerodinamiche Premium Edition Mod. 01 (2581),https://www.amazon.it/dp/B001002581?tag=offertissimes-21,51.22,67.27,8.0,48.36,Auto e Moto (Accessori & Manutenzione),Spazzole Tergicristallo Aerodinamiche,Valeo Silencio,B001002581,1,105,85
Michelin Spazzole Tergicristallo Aerodinamiche Premium Edition Mod. 14 (2594),https://www.amazon.it/dp/B001002594?tag=offertissimes-21,10.91,14.6,8.0,10.36,Auto e Moto (Accessori & Manutenzione),Spazzole Tergicristallo Aerodinamiche,Michelin,B001002594,1,64,79
Meguiar's Kit Pulizia & Manutenzione Pelle/Plastiche Auto Premium Edition Mod. 16 (2626),https://www.amazon.it/dp/B001002626?tag=offertissimes-21,30.21,36.14,8.0,28.8,Auto e Moto (Accessori & Manutenzione),Kit Pulizia & Manutenzione Pelle/Plastiche Auto,Meguiar's,B001002626,1,99,93
Renpho Pistole Massaggianti Muscolari Portatili Premium Edition Mod. 20 (2796),https://www.amazon.it/dp/B001002796?tag=offertissimes-21,61.1,95.5,8.0,56.54,"Sport, Fitness e Attrezzatura",Pistole Massaggianti Muscolari Portatili,Renpho,B001002796,0,376,97
Manduka Tappetini Yoga Antiscivolo Alta Densità TPE Premium Edition Mod. 23 (2837),https://www.amazon.it/dp/B001002837?tag=offertissimes-21,40.55,56.54,8.0,37.34,"Sport, Fitness e Attrezzatura",Tappetini Yoga Antiscivolo Alta Densità TPE,Manduka,B001002837,0,339,86
Munbyn Etichette Termiche Adesive Spedizioni 100x150mm Premium Edition Mod. 01 (2955),https://www.amazon.it/dp/B001002955?tag=offertissimes-21,30.08,38.5,8.0,27.72,"Cancelleria, Ufficio e Spedizioni",Etichette Termiche Adesive Spedizioni 100x150mm,Munbyn,B001002955,1,50,88
BONTEC Supporti Monitor Ergonomici con Cassetti Premium Edition Mod. 16 (3034),https://www.amazon.it/dp/B001003034?tag=offertissimes-21,26.67,30.9,8.0,25.28,"Cancelleria, Ufficio e Spedizioni",Supporti Monitor Ergonomici con Cassetti,BONTEC,B001003034,0,380,85
Moleskine Agende Settimanali 12/18 Mesi & Ricariche Premium Edition Mod. 18 (3308),https://www.amazon.it/dp/B001003308?tag=offertissimes-21,28.81,34.81,8.0,26.06,"Libri, Agende e Self-Help",Agende Settimanali 12/18 Mesi & Ricariche,Moleskine,B001003308,1,109,87
Leuchtturm1917 Quaderni Puntinati Bullet Journal Dotted 120g Premium Edition Mod. 17 (3375),https://www.amazon.it/dp/B001003375?tag=offertissimes-21,14.35,19.74,8.0,13.56,"Libri, Agende e Self-Help",Quaderni Puntinati Bullet Journal Dotted 120g,Leuchtturm1917,B001003375,1,294,79
Florence Bio Sieri Viso & Trattamenti Anti-Age Premium Edition Mod. 51 (0051),https://www.amazon.it/dp/B001000051?tag=offertissimes-21,40.02,48.21,7.9,37.86,Bellezza e Cura della Persona,Sieri Viso & Trattamenti Anti-Age,Florence Bio,B001000051,1,32,93
L'Oréal Professionnel Cura dei Capelli & Shampoo Trattanti Premium Edition Mod. 44 (0172),https://www.amazon.it/dp/B001000172?tag=offertissimes-21,41.66,59.51,7.9,38.48,Bellezza e Cura della Persona,Cura dei Capelli & Shampoo Trattanti,L'Oréal Professionnel,B001000172,1,38,90
Afnan Profumeria & Fragranze Virali Premium Edition Mod. 02 (0256),https://www.amazon.it/dp/B001000256?tag=offertissimes-21,36.15,47.9,7.9,32.31,Bellezza e Cura della Persona,Profumeria & Fragranze Virali,Afnan,B001000256,0,332,100
Foodspring Proteine & Aminoacidi Sportivi Premium Edition Mod. 50 (0430),https://www.amazon.it/dp/B001000430?tag=offertissimes-21,34.6,48.7,7.9,30.64,"Salute, Igiene e Integratori",Proteine & Aminoacidi Sportivi,Foodspring,B001000430,1,33,87
SiS Science in Sport Elettroliti & Idratazione Senza Zucchero Premium Edition Mod. 13 (0564),https://www.amazon.it/dp/B001000564?tag=offertissimes-21,12.37,17.53,7.9,11.23,"Salute, Igiene e Integratori",Elettroliti & Idratazione Senza Zucchero,SiS Science in Sport,B001000564,1,37,90
Braun Dispositivi Elettromedicali & Termometri Premium Edition Mod. 09 (0617),https://www.amazon.it/dp/B001000617?tag=offertissimes-21,17.14,24.3,7.9,14.59,"Salute, Igiene e Integratori",Dispositivi Elettromedicali & Termometri,Braun,B001000617,0,330,79
Borbone Cialde & Capsule Caffè Scorte 100-150pz Premium Edition Mod. 35 (0755),https://www.amazon.it/dp/B001000755?tag=offertissimes-21,10.96,16.32,7.9,10.35,"Alimentari, Caffè e Bevande",Cialde & Capsule Caffè Scorte 100-150pz,Borbone,B001000755,1,28,92
Borbone Cialde & Capsule Caffè Scorte 100-150pz Premium Edition Mod. 38 (0758),https://www.amazon.it/dp/B001000758?tag=offertissimes-21,18.54,25.72,7.9,17.72,"Alimentari, Caffè e Bevande",Cialde & Capsule Caffè Scorte 100-150pz,Borbone,B001000758,1,26,95
Prozis Alimenti Proteici & Creme Spalmabili Zero Premium Edition Mod. 49 (0925),https://www.amazon.it/dp/B001000925?tag=offertissimes-21,29.05,42.69,7.9,26.32,"Alimentari, Caffè e Bevande",Alimenti Proteici & Creme Spalmabili Zero,Prozis,B001000925,1,32,82
Scrub Daddy Pulitori Miracolosi Virali & Spugne Premium Edition Mod. 40 (1200),https://www.amazon.it/dp/B001001200?tag=offertissimes-21,30.24,44.54,7.9,29.04,Cura della Casa e Pulizia,Pulitori Miracolosi Virali & Spugne,Scrub Daddy,B001001200,0,303,91
Dreamegg Gadget Virali Sonno Neonato (White Noise) Premium Edition Mod. 10 (1434),https://www.amazon.it/dp/B001001434?tag=offertissimes-21,19.8,29.64,7.9,18.4,Prima Infanzia e Maternità,Gadget Virali Sonno Neonato (White Noise),Dreamegg,B001001434,0,204,94
Biokat's Lettiere Gatto Agglomeranti & Silicio 10-20L Premium Edition Mod. 44 (1504),https://www.amazon.it/dp/B001001504?tag=offertissimes-21,59.19,78.69,7.9,54.46,Animali Domestici (Pet Care),Lettiere Gatto Agglomeranti & Silicio 10-20L,Biokat's,B001001504,1,39,87
Pogi's Sacchetti Igienici Cane Biodegradabili (300-600pz) Premium Edition Mod. 33 (1540),https://www.amazon.it/dp/B001001540?tag=offertissimes-21,46.06,68.16,7.9,45.02,Animali Domestici (Pet Care),Sacchetti Igienici Cane Biodegradabili (300-600pz),Pogi's,B001001540,1,24,93
Trixie Tappetini Olfattivi & Ciotole Lente Virali Premium Edition Mod. 44 (1738),https://www.amazon.it/dp/B001001738?tag=offertissimes-21,16.26,26.04,7.9,15.46,Animali Domestici (Pet Care),Tappetini Olfattivi & Ciotole Lente Virali,Trixie,B001001738,0,453,98
Spigen Pellicole Salvaschermo Vetro con Dima Installazione Premium Edition Mod. 24 (1818),https://www.amazon.it/dp/B001001818?tag=offertissimes-21,14.83,22.58,7.9,13.87,"Elettronica, Accessori e Gadget Smart",Pellicole Salvaschermo Vetro con Dima Installazione,Spigen,B001001818,1,111,85
Hagibis Kit Pulizia Multifunzione 7-in-1 Tech Premium Edition Mod. 12 (1966),https://www.amazon.it/dp/B001001966?tag=offertissimes-21,26.75,32.01,7.9,25.7,"Elettronica, Accessori e Gadget Smart",Kit Pulizia Multifunzione 7-in-1 Tech,Hagibis,B001001966,0,513,100
Ordilend Kit Pulizia Multifunzione 7-in-1 Tech Premium Edition Mod. 14 (1968),https://www.amazon.it/dp/B001001968?tag=offertissimes-21,60.01,84.97,7.9,52.24,"Elettronica, Accessori e Gadget Smart",Kit Pulizia Multifunzione 7-in-1 Tech,Ordilend,B001001968,0,259,98
Hagibis Kit Pulizia Multifunzione 7-in-1 Tech Premium Edition Mod. 15 (1969),https://www.amazon.it/dp/B001001969?tag=offertissimes-21,52.33,83.69,7.9,47.31,"Elettronica, Accessori e Gadget Smart",Kit Pulizia Multifunzione 7-in-1 Tech,Hagibis,B001001969,0,240,93
Roborock Filtri & Ricambi Robot Aspirapolvere Premium Edition Mod. 45 (2105),https://www.amazon.it/dp/B001002105?tag=offertissimes-21,43.74,69.01,7.9,37.56,"Casa, Cucina ed Elettrodomestici",Filtri & Ricambi Robot Aspirapolvere,Roborock,B001002105,1,102,86
SiliconeMaster Carta Forno Riutilizzabile & Accessori Friggitrice Aria Premium Edition Mod. 19 (2131),https://www.amazon.it/dp/B001002131?tag=offertissimes-21,130.14,181.97,7.9,122.43,"Casa, Cucina ed Elettrodomestici",Carta Forno Riutilizzabile & Accessori Friggitrice Aria,SiliconeMaster,B001002131,1,315,98
KitchenBoss Sigillatori Sottovuoto & Rotoli Goffrati Premium Edition Mod. 05 (2221),https://www.amazon.it/dp/B001002221?tag=offertissimes-21,126.37,177.96,7.9,112.3,"Casa, Cucina ed Elettrodomestici",Sigillatori Sottovuoto & Rotoli Goffrati,KitchenBoss,B001002221,1,358,92
Bialetti Montalatte Elettrici a Induzione Virali Premium Edition Mod. 27 (2346),https://www.amazon.it/dp/B001002346?tag=offertissimes-21,74.69,115.13,7.9,68.49,"Casa, Cucina ed Elettrodomestici",Montalatte Elettrici a Induzione Virali,Bialetti,B001002346,0,197,90
Aigostar Lampadine LED Smart Dimmerabili Attacco E27/GU10 Premium Edition Mod. 33 (2439),https://www.amazon.it/dp/B001002439?tag=offertissimes-21,58.25,93.67,7.9,52.62,"Fai da Te, Bricolage e Giardinaggio",Lampadine LED Smart Dimmerabili Attacco E27/GU10,Aigostar,B001002439,1,82,88
Ma-Fra Kit Pulizia & Manutenzione Pelle/Plastiche Auto Premium Edition Mod. 04 (2614),https://www.amazon.it/dp/B001002614?tag=offertissimes-21,8.74,12.36,7.9,8.54,Auto e Moto (Accessori & Manutenzione),Kit Pulizia & Manutenzione Pelle/Plastiche Auto,Ma-Fra,B001002614,1,130,80
BlazePods Corda per Saltare Professionale con Cuscinetti Rapidi Premium Edition Mod. 12 (2750),https://www.amazon.it/dp/B001002750?tag=offertissimes-21,52.73,73.75,7.9,46.02,"Sport, Fitness e Attrezzatura",Corda per Saltare Professionale con Cuscinetti Rapidi,BlazePods,B001002750,0,425,97
Gritin Tappetini Yoga Antiscivolo Alta Densità TPE Premium Edition Mod. 12 (2826),https://www.amazon.it/dp/B001002826?tag=offertissimes-21,83.28,105.92,7.9,74.49,"Sport, Fitness e Attrezzatura",Tappetini Yoga Antiscivolo Alta Densità TPE,Gritin,B001002826,0,228,81
Phomemo Etichette Termiche Adesive Spedizioni 100x150mm Premium Edition Mod. 32 (2986),https://www.amazon.it/dp/B001002986?tag=offertissimes-21,26.89,42.19,7.9,22.99,"Cancelleria, Ufficio e Spedizioni",Etichette Termiche Adesive Spedizioni 100x150mm,Phomemo,B001002986,1,79,88
Stabilo Boss Pastel Evidenziatori Pastello & Penne Gel Cancellabili Premium Edition Mod. 31 (3017),https://www.amazon.it/dp/B001003017?tag=offertissimes-21,40.16,46.7,7.9,36.16,"Cancelleria, Ufficio e Spedizioni",Evidenziatori Pastello & Penne Gel Cancellabili,Stabilo Boss Pastel,B001003017,1,81,89
Fjällräven Borse a Tracolla & Marsupi Virali Monospalla Premium Edition Mod. 20 (3168),https://www.amazon.it/dp/B001003168?tag=offertissimes-21,15.8,22.8,7.9,14.4,Abbigliamento Base e Calzetteria,Borse a Tracolla & Marsupi Virali Monospalla,Fjällräven,B001003168,0,262,91
Sluban Set Costruzioni Modulari per Adulti Premium Edition Mod. 16 (3252),https://www.amazon.it/dp/B001003252?tag=offertissimes-21,11.05,14.86,7.9,10.47,"Giochi, Hobbies e Tempo Libero",Set Costruzioni Modulari per Adulti,Sluban,B001003252,0,196,94
"Mondadori Bestseller Crescita Personale & Finanza (Atomic Habits, etc.) Premium Edition Mod. 18 (3331)",https://www.amazon.it/dp/B001003331?tag=offertissimes-21,11.28,16.19,7.9,10.88,"Libri, Agende e Self-Help","Bestseller Crescita Personale & Finanza (Atomic Habits, etc.)",Mondadori,B001003331,0,351,94
Kérastase Cura dei Capelli & Shampoo Trattanti Premium Edition Mod. 03 (0131),https://www.amazon.it/dp/B001000131?tag=offertissimes-21,32.94,41.33,7.8,30.0,Bellezza e Cura della Persona,Cura dei Capelli & Shampoo Trattanti,Kérastase,B001000131,1,50,90
"Philips OneBlade Rasatura, Lame & Depilazione Premium Edition Mod. 22 (0213)",https://www.amazon.it/dp/B001000213?tag=offertissimes-21,17.1,20.19,7.8,16.27,Bellezza e Cura della Persona,"Rasatura, Lame & Depilazione",Philips OneBlade,B001000213,1,58,79
"Braun Rasatura, Lame & Depilazione Premium Edition Mod. 51 (0242)",https://www.amazon.it/dp/B001000242?tag=offertissimes-21,19.24,25.35,7.8,16.92,Bellezza e Cura della Persona,"Rasatura, Lame & Depilazione",Braun,B001000242,1,27,77
Maybelline Make-Up & Accessori Bellezza Virali Premium Edition Mod. 33 (0350),https://www.amazon.it/dp/B001000350?tag=offertissimes-21,10.65,15.55,7.8,9.25,Bellezza e Cura della Persona,Make-Up & Accessori Bellezza Virali,Maybelline,B001000350,0,349,94
Yamamoto Proteine & Aminoacidi Sportivi Premium Edition Mod. 48 (0428),https://www.amazon.it/dp/B001000428?tag=offertissimes-21,31.0,46.89,7.8,26.57,"Salute, Igiene e Integratori",Proteine & Aminoacidi Sportivi,Yamamoto,B001000428,1,26,90
Voltrx Shaker Magnetici & Accessori Virali Gym Premium Edition Mod. 06 (0670),https://www.amazon.it/dp/B001000670?tag=offertissimes-21,43.24,51.3,7.8,39.94,"Salute, Igiene e Integratori",Shaker Magnetici & Accessori Virali Gym,Voltrx,B001000670,0,259,93
Voltrx Shaker Magnetici & Accessori Virali Gym Premium Edition Mod. 33 (0697),https://www.amazon.it/dp/B001000697?tag=offertissimes-21,30.32,45.41,7.8,26.64,"Salute, Igiene e Integratori",Shaker Magnetici & Accessori Virali Gym,Voltrx,B001000697,0,311,90
Voltrx Shaker Magnetici & Accessori Virali Gym Premium Edition Mod. 50 (0714),https://www.amazon.it/dp/B001000714?tag=offertissimes-21,26.18,31.89,7.8,25.42,"Salute, Igiene e Integratori",Shaker Magnetici & Accessori Virali Gym,Voltrx,B001000714,0,436,83
Caffè Toraldo Cialde & Capsule Caffè Scorte 100-150pz Premium Edition Mod. 18 (0738),https://www.amazon.it/dp/B001000738?tag=offertissimes-21,33.99,50.23,7.8,31.13,"Alimentari, Caffè e Bevande",Cialde & Capsule Caffè Scorte 100-150pz,Caffè Toraldo,B001000738,1,18,90
Angelcare Ricariche Mangia-Pannolini Multistrato Premium Edition Mod. 33 (1385),https://www.amazon.it/dp/B001001385?tag=offertissimes-21,45.93,71.57,7.8,42.41,Prima Infanzia e Maternità,Ricariche Mangia-Pannolini Multistrato,Angelcare,B001001385,1,23,83
Momcozy Gadget Virali Sonno Neonato (White Noise) Premium Edition Mod. 09 (1433),https://www.amazon.it/dp/B001001433?tag=offertissimes-21,34.85,53.71,7.8,29.91,Prima Infanzia e Maternità,Gadget Virali Sonno Neonato (White Noise),Momcozy,B001001433,0,514,95
Cat's Best Lettiere Gatto Agglomeranti & Silicio 10-20L Premium Edition Mod. 17 (1477),https://www.amazon.it/dp/B001001477?tag=offertissimes-21,63.78,72.87,7.8,58.73,Animali Domestici (Pet Care),Lettiere Gatto Agglomeranti & Silicio 10-20L,Cat's Best,B001001477,1,32,83
Earth Rated Sacchetti Igienici Cane Biodegradabili (300-600pz) Premium Edition Mod. 08 (1515),https://www.amazon.it/dp/B001001515?tag=offertissimes-21,8.06,10.71,7.8,7.08,Animali Domestici (Pet Care),Sacchetti Igienici Cane Biodegradabili (300-600pz),Earth Rated,B001001515,1,21,87
Purina Dentalife Snack Igiene Dentale Cani Scorte Mensili Premium Edition Mod. 45 (1599),https://www.amazon.it/dp/B001001599?tag=offertissimes-21,63.42,78.22,7.8,59.5,Animali Domestici (Pet Care),Snack Igiene Dentale Cani Scorte Mensili,Purina Dentalife,B001001599,1,45,87
ESR Supporti Auto Magnetici MagSafe Wireless Premium Edition Mod. 05 (1906),https://www.amazon.it/dp/B001001906?tag=offertissimes-21,71.5,81.73,7.8,62.04,"Elettronica, Accessori e Gadget Smart",Supporti Auto Magnetici MagSafe Wireless,ESR,B001001906,0,435,90
Ecovacs Filtri & Ricambi Robot Aspirapolvere Premium Edition Mod. 04 (2064),https://www.amazon.it/dp/B001002064?tag=offertissimes-21,96.58,148.57,7.8,94.03,"Casa, Cucina ed Elettrodomestici",Filtri & Ricambi Robot Aspirapolvere,Ecovacs,B001002064,1,286,81
iRobot Roomba Filtri & Ricambi Robot Aspirapolvere Premium Edition Mod. 08 (2068),https://www.amazon.it/dp/B001002068?tag=offertissimes-21,125.43,183.72,7.8,113.98,"Casa, Cucina ed Elettrodomestici",Filtri & Ricambi Robot Aspirapolvere,iRobot Roomba,B001002068,1,261,92
KitchenBoss Sigillatori Sottovuoto & Rotoli Goffrati Premium Edition Mod. 39 (2255),https://www.amazon.it/dp/B001002255?tag=offertissimes-21,57.64,80.31,7.8,53.51,"Casa, Cucina ed Elettrodomestici",Sigillatori Sottovuoto & Rotoli Goffrati,KitchenBoss,B001002255,1,148,78
Nespresso Aeroccino Montalatte Elettrici a Induzione Virali Premium Edition Mod. 36 (2355),https://www.amazon.it/dp/B001002355?tag=offertissimes-21,140.65,170.1,7.8,127.7,"Casa, Cucina ed Elettrodomestici",Montalatte Elettrici a Induzione Virali,Nespresso Aeroccino,B001002355,0,252,88
Xiaomi Wowstick Mini Cacciaviti Elettrici di Precisione Virali Premium Edition Mod. 11 (2489),https://www.amazon.it/dp/B001002489?tag=offertissimes-21,22.57,29.95,7.8,20.82,"Fai da Te, Bricolage e Giardinaggio",Mini Cacciaviti Elettrici di Precisione Virali,Xiaomi Wowstick,B001002489,0,275,95
Meguiar's Kit Pulizia & Manutenzione Pelle/Plastiche Auto Premium Edition Mod. 01 (2611),https://www.amazon.it/dp/B001002611?tag=offertissimes-21,45.42,55.99,7.8,41.05,Auto e Moto (Accessori & Manutenzione),Kit Pulizia & Manutenzione Pelle/Plastiche Auto,Meguiar's,B001002611,1,94,94
Ma-Fra Kit Pulizia & Manutenzione Pelle/Plastiche Auto Premium Edition Mod. 19 (2629),https://www.amazon.it/dp/B001002629?tag=offertissimes-21,45.95,71.67,7.8,42.95,Auto e Moto (Accessori & Manutenzione),Kit Pulizia & Manutenzione Pelle/Plastiche Auto,Ma-Fra,B001002629,1,138,87
Gritin Fasce Elastiche di Resistenza & Loop Bands Tessuto Premium Edition Mod. 25 (2725),https://www.amazon.it/dp/B001002725?tag=offertissimes-21,77.31,100.0,7.8,67.67,"Sport, Fitness e Attrezzatura",Fasce Elastiche di Resistenza & Loop Bands Tessuto,Gritin,B001002725,1,180,89
Liforme Tappetini Yoga Antiscivolo Alta Densità TPE Premium Edition Mod. 22 (2836),https://www.amazon.it/dp/B001002836?tag=offertissimes-21,49.71,56.78,7.8,42.92,"Sport, Fitness e Attrezzatura",Tappetini Yoga Antiscivolo Alta Densità TPE,Liforme,B001002836,0,331,86
Double A Risme Carta da Stampa A4 80g Scorte 2500ff Premium Edition Mod. 27 (2949),https://www.amazon.it/dp/B001002949?tag=offertissimes-21,39.56,51.45,7.8,36.69,"Cancelleria, Ufficio e Spedizioni",Risme Carta da Stampa A4 80g Scorte 2500ff,Double A,B001002949,1,31,80
Kensington Supporti Monitor Ergonomici con Cassetti Premium Edition Mod. 20 (3038),https://www.amazon.it/dp/B001003038?tag=offertissimes-21,27.61,41.7,7.8,24.33,"Cancelleria, Ufficio e Spedizioni",Supporti Monitor Ergonomici con Cassetti,Kensington,B001003038,0,325,82
Sperling & Kupfer Romanzi Virali BookTok & Romance Trend Premium Edition Mod. 18 (3354),https://www.amazon.it/dp/B001003354?tag=offertissimes-21,20.91,29.64,7.8,18.63,"Libri, Agende e Self-Help",Romanzi Virali BookTok & Romance Trend,Sperling & Kupfer,B001003354,0,206,100
Oral-B Igiene Orale & Ricambi Spazzolini Premium Edition Mod. 30 (0094),https://www.amazon.it/dp/B001000094?tag=offertissimes-21,22.6,27.39,7.7,19.61,Bellezza e Cura della Persona,Igiene Orale & Ricambi Spazzolini,Oral-B,B001000094,1,38,83
Essence Make-Up & Accessori Bellezza Virali Premium Edition Mod. 03 (0320),https://www.amazon.it/dp/B001000320?tag=offertissimes-21,25.74,30.65,7.7,24.06,Bellezza e Cura della Persona,Make-Up & Accessori Bellezza Virali,Essence,B001000320,0,389,91
"Nutravita Vitamine, Magnesio & Biohacking Sonno Premium Edition Mod. 28 (0522)",https://www.amazon.it/dp/B001000522?tag=offertissimes-21,13.87,19.95,7.7,12.57,"Salute, Igiene e Integratori","Vitamine, Magnesio & Biohacking Sonno",Nutravita,B001000522,1,24,91
"Swisse Vitamine, Magnesio & Biohacking Sonno Premium Edition Mod. 51 (0545)",https://www.amazon.it/dp/B001000545?tag=offertissimes-21,41.66,49.09,7.7,36.62,"Salute, Igiene e Integratori","Vitamine, Magnesio & Biohacking Sonno",Swisse,B001000545,1,45,89
Lavazza Cialde & Capsule Caffè Scorte 100-150pz Premium Edition Mod. 23 (0743),https://www.amazon.it/dp/B001000743?tag=offertissimes-21,27.92,41.66,7.7,25.1,"Alimentari, Caffè e Bevande",Cialde & Capsule Caffè Scorte 100-150pz,Lavazza,B001000743,1,27,95
Prozis Alimenti Proteici & Creme Spalmabili Zero Premium Edition Mod. 26 (0902),https://www.amazon.it/dp/B001000902?tag=offertissimes-21,36.56,48.6,7.7,32.24,"Alimentari, Caffè e Bevande",Alimenti Proteici & Creme Spalmabili Zero,Prozis,B001000902,1,32,94
Finish Quantum Capsule Lavastoviglie Maxi Box (100-160pz) Premium Edition Mod. 11 (0991),https://www.amazon.it/dp/B001000991?tag=offertissimes-21,12.18,14.49,7.7,11.71,Cura della Casa e Pulizia,Capsule Lavastoviglie Maxi Box (100-160pz),Finish Quantum,B001000991,1,43,89
Philips Water Filtri Ricambio Caraffe & Depuratori Acqua Premium Edition Mod. 25 (1125),https://www.amazon.it/dp/B001001125?tag=offertissimes-21,43.52,52.06,7.7,38.65,Cura della Casa e Pulizia,Filtri Ricambio Caraffe & Depuratori Acqua,Philips Water,B001001125,1,31,96
Lillydoo Pannolini Box Scorta Mensile (120-180pz) Premium Edition Mod. 07 (1287),https://www.amazon.it/dp/B001001287?tag=offertissimes-21,16.31,20.7,7.7,15.38,Prima Infanzia e Maternità,Pannolini Box Scorta Mensile (120-180pz),Lillydoo,B001001287,1,30,94
Huggies Pure Salviette Umidificate All'Acqua 99% Premium Edition Mod. 27 (1343),https://www.amazon.it/dp/B001001343?tag=offertissimes-21,63.2,81.78,7.7,54.8,Prima Infanzia e Maternità,Salviette Umidificate All'Acqua 99%,Huggies Pure,B001001343,1,28,84
Foppapedretti Ricariche Mangia-Pannolini Multistrato Premium Edition Mod. 08 (1360),https://www.amazon.it/dp/B001001360?tag=offertissimes-21,18.89,22.91,7.7,16.99,Prima Infanzia e Maternità,Ricariche Mangia-Pannolini Multistrato,Foppapedretti,B001001360,1,15,81
Greenies Snack Igiene Dentale Cani Scorte Mensili Premium Edition Mod. 29 (1583),https://www.amazon.it/dp/B001001583?tag=offertissimes-21,57.71,71.4,7.7,52.79,Animali Domestici (Pet Care),Snack Igiene Dentale Cani Scorte Mensili,Greenies,B001001583,1,20,85
PetiFine Filtri Ricambio Fontanelle Acqua Gatti Premium Edition Mod. 06 (1607),https://www.amazon.it/dp/B001001607?tag=offertissimes-21,58.5,71.51,7.7,49.97,Animali Domestici (Pet Care),Filtri Ricambio Fontanelle Acqua Gatti,PetiFine,B001001607,1,31,88
Anker Cavi USB-C Fast Charge 100W/240W Multipack Premium Edition Mod. 39 (1779),https://www.amazon.it/dp/B001001779?tag=offertissimes-21,85.81,102.0,7.7,73.97,"Elettronica, Accessori e Gadget Smart",Cavi USB-C Fast Charge 100W/240W Multipack,Anker,B001001779,1,281,90
Spigen Supporti Auto Magnetici MagSafe Wireless Premium Edition Mod. 38 (1939),https://www.amazon.it/dp/B001001939?tag=offertissimes-21,16.31,18.66,7.7,14.14,"Elettronica, Accessori e Gadget Smart",Supporti Auto Magnetici MagSafe Wireless,Spigen,B001001939,0,511,90
Hagibis Kit Pulizia Multifunzione 7-in-1 Tech Premium Edition Mod. 50 (2004),https://www.amazon.it/dp/B001002004?tag=offertissimes-21,58.99,70.68,7.7,51.33,"Elettronica, Accessori e Gadget Smart",Kit Pulizia Multifunzione 7-in-1 Tech,Hagibis,B001002004,0,499,89
iRobot Roomba Filtri & Ricambi Robot Aspirapolvere Premium Edition Mod. 11 (2071),https://www.amazon.it/dp/B001002071?tag=offertissimes-21,110.5,132.04,7.7,107.52,"Casa, Cucina ed Elettrodomestici",Filtri & Ricambi Robot Aspirapolvere,iRobot Roomba,B001002071,1,314,89
mDesign Organizer Frigo & Dispensa Trasparenti Acrilico Premium Edition Mod. 41 (2309),https://www.amazon.it/dp/B001002309?tag=offertissimes-21,70.59,80.88,7.7,64.53,"Casa, Cucina ed Elettrodomestici",Organizer Frigo & Dispensa Trasparenti Acrilico,mDesign,B001002309,0,319,96
Severin Montalatte Elettrici a Induzione Virali Premium Edition Mod. 08 (2327),https://www.amazon.it/dp/B001002327?tag=offertissimes-21,59.35,94.92,7.7,54.96,"Casa, Cucina ed Elettrodomestici",Montalatte Elettrici a Induzione Virali,Severin,B001002327,0,477,87
Philips Hue Lampadine LED Smart Dimmerabili Attacco E27/GU10 Premium Edition Mod. 12 (2418),https://www.amazon.it/dp/B001002418?tag=offertissimes-21,32.12,44.22,7.7,29.39,"Fai da Te, Bricolage e Giardinaggio",Lampadine LED Smart Dimmerabili Attacco E27/GU10,Philips Hue,B001002418,1,59,77
Fanttik Mini Cacciaviti Elettrici di Precisione Virali Premium Edition Mod. 14 (2492),https://www.amazon.it/dp/B001002492?tag=offertissimes-21,55.86,78.62,7.7,49.38,"Fai da Te, Bricolage e Giardinaggio",Mini Cacciaviti Elettrici di Precisione Virali,Fanttik,B001002492,0,506,84
Gardena Sistemi Irrigazione a Goccia Smart per Balconi Premium Edition Mod. 15 (2529),https://www.amazon.it/dp/B001002529?tag=offertissimes-21,48.88,72.05,7.7,47.62,"Fai da Te, Bricolage e Giardinaggio",Sistemi Irrigazione a Goccia Smart per Balconi,Gardena,B001002529,0,533,86
Gardena Sistemi Irrigazione a Goccia Smart per Balconi Premium Edition Mod. 22 (2536),https://www.amazon.it/dp/B001002536?tag=offertissimes-21,59.93,88.48,7.7,55.56,"Fai da Te, Bricolage e Giardinaggio",Sistemi Irrigazione a Goccia Smart per Balconi,Gardena,B001002536,0,254,84
Yankee Candle Car Profumatori Auto Lunga Durata & Ricariche Premium Edition Mod. 25 (2575),https://www.amazon.it/dp/B001002575?tag=offertissimes-21,22.64,31.78,7.7,21.2,Auto e Moto (Accessori & Manutenzione),Profumatori Auto Lunga Durata & Ricariche,Yankee Candle Car,B001002575,1,66,81
Theragun Mini Pistole Massaggianti Muscolari Portatili Premium Edition Mod. 28 (2804),https://www.amazon.it/dp/B001002804?tag=offertissimes-21,44.67,59.96,7.7,43.42,"Sport, Fitness e Attrezzatura",Pistole Massaggianti Muscolari Portatili,Theragun Mini,B001002804,0,197,95
JARBO Cartucce & Toner Compatibili Multipack Premium Edition Mod. 29 (2919),https://www.amazon.it/dp/B001002919?tag=offertissimes-21,12.46,18.47,7.7,10.75,"Cancelleria, Ufficio e Spedizioni",Cartucce & Toner Compatibili Multipack,JARBO,B001002919,1,31,95
Ultra Pro Bustine Protettive Carte Collezionabili (100-500pz) Premium Edition Mod. 12 (3192),https://www.amazon.it/dp/B001003192?tag=offertissimes-21,17.72,23.18,7.7,15.48,"Giochi, Hobbies e Tempo Libero",Bustine Protettive Carte Collezionabili (100-500pz),Ultra Pro,B001003192,1,351,92
Dingbats Quaderni Puntinati Bullet Journal Dotted 120g Premium Edition Mod. 07 (3365),https://www.amazon.it/dp/B001003365?tag=offertissimes-21,15.04,17.2,7.7,13.56,"Libri, Agende e Self-Help",Quaderni Puntinati Bullet Journal Dotted 120g,Dingbats,B001003365,1,114,93
Florence Bio Sieri Viso & Trattamenti Anti-Age Premium Edition Mod. 07 (0007),https://www.amazon.it/dp/B001000007?tag=offertissimes-21,45.81,60.22,7.6,40.52,Bellezza e Cura della Persona,Sieri Viso & Trattamenti Anti-Age,Florence Bio,B001000007,1,38,91
The Ordinary Sieri Viso & Trattamenti Anti-Age Premium Edition Mod. 13 (0013),https://www.amazon.it/dp/B001000013?tag=offertissimes-21,20.19,31.25,7.6,18.35,Bellezza e Cura della Persona,Sieri Viso & Trattamenti Anti-Age,The Ordinary,B001000013,1,44,89
The Ordinary Sieri Viso & Trattamenti Anti-Age Premium Edition Mod. 34 (0034),https://www.amazon.it/dp/B001000034?tag=offertissimes-21,19.28,23.28,7.6,16.45,Bellezza e Cura della Persona,Sieri Viso & Trattamenti Anti-Age,The Ordinary,B001000034,1,44,94
Restivoil Cura dei Capelli & Shampoo Trattanti Premium Edition Mod. 51 (0179),https://www.amazon.it/dp/B001000179?tag=offertissimes-21,25.49,33.8,7.6,21.92,Bellezza e Cura della Persona,Cura dei Capelli & Shampoo Trattanti,Restivoil,B001000179,1,34,91
"Astra Rasatura, Lame & Depilazione Premium Edition Mod. 60 (0251)",https://www.amazon.it/dp/B001000251?tag=offertissimes-21,14.31,21.57,7.6,13.72,Bellezza e Cura della Persona,"Rasatura, Lame & Depilazione",Astra,B001000251,1,58,78
"Swisse Vitamine, Magnesio & Biohacking Sonno Premium Edition Mod. 32 (0526)",https://www.amazon.it/dp/B001000526?tag=offertissimes-21,47.76,57.33,7.6,46.31,"Salute, Igiene e Integratori","Vitamine, Magnesio & Biohacking Sonno",Swisse,B001000526,1,36,90
SiS Science in Sport Elettroliti & Idratazione Senza Zucchero Premium Edition Mod. 45 (0596),https://www.amazon.it/dp/B001000596?tag=offertissimes-21,25.82,35.66,7.6,25.23,"Salute, Igiene e Integratori",Elettroliti & Idratazione Senza Zucchero,SiS Science in Sport,B001000596,1,42,91
Pic Solution Dispositivi Elettromedicali & Termometri Premium Edition Mod. 03 (0611),https://www.amazon.it/dp/B001000611?tag=offertissimes-21,26.36,39.6,7.6,24.48,"Salute, Igiene e Integratori",Dispositivi Elettromedicali & Termometri,Pic Solution,B001000611,0,321,78
Borbone Cialde & Capsule Caffè Scorte 100-150pz Premium Edition Mod. 48 (0768),https://www.amazon.it/dp/B001000768?tag=offertissimes-21,37.46,51.43,7.6,34.22,"Alimentari, Caffè e Bevande",Cialde & Capsule Caffè Scorte 100-150pz,Borbone,B001000768,1,29,98
Ariel Pods Detersivi Lavatrice Concentrati & Pods Premium Edition Mod. 21 (1061),https://www.amazon.it/dp/B001001061?tag=offertissimes-21,41.29,55.74,7.6,38.98,Cura della Casa e Pulizia,Detersivi Lavatrice Concentrati & Pods,Ariel Pods,B001001061,1,59,84
Dixan Detersivi Lavatrice Concentrati & Pods Premium Edition Mod. 54 (1094),https://www.amazon.it/dp/B001001094?tag=offertissimes-21,29.14,44.01,7.6,26.3,Cura della Casa e Pulizia,Detersivi Lavatrice Concentrati & Pods,Dixan,B001001094,1,68,84
Vileda Panni Microfibra Alta Densità & Swiffer Ricambi Premium Edition Mod. 48 (1268),https://www.amazon.it/dp/B001001268?tag=offertissimes-21,33.14,38.88,7.6,31.77,Cura della Casa e Pulizia,Panni Microfibra Alta Densità & Swiffer Ricambi,Vileda,B001001268,1,46,80
Pogi's Sacchetti Igienici Cane Biodegradabili (300-600pz) Premium Edition Mod. 14 (1521),https://www.amazon.it/dp/B001001521?tag=offertissimes-21,22.87,30.23,7.6,19.48,Animali Domestici (Pet Care),Sacchetti Igienici Cane Biodegradabili (300-600pz),Pogi's,B001001521,1,27,85
Pogi's Sacchetti Igienici Cane Biodegradabili (300-600pz) Premium Edition Mod. 36 (1543),https://www.amazon.it/dp/B001001543?tag=offertissimes-21,46.6,63.64,7.6,40.16,Animali Domestici (Pet Care),Sacchetti Igienici Cane Biodegradabili (300-600pz),Pogi's,B001001543,1,20,90
ChomChom Roller Spazzole Rullo Toglipelo Elettrostatiche Premium Edition Mod. 23 (1671),https://www.amazon.it/dp/B001001671?tag=offertissimes-21,57.41,70.47,7.6,53.34,Animali Domestici (Pet Care),Spazzole Rullo Toglipelo Elettrostatiche,ChomChom Roller,B001001671,0,448,99
Outward Hound Tappetini Olfattivi & Ciotole Lente Virali Premium Edition Mod. 20 (1714),https://www.amazon.it/dp/B001001714?tag=offertissimes-21,22.54,27.07,7.6,20.84,Animali Domestici (Pet Care),Tappetini Olfattivi & Ciotole Lente Virali,Outward Hound,B001001714,0,249,96
Ugreen Caricatori GaN Multi-Porta Compatti Premium Edition Mod. 03 (1851),https://www.amazon.it/dp/B001001851?tag=offertissimes-21,93.86,114.09,7.6,89.64,"Elettronica, Accessori e Gadget Smart",Caricatori GaN Multi-Porta Compatti,Ugreen,B001001851,0,429,95
Belkin Supporti Auto Magnetici MagSafe Wireless Premium Edition Mod. 50 (1951),https://www.amazon.it/dp/B001001951?tag=offertissimes-21,60.51,91.33,7.6,55.53,"Elettronica, Accessori e Gadget Smart",Supporti Auto Magnetici MagSafe Wireless,Belkin,B001001951,0,351,92
Dreame Filtri & Ricambi Robot Aspirapolvere Premium Edition Mod. 18 (2078),https://www.amazon.it/dp/B001002078?tag=offertissimes-21,115.89,181.02,7.6,99.52,"Casa, Cucina ed Elettrodomestici",Filtri & Ricambi Robot Aspirapolvere,Dreame,B001002078,1,120,85
Cosori Carta Forno Riutilizzabile & Accessori Friggitrice Aria Premium Edition Mod. 41 (2153),https://www.amazon.it/dp/B001002153?tag=offertissimes-21,108.6,125.47,7.6,94.65,"Casa, Cucina ed Elettrodomestici",Carta Forno Riutilizzabile & Accessori Friggitrice Aria,Cosori,B001002153,1,232,96
Philips Friggitrici ad Aria a Doppia Resistenza Premium Edition Mod. 05 (2169),https://www.amazon.it/dp/B001002169?tag=offertissimes-21,87.45,117.37,7.6,77.42,"Casa, Cucina ed Elettrodomestici",Friggitrici ad Aria a Doppia Resistenza,Philips,B001002169,0,467,93
Tesa Nastri Adesivi Gorilla & Sigillanti Impermeabilizzanti Premium Edition Mod. 02 (2444),https://www.amazon.it/dp/B001002444?tag=offertissimes-21,52.78,63.48,7.6,49.03,"Fai da Te, Bricolage e Giardinaggio",Nastri Adesivi Gorilla & Sigillanti Impermeabilizzanti,Tesa,B001002444,1,96,83
HOTO Mini Cacciaviti Elettrici di Precisione Virali Premium Edition Mod. 08 (2486),https://www.amazon.it/dp/B001002486?tag=offertissimes-21,72.99,99.7,7.6,68.71,"Fai da Te, Bricolage e Giardinaggio",Mini Cacciaviti Elettrici di Precisione Virali,HOTO,B001002486,0,291,88
Claber Sistemi Irrigazione a Goccia Smart per Balconi Premium Edition Mod. 26 (2540),https://www.amazon.it/dp/B001002540?tag=offertissimes-21,64.94,97.79,7.6,58.08,"Fai da Te, Bricolage e Giardinaggio",Sistemi Irrigazione a Goccia Smart per Balconi,Claber,B001002540,0,271,91
Fanttik Compressori Portatili Ricaricabili Wireless Premium Edition Mod. 01 (2641),https://www.amazon.it/dp/B001002641?tag=offertissimes-21,26.11,39.34,7.6,24.87,Auto e Moto (Accessori & Manutenzione),Compressori Portatili Ricaricabili Wireless,Fanttik,B001002641,0,202,99
Gritin Corda per Saltare Professionale con Cuscinetti Rapidi Premium Edition Mod. 21 (2759),https://www.amazon.it/dp/B001002759?tag=offertissimes-21,32.23,44.8,7.6,27.64,"Sport, Fitness e Attrezzatura",Corda per Saltare Professionale con Cuscinetti Rapidi,Gritin,B001002759,0,413,86
Theragun Mini Pistole Massaggianti Muscolari Portatili Premium Edition Mod. 04 (2780),https://www.amazon.it/dp/B001002780?tag=offertissimes-21,15.99,24.03,7.6,15.38,"Sport, Fitness e Attrezzatura",Pistole Massaggianti Muscolari Portatili,Theragun Mini,B001002780,0,490,89
Zebra Etichette Termiche Adesive Spedizioni 100x150mm Premium Edition Mod. 05 (2959),https://www.amazon.it/dp/B001002959?tag=offertissimes-21,55.6,73.25,7.6,54.05,"Cancelleria, Ufficio e Spedizioni",Etichette Termiche Adesive Spedizioni 100x150mm,Zebra,B001002959,1,39,91
Pilot Frixion Evidenziatori Pastello & Penne Gel Cancellabili Premium Edition Mod. 03 (2989),https://www.amazon.it/dp/B001002989?tag=offertissimes-21,16.72,22.67,7.6,14.63,"Cancelleria, Ufficio e Spedizioni",Evidenziatori Pastello & Penne Gel Cancellabili,Pilot Frixion,B001002989,1,83,87
Danish Endurance Calzini Sportivi Tecnici Traspiranti Multipack Premium Edition Mod. 25 (3108),https://www.amazon.it/dp/B001003108?tag=offertissimes-21,14.66,20.21,7.6,13.99,Abbigliamento Base e Calzetteria,Calzini Sportivi Tecnici Traspiranti Multipack,Danish Endurance,B001003108,1,96,95
Legami Milano Agende Settimanali 12/18 Mesi & Ricariche Premium Edition Mod. 15 (3305),https://www.amazon.it/dp/B001003305?tag=offertissimes-21,21.79,29.99,7.6,20.59,"Libri, Agende e Self-Help",Agende Settimanali 12/18 Mesi & Ricariche,Legami Milano,B001003305,1,217,84
Curaprox Igiene Orale & Ricambi Spazzolini Premium Edition Mod. 43 (0107),https://www.amazon.it/dp/B001000107?tag=offertissimes-21,34.85,51.54,7.5,30.68,Bellezza e Cura della Persona,Igiene Orale & Ricambi Spazzolini,Curaprox,B001000107,1,40,87
Marvis Igiene Orale & Ricambi Spazzolini Premium Edition Mod. 48 (0112),https://www.amazon.it/dp/B001000112?tag=offertissimes-21,43.21,52.81,7.5,37.41,Bellezza e Cura della Persona,Igiene Orale & Ricambi Spazzolini,Marvis,B001000112,1,32,84
"Astra Rasatura, Lame & Depilazione Premium Edition Mod. 57 (0248)",https://www.amazon.it/dp/B001000248?tag=offertissimes-21,8.65,13.33,7.5,7.73,Bellezza e Cura della Persona,"Rasatura, Lame & Depilazione",Astra,B001000248,1,50,75
NYX Make-Up & Accessori Bellezza Virali Premium Edition Mod. 61 (0378),https://www.amazon.it/dp/B001000378?tag=offertissimes-21,23.51,29.82,7.5,21.89,Bellezza e Cura della Persona,Make-Up & Accessori Bellezza Virali,NYX,B001000378,0,189,92
MyProtein Proteine & Aminoacidi Sportivi Premium Edition Mod. 41 (0421),https://www.amazon.it/dp/B001000421?tag=offertissimes-21,35.3,48.37,7.5,33.89,"Salute, Igiene e Integratori",Proteine & Aminoacidi Sportivi,MyProtein,B001000421,1,32,89
NamedSport Creatina Monoidrato & Pre-Workout Premium Edition Mod. 29 (0466),https://www.amazon.it/dp/B001000466?tag=offertissimes-21,37.63,53.25,7.5,32.74,"Salute, Igiene e Integratori",Creatina Monoidrato & Pre-Workout,NamedSport,B001000466,1,42,99
"Nutravita Vitamine, Magnesio & Biohacking Sonno Premium Edition Mod. 03 (0497)",https://www.amazon.it/dp/B001000497?tag=offertissimes-21,32.66,37.74,7.5,28.8,"Salute, Igiene e Integratori","Vitamine, Magnesio & Biohacking Sonno",Nutravita,B001000497,1,23,74
Liquid I.V. Elettroliti & Idratazione Senza Zucchero Premium Edition Mod. 20 (0571),https://www.amazon.it/dp/B001000571?tag=offertissimes-21,16.9,22.86,7.5,14.73,"Salute, Igiene e Integratori",Elettroliti & Idratazione Senza Zucchero,Liquid I.V.,B001000571,1,40,82
Nespresso Cialde & Capsule Caffè Scorte 100-150pz Premium Edition Mod. 01 (0721),https://www.amazon.it/dp/B001000721?tag=offertissimes-21,9.8,14.11,7.5,9.2,"Alimentari, Caffè e Bevande",Cialde & Capsule Caffè Scorte 100-150pz,Nespresso,B001000721,1,29,86
Finish Quantum Capsule Lavastoviglie Maxi Box (100-160pz) Premium Edition Mod. 10 (0990),https://www.amazon.it/dp/B001000990?tag=offertissimes-21,15.97,23.42,7.5,15.25,Cura della Casa e Pulizia,Capsule Lavastoviglie Maxi Box (100-160pz),Finish Quantum,B001000990,1,54,91
Angelcare Ricariche Mangia-Pannolini Multistrato Premium Edition Mod. 06 (1358),https://www.amazon.it/dp/B001001358?tag=offertissimes-21,46.02,52.98,7.5,43.28,Prima Infanzia e Maternità,Ricariche Mangia-Pannolini Multistrato,Angelcare,B001001358,1,29,88
Angelcare Ricariche Mangia-Pannolini Multistrato Premium Edition Mod. 30 (1382),https://www.amazon.it/dp/B001001382?tag=offertissimes-21,46.24,72.47,7.5,40.19,Prima Infanzia e Maternità,Ricariche Mangia-Pannolini Multistrato,Angelcare,B001001382,1,18,83
Amazon Basics Sacchetti Igienici Cane Biodegradabili (300-600pz) Premium Edition Mod. 11 (1518),https://www.amazon.it/dp/B001001518?tag=offertissimes-21,49.46,62.7,7.5,47.54,Animali Domestici (Pet Care),Sacchetti Igienici Cane Biodegradabili (300-600pz),Amazon Basics,B001001518,1,30,92
JETech Pellicole Salvaschermo Vetro con Dima Installazione Premium Edition Mod. 19 (1813),https://www.amazon.it/dp/B001001813?tag=offertissimes-21,33.13,50.81,7.5,28.49,"Elettronica, Accessori e Gadget Smart",Pellicole Salvaschermo Vetro con Dima Installazione,JETech,B001001813,1,176,88
Ecovacs Filtri & Ricambi Robot Aspirapolvere Premium Edition Mod. 01 (2061),https://www.amazon.it/dp/B001002061?tag=offertissimes-21,126.36,187.35,7.5,115.4,"Casa, Cucina ed Elettrodomestici",Filtri & Ricambi Robot Aspirapolvere,Ecovacs,B001002061,1,287,84
Ecovacs Filtri & Ricambi Robot Aspirapolvere Premium Edition Mod. 26 (2086),https://www.amazon.it/dp/B001002086?tag=offertissimes-21,114.99,161.09,7.5,104.8,"Casa, Cucina ed Elettrodomestici",Filtri & Ricambi Robot Aspirapolvere,Ecovacs,B001002086,1,179,82
FoodSaver Sigillatori Sottovuoto & Rotoli Goffrati Premium Edition Mod. 11 (2227),https://www.amazon.it/dp/B001002227?tag=offertissimes-21,104.66,139.6,7.5,92.8,"Casa, Cucina ed Elettrodomestici",Sigillatori Sottovuoto & Rotoli Goffrati,FoodSaver,B001002227,1,358,86
iDesign Organizer Frigo & Dispensa Trasparenti Acrilico Premium Edition Mod. 01 (2269),https://www.amazon.it/dp/B001002269?tag=offertissimes-21,114.69,167.97,7.5,111.9,"Casa, Cucina ed Elettrodomestici",Organizer Frigo & Dispensa Trasparenti Acrilico,iDesign,B001002269,0,330,93
Pattex Nastri Adesivi Gorilla & Sigillanti Impermeabilizzanti Premium Edition Mod. 22 (2464),https://www.amazon.it/dp/B001002464?tag=offertissimes-21,68.34,86.04,7.5,64.13,"Fai da Te, Bricolage e Giardinaggio",Nastri Adesivi Gorilla & Sigillanti Impermeabilizzanti,Pattex,B001002464,1,79,96
Chemical Guys Kit Pulizia & Manutenzione Pelle/Plastiche Auto Premium Edition Mod. 14 (2624),https://www.amazon.it/dp/B001002624?tag=offertissimes-21,27.15,35.14,7.5,23.21,Auto e Moto (Accessori & Manutenzione),Kit Pulizia & Manutenzione Pelle/Plastiche Auto,Chemical Guys,B001002624,1,129,88
Fanttik Compressori Portatili Ricaricabili Wireless Premium Edition Mod. 04 (2644),https://www.amazon.it/dp/B001002644?tag=offertissimes-21,23.57,31.31,7.5,21.14,Auto e Moto (Accessori & Manutenzione),Compressori Portatili Ricaricabili Wireless,Fanttik,B001002644,0,214,89
Baseus Aspirapolvere Portatili per Auto ad Alta Potenza Premium Edition Mod. 27 (2697),https://www.amazon.it/dp/B001002697?tag=offertissimes-21,33.6,38.54,7.5,31.3,Auto e Moto (Accessori & Manutenzione),Aspirapolvere Portatili per Auto ad Alta Potenza,Baseus,B001002697,0,377,91
Beast Gear Fasce Elastiche di Resistenza & Loop Bands Tessuto Premium Edition Mod. 31 (2731),https://www.amazon.it/dp/B001002731?tag=offertissimes-21,66.8,91.28,7.5,57.81,"Sport, Fitness e Attrezzatura",Fasce Elastiche di Resistenza & Loop Bands Tessuto,Beast Gear,B001002731,1,139,86
Lifewit Borse Termiche Pranzo Fit & Portavivande Ermetici Premium Edition Mod. 03 (2855),https://www.amazon.it/dp/B001002855?tag=offertissimes-21,25.74,35.87,7.5,25.15,"Sport, Fitness e Attrezzatura",Borse Termiche Pranzo Fit & Portavivande Ermetici,Lifewit,B001002855,0,297,87
Brother Cartucce & Toner Compatibili Multipack Premium Edition Mod. 13 (2903),https://www.amazon.it/dp/B001002903?tag=offertissimes-21,45.92,54.42,7.5,41.51,"Cancelleria, Ufficio e Spedizioni",Cartucce & Toner Compatibili Multipack,Brother,B001002903,1,81,91
Newton Compton Romanzi Virali BookTok & Romance Trend Premium Edition Mod. 10 (3346),https://www.amazon.it/dp/B001003346?tag=offertissimes-21,24.27,29.29,7.5,21.39,"Libri, Agende e Self-Help",Romanzi Virali BookTok & Romance Trend,Newton Compton,B001003346,0,472,95
Newton Compton Romanzi Virali BookTok & Romance Trend Premium Edition Mod. 21 (3357),https://www.amazon.it/dp/B001003357?tag=offertissimes-21,21.09,33.4,7.5,19.46,"Libri, Agende e Self-Help",Romanzi Virali BookTok & Romance Trend,Newton Compton,B001003357,0,287,100
La Roche-Posay Sieri Viso & Trattamenti Anti-Age Premium Edition Mod. 06 (0006),https://www.amazon.it/dp/B001000006?tag=offertissimes-21,31.66,47.91,7.4,30.1,Bellezza e Cura della Persona,Sieri Viso & Trattamenti Anti-Age,La Roche-Posay,B001000006,1,39,98
Afnan Profumeria & Fragranze Virali Premium Edition Mod. 49 (0303),https://www.amazon.it/dp/B001000303?tag=offertissimes-21,48.96,62.2,7.4,45.89,Bellezza e Cura della Persona,Profumeria & Fragranze Virali,Afnan,B001000303,0,230,97
Armaf Profumeria & Fragranze Virali Premium Edition Mod. 55 (0309),https://www.amazon.it/dp/B001000309?tag=offertissimes-21,42.65,52.03,7.4,37.72,Bellezza e Cura della Persona,Profumeria & Fragranze Virali,Armaf,B001000309,0,427,97
Real Techniques Make-Up & Accessori Bellezza Virali Premium Edition Mod. 29 (0346),https://www.amazon.it/dp/B001000346?tag=offertissimes-21,9.02,11.74,7.4,8.01,Bellezza e Cura della Persona,Make-Up & Accessori Bellezza Virali,Real Techniques,B001000346,0,333,93
Liquid I.V. Elettroliti & Idratazione Senza Zucchero Premium Edition Mod. 53 (0604),https://www.amazon.it/dp/B001000604?tag=offertissimes-21,19.07,27.56,7.4,16.73,"Salute, Igiene e Integratori",Elettroliti & Idratazione Senza Zucchero,Liquid I.V.,B001000604,1,32,84
BlenderBottle Shaker Magnetici & Accessori Virali Gym Premium Edition Mod. 20 (0684),https://www.amazon.it/dp/B001000684?tag=offertissimes-21,50.69,69.79,7.4,47.27,"Salute, Igiene e Integratori",Shaker Magnetici & Accessori Virali Gym,BlenderBottle,B001000684,0,276,84
BlenderBottle Shaker Magnetici & Accessori Virali Gym Premium Edition Mod. 39 (0703),https://www.amazon.it/dp/B001000703?tag=offertissimes-21,32.47,38.58,7.4,30.37,"Salute, Igiene e Integratori",Shaker Magnetici & Accessori Virali Gym,BlenderBottle,B001000703,0,180,87
Segafredo Caffè in Grani Specialty 1kg Premium Edition Mod. 27 (0799),https://www.amazon.it/dp/B001000799?tag=offertissimes-21,21.44,31.68,7.4,20.67,"Alimentari, Caffè e Bevande",Caffè in Grani Specialty 1kg,Segafredo,B001000799,1,34,84
Kimbo Caffè in Grani Specialty 1kg Premium Edition Mod. 29 (0801),https://www.amazon.it/dp/B001000801?tag=offertissimes-21,12.16,14.83,7.4,11.27,"Alimentari, Caffè e Bevande",Caffè in Grani Specialty 1kg,Kimbo,B001000801,1,29,85
Daily Life Alimenti Proteici & Creme Spalmabili Zero Premium Edition Mod. 28 (0904),https://www.amazon.it/dp/B001000904?tag=offertissimes-21,24.22,36.89,7.4,21.4,"Alimentari, Caffè e Bevande",Alimenti Proteici & Creme Spalmabili Zero,Daily Life,B001000904,1,22,91
Monin Sciroppi Zero Calorie & Aromi Barista Premium Edition Mod. 16 (0944),https://www.amazon.it/dp/B001000944?tag=offertissimes-21,24.09,38.29,7.4,20.87,"Alimentari, Caffè e Bevande",Sciroppi Zero Calorie & Aromi Barista,Monin,B001000944,0,398,78
Dash Power Detersivi Lavatrice Concentrati & Pods Premium Edition Mod. 26 (1066),https://www.amazon.it/dp/B001001066?tag=offertissimes-21,18.13,23.47,7.4,16.73,Cura della Casa e Pulizia,Detersivi Lavatrice Concentrati & Pods,Dash Power,B001001066,1,72,90
Laica Filtri Ricambio Caraffe & Depuratori Acqua Premium Edition Mod. 54 (1154),https://www.amazon.it/dp/B001001154?tag=offertissimes-21,51.45,60.25,7.4,47.1,Cura della Casa e Pulizia,Filtri Ricambio Caraffe & Depuratori Acqua,Laica,B001001154,1,56,93
Swiffer Panni Microfibra Alta Densità & Swiffer Ricambi Premium Edition Mod. 17 (1237),https://www.amazon.it/dp/B001001237?tag=offertissimes-21,27.29,33.27,7.4,25.49,Cura della Casa e Pulizia,Panni Microfibra Alta Densità & Swiffer Ricambi,Swiffer,B001001237,1,32,89
Swiffer Panni Microfibra Alta Densità & Swiffer Ricambi Premium Edition Mod. 45 (1265),https://www.amazon.it/dp/B001001265?tag=offertissimes-21,23.84,36.35,7.4,20.33,Cura della Casa e Pulizia,Panni Microfibra Alta Densità & Swiffer Ricambi,Swiffer,B001001265,1,58,80
Pampers Baby Dry Pannolini Box Scorta Mensile (120-180pz) Premium Edition Mod. 17 (1297),https://www.amazon.it/dp/B001001297?tag=offertissimes-21,31.82,48.24,7.4,27.48,Prima Infanzia e Maternità,Pannolini Box Scorta Mensile (120-180pz),Pampers Baby Dry,B001001297,1,18,94
Pampers Progressi Pannolini Box Scorta Mensile (120-180pz) Premium Edition Mod. 20 (1300),https://www.amazon.it/dp/B001001300?tag=offertissimes-21,40.63,52.75,7.4,38.38,Prima Infanzia e Maternità,Pannolini Box Scorta Mensile (120-180pz),Pampers Progressi,B001001300,1,17,98
Foppapedretti Ricariche Mangia-Pannolini Multistrato Premium Edition Mod. 26 (1378),https://www.amazon.it/dp/B001001378?tag=offertissimes-21,57.63,88.39,7.4,49.29,Prima Infanzia e Maternità,Ricariche Mangia-Pannolini Multistrato,Foppapedretti,B001001378,1,29,91
Momcozy Gadget Virali Sonno Neonato (White Noise) Premium Edition Mod. 26 (1450),https://www.amazon.it/dp/B001001450?tag=offertissimes-21,63.7,87.91,7.4,56.77,Prima Infanzia e Maternità,Gadget Virali Sonno Neonato (White Noise),Momcozy,B001001450,0,261,84
Cat's Best Lettiere Gatto Agglomeranti & Silicio 10-20L Premium Edition Mod. 38 (1498),https://www.amazon.it/dp/B001001498?tag=offertissimes-21,10.12,13.95,7.4,9.05,Animali Domestici (Pet Care),Lettiere Gatto Agglomeranti & Silicio 10-20L,Cat's Best,B001001498,1,23,91
Amazon Basics Sacchetti Igienici Cane Biodegradabili (300-600pz) Premium Edition Mod. 09 (1516),https://www.amazon.it/dp/B001001516?tag=offertissimes-21,24.9,29.3,7.4,23.61,Animali Domestici (Pet Care),Sacchetti Igienici Cane Biodegradabili (300-600pz),Amazon Basics,B001001516,1,41,90
Ugreen Cavi USB-C Fast Charge 100W/240W Multipack Premium Edition Mod. 15 (1755),https://www.amazon.it/dp/B001001755?tag=offertissimes-21,56.71,72.78,7.4,52.68,"Elettronica, Accessori e Gadget Smart",Cavi USB-C Fast Charge 100W/240W Multipack,Ugreen,B001001755,1,202,89
Lamicall Supporti Auto Magnetici MagSafe Wireless Premium Edition Mod. 45 (1946),https://www.amazon.it/dp/B001001946?tag=offertissimes-21,66.63,85.14,7.4,59.2,"Elettronica, Accessori e Gadget Smart",Supporti Auto Magnetici MagSafe Wireless,Lamicall,B001001946,0,500,86
SiliconeMaster Carta Forno Riutilizzabile & Accessori Friggitrice Aria Premium Edition Mod. 16 (2128),https://www.amazon.it/dp/B001002128?tag=offertissimes-21,138.23,169.4,7.4,134.28,"Casa, Cucina ed Elettrodomestici",Carta Forno Riutilizzabile & Accessori Friggitrice Aria,SiliconeMaster,B001002128,1,110,95
Philips Friggitrici ad Aria a Doppia Resistenza Premium Edition Mod. 09 (2173),https://www.amazon.it/dp/B001002173?tag=offertissimes-21,108.52,137.2,7.4,105.5,"Casa, Cucina ed Elettrodomestici",Friggitrici ad Aria a Doppia Resistenza,Philips,B001002173,0,519,94
Cosori Friggitrici ad Aria a Doppia Resistenza Premium Edition Mod. 14 (2178),https://www.amazon.it/dp/B001002178?tag=offertissimes-21,57.21,80.2,7.4,52.18,"Casa, Cucina ed Elettrodomestici",Friggitrici ad Aria a Doppia Resistenza,Cosori,B001002178,0,367,100
iDesign Organizer Frigo & Dispensa Trasparenti Acrilico Premium Edition Mod. 05 (2273),https://www.amazon.it/dp/B001002273?tag=offertissimes-21,53.52,61.37,7.4,47.69,"Casa, Cucina ed Elettrodomestici",Organizer Frigo & Dispensa Trasparenti Acrilico,iDesign,B001002273,0,194,92
Ma-Fra Kit Pulizia & Manutenzione Pelle/Plastiche Auto Premium Edition Mod. 11 (2621),https://www.amazon.it/dp/B001002621?tag=offertissimes-21,21.45,28.11,7.4,20.55,Auto e Moto (Accessori & Manutenzione),Kit Pulizia & Manutenzione Pelle/Plastiche Auto,Ma-Fra,B001002621,1,46,85
BONTEC Supporti Monitor Ergonomici con Cassetti Premium Edition Mod. 14 (3032),https://www.amazon.it/dp/B001003032?tag=offertissimes-21,19.23,28.11,7.4,16.71,"Cancelleria, Ufficio e Spedizioni",Supporti Monitor Ergonomici con Cassetti,BONTEC,B001003032,0,253,93
Ultra Pro Bustine Protettive Carte Collezionabili (100-500pz) Premium Edition Mod. 17 (3197),https://www.amazon.it/dp/B001003197?tag=offertissimes-21,49.53,64.83,7.4,48.16,"Giochi, Hobbies e Tempo Libero",Bustine Protettive Carte Collezionabili (100-500pz),Ultra Pro,B001003197,1,237,88
Taco Gatto Capra Giochi da Tavolo Compatti & Pocket Virali Premium Edition Mod. 21 (3229),https://www.amazon.it/dp/B001003229?tag=offertissimes-21,7.74,11.8,7.4,7.39,"Giochi, Hobbies e Tempo Libero",Giochi da Tavolo Compatti & Pocket Virali,Taco Gatto Capra,B001003229,0,218,92
Sluban Set Costruzioni Modulari per Adulti Premium Edition Mod. 23 (3259),https://www.amazon.it/dp/B001003259?tag=offertissimes-21,15.78,22.49,7.4,15.23,"Giochi, Hobbies e Tempo Libero",Set Costruzioni Modulari per Adulti,Sluban,B001003259,0,183,87
"Gribaudo Bestseller Crescita Personale & Finanza (Atomic Habits, etc.) Premium Edition Mod. 09 (3322)",https://www.amazon.it/dp/B001003322?tag=offertissimes-21,19.3,25.83,7.4,17.14,"Libri, Agende e Self-Help","Bestseller Crescita Personale & Finanza (Atomic Habits, etc.)",Gribaudo,B001003322,0,539,90
CeraVe Sieri Viso & Trattamenti Anti-Age Premium Edition Mod. 40 (0040),https://www.amazon.it/dp/B001000040?tag=offertissimes-21,37.84,51.28,7.3,35.13,Bellezza e Cura della Persona,Sieri Viso & Trattamenti Anti-Age,CeraVe,B001000040,1,59,98
Curaprox Igiene Orale & Ricambi Spazzolini Premium Edition Mod. 41 (0105),https://www.amazon.it/dp/B001000105?tag=offertissimes-21,14.4,22.72,7.3,13.15,Bellezza e Cura della Persona,Igiene Orale & Ricambi Spazzolini,Curaprox,B001000105,1,26,80
Olaplex Cura dei Capelli & Shampoo Trattanti Premium Edition Mod. 57 (0185),https://www.amazon.it/dp/B001000185?tag=offertissimes-21,45.94,53.89,7.3,39.64,Bellezza e Cura della Persona,Cura dei Capelli & Shampoo Trattanti,Olaplex,B001000185,1,50,91
"Gillette Rasatura, Lame & Depilazione Premium Edition Mod. 62 (0253)",https://www.amazon.it/dp/B001000253?tag=offertissimes-21,38.58,56.97,7.3,33.87,Bellezza e Cura della Persona,"Rasatura, Lame & Depilazione",Gillette,B001000253,1,43,79
Maison Alhambra Profumeria & Fragranze Virali Premium Edition Mod. 57 (0311),https://www.amazon.it/dp/B001000311?tag=offertissimes-21,12.56,15.42,7.3,12.26,Bellezza e Cura della Persona,Profumeria & Fragranze Virali,Maison Alhambra,B001000311,0,367,88
Maybelline Make-Up & Accessori Bellezza Virali Premium Edition Mod. 48 (0365),https://www.amazon.it/dp/B001000365?tag=offertissimes-21,51.66,64.45,7.3,45.93,Bellezza e Cura della Persona,Make-Up & Accessori Bellezza Virali,Maybelline,B001000365,0,325,88
Omron Dispositivi Elettromedicali & Termometri Premium Edition Mod. 18 (0626),https://www.amazon.it/dp/B001000626?tag=offertissimes-21,46.72,69.56,7.3,43.94,"Salute, Igiene e Integratori",Dispositivi Elettromedicali & Termometri,Omron,B001000626,0,520,77
Pic Solution Dispositivi Elettromedicali & Termometri Premium Edition Mod. 47 (0655),https://www.amazon.it/dp/B001000655?tag=offertissimes-21,42.97,53.42,7.3,37.33,"Salute, Igiene e Integratori",Dispositivi Elettromedicali & Termometri,Pic Solution,B001000655,0,515,76
Matcha Ninja Tè Matcha Cerimoniale Bio & Tisane Premium Edition Mod. 08 (0832),https://www.amazon.it/dp/B001000832?tag=offertissimes-21,16.28,22.37,7.3,15.68,"Alimentari, Caffè e Bevande",Tè Matcha Cerimoniale Bio & Tisane,Matcha Ninja,B001000832,1,18,86
Dixan Detersivi Lavatrice Concentrati & Pods Premium Edition Mod. 14 (1054),https://www.amazon.it/dp/B001001054?tag=offertissimes-21,46.76,62.85,7.3,44.73,Cura della Casa e Pulizia,Detersivi Lavatrice Concentrati & Pods,Dixan,B001001054,1,65,83
Pampers Harmonie Salviette Umidificate All'Acqua 99% Premium Edition Mod. 05 (1321),https://www.amazon.it/dp/B001001321?tag=offertissimes-21,22.59,27.32,7.3,20.84,Prima Infanzia e Maternità,Salviette Umidificate All'Acqua 99%,Pampers Harmonie,B001001321,1,27,88
Mustela Paste Cambio Protettive Ossido Zinco Premium Edition Mod. 36 (1424),https://www.amazon.it/dp/B001001424?tag=offertissimes-21,18.71,27.03,7.3,17.66,Prima Infanzia e Maternità,Paste Cambio Protettive Ossido Zinco,Mustela,B001001424,1,28,80
Dreamegg Gadget Virali Sonno Neonato (White Noise) Premium Edition Mod. 03 (1427),https://www.amazon.it/dp/B001001427?tag=offertissimes-21,39.58,45.85,7.3,37.37,Prima Infanzia e Maternità,Gadget Virali Sonno Neonato (White Noise),Dreamegg,B001001427,0,322,83
Biokat's Lettiere Gatto Agglomeranti & Silicio 10-20L Premium Edition Mod. 07 (1467),https://www.amazon.it/dp/B001001467?tag=offertissimes-21,37.63,57.08,7.3,35.56,Animali Domestici (Pet Care),Lettiere Gatto Agglomeranti & Silicio 10-20L,Biokat's,B001001467,1,27,87
Greenies Snack Igiene Dentale Cani Scorte Mensili Premium Edition Mod. 25 (1579),https://www.amazon.it/dp/B001001579?tag=offertissimes-21,32.9,37.43,7.3,31.93,Animali Domestici (Pet Care),Snack Igiene Dentale Cani Scorte Mensili,Greenies,B001001579,1,33,94
Petkit Filtri Ricambio Fontanelle Acqua Gatti Premium Edition Mod. 33 (1634),https://www.amazon.it/dp/B001001634?tag=offertissimes-21,54.92,63.88,7.3,50.22,Animali Domestici (Pet Care),Filtri Ricambio Fontanelle Acqua Gatti,Petkit,B001001634,1,28,86
Outward Hound Tappetini Olfattivi & Ciotole Lente Virali Premium Edition Mod. 31 (1725),https://www.amazon.it/dp/B001001725?tag=offertissimes-21,33.57,40.76,7.3,29.11,Animali Domestici (Pet Care),Tappetini Olfattivi & Ciotole Lente Virali,Outward Hound,B001001725,0,253,94
Lamicall Supporti Auto Magnetici MagSafe Wireless Premium Edition Mod. 48 (1949),https://www.amazon.it/dp/B001001949?tag=offertissimes-21,56.3,65.09,7.3,50.27,"Elettronica, Accessori e Gadget Smart",Supporti Auto Magnetici MagSafe Wireless,Lamicall,B001001949,0,484,99
mDesign Organizer Frigo & Dispensa Trasparenti Acrilico Premium Edition Mod. 23 (2291),https://www.amazon.it/dp/B001002291?tag=offertissimes-21,23.3,34.14,7.3,20.24,"Casa, Cucina ed Elettrodomestici",Organizer Frigo & Dispensa Trasparenti Acrilico,mDesign,B001002291,0,303,93
Nespresso Aeroccino Montalatte Elettrici a Induzione Virali Premium Edition Mod. 31 (2350),https://www.amazon.it/dp/B001002350?tag=offertissimes-21,30.53,47.77,7.3,29.73,"Casa, Cucina ed Elettrodomestici",Montalatte Elettrici a Induzione Virali,Nespresso Aeroccino,B001002350,0,356,96
Pattex Nastri Adesivi Gorilla & Sigillanti Impermeabilizzanti Premium Edition Mod. 36 (2478),https://www.amazon.it/dp/B001002478?tag=offertissimes-21,49.29,67.57,7.3,45.63,"Fai da Te, Bricolage e Giardinaggio",Nastri Adesivi Gorilla & Sigillanti Impermeabilizzanti,Pattex,B001002478,1,56,92
Bosch Aerotwin Spazzole Tergicristallo Aerodinamiche Premium Edition Mod. 28 (2608),https://www.amazon.it/dp/B001002608?tag=offertissimes-21,53.89,74.83,7.3,52.72,Auto e Moto (Accessori & Manutenzione),Spazzole Tergicristallo Aerodinamiche,Bosch Aerotwin,B001002608,1,113,85
Gritin Fasce Elastiche di Resistenza & Loop Bands Tessuto Premium Edition Mod. 01 (2701),https://www.amazon.it/dp/B001002701?tag=offertissimes-21,74.07,99.78,7.3,65.44,"Sport, Fitness e Attrezzatura",Fasce Elastiche di Resistenza & Loop Bands Tessuto,Gritin,B001002701,1,165,91
Manduka Tappetini Yoga Antiscivolo Alta Densità TPE Premium Edition Mod. 32 (2846),https://www.amazon.it/dp/B001002846?tag=offertissimes-21,62.33,90.56,7.3,53.14,"Sport, Fitness e Attrezzatura",Tappetini Yoga Antiscivolo Alta Densità TPE,Manduka,B001002846,0,467,87
Lifewit Borse Termiche Pranzo Fit & Portavivande Ermetici Premium Edition Mod. 28 (2880),https://www.amazon.it/dp/B001002880?tag=offertissimes-21,64.92,83.99,7.3,59.95,"Sport, Fitness e Attrezzatura",Borse Termiche Pranzo Fit & Portavivande Ermetici,Lifewit,B001002880,0,238,89
Amazon Basics Risme Carta da Stampa A4 80g Scorte 2500ff Premium Edition Mod. 32 (2954),https://www.amazon.it/dp/B001002954?tag=offertissimes-21,34.13,48.33,7.3,32.77,"Cancelleria, Ufficio e Spedizioni",Risme Carta da Stampa A4 80g Scorte 2500ff,Amazon Basics,B001002954,1,61,85
Pilot Frixion Evidenziatori Pastello & Penne Gel Cancellabili Premium Edition Mod. 21 (3007),https://www.amazon.it/dp/B001003007?tag=offertissimes-21,16.94,21.06,7.3,15.37,"Cancelleria, Ufficio e Spedizioni",Evidenziatori Pastello & Penne Gel Cancellabili,Pilot Frixion,B001003007,1,65,93
"Gribaudo Bestseller Crescita Personale & Finanza (Atomic Habits, etc.) Premium Edition Mod. 23 (3336)",https://www.amazon.it/dp/B001003336?tag=offertissimes-21,11.98,16.3,7.3,11.56,"Libri, Agende e Self-Help","Bestseller Crescita Personale & Finanza (Atomic Habits, etc.)",Gribaudo,B001003336,0,459,96
La Roche-Posay Sieri Viso & Trattamenti Anti-Age Premium Edition Mod. 17 (0017),https://www.amazon.it/dp/B001000017?tag=offertissimes-21,47.44,56.7,7.2,43.32,Bellezza e Cura della Persona,Sieri Viso & Trattamenti Anti-Age,La Roche-Posay,B001000017,1,25,100
Oral-B Igiene Orale & Ricambi Spazzolini Premium Edition Mod. 17 (0081),https://www.amazon.it/dp/B001000081?tag=offertissimes-21,41.32,62.07,7.2,35.61,Bellezza e Cura della Persona,Igiene Orale & Ricambi Spazzolini,Oral-B,B001000081,1,50,80
Armaf Profumeria & Fragranze Virali Premium Edition Mod. 58 (0312),https://www.amazon.it/dp/B001000312?tag=offertissimes-21,17.3,20.12,7.2,16.15,Bellezza e Cura della Persona,Profumeria & Fragranze Virali,Armaf,B001000312,0,405,91
Real Techniques Make-Up & Accessori Bellezza Virali Premium Edition Mod. 20 (0337),https://www.amazon.it/dp/B001000337?tag=offertissimes-21,11.79,13.8,7.2,10.27,Bellezza e Cura della Persona,Make-Up & Accessori Bellezza Virali,Real Techniques,B001000337,0,333,91
WeightWorld Creatina Monoidrato & Pre-Workout Premium Edition Mod. 23 (0460),https://www.amazon.it/dp/B001000460?tag=offertissimes-21,48.74,66.84,7.2,47.51,"Salute, Igiene e Integratori",Creatina Monoidrato & Pre-Workout,WeightWorld,B001000460,1,43,95
"Swisse Vitamine, Magnesio & Biohacking Sonno Premium Edition Mod. 50 (0544)",https://www.amazon.it/dp/B001000544?tag=offertissimes-21,23.6,37.96,7.2,20.99,"Salute, Igiene e Integratori","Vitamine, Magnesio & Biohacking Sonno",Swisse,B001000544,1,45,82
Borbone Cialde & Capsule Caffè Scorte 100-150pz Premium Edition Mod. 27 (0747),https://www.amazon.it/dp/B001000747?tag=offertissimes-21,12.19,18.62,7.2,10.54,"Alimentari, Caffè e Bevande",Cialde & Capsule Caffè Scorte 100-150pz,Borbone,B001000747,1,35,97
Lavazza Cialde & Capsule Caffè Scorte 100-150pz Premium Edition Mod. 40 (0760),https://www.amazon.it/dp/B001000760?tag=offertissimes-21,34.76,40.4,7.2,31.78,"Alimentari, Caffè e Bevande",Cialde & Capsule Caffè Scorte 100-150pz,Lavazza,B001000760,1,24,88
Vahdam Tè Matcha Cerimoniale Bio & Tisane Premium Edition Mod. 16 (0840),https://www.amazon.it/dp/B001000840?tag=offertissimes-21,28.73,44.67,7.2,25.66,"Alimentari, Caffè e Bevande",Tè Matcha Cerimoniale Bio & Tisane,Vahdam,B001000840,1,27,93
Pukka Tè Matcha Cerimoniale Bio & Tisane Premium Edition Mod. 23 (0847),https://www.amazon.it/dp/B001000847?tag=offertissimes-21,23.88,36.54,7.2,21.13,"Alimentari, Caffè e Bevande",Tè Matcha Cerimoniale Bio & Tisane,Pukka,B001000847,1,22,95
BPR Nutrition Alimenti Proteici & Creme Spalmabili Zero Premium Edition Mod. 02 (0878),https://www.amazon.it/dp/B001000878?tag=offertissimes-21,32.43,38.42,7.2,28.36,"Alimentari, Caffè e Bevande",Alimenti Proteici & Creme Spalmabili Zero,BPR Nutrition,B001000878,1,20,91
Foodspring Alimenti Proteici & Creme Spalmabili Zero Premium Edition Mod. 11 (0887),https://www.amazon.it/dp/B001000887?tag=offertissimes-21,35.01,40.37,7.2,32.37,"Alimentari, Caffè e Bevande",Alimenti Proteici & Creme Spalmabili Zero,Foodspring,B001000887,1,34,85
Pril Gold Capsule Lavastoviglie Maxi Box (100-160pz) Premium Edition Mod. 19 (0999),https://www.amazon.it/dp/B001000999?tag=offertissimes-21,41.62,53.78,7.2,38.86,Cura della Casa e Pulizia,Capsule Lavastoviglie Maxi Box (100-160pz),Pril Gold,B001000999,1,53,94
Finish Quantum Capsule Lavastoviglie Maxi Box (100-160pz) Premium Edition Mod. 23 (1003),https://www.amazon.it/dp/B001001003?tag=offertissimes-21,50.46,61.0,7.2,43.88,Cura della Casa e Pulizia,Capsule Lavastoviglie Maxi Box (100-160pz),Finish Quantum,B001001003,1,51,92
Pril Gold Capsule Lavastoviglie Maxi Box (100-160pz) Premium Edition Mod. 44 (1024),https://www.amazon.it/dp/B001001024?tag=offertissimes-21,15.77,21.16,7.2,14.42,Cura della Casa e Pulizia,Capsule Lavastoviglie Maxi Box (100-160pz),Pril Gold,B001001024,1,48,94
Laica Filtri Ricambio Caraffe & Depuratori Acqua Premium Edition Mod. 59 (1159),https://www.amazon.it/dp/B001001159?tag=offertissimes-21,44.72,55.39,7.2,39.52,Cura della Casa e Pulizia,Filtri Ricambio Caraffe & Depuratori Acqua,Laica,B001001159,1,58,84
Scrub Daddy Pulitori Miracolosi Virali & Spugne Premium Edition Mod. 09 (1169),https://www.amazon.it/dp/B001001169?tag=offertissimes-21,36.72,51.18,7.2,31.47,Cura della Casa e Pulizia,Pulitori Miracolosi Virali & Spugne,Scrub Daddy,B001001169,0,475,96
Scrub Mommy Pulitori Miracolosi Virali & Spugne Premium Edition Mod. 17 (1177),https://www.amazon.it/dp/B001001177?tag=offertissimes-21,52.91,65.79,7.2,46.38,Cura della Casa e Pulizia,Pulitori Miracolosi Virali & Spugne,Scrub Mommy,B001001177,0,199,95
WaterWipes Salviette Umidificate All'Acqua 99% Premium Edition Mod. 28 (1344),https://www.amazon.it/dp/B001001344?tag=offertissimes-21,25.99,32.52,7.2,23.91,Prima Infanzia e Maternità,Salviette Umidificate All'Acqua 99%,WaterWipes,B001001344,1,30,86
Pogi's Sacchetti Igienici Cane Biodegradabili (300-600pz) Premium Edition Mod. 20 (1527),https://www.amazon.it/dp/B001001527?tag=offertissimes-21,28.43,37.03,7.2,26.71,Animali Domestici (Pet Care),Sacchetti Igienici Cane Biodegradabili (300-600pz),Pogi's,B001001527,1,39,88
Trixie Tappetini Olfattivi & Ciotole Lente Virali Premium Edition Mod. 03 (1697),https://www.amazon.it/dp/B001001697?tag=offertissimes-21,32.5,44.18,7.2,29.52,Animali Domestici (Pet Care),Tappetini Olfattivi & Ciotole Lente Virali,Trixie,B001001697,0,453,90
Outward Hound Tappetini Olfattivi & Ciotole Lente Virali Premium Edition Mod. 43 (1737),https://www.amazon.it/dp/B001001737?tag=offertissimes-21,19.87,31.22,7.2,17.29,Animali Domestici (Pet Care),Tappetini Olfattivi & Ciotole Lente Virali,Outward Hound,B001001737,0,389,93
amFilm Pellicole Salvaschermo Vetro con Dima Installazione Premium Edition Mod. 17 (1811),https://www.amazon.it/dp/B001001811?tag=offertissimes-21,97.34,113.12,7.2,94.5,"Elettronica, Accessori e Gadget Smart",Pellicole Salvaschermo Vetro con Dima Installazione,amFilm,B001001811,1,243,84
Anker Caricatori GaN Multi-Porta Compatti Premium Edition Mod. 15 (1863),https://www.amazon.it/dp/B001001863?tag=offertissimes-21,81.29,95.0,7.2,75.06,"Elettronica, Accessori e Gadget Smart",Caricatori GaN Multi-Porta Compatti,Anker,B001001863,0,276,97
Meross Prese Smart Wi-Fi Monitoraggio Consumi Premium Edition Mod. 32 (2039),https://www.amazon.it/dp/B001002039?tag=offertissimes-21,47.47,69.54,7.2,45.24,"Elettronica, Accessori e Gadget Smart",Prese Smart Wi-Fi Monitoraggio Consumi,Meross,B001002039,0,268,90
Cecotec Friggitrici ad Aria a Doppia Resistenza Premium Edition Mod. 29 (2193),https://www.amazon.it/dp/B001002193?tag=offertissimes-21,109.62,141.11,7.2,103.51,"Casa, Cucina ed Elettrodomestici",Friggitrici ad Aria a Doppia Resistenza,Cecotec,B001002193,0,266,99
mDesign Organizer Frigo & Dispensa Trasparenti Acrilico Premium Edition Mod. 49 (2317),https://www.amazon.it/dp/B001002317?tag=offertissimes-21,89.43,116.05,7.2,76.29,"Casa, Cucina ed Elettrodomestici",Organizer Frigo & Dispensa Trasparenti Acrilico,mDesign,B001002317,0,288,92
HOTO Mini Cacciaviti Elettrici di Precisione Virali Premium Edition Mod. 36 (2514),https://www.amazon.it/dp/B001002514?tag=offertissimes-21,23.82,33.51,7.2,21.76,"Fai da Te, Bricolage e Giardinaggio",Mini Cacciaviti Elettrici di Precisione Virali,HOTO,B001002514,0,276,91
Meguiar's Kit Pulizia & Manutenzione Pelle/Plastiche Auto Premium Edition Mod. 26 (2636),https://www.amazon.it/dp/B001002636?tag=offertissimes-21,59.01,85.34,7.2,53.76,Auto e Moto (Accessori & Manutenzione),Kit Pulizia & Manutenzione Pelle/Plastiche Auto,Meguiar's,B001002636,1,125,91
Mebak Pistole Massaggianti Muscolari Portatili Premium Edition Mod. 29 (2805),https://www.amazon.it/dp/B001002805?tag=offertissimes-21,82.19,111.7,7.2,72.81,"Sport, Fitness e Attrezzatura",Pistole Massaggianti Muscolari Portatili,Mebak,B001002805,0,473,95
Stabilo Boss Pastel Evidenziatori Pastello & Penne Gel Cancellabili Premium Edition Mod. 29 (3015),https://www.amazon.it/dp/B001003015?tag=offertissimes-21,36.0,48.01,7.2,31.92,"Cancelleria, Ufficio e Spedizioni",Evidenziatori Pastello & Penne Gel Cancellabili,Stabilo Boss Pastel,B001003015,1,80,88
Kensington Supporti Monitor Ergonomici con Cassetti Premium Edition Mod. 32 (3050),https://www.amazon.it/dp/B001003050?tag=offertissimes-21,25.24,35.78,7.2,22.05,"Cancelleria, Ufficio e Spedizioni",Supporti Monitor Ergonomici con Cassetti,Kensington,B001003050,0,294,84
Danish Endurance Boxer Cotone Elasticizzato Multipack (6-10pz) Premium Edition Mod. 23 (3073),https://www.amazon.it/dp/B001003073?tag=offertissimes-21,20.81,27.38,7.2,19.12,Abbigliamento Base e Calzetteria,Boxer Cotone Elasticizzato Multipack (6-10pz),Danish Endurance,B001003073,1,105,83
Under Armour Calzini Sportivi Tecnici Traspiranti Multipack Premium Edition Mod. 07 (3090),https://www.amazon.it/dp/B001003090?tag=offertissimes-21,34.61,54.44,7.2,32.45,Abbigliamento Base e Calzetteria,Calzini Sportivi Tecnici Traspiranti Multipack,Under Armour,B001003090,1,84,87
LEGO Speed Champions Set Costruzioni Modulari per Adulti Premium Edition Mod. 17 (3253),https://www.amazon.it/dp/B001003253?tag=offertissimes-21,26.79,32.53,7.2,23.23,"Giochi, Hobbies e Tempo Libero",Set Costruzioni Modulari per Adulti,LEGO Speed Champions,B001003253,0,362,91
Rhodia Quaderni Puntinati Bullet Journal Dotted 120g Premium Edition Mod. 05 (3363),https://www.amazon.it/dp/B001003363?tag=offertissimes-21,20.96,29.37,7.2,17.83,"Libri, Agende e Self-Help",Quaderni Puntinati Bullet Journal Dotted 120g,Rhodia,B001003363,1,304,86
Florence Bio Sieri Viso & Trattamenti Anti-Age Premium Edition Mod. 43 (0043),https://www.amazon.it/dp/B001000043?tag=offertissimes-21,31.56,46.15,7.1,30.72,Bellezza e Cura della Persona,Sieri Viso & Trattamenti Anti-Age,Florence Bio,B001000043,1,39,89
La Roche-Posay Sieri Viso & Trattamenti Anti-Age Premium Edition Mod. 55 (0055),https://www.amazon.it/dp/B001000055?tag=offertissimes-21,30.18,43.9,7.1,29.37,Bellezza e Cura della Persona,Sieri Viso & Trattamenti Anti-Age,La Roche-Posay,B001000055,1,52,92
L'Oréal Professionnel Cura dei Capelli & Shampoo Trattanti Premium Edition Mod. 13 (0141),https://www.amazon.it/dp/B001000141?tag=offertissimes-21,50.85,63.35,7.1,45.13,Bellezza e Cura della Persona,Cura dei Capelli & Shampoo Trattanti,L'Oréal Professionnel,B001000141,1,42,85
"Derby Rasatura, Lame & Depilazione Premium Edition Mod. 30 (0221)",https://www.amazon.it/dp/B001000221?tag=offertissimes-21,22.89,28.28,7.1,19.68,Bellezza e Cura della Persona,"Rasatura, Lame & Depilazione",Derby,B001000221,1,50,76
Lattafa Profumeria & Fragranze Virali Premium Edition Mod. 07 (0261),https://www.amazon.it/dp/B001000261?tag=offertissimes-21,9.31,14.15,7.1,8.08,Bellezza e Cura della Persona,Profumeria & Fragranze Virali,Lattafa,B001000261,0,528,93
Afnan Profumeria & Fragranze Virali Premium Edition Mod. 33 (0287),https://www.amazon.it/dp/B001000287?tag=offertissimes-21,10.61,12.6,7.1,9.94,Bellezza e Cura della Persona,Profumeria & Fragranze Virali,Afnan,B001000287,0,396,97
Real Techniques Make-Up & Accessori Bellezza Virali Premium Edition Mod. 63 (0380),https://www.amazon.it/dp/B001000380?tag=offertissimes-21,47.64,59.97,7.1,43.85,Bellezza e Cura della Persona,Make-Up & Accessori Bellezza Virali,Real Techniques,B001000380,0,339,91
Yamamoto Proteine & Aminoacidi Sportivi Premium Edition Mod. 09 (0389),https://www.amazon.it/dp/B001000389?tag=offertissimes-21,18.07,24.87,7.1,17.03,"Salute, Igiene e Integratori",Proteine & Aminoacidi Sportivi,Yamamoto,B001000389,1,32,87
"Gloryfeel Vitamine, Magnesio & Biohacking Sonno Premium Edition Mod. 24 (0518)",https://www.amazon.it/dp/B001000518?tag=offertissimes-21,43.87,56.2,7.1,39.75,"Salute, Igiene e Integratori","Vitamine, Magnesio & Biohacking Sonno",Gloryfeel,B001000518,1,29,88
"Nutravita Vitamine, Magnesio & Biohacking Sonno Premium Edition Mod. 49 (0543)",https://www.amazon.it/dp/B001000543?tag=offertissimes-21,25.77,41.07,7.1,22.45,"Salute, Igiene e Integratori","Vitamine, Magnesio & Biohacking Sonno",Nutravita,B001000543,1,41,83
Omron Dispositivi Elettromedicali & Termometri Premium Edition Mod. 02 (0610),https://www.amazon.it/dp/B001000610?tag=offertissimes-21,44.35,67.72,7.1,38.45,"Salute, Igiene e Integratori",Dispositivi Elettromedicali & Termometri,Omron,B001000610,0,379,78
BlenderBottle Shaker Magnetici & Accessori Virali Gym Premium Edition Mod. 01 (0665),https://www.amazon.it/dp/B001000665?tag=offertissimes-21,33.26,52.34,7.1,28.89,"Salute, Igiene e Integratori",Shaker Magnetici & Accessori Virali Gym,BlenderBottle,B001000665,0,384,77
Lavazza Cialde & Capsule Caffè Scorte 100-150pz Premium Edition Mod. 51 (0771),https://www.amazon.it/dp/B001000771?tag=offertissimes-21,24.95,35.69,7.1,22.6,"Alimentari, Caffè e Bevande",Cialde & Capsule Caffè Scorte 100-150pz,Lavazza,B001000771,1,22,92
Pellini Caffè in Grani Specialty 1kg Premium Edition Mod. 20 (0792),https://www.amazon.it/dp/B001000792?tag=offertissimes-21,17.35,22.64,7.1,15.39,"Alimentari, Caffè e Bevande",Caffè in Grani Specialty 1kg,Pellini,B001000792,1,24,82
Kimbo Caffè in Grani Specialty 1kg Premium Edition Mod. 25 (0797),https://www.amazon.it/dp/B001000797?tag=offertissimes-21,13.34,20.55,7.1,11.44,"Alimentari, Caffè e Bevande",Caffè in Grani Specialty 1kg,Kimbo,B001000797,1,18,88
Pukka Tè Matcha Cerimoniale Bio & Tisane Premium Edition Mod. 14 (0838),https://www.amazon.it/dp/B001000838?tag=offertissimes-21,21.17,28.95,7.1,18.45,"Alimentari, Caffè e Bevande",Tè Matcha Cerimoniale Bio & Tisane,Pukka,B001000838,1,32,88
BPR Nutrition Alimenti Proteici & Creme Spalmabili Zero Premium Edition Mod. 31 (0907),https://www.amazon.it/dp/B001000907?tag=offertissimes-21,32.68,43.94,7.1,28.75,"Alimentari, Caffè e Bevande",Alimenti Proteici & Creme Spalmabili Zero,BPR Nutrition,B001000907,1,18,96
Monin Sciroppi Zero Calorie & Aromi Barista Premium Edition Mod. 02 (0930),https://www.amazon.it/dp/B001000930?tag=offertissimes-21,21.21,27.77,7.1,19.13,"Alimentari, Caffè e Bevande",Sciroppi Zero Calorie & Aromi Barista,Monin,B001000930,0,286,90
Pril Gold Capsule Lavastoviglie Maxi Box (100-160pz) Premium Edition Mod. 51 (1031),https://www.amazon.it/dp/B001001031?tag=offertissimes-21,33.22,50.46,7.1,29.52,Cura della Casa e Pulizia,Capsule Lavastoviglie Maxi Box (100-160pz),Pril Gold,B001001031,1,48,90
Chanteclair Detersivi Lavatrice Concentrati & Pods Premium Edition Mod. 01 (1041),https://www.amazon.it/dp/B001001041?tag=offertissimes-21,38.4,55.91,7.1,37.0,Cura della Casa e Pulizia,Detersivi Lavatrice Concentrati & Pods,Chanteclair,B001001041,1,43,85
Swiffer Panni Microfibra Alta Densità & Swiffer Ricambi Premium Edition Mod. 18 (1238),https://www.amazon.it/dp/B001001238?tag=offertissimes-21,11.11,14.04,7.1,9.49,Cura della Casa e Pulizia,Panni Microfibra Alta Densità & Swiffer Ricambi,Swiffer,B001001238,1,43,84
Vileda Panni Microfibra Alta Densità & Swiffer Ricambi Premium Edition Mod. 21 (1241),https://www.amazon.it/dp/B001001241?tag=offertissimes-21,43.49,52.37,7.1,37.32,Cura della Casa e Pulizia,Panni Microfibra Alta Densità & Swiffer Ricambi,Vileda,B001001241,1,75,75
Swiffer Panni Microfibra Alta Densità & Swiffer Ricambi Premium Edition Mod. 22 (1242),https://www.amazon.it/dp/B001001242?tag=offertissimes-21,31.64,40.98,7.1,28.91,Cura della Casa e Pulizia,Panni Microfibra Alta Densità & Swiffer Ricambi,Swiffer,B001001242,1,35,81
Pampers Baby Dry Pannolini Box Scorta Mensile (120-180pz) Premium Edition Mod. 13 (1293),https://www.amazon.it/dp/B001001293?tag=offertissimes-21,54.49,65.06,7.1,52.13,Prima Infanzia e Maternità,Pannolini Box Scorta Mensile (120-180pz),Pampers Baby Dry,B001001293,1,26,88
Pampers Harmonie Salviette Umidificate All'Acqua 99% Premium Edition Mod. 25 (1341),https://www.amazon.it/dp/B001001341?tag=offertissimes-21,66.25,76.49,7.1,61.22,Prima Infanzia e Maternità,Salviette Umidificate All'Acqua 99%,Pampers Harmonie,B001001341,1,26,90
Baseus Cavi USB-C Fast Charge 100W/240W Multipack Premium Edition Mod. 37 (1777),https://www.amazon.it/dp/B001001777?tag=offertissimes-21,42.6,49.34,7.1,40.21,"Elettronica, Accessori e Gadget Smart",Cavi USB-C Fast Charge 100W/240W Multipack,Baseus,B001001777,1,91,98
Spigen Pellicole Salvaschermo Vetro con Dima Installazione Premium Edition Mod. 15 (1809),https://www.amazon.it/dp/B001001809?tag=offertissimes-21,75.83,88.43,7.1,69.34,"Elettronica, Accessori e Gadget Smart",Pellicole Salvaschermo Vetro con Dima Installazione,Spigen,B001001809,1,255,88
Cecotec Friggitrici ad Aria a Doppia Resistenza Premium Edition Mod. 13 (2177),https://www.amazon.it/dp/B001002177?tag=offertissimes-21,117.39,186.14,7.1,103.95,"Casa, Cucina ed Elettrodomestici",Friggitrici ad Aria a Doppia Resistenza,Cecotec,B001002177,0,519,100
Vtopmart Organizer Frigo & Dispensa Trasparenti Acrilico Premium Edition Mod. 24 (2292),https://www.amazon.it/dp/B001002292?tag=offertissimes-21,18.36,21.61,7.1,17.56,"Casa, Cucina ed Elettrodomestici",Organizer Frigo & Dispensa Trasparenti Acrilico,Vtopmart,B001002292,0,524,89
Severin Montalatte Elettrici a Induzione Virali Premium Edition Mod. 35 (2354),https://www.amazon.it/dp/B001002354?tag=offertissimes-21,110.28,132.62,7.1,104.5,"Casa, Cucina ed Elettrodomestici",Montalatte Elettrici a Induzione Virali,Severin,B001002354,0,434,91
Beast Gear Corda per Saltare Professionale con Cuscinetti Rapidi Premium Edition Mod. 22 (2760),https://www.amazon.it/dp/B001002760?tag=offertissimes-21,22.33,25.76,7.1,20.09,"Sport, Fitness e Attrezzatura",Corda per Saltare Professionale con Cuscinetti Rapidi,Beast Gear,B001002760,0,236,91
Liforme Tappetini Yoga Antiscivolo Alta Densità TPE Premium Edition Mod. 35 (2849),https://www.amazon.it/dp/B001002849?tag=offertissimes-21,71.54,108.73,7.1,60.9,"Sport, Fitness e Attrezzatura",Tappetini Yoga Antiscivolo Alta Densità TPE,Liforme,B001002849,0,534,89
Kérastase Cura dei Capelli & Shampoo Trattanti Premium Edition Mod. 06 (0134),https://www.amazon.it/dp/B001000134?tag=offertissimes-21,23.93,30.85,7.0,22.11,Bellezza e Cura della Persona,Cura dei Capelli & Shampoo Trattanti,Kérastase,B001000134,1,50,91
Olaplex Cura dei Capelli & Shampoo Trattanti Premium Edition Mod. 34 (0162),https://www.amazon.it/dp/B001000162?tag=offertissimes-21,48.46,56.61,7.0,45.76,Bellezza e Cura della Persona,Cura dei Capelli & Shampoo Trattanti,Olaplex,B001000162,1,53,85
NamedSport Creatina Monoidrato & Pre-Workout Premium Edition Mod. 33 (0470),https://www.amazon.it/dp/B001000470?tag=offertissimes-21,29.82,44.06,7.0,28.32,"Salute, Igiene e Integratori",Creatina Monoidrato & Pre-Workout,NamedSport,B001000470,1,38,86
NamedSport Creatina Monoidrato & Pre-Workout Premium Edition Mod. 48 (0485),https://www.amazon.it/dp/B001000485?tag=offertissimes-21,41.11,46.91,7.0,36.1,"Salute, Igiene e Integratori",Creatina Monoidrato & Pre-Workout,NamedSport,B001000485,1,36,91
Enervit Elettroliti & Idratazione Senza Zucchero Premium Edition Mod. 36 (0587),https://www.amazon.it/dp/B001000587?tag=offertissimes-21,44.36,58.22,7.0,39.6,"Salute, Igiene e Integratori",Elettroliti & Idratazione Senza Zucchero,Enervit,B001000587,1,23,83
Pukka Tè Matcha Cerimoniale Bio & Tisane Premium Edition Mod. 39 (0863),https://www.amazon.it/dp/B001000863?tag=offertissimes-21,20.64,29.22,7.0,17.71,"Alimentari, Caffè e Bevande",Tè Matcha Cerimoniale Bio & Tisane,Pukka,B001000863,1,34,95
Vahdam Tè Matcha Cerimoniale Bio & Tisane Premium Edition Mod. 42 (0866),https://www.amazon.it/dp/B001000866?tag=offertissimes-21,32.88,46.12,7.0,31.8,"Alimentari, Caffè e Bevande",Tè Matcha Cerimoniale Bio & Tisane,Vahdam,B001000866,1,27,91
Matcha Ninja Tè Matcha Cerimoniale Bio & Tisane Premium Edition Mod. 49 (0873),https://www.amazon.it/dp/B001000873?tag=offertissimes-21,30.26,48.1,7.0,29.43,"Alimentari, Caffè e Bevande",Tè Matcha Cerimoniale Bio & Tisane,Matcha Ninja,B001000873,1,23,80
Finish Quantum Capsule Lavastoviglie Maxi Box (100-160pz) Premium Edition Mod. 35 (1015),https://www.amazon.it/dp/B001001015?tag=offertissimes-21,22.67,30.54,7.0,20.67,Cura della Casa e Pulizia,Capsule Lavastoviglie Maxi Box (100-160pz),Finish Quantum,B001001015,1,43,91
Finish Quantum Capsule Lavastoviglie Maxi Box (100-160pz) Premium Edition Mod. 36 (1016),https://www.amazon.it/dp/B001001016?tag=offertissimes-21,20.59,23.44,7.0,17.97,Cura della Casa e Pulizia,Capsule Lavastoviglie Maxi Box (100-160pz),Finish Quantum,B001001016,1,58,90
The Pink Stuff Pulitori Miracolosi Virali & Spugne Premium Edition Mod. 29 (1189),https://www.amazon.it/dp/B001001189?tag=offertissimes-21,10.41,14.01,7.0,9.45,Cura della Casa e Pulizia,Pulitori Miracolosi Virali & Spugne,The Pink Stuff,B001001189,0,239,97
Huggies Pannolini Box Scorta Mensile (120-180pz) Premium Edition Mod. 15 (1295),https://www.amazon.it/dp/B001001295?tag=offertissimes-21,19.72,24.73,7.0,16.84,Prima Infanzia e Maternità,Pannolini Box Scorta Mensile (120-180pz),Huggies,B001001295,1,30,96
Weleda Paste Cambio Protettive Ossido Zinco Premium Edition Mod. 05 (1393),https://www.amazon.it/dp/B001001393?tag=offertissimes-21,62.78,83.65,7.0,54.28,Prima Infanzia e Maternità,Paste Cambio Protettive Ossido Zinco,Weleda,B001001393,1,23,81
Dreamegg Gadget Virali Sonno Neonato (White Noise) Premium Edition Mod. 23 (1447),https://www.amazon.it/dp/B001001447?tag=offertissimes-21,43.16,65.5,7.0,37.77,Prima Infanzia e Maternità,Gadget Virali Sonno Neonato (White Noise),Dreamegg,B001001447,0,530,92
Catit Filtri Ricambio Fontanelle Acqua Gatti Premium Edition Mod. 11 (1612),https://www.amazon.it/dp/B001001612?tag=offertissimes-21,15.32,18.76,7.0,14.01,Animali Domestici (Pet Care),Filtri Ricambio Fontanelle Acqua Gatti,Catit,B001001612,1,21,94
Lickimat Tappetini Olfattivi & Ciotole Lente Virali Premium Edition Mod. 11 (1705),https://www.amazon.it/dp/B001001705?tag=offertissimes-21,25.44,39.73,7.0,21.68,Animali Domestici (Pet Care),Tappetini Olfattivi & Ciotole Lente Virali,Lickimat,B001001705,0,409,92
Outward Hound Tappetini Olfattivi & Ciotole Lente Virali Premium Edition Mod. 33 (1727),https://www.amazon.it/dp/B001001727?tag=offertissimes-21,51.4,78.8,7.0,44.61,Animali Domestici (Pet Care),Tappetini Olfattivi & Ciotole Lente Virali,Outward Hound,B001001727,0,530,84
Bialetti Montalatte Elettrici a Induzione Virali Premium Edition Mod. 40 (2359),https://www.amazon.it/dp/B001002359?tag=offertissimes-21,45.13,53.59,7.0,43.19,"Casa, Cucina ed Elettrodomestici",Montalatte Elettrici a Induzione Virali,Bialetti,B001002359,0,260,89
Claber Sistemi Irrigazione a Goccia Smart per Balconi Premium Edition Mod. 13 (2527),https://www.amazon.it/dp/B001002527?tag=offertissimes-21,14.84,19.26,7.0,13.74,"Fai da Te, Bricolage e Giardinaggio",Sistemi Irrigazione a Goccia Smart per Balconi,Claber,B001002527,0,375,85
Ma-Fra Kit Pulizia & Manutenzione Pelle/Plastiche Auto Premium Edition Mod. 02 (2612),https://www.amazon.it/dp/B001002612?tag=offertissimes-21,42.01,49.43,7.0,38.16,Auto e Moto (Accessori & Manutenzione),Kit Pulizia & Manutenzione Pelle/Plastiche Auto,Ma-Fra,B001002612,1,133,92
Fanttik Compressori Portatili Ricaricabili Wireless Premium Edition Mod. 13 (2653),https://www.amazon.it/dp/B001002653?tag=offertissimes-21,61.9,72.21,7.0,54.6,Auto e Moto (Accessori & Manutenzione),Compressori Portatili Ricaricabili Wireless,Fanttik,B001002653,0,283,93
JARBO Cartucce & Toner Compatibili Multipack Premium Edition Mod. 05 (2895),https://www.amazon.it/dp/B001002895?tag=offertissimes-21,44.78,56.7,7.0,41.11,"Cancelleria, Ufficio e Spedizioni",Cartucce & Toner Compatibili Multipack,JARBO,B001002895,1,62,93
COSRX Sieri Viso & Trattamenti Anti-Age Premium Edition Mod. 16 (0016),https://www.amazon.it/dp/B001000016?tag=offertissimes-21,15.93,21.51,6.9,13.83,Bellezza e Cura della Persona,Sieri Viso & Trattamenti Anti-Age,COSRX,B001000016,1,40,95
L'Oréal Professionnel Cura dei Capelli & Shampoo Trattanti Premium Edition Mod. 35 (0163),https://www.amazon.it/dp/B001000163?tag=offertissimes-21,17.69,27.49,6.9,15.52,Bellezza e Cura della Persona,Cura dei Capelli & Shampoo Trattanti,L'Oréal Professionnel,B001000163,1,55,90
Armaf Profumeria & Fragranze Virali Premium Edition Mod. 05 (0259),https://www.amazon.it/dp/B001000259?tag=offertissimes-21,16.81,25.1,6.9,15.96,Bellezza e Cura della Persona,Profumeria & Fragranze Virali,Armaf,B001000259,0,330,97
Armaf Profumeria & Fragranze Virali Premium Edition Mod. 27 (0281),https://www.amazon.it/dp/B001000281?tag=offertissimes-21,42.52,49.89,6.9,39.52,Bellezza e Cura della Persona,Profumeria & Fragranze Virali,Armaf,B001000281,0,432,100
Real Techniques Make-Up & Accessori Bellezza Virali Premium Edition Mod. 39 (0356),https://www.amazon.it/dp/B001000356?tag=offertissimes-21,18.89,27.03,6.9,16.52,Bellezza e Cura della Persona,Make-Up & Accessori Bellezza Virali,Real Techniques,B001000356,0,466,100
WeightWorld Creatina Monoidrato & Pre-Workout Premium Edition Mod. 51 (0488),https://www.amazon.it/dp/B001000488?tag=offertissimes-21,36.67,45.58,6.9,35.25,"Salute, Igiene e Integratori",Creatina Monoidrato & Pre-Workout,WeightWorld,B001000488,1,27,94
Enervit Elettroliti & Idratazione Senza Zucchero Premium Edition Mod. 14 (0565),https://www.amazon.it/dp/B001000565?tag=offertissimes-21,40.58,46.84,6.9,37.5,"Salute, Igiene e Integratori",Elettroliti & Idratazione Senza Zucchero,Enervit,B001000565,1,22,90
Enervit Elettroliti & Idratazione Senza Zucchero Premium Edition Mod. 37 (0588),https://www.amazon.it/dp/B001000588?tag=offertissimes-21,26.13,34.62,6.9,24.32,"Salute, Igiene e Integratori",Elettroliti & Idratazione Senza Zucchero,Enervit,B001000588,1,28,96
Pic Solution Dispositivi Elettromedicali & Termometri Premium Edition Mod. 30 (0638),https://www.amazon.it/dp/B001000638?tag=offertissimes-21,49.86,59.95,6.9,42.76,"Salute, Igiene e Integratori",Dispositivi Elettromedicali & Termometri,Pic Solution,B001000638,0,470,78
BlenderBottle Shaker Magnetici & Accessori Virali Gym Premium Edition Mod. 48 (0712),https://www.amazon.it/dp/B001000712?tag=offertissimes-21,31.03,46.42,6.9,26.98,"Salute, Igiene e Integratori",Shaker Magnetici & Accessori Virali Gym,BlenderBottle,B001000712,0,186,80
Foodspring Alimenti Proteici & Creme Spalmabili Zero Premium Edition Mod. 46 (0922),https://www.amazon.it/dp/B001000922?tag=offertissimes-21,37.32,48.84,6.9,36.01,"Alimentari, Caffè e Bevande",Alimenti Proteici & Creme Spalmabili Zero,Foodspring,B001000922,1,29,90
Skinny Food Co Sciroppi Zero Calorie & Aromi Barista Premium Edition Mod. 07 (0935),https://www.amazon.it/dp/B001000935?tag=offertissimes-21,35.22,51.26,6.9,33.65,"Alimentari, Caffè e Bevande",Sciroppi Zero Calorie & Aromi Barista,Skinny Food Co,B001000935,0,394,92
Skinny Food Co Sciroppi Zero Calorie & Aromi Barista Premium Edition Mod. 51 (0979),https://www.amazon.it/dp/B001000979?tag=offertissimes-21,22.23,27.18,6.9,21.26,"Alimentari, Caffè e Bevande",Sciroppi Zero Calorie & Aromi Barista,Skinny Food Co,B001000979,0,522,84
Fairy Platinum Plus Capsule Lavastoviglie Maxi Box (100-160pz) Premium Edition Mod. 50 (1030),https://www.amazon.it/dp/B001001030?tag=offertissimes-21,49.7,60.03,6.9,47.48,Cura della Casa e Pulizia,Capsule Lavastoviglie Maxi Box (100-160pz),Fairy Platinum Plus,B001001030,1,68,96
Laica Filtri Ricambio Caraffe & Depuratori Acqua Premium Edition Mod. 39 (1139),https://www.amazon.it/dp/B001001139?tag=offertissimes-21,18.9,28.07,6.9,17.97,Cura della Casa e Pulizia,Filtri Ricambio Caraffe & Depuratori Acqua,Laica,B001001139,1,56,93
Astonish Pulitori Miracolosi Virali & Spugne Premium Edition Mod. 60 (1220),https://www.amazon.it/dp/B001001220?tag=offertissimes-21,28.69,38.78,6.9,28.01,Cura della Casa e Pulizia,Pulitori Miracolosi Virali & Spugne,Astonish,B001001220,0,379,98
Huggies Pure Salviette Umidificate All'Acqua 99% Premium Edition Mod. 08 (1324),https://www.amazon.it/dp/B001001324?tag=offertissimes-21,19.58,26.54,6.9,18.72,Prima Infanzia e Maternità,Salviette Umidificate All'Acqua 99%,Huggies Pure,B001001324,1,27,89
Mustela Paste Cambio Protettive Ossido Zinco Premium Edition Mod. 13 (1401),https://www.amazon.it/dp/B001001401?tag=offertissimes-21,13.24,21.14,6.9,11.33,Prima Infanzia e Maternità,Paste Cambio Protettive Ossido Zinco,Mustela,B001001401,1,16,80
Chicco Next2Stars Gadget Virali Sonno Neonato (White Noise) Premium Edition Mod. 06 (1430),https://www.amazon.it/dp/B001001430?tag=offertissimes-21,17.42,21.07,6.9,16.82,Prima Infanzia e Maternità,Gadget Virali Sonno Neonato (White Noise),Chicco Next2Stars,B001001430,0,369,88
Dreamegg Gadget Virali Sonno Neonato (White Noise) Premium Edition Mod. 22 (1446),https://www.amazon.it/dp/B001001446?tag=offertissimes-21,59.59,73.11,6.9,54.97,Prima Infanzia e Maternità,Gadget Virali Sonno Neonato (White Noise),Dreamegg,B001001446,0,378,95
Cat's Best Lettiere Gatto Agglomeranti & Silicio 10-20L Premium Edition Mod. 33 (1493),https://www.amazon.it/dp/B001001493?tag=offertissimes-21,50.34,67.61,6.9,46.72,Animali Domestici (Pet Care),Lettiere Gatto Agglomeranti & Silicio 10-20L,Cat's Best,B001001493,1,45,90
Amazon Basics Sacchetti Igienici Cane Biodegradabili (300-600pz) Premium Edition Mod. 19 (1526),https://www.amazon.it/dp/B001001526?tag=offertissimes-21,52.29,79.09,6.9,49.84,Animali Domestici (Pet Care),Sacchetti Igienici Cane Biodegradabili (300-600pz),Amazon Basics,B001001526,1,22,88
Ugreen Cavi USB-C Fast Charge 100W/240W Multipack Premium Edition Mod. 44 (1784),https://www.amazon.it/dp/B001001784?tag=offertissimes-21,49.17,56.76,6.9,43.04,"Elettronica, Accessori e Gadget Smart",Cavi USB-C Fast Charge 100W/240W Multipack,Ugreen,B001001784,1,96,94
ESR Supporti Auto Magnetici MagSafe Wireless Premium Edition Mod. 04 (1905),https://www.amazon.it/dp/B001001905?tag=offertissimes-21,24.68,29.63,6.9,21.71,"Elettronica, Accessori e Gadget Smart",Supporti Auto Magnetici MagSafe Wireless,ESR,B001001905,0,385,92
Spigen Supporti Auto Magnetici MagSafe Wireless Premium Edition Mod. 17 (1918),https://www.amazon.it/dp/B001001918?tag=offertissimes-21,47.9,72.41,6.9,43.08,"Elettronica, Accessori e Gadget Smart",Supporti Auto Magnetici MagSafe Wireless,Spigen,B001001918,0,256,98
KitchenBoss Sigillatori Sottovuoto & Rotoli Goffrati Premium Edition Mod. 13 (2229),https://www.amazon.it/dp/B001002229?tag=offertissimes-21,76.99,94.84,6.9,72.35,"Casa, Cucina ed Elettrodomestici",Sigillatori Sottovuoto & Rotoli Goffrati,KitchenBoss,B001002229,1,229,86
iDesign Organizer Frigo & Dispensa Trasparenti Acrilico Premium Edition Mod. 14 (2282),https://www.amazon.it/dp/B001002282?tag=offertissimes-21,115.25,182.57,6.9,98.07,"Casa, Cucina ed Elettrodomestici",Organizer Frigo & Dispensa Trasparenti Acrilico,iDesign,B001002282,0,404,90
TP-Link Tapo Lampadine LED Smart Dimmerabili Attacco E27/GU10 Premium Edition Mod. 28 (2434),https://www.amazon.it/dp/B001002434?tag=offertissimes-21,32.18,45.53,6.9,28.97,"Fai da Te, Bricolage e Giardinaggio",Lampadine LED Smart Dimmerabili Attacco E27/GU10,TP-Link Tapo,B001002434,1,118,83
HOTO Mini Cacciaviti Elettrici di Precisione Virali Premium Edition Mod. 10 (2488),https://www.amazon.it/dp/B001002488?tag=offertissimes-21,82.75,97.54,6.9,80.95,"Fai da Te, Bricolage e Giardinaggio",Mini Cacciaviti Elettrici di Precisione Virali,HOTO,B001002488,0,212,90
Little Trees Profumatori Auto Lunga Durata & Ricariche Premium Edition Mod. 09 (2559),https://www.amazon.it/dp/B001002559?tag=offertissimes-21,47.72,65.46,6.9,42.54,Auto e Moto (Accessori & Manutenzione),Profumatori Auto Lunga Durata & Ricariche,Little Trees,B001002559,1,136,85
Double A Risme Carta da Stampa A4 80g Scorte 2500ff Premium Edition Mod. 30 (2952),https://www.amazon.it/dp/B001002952?tag=offertissimes-21,56.42,69.08,6.9,52.1,"Cancelleria, Ufficio e Spedizioni",Risme Carta da Stampa A4 80g Scorte 2500ff,Double A,B001002952,1,34,87
Pentel Evidenziatori Pastello & Penne Gel Cancellabili Premium Edition Mod. 13 (2999),https://www.amazon.it/dp/B001002999?tag=offertissimes-21,50.66,68.85,6.9,46.58,"Cancelleria, Ufficio e Spedizioni",Evidenziatori Pastello & Penne Gel Cancellabili,Pentel,B001002999,1,30,86
JHK T-Shirt Girocollo Cotone Pesante Pack da 5 Premium Edition Mod. 26 (3142),https://www.amazon.it/dp/B001003142?tag=offertissimes-21,23.54,30.03,6.9,20.18,Abbigliamento Base e Calzetteria,T-Shirt Girocollo Cotone Pesante Pack da 5,JHK,B001003142,1,64,84
"Philips OneBlade Rasatura, Lame & Depilazione Premium Edition Mod. 39 (0230)",https://www.amazon.it/dp/B001000230?tag=offertissimes-21,20.02,30.25,6.8,19.22,Bellezza e Cura della Persona,"Rasatura, Lame & Depilazione",Philips OneBlade,B001000230,1,49,82
Afnan Profumeria & Fragranze Virali Premium Edition Mod. 17 (0271),https://www.amazon.it/dp/B001000271?tag=offertissimes-21,20.58,27.1,6.8,17.76,Bellezza e Cura della Persona,Profumeria & Fragranze Virali,Afnan,B001000271,0,509,97
Lattafa Profumeria & Fragranze Virali Premium Edition Mod. 29 (0283),https://www.amazon.it/dp/B001000283?tag=offertissimes-21,27.75,37.11,6.8,26.91,Bellezza e Cura della Persona,Profumeria & Fragranze Virali,Lattafa,B001000283,0,463,100
Maison Alhambra Profumeria & Fragranze Virali Premium Edition Mod. 61 (0315),https://www.amazon.it/dp/B001000315?tag=offertissimes-21,29.24,43.42,6.8,27.97,Bellezza e Cura della Persona,Profumeria & Fragranze Virali,Maison Alhambra,B001000315,0,426,99
WeightWorld Creatina Monoidrato & Pre-Workout Premium Edition Mod. 57 (0494),https://www.amazon.it/dp/B001000494?tag=offertissimes-21,47.49,62.08,6.8,40.59,"Salute, Igiene e Integratori",Creatina Monoidrato & Pre-Workout,WeightWorld,B001000494,1,30,93
"Swisse Vitamine, Magnesio & Biohacking Sonno Premium Edition Mod. 40 (0534)",https://www.amazon.it/dp/B001000534?tag=offertissimes-21,36.39,42.79,6.8,34.06,"Salute, Igiene e Integratori","Vitamine, Magnesio & Biohacking Sonno",Swisse,B001000534,1,44,85
Liquid I.V. Elettroliti & Idratazione Senza Zucchero Premium Edition Mod. 24 (0575),https://www.amazon.it/dp/B001000575?tag=offertissimes-21,42.72,48.61,6.8,36.37,"Salute, Igiene e Integratori",Elettroliti & Idratazione Senza Zucchero,Liquid I.V.,B001000575,1,42,95
Scrub Daddy Pulitori Miracolosi Virali & Spugne Premium Edition Mod. 16 (1176),https://www.amazon.it/dp/B001001176?tag=offertissimes-21,24.31,33.05,6.8,22.25,Cura della Casa e Pulizia,Pulitori Miracolosi Virali & Spugne,Scrub Daddy,B001001176,0,235,94
Swiffer Panni Microfibra Alta Densità & Swiffer Ricambi Premium Edition Mod. 38 (1258),https://www.amazon.it/dp/B001001258?tag=offertissimes-21,15.24,19.66,6.8,13.21,Cura della Casa e Pulizia,Panni Microfibra Alta Densità & Swiffer Ricambi,Swiffer,B001001258,1,37,78
PetiFine Filtri Ricambio Fontanelle Acqua Gatti Premium Edition Mod. 30 (1631),https://www.amazon.it/dp/B001001631?tag=offertissimes-21,19.57,30.48,6.8,17.13,Animali Domestici (Pet Care),Filtri Ricambio Fontanelle Acqua Gatti,PetiFine,B001001631,1,32,82
Ugreen Caricatori GaN Multi-Porta Compatti Premium Edition Mod. 43 (1891),https://www.amazon.it/dp/B001001891?tag=offertissimes-21,32.16,49.4,6.8,29.85,"Elettronica, Accessori e Gadget Smart",Caricatori GaN Multi-Porta Compatti,Ugreen,B001001891,0,351,92
Cosori Carta Forno Riutilizzabile & Accessori Friggitrice Aria Premium Edition Mod. 43 (2155),https://www.amazon.it/dp/B001002155?tag=offertissimes-21,19.28,26.09,6.8,16.68,"Casa, Cucina ed Elettrodomestici",Carta Forno Riutilizzabile & Accessori Friggitrice Aria,Cosori,B001002155,1,232,96
Cosori Friggitrici ad Aria a Doppia Resistenza Premium Edition Mod. 10 (2174),https://www.amazon.it/dp/B001002174?tag=offertissimes-21,49.87,71.3,6.8,46.19,"Casa, Cucina ed Elettrodomestici",Friggitrici ad Aria a Doppia Resistenza,Cosori,B001002174,0,208,96
KitchenBoss Sigillatori Sottovuoto & Rotoli Goffrati Premium Edition Mod. 33 (2249),https://www.amazon.it/dp/B001002249?tag=offertissimes-21,97.29,117.16,6.8,84.25,"Casa, Cucina ed Elettrodomestici",Sigillatori Sottovuoto & Rotoli Goffrati,KitchenBoss,B001002249,1,248,83
Severin Montalatte Elettrici a Induzione Virali Premium Edition Mod. 30 (2349),https://www.amazon.it/dp/B001002349?tag=offertissimes-21,126.37,146.24,6.8,114.6,"Casa, Cucina ed Elettrodomestici",Montalatte Elettrici a Induzione Virali,Severin,B001002349,0,279,87
Beast Gear Corda per Saltare Professionale con Cuscinetti Rapidi Premium Edition Mod. 27 (2765),https://www.amazon.it/dp/B001002765?tag=offertissimes-21,51.99,61.09,6.8,46.72,"Sport, Fitness e Attrezzatura",Corda per Saltare Professionale con Cuscinetti Rapidi,Beast Gear,B001002765,0,364,86
Manduka Tappetini Yoga Antiscivolo Alta Densità TPE Premium Edition Mod. 27 (2841),https://www.amazon.it/dp/B001002841?tag=offertissimes-21,67.79,84.33,6.8,64.31,"Sport, Fitness e Attrezzatura",Tappetini Yoga Antiscivolo Alta Densità TPE,Manduka,B001002841,0,468,95
Lifewit Borse Termiche Pranzo Fit & Portavivande Ermetici Premium Edition Mod. 34 (2886),https://www.amazon.it/dp/B001002886?tag=offertissimes-21,60.64,73.65,6.8,58.13,"Sport, Fitness e Attrezzatura",Borse Termiche Pranzo Fit & Portavivande Ermetici,Lifewit,B001002886,0,308,92
Stabilo Boss Pastel Evidenziatori Pastello & Penne Gel Cancellabili Premium Edition Mod. 24 (3010),https://www.amazon.it/dp/B001003010?tag=offertissimes-21,21.37,25.16,6.8,19.08,"Cancelleria, Ufficio e Spedizioni",Evidenziatori Pastello & Penne Gel Cancellabili,Stabilo Boss Pastel,B001003010,1,59,79
Amazon Essentials T-Shirt Girocollo Cotone Pesante Pack da 5 Premium Edition Mod. 06 (3122),https://www.amazon.it/dp/B001003122?tag=offertissimes-21,29.0,37.56,6.8,27.56,Abbigliamento Base e Calzetteria,T-Shirt Girocollo Cotone Pesante Pack da 5,Amazon Essentials,B001003122,1,102,83
Fruit of the Loom T-Shirt Girocollo Cotone Pesante Pack da 5 Premium Edition Mod. 10 (3126),https://www.amazon.it/dp/B001003126?tag=offertissimes-21,33.9,52.75,6.8,31.25,Abbigliamento Base e Calzetteria,T-Shirt Girocollo Cotone Pesante Pack da 5,Fruit of the Loom,B001003126,1,60,87
Legami Milano Agende Settimanali 12/18 Mesi & Ricariche Premium Edition Mod. 11 (3301),https://www.amazon.it/dp/B001003301?tag=offertissimes-21,20.79,28.06,6.8,17.76,"Libri, Agende e Self-Help",Agende Settimanali 12/18 Mesi & Ricariche,Legami Milano,B001003301,1,196,85
Marvis Igiene Orale & Ricambi Spazzolini Premium Edition Mod. 33 (0097),https://www.amazon.it/dp/B001000097?tag=offertissimes-21,22.07,27.87,6.7,19.72,Bellezza e Cura della Persona,Igiene Orale & Ricambi Spazzolini,Marvis,B001000097,1,50,78
"Philips OneBlade Rasatura, Lame & Depilazione Premium Edition Mod. 02 (0193)",https://www.amazon.it/dp/B001000193?tag=offertissimes-21,26.13,37.58,6.7,23.72,Bellezza e Cura della Persona,"Rasatura, Lame & Depilazione",Philips OneBlade,B001000193,1,57,75
NYX Make-Up & Accessori Bellezza Virali Premium Edition Mod. 58 (0375),https://www.amazon.it/dp/B001000375?tag=offertissimes-21,30.05,42.47,6.7,25.71,Bellezza e Cura della Persona,Make-Up & Accessori Bellezza Virali,NYX,B001000375,0,535,91
Creapure Creatina Monoidrato & Pre-Workout Premium Edition Mod. 40 (0477),https://www.amazon.it/dp/B001000477?tag=offertissimes-21,21.28,32.65,6.7,18.46,"Salute, Igiene e Integratori",Creatina Monoidrato & Pre-Workout,Creapure,B001000477,1,28,93
Pukka Tè Matcha Cerimoniale Bio & Tisane Premium Edition Mod. 03 (0827),https://www.amazon.it/dp/B001000827?tag=offertissimes-21,18.13,24.06,6.7,15.94,"Alimentari, Caffè e Bevande",Tè Matcha Cerimoniale Bio & Tisane,Pukka,B001000827,1,21,88
Prozis Alimenti Proteici & Creme Spalmabili Zero Premium Edition Mod. 25 (0901),https://www.amazon.it/dp/B001000901?tag=offertissimes-21,31.21,45.63,6.7,26.98,"Alimentari, Caffè e Bevande",Alimenti Proteici & Creme Spalmabili Zero,Prozis,B001000901,1,21,93
Ariel Pods Detersivi Lavatrice Concentrati & Pods Premium Edition Mod. 03 (1043),https://www.amazon.it/dp/B001001043?tag=offertissimes-21,19.28,30.9,6.7,17.9,Cura della Casa e Pulizia,Detersivi Lavatrice Concentrati & Pods,Ariel Pods,B001001043,1,61,88
Angelcare Ricariche Mangia-Pannolini Multistrato Premium Edition Mod. 16 (1368),https://www.amazon.it/dp/B001001368?tag=offertissimes-21,45.39,59.77,6.7,44.32,Prima Infanzia e Maternità,Ricariche Mangia-Pannolini Multistrato,Angelcare,B001001368,1,25,85
Catit Filtri Ricambio Fontanelle Acqua Gatti Premium Edition Mod. 28 (1629),https://www.amazon.it/dp/B001001629?tag=offertissimes-21,8.29,11.34,6.7,7.29,Animali Domestici (Pet Care),Filtri Ricambio Fontanelle Acqua Gatti,Catit,B001001629,1,42,77
Spigen Pellicole Salvaschermo Vetro con Dima Installazione Premium Edition Mod. 26 (1820),https://www.amazon.it/dp/B001001820?tag=offertissimes-21,23.77,28.18,6.7,21.66,"Elettronica, Accessori e Gadget Smart",Pellicole Salvaschermo Vetro con Dima Installazione,Spigen,B001001820,1,338,89
Baseus Caricatori GaN Multi-Porta Compatti Premium Edition Mod. 02 (1850),https://www.amazon.it/dp/B001001850?tag=offertissimes-21,71.1,106.4,6.7,67.86,"Elettronica, Accessori e Gadget Smart",Caricatori GaN Multi-Porta Compatti,Baseus,B001001850,0,521,94
Baseus Caricatori GaN Multi-Porta Compatti Premium Edition Mod. 04 (1852),https://www.amazon.it/dp/B001001852?tag=offertissimes-21,48.78,60.7,6.7,44.16,"Elettronica, Accessori e Gadget Smart",Caricatori GaN Multi-Porta Compatti,Baseus,B001001852,0,450,96
FoodSaver Sigillatori Sottovuoto & Rotoli Goffrati Premium Edition Mod. 38 (2254),https://www.amazon.it/dp/B001002254?tag=offertissimes-21,31.0,43.85,6.7,28.63,"Casa, Cucina ed Elettrodomestici",Sigillatori Sottovuoto & Rotoli Goffrati,FoodSaver,B001002254,1,84,86
Bialetti Montalatte Elettrici a Induzione Virali Premium Edition Mod. 45 (2364),https://www.amazon.it/dp/B001002364?tag=offertissimes-21,42.12,50.03,6.7,38.37,"Casa, Cucina ed Elettrodomestici",Montalatte Elettrici a Induzione Virali,Bialetti,B001002364,0,351,90
Fanttik Mini Cacciaviti Elettrici di Precisione Virali Premium Edition Mod. 06 (2484),https://www.amazon.it/dp/B001002484?tag=offertissimes-21,57.73,69.59,6.7,54.21,"Fai da Te, Bricolage e Giardinaggio",Mini Cacciaviti Elettrici di Precisione Virali,Fanttik,B001002484,0,417,92
HOTO Mini Cacciaviti Elettrici di Precisione Virali Premium Edition Mod. 33 (2511),https://www.amazon.it/dp/B001002511?tag=offertissimes-21,19.38,27.8,6.7,18.67,"Fai da Te, Bricolage e Giardinaggio",Mini Cacciaviti Elettrici di Precisione Virali,HOTO,B001002511,0,318,91
Claber Sistemi Irrigazione a Goccia Smart per Balconi Premium Edition Mod. 29 (2543),https://www.amazon.it/dp/B001002543?tag=offertissimes-21,15.79,18.94,6.7,15.29,"Fai da Te, Bricolage e Giardinaggio",Sistemi Irrigazione a Goccia Smart per Balconi,Claber,B001002543,0,218,84
Baseus Aspirapolvere Portatili per Auto ad Alta Potenza Premium Edition Mod. 15 (2685),https://www.amazon.it/dp/B001002685?tag=offertissimes-21,56.01,79.39,6.7,52.02,Auto e Moto (Accessori & Manutenzione),Aspirapolvere Portatili per Auto ad Alta Potenza,Baseus,B001002685,0,365,88
Beast Gear Fasce Elastiche di Resistenza & Loop Bands Tessuto Premium Edition Mod. 21 (2721),https://www.amazon.it/dp/B001002721?tag=offertissimes-21,54.32,65.08,6.7,49.41,"Sport, Fitness e Attrezzatura",Fasce Elastiche di Resistenza & Loop Bands Tessuto,Beast Gear,B001002721,1,120,91
Gritin Fasce Elastiche di Resistenza & Loop Bands Tessuto Premium Edition Mod. 24 (2724),https://www.amazon.it/dp/B001002724?tag=offertissimes-21,68.01,88.12,6.7,61.82,"Sport, Fitness e Attrezzatura",Fasce Elastiche di Resistenza & Loop Bands Tessuto,Gritin,B001002724,1,130,94
Gritin Tappetini Yoga Antiscivolo Alta Densità TPE Premium Edition Mod. 34 (2848),https://www.amazon.it/dp/B001002848?tag=offertissimes-21,45.38,70.57,6.7,41.33,"Sport, Fitness e Attrezzatura",Tappetini Yoga Antiscivolo Alta Densità TPE,Gritin,B001002848,0,240,87
Double A Risme Carta da Stampa A4 80g Scorte 2500ff Premium Edition Mod. 26 (2948),https://www.amazon.it/dp/B001002948?tag=offertissimes-21,23.13,28.97,6.7,20.63,"Cancelleria, Ufficio e Spedizioni",Risme Carta da Stampa A4 80g Scorte 2500ff,Double A,B001002948,1,45,77
Gildan T-Shirt Girocollo Cotone Pesante Pack da 5 Premium Edition Mod. 15 (3131),https://www.amazon.it/dp/B001003131?tag=offertissimes-21,32.0,48.55,6.7,30.84,Abbigliamento Base e Calzetteria,T-Shirt Girocollo Cotone Pesante Pack da 5,Gildan,B001003131,1,82,78
Ultra Pro Bustine Protettive Carte Collezionabili (100-500pz) Premium Edition Mod. 16 (3196),https://www.amazon.it/dp/B001003196?tag=offertissimes-21,12.29,17.0,6.7,11.37,"Giochi, Hobbies e Tempo Libero",Bustine Protettive Carte Collezionabili (100-500pz),Ultra Pro,B001003196,1,270,83
Ultra Pro Bustine Protettive Carte Collezionabili (100-500pz) Premium Edition Mod. 21 (3201),https://www.amazon.it/dp/B001003201?tag=offertissimes-21,26.96,36.92,6.7,25.82,"Giochi, Hobbies e Tempo Libero",Bustine Protettive Carte Collezionabili (100-500pz),Ultra Pro,B001003201,1,333,89
Dixit Giochi da Tavolo Compatti & Pocket Virali Premium Edition Mod. 17 (3225),https://www.amazon.it/dp/B001003225?tag=offertissimes-21,30.99,36.87,6.7,28.8,"Giochi, Hobbies e Tempo Libero",Giochi da Tavolo Compatti & Pocket Virali,Dixit,B001003225,0,379,96
Dixit Giochi da Tavolo Compatti & Pocket Virali Premium Edition Mod. 22 (3230),https://www.amazon.it/dp/B001003230?tag=offertissimes-21,29.51,40.43,6.7,28.35,"Giochi, Hobbies e Tempo Libero",Giochi da Tavolo Compatti & Pocket Virali,Dixit,B001003230,0,208,92
Infinity Cube Fidget Toys & Antistress Magnetici Virali Premium Edition Mod. 24 (3287),https://www.amazon.it/dp/B001003287?tag=offertissimes-21,35.14,42.17,6.7,31.74,"Giochi, Hobbies e Tempo Libero",Fidget Toys & Antistress Magnetici Virali,Infinity Cube,B001003287,0,486,100
Curaprox Igiene Orale & Ricambi Spazzolini Premium Edition Mod. 45 (0109),https://www.amazon.it/dp/B001000109?tag=offertissimes-21,32.95,38.88,6.6,28.37,Bellezza e Cura della Persona,Igiene Orale & Ricambi Spazzolini,Curaprox,B001000109,1,60,87
L'Oréal Professionnel Cura dei Capelli & Shampoo Trattanti Premium Edition Mod. 04 (0132),https://www.amazon.it/dp/B001000132?tag=offertissimes-21,42.42,61.25,6.6,37.1,Bellezza e Cura della Persona,Cura dei Capelli & Shampoo Trattanti,L'Oréal Professionnel,B001000132,1,45,90
MyProtein Proteine & Aminoacidi Sportivi Premium Edition Mod. 54 (0434),https://www.amazon.it/dp/B001000434?tag=offertissimes-21,44.1,64.87,6.6,39.34,"Salute, Igiene e Integratori",Proteine & Aminoacidi Sportivi,MyProtein,B001000434,1,42,83
Enervit Elettroliti & Idratazione Senza Zucchero Premium Edition Mod. 08 (0559),https://www.amazon.it/dp/B001000559?tag=offertissimes-21,46.43,67.32,6.6,41.98,"Salute, Igiene e Integratori",Elettroliti & Idratazione Senza Zucchero,Enervit,B001000559,1,33,95
Braun Dispositivi Elettromedicali & Termometri Premium Edition Mod. 26 (0634),https://www.amazon.it/dp/B001000634?tag=offertissimes-21,20.91,28.66,6.6,19.57,"Salute, Igiene e Integratori",Dispositivi Elettromedicali & Termometri,Braun,B001000634,0,310,77
Daily Life Alimenti Proteici & Creme Spalmabili Zero Premium Edition Mod. 39 (0915),https://www.amazon.it/dp/B001000915?tag=offertissimes-21,29.0,44.05,6.6,26.95,"Alimentari, Caffè e Bevande",Alimenti Proteici & Creme Spalmabili Zero,Daily Life,B001000915,1,28,95
Skinny Food Co Sciroppi Zero Calorie & Aromi Barista Premium Edition Mod. 21 (0949),https://www.amazon.it/dp/B001000949?tag=offertissimes-21,36.12,42.82,6.6,32.96,"Alimentari, Caffè e Bevande",Sciroppi Zero Calorie & Aromi Barista,Skinny Food Co,B001000949,0,493,86
Pril Gold Capsule Lavastoviglie Maxi Box (100-160pz) Premium Edition Mod. 20 (1000),https://www.amazon.it/dp/B001001000?tag=offertissimes-21,13.52,16.42,6.6,12.46,Cura della Casa e Pulizia,Capsule Lavastoviglie Maxi Box (100-160pz),Pril Gold,B001001000,1,56,87
Pril Gold Capsule Lavastoviglie Maxi Box (100-160pz) Premium Edition Mod. 43 (1023),https://www.amazon.it/dp/B001001023?tag=offertissimes-21,39.65,51.67,6.6,38.59,Cura della Casa e Pulizia,Capsule Lavastoviglie Maxi Box (100-160pz),Pril Gold,B001001023,1,47,90
Dixan Detersivi Lavatrice Concentrati & Pods Premium Edition Mod. 25 (1065),https://www.amazon.it/dp/B001001065?tag=offertissimes-21,39.96,61.26,6.6,34.59,Cura della Casa e Pulizia,Detersivi Lavatrice Concentrati & Pods,Dixan,B001001065,1,60,77
TAPP Water Filtri Ricambio Caraffe & Depuratori Acqua Premium Edition Mod. 26 (1126),https://www.amazon.it/dp/B001001126?tag=offertissimes-21,35.69,49.99,6.6,30.69,Cura della Casa e Pulizia,Filtri Ricambio Caraffe & Depuratori Acqua,TAPP Water,B001001126,1,64,94
Mustela Paste Cambio Protettive Ossido Zinco Premium Edition Mod. 04 (1392),https://www.amazon.it/dp/B001001392?tag=offertissimes-21,15.53,24.36,6.6,13.77,Prima Infanzia e Maternità,Paste Cambio Protettive Ossido Zinco,Mustela,B001001392,1,29,87
Bepanthenol Paste Cambio Protettive Ossido Zinco Premium Edition Mod. 23 (1411),https://www.amazon.it/dp/B001001411?tag=offertissimes-21,22.54,27.69,6.6,20.43,Prima Infanzia e Maternità,Paste Cambio Protettive Ossido Zinco,Bepanthenol,B001001411,1,16,81
Mustela Paste Cambio Protettive Ossido Zinco Premium Edition Mod. 32 (1420),https://www.amazon.it/dp/B001001420?tag=offertissimes-21,59.1,70.92,6.6,52.92,Prima Infanzia e Maternità,Paste Cambio Protettive Ossido Zinco,Mustela,B001001420,1,29,79
Biokat's Lettiere Gatto Agglomeranti & Silicio 10-20L Premium Edition Mod. 28 (1488),https://www.amazon.it/dp/B001001488?tag=offertissimes-21,39.21,54.81,6.6,35.69,Animali Domestici (Pet Care),Lettiere Gatto Agglomeranti & Silicio 10-20L,Biokat's,B001001488,1,44,94
Earth Rated Sacchetti Igienici Cane Biodegradabili (300-600pz) Premium Edition Mod. 45 (1552),https://www.amazon.it/dp/B001001552?tag=offertissimes-21,69.48,79.36,6.6,61.72,Animali Domestici (Pet Care),Sacchetti Igienici Cane Biodegradabili (300-600pz),Earth Rated,B001001552,1,31,86
Pedigree Dentastix Snack Igiene Dentale Cani Scorte Mensili Premium Edition Mod. 43 (1597),https://www.amazon.it/dp/B001001597?tag=offertissimes-21,15.05,17.98,6.6,14.32,Animali Domestici (Pet Care),Snack Igiene Dentale Cani Scorte Mensili,Pedigree Dentastix,B001001597,1,33,80
Outward Hound Tappetini Olfattivi & Ciotole Lente Virali Premium Edition Mod. 23 (1717),https://www.amazon.it/dp/B001001717?tag=offertissimes-21,40.6,65.06,6.6,35.64,Animali Domestici (Pet Care),Tappetini Olfattivi & Ciotole Lente Virali,Outward Hound,B001001717,0,195,98
Baseus Cavi USB-C Fast Charge 100W/240W Multipack Premium Edition Mod. 05 (1745),https://www.amazon.it/dp/B001001745?tag=offertissimes-21,80.42,99.51,6.6,74.32,"Elettronica, Accessori e Gadget Smart",Cavi USB-C Fast Charge 100W/240W Multipack,Baseus,B001001745,1,356,96
ESR Pellicole Salvaschermo Vetro con Dima Installazione Premium Edition Mod. 27 (1821),https://www.amazon.it/dp/B001001821?tag=offertissimes-21,12.24,15.15,6.6,10.92,"Elettronica, Accessori e Gadget Smart",Pellicole Salvaschermo Vetro con Dima Installazione,ESR,B001001821,1,182,89
iRobot Roomba Filtri & Ricambi Robot Aspirapolvere Premium Edition Mod. 21 (2081),https://www.amazon.it/dp/B001002081?tag=offertissimes-21,106.95,135.34,6.6,91.27,"Casa, Cucina ed Elettrodomestici",Filtri & Ricambi Robot Aspirapolvere,iRobot Roomba,B001002081,1,189,84
SiliconeMaster Carta Forno Riutilizzabile & Accessori Friggitrice Aria Premium Edition Mod. 29 (2141),https://www.amazon.it/dp/B001002141?tag=offertissimes-21,42.24,48.49,6.6,38.54,"Casa, Cucina ed Elettrodomestici",Carta Forno Riutilizzabile & Accessori Friggitrice Aria,SiliconeMaster,B001002141,1,334,93
Aigostar Lampadine LED Smart Dimmerabili Attacco E27/GU10 Premium Edition Mod. 30 (2436),https://www.amazon.it/dp/B001002436?tag=offertissimes-21,30.79,43.82,6.6,28.65,"Fai da Te, Bricolage e Giardinaggio",Lampadine LED Smart Dimmerabili Attacco E27/GU10,Aigostar,B001002436,1,91,86
Claber Sistemi Irrigazione a Goccia Smart per Balconi Premium Edition Mod. 25 (2539),https://www.amazon.it/dp/B001002539?tag=offertissimes-21,31.96,48.33,6.6,30.82,"Fai da Te, Bricolage e Giardinaggio",Sistemi Irrigazione a Goccia Smart per Balconi,Claber,B001002539,0,509,94
Baseus Aspirapolvere Portatili per Auto ad Alta Potenza Premium Edition Mod. 05 (2675),https://www.amazon.it/dp/B001002675?tag=offertissimes-21,52.17,71.76,6.6,46.06,Auto e Moto (Accessori & Manutenzione),Aspirapolvere Portatili per Auto ad Alta Potenza,Baseus,B001002675,0,262,89
Beast Gear Corda per Saltare Professionale con Cuscinetti Rapidi Premium Edition Mod. 09 (2747),https://www.amazon.it/dp/B001002747?tag=offertissimes-21,29.71,38.35,6.6,26.18,"Sport, Fitness e Attrezzatura",Corda per Saltare Professionale con Cuscinetti Rapidi,Beast Gear,B001002747,0,358,94
Renpho Pistole Massaggianti Muscolari Portatili Premium Edition Mod. 02 (2778),https://www.amazon.it/dp/B001002778?tag=offertissimes-21,45.97,72.02,6.6,39.42,"Sport, Fitness e Attrezzatura",Pistole Massaggianti Muscolari Portatili,Renpho,B001002778,0,223,96
Lemero Cartucce & Toner Compatibili Multipack Premium Edition Mod. 04 (2894),https://www.amazon.it/dp/B001002894?tag=offertissimes-21,10.16,12.03,6.6,9.48,"Cancelleria, Ufficio e Spedizioni",Cartucce & Toner Compatibili Multipack,Lemero,B001002894,1,56,87
Double A Risme Carta da Stampa A4 80g Scorte 2500ff Premium Edition Mod. 17 (2939),https://www.amazon.it/dp/B001002939?tag=offertissimes-21,57.69,73.47,6.6,53.22,"Cancelleria, Ufficio e Spedizioni",Risme Carta da Stampa A4 80g Scorte 2500ff,Double A,B001002939,1,78,89
Danish Endurance Boxer Cotone Elasticizzato Multipack (6-10pz) Premium Edition Mod. 30 (3080),https://www.amazon.it/dp/B001003080?tag=offertissimes-21,25.59,36.83,6.6,24.47,Abbigliamento Base e Calzetteria,Boxer Cotone Elasticizzato Multipack (6-10pz),Danish Endurance,B001003080,1,109,88
Amazon Essentials T-Shirt Girocollo Cotone Pesante Pack da 5 Premium Edition Mod. 11 (3127),https://www.amazon.it/dp/B001003127?tag=offertissimes-21,25.68,36.63,6.6,23.84,Abbigliamento Base e Calzetteria,T-Shirt Girocollo Cotone Pesante Pack da 5,Amazon Essentials,B001003127,1,90,85
The Ordinary Sieri Viso & Trattamenti Anti-Age Premium Edition Mod. 08 (0008),https://www.amazon.it/dp/B001000008?tag=offertissimes-21,25.75,37.68,6.5,24.77,Bellezza e Cura della Persona,Sieri Viso & Trattamenti Anti-Age,The Ordinary,B001000008,1,57,90
Curaprox Igiene Orale & Ricambi Spazzolini Premium Edition Mod. 01 (0065),https://www.amazon.it/dp/B001000065?tag=offertissimes-21,26.47,42.68,6.5,24.18,Bellezza e Cura della Persona,Igiene Orale & Ricambi Spazzolini,Curaprox,B001000065,1,25,81
Philips Sonicare Igiene Orale & Ricambi Spazzolini Premium Edition Mod. 34 (0098),https://www.amazon.it/dp/B001000098?tag=offertissimes-21,13.63,16.76,6.5,11.89,Bellezza e Cura della Persona,Igiene Orale & Ricambi Spazzolini,Philips Sonicare,B001000098,1,40,81
Oral-B Igiene Orale & Ricambi Spazzolini Premium Edition Mod. 42 (0106),https://www.amazon.it/dp/B001000106?tag=offertissimes-21,41.85,58.18,6.5,38.82,Bellezza e Cura della Persona,Igiene Orale & Ricambi Spazzolini,Oral-B,B001000106,1,46,83
"Philips OneBlade Rasatura, Lame & Depilazione Premium Edition Mod. 24 (0215)",https://www.amazon.it/dp/B001000215?tag=offertissimes-21,18.44,24.35,6.5,16.59,Bellezza e Cura della Persona,"Rasatura, Lame & Depilazione",Philips OneBlade,B001000215,1,25,85
"Astra Rasatura, Lame & Depilazione Premium Edition Mod. 49 (0240)",https://www.amazon.it/dp/B001000240?tag=offertissimes-21,10.17,13.91,6.5,9.75,Bellezza e Cura della Persona,"Rasatura, Lame & Depilazione",Astra,B001000240,1,31,80
Maybelline Make-Up & Accessori Bellezza Virali Premium Edition Mod. 52 (0369),https://www.amazon.it/dp/B001000369?tag=offertissimes-21,32.99,41.5,6.5,31.03,Bellezza e Cura della Persona,Make-Up & Accessori Bellezza Virali,Maybelline,B001000369,0,336,88
Enervit Elettroliti & Idratazione Senza Zucchero Premium Edition Mod. 12 (0563),https://www.amazon.it/dp/B001000563?tag=offertissimes-21,34.19,50.13,6.5,32.03,"Salute, Igiene e Integratori",Elettroliti & Idratazione Senza Zucchero,Enervit,B001000563,1,39,90
Pellini Caffè in Grani Specialty 1kg Premium Edition Mod. 49 (0821),https://www.amazon.it/dp/B001000821?tag=offertissimes-21,13.34,17.24,6.5,12.21,"Alimentari, Caffè e Bevande",Caffè in Grani Specialty 1kg,Pellini,B001000821,1,26,85
Jordan's Skinny Sciroppi Zero Calorie & Aromi Barista Premium Edition Mod. 50 (0978),https://www.amazon.it/dp/B001000978?tag=offertissimes-21,16.42,19.22,6.5,14.37,"Alimentari, Caffè e Bevande",Sciroppi Zero Calorie & Aromi Barista,Jordan's Skinny,B001000978,0,445,87
Fairy Platinum Plus Capsule Lavastoviglie Maxi Box (100-160pz) Premium Edition Mod. 24 (1004),https://www.amazon.it/dp/B001001004?tag=offertissimes-21,14.0,19.07,6.5,13.54,Cura della Casa e Pulizia,Capsule Lavastoviglie Maxi Box (100-160pz),Fairy Platinum Plus,B001001004,1,49,87
Fairy Platinum Plus Capsule Lavastoviglie Maxi Box (100-160pz) Premium Edition Mod. 59 (1039),https://www.amazon.it/dp/B001001039?tag=offertissimes-21,26.86,40.43,6.5,24.22,Cura della Casa e Pulizia,Capsule Lavastoviglie Maxi Box (100-160pz),Fairy Platinum Plus,B001001039,1,74,97
Philips Water Filtri Ricambio Caraffe & Depuratori Acqua Premium Edition Mod. 07 (1107),https://www.amazon.it/dp/B001001107?tag=offertissimes-21,46.27,60.35,6.5,44.23,Cura della Casa e Pulizia,Filtri Ricambio Caraffe & Depuratori Acqua,Philips Water,B001001107,1,72,92
Astonish Pulitori Miracolosi Virali & Spugne Premium Edition Mod. 54 (1214),https://www.amazon.it/dp/B001001214?tag=offertissimes-21,20.23,26.11,6.5,19.25,Cura della Casa e Pulizia,Pulitori Miracolosi Virali & Spugne,Astonish,B001001214,0,434,97
Mustela Paste Cambio Protettive Ossido Zinco Premium Edition Mod. 11 (1399),https://www.amazon.it/dp/B001001399?tag=offertissimes-21,43.91,68.24,6.5,38.17,Prima Infanzia e Maternità,Paste Cambio Protettive Ossido Zinco,Mustela,B001001399,1,26,85
Earth Rated Sacchetti Igienici Cane Biodegradabili (300-600pz) Premium Edition Mod. 43 (1550),https://www.amazon.it/dp/B001001550?tag=offertissimes-21,41.03,63.77,6.5,38.55,Animali Domestici (Pet Care),Sacchetti Igienici Cane Biodegradabili (300-600pz),Earth Rated,B001001550,1,42,84
Lickimat Tappetini Olfattivi & Ciotole Lente Virali Premium Edition Mod. 21 (1715),https://www.amazon.it/dp/B001001715?tag=offertissimes-21,38.58,44.77,6.5,35.76,Animali Domestici (Pet Care),Tappetini Olfattivi & Ciotole Lente Virali,Lickimat,B001001715,0,330,97
Spigen Pellicole Salvaschermo Vetro con Dima Installazione Premium Edition Mod. 35 (1829),https://www.amazon.it/dp/B001001829?tag=offertissimes-21,57.17,81.59,6.5,51.26,"Elettronica, Accessori e Gadget Smart",Pellicole Salvaschermo Vetro con Dima Installazione,Spigen,B001001829,1,304,84
Aukey Caricatori GaN Multi-Porta Compatti Premium Edition Mod. 38 (1886),https://www.amazon.it/dp/B001001886?tag=offertissimes-21,20.22,28.51,6.5,18.3,"Elettronica, Accessori e Gadget Smart",Caricatori GaN Multi-Porta Compatti,Aukey,B001001886,0,534,92
Woox Prese Smart Wi-Fi Monitoraggio Consumi Premium Edition Mod. 24 (2031),https://www.amazon.it/dp/B001002031?tag=offertissimes-21,81.41,102.56,6.5,76.49,"Elettronica, Accessori e Gadget Smart",Prese Smart Wi-Fi Monitoraggio Consumi,Woox,B001002031,0,500,82
Shelly Prese Smart Wi-Fi Monitoraggio Consumi Premium Edition Mod. 27 (2034),https://www.amazon.it/dp/B001002034?tag=offertissimes-21,49.72,74.88,6.5,45.33,"Elettronica, Accessori e Gadget Smart",Prese Smart Wi-Fi Monitoraggio Consumi,Shelly,B001002034,0,323,88
SiliconeMaster Carta Forno Riutilizzabile & Accessori Friggitrice Aria Premium Edition Mod. 40 (2152),https://www.amazon.it/dp/B001002152?tag=offertissimes-21,58.12,71.8,6.5,55.1,"Casa, Cucina ed Elettrodomestici",Carta Forno Riutilizzabile & Accessori Friggitrice Aria,SiliconeMaster,B001002152,1,271,94
AirFryer Pro Carta Forno Riutilizzabile & Accessori Friggitrice Aria Premium Edition Mod. 52 (2164),https://www.amazon.it/dp/B001002164?tag=offertissimes-21,48.93,64.65,6.5,47.61,"Casa, Cucina ed Elettrodomestici",Carta Forno Riutilizzabile & Accessori Friggitrice Aria,AirFryer Pro,B001002164,1,259,85
EBL Pile Ricaricabili AA / AAA NiMH & Caricatori Smart Premium Edition Mod. 33 (2403),https://www.amazon.it/dp/B001002403?tag=offertissimes-21,54.25,67.38,6.5,47.17,"Fai da Te, Bricolage e Giardinaggio",Pile Ricaricabili AA / AAA NiMH & Caricatori Smart,EBL,B001002403,1,47,84
Raindrip Sistemi Irrigazione a Goccia Smart per Balconi Premium Edition Mod. 08 (2522),https://www.amazon.it/dp/B001002522?tag=offertissimes-21,45.43,72.98,6.5,43.44,"Fai da Te, Bricolage e Giardinaggio",Sistemi Irrigazione a Goccia Smart per Balconi,Raindrip,B001002522,0,468,87
Fitbeast Fasce Elastiche di Resistenza & Loop Bands Tessuto Premium Edition Mod. 20 (2720),https://www.amazon.it/dp/B001002720?tag=offertissimes-21,64.13,80.55,6.5,56.09,"Sport, Fitness e Attrezzatura",Fasce Elastiche di Resistenza & Loop Bands Tessuto,Fitbeast,B001002720,1,118,88
Munbyn Etichette Termiche Adesive Spedizioni 100x150mm Premium Edition Mod. 08 (2962),https://www.amazon.it/dp/B001002962?tag=offertissimes-21,14.06,22.2,6.5,12.69,"Cancelleria, Ufficio e Spedizioni",Etichette Termiche Adesive Spedizioni 100x150mm,Munbyn,B001002962,1,75,91
Titan Shield Bustine Protettive Carte Collezionabili (100-500pz) Premium Edition Mod. 10 (3190),https://www.amazon.it/dp/B001003190?tag=offertissimes-21,45.67,54.85,6.5,40.65,"Giochi, Hobbies e Tempo Libero",Bustine Protettive Carte Collezionabili (100-500pz),Titan Shield,B001003190,1,205,91
Speks Fidget Toys & Antistress Magnetici Virali Premium Edition Mod. 26 (3289),https://www.amazon.it/dp/B001003289?tag=offertissimes-21,26.72,35.86,6.5,25.69,"Giochi, Hobbies e Tempo Libero",Fidget Toys & Antistress Magnetici Virali,Speks,B001003289,0,299,95
Filofax Agende Settimanali 12/18 Mesi & Ricariche Premium Edition Mod. 17 (3307),https://www.amazon.it/dp/B001003307?tag=offertissimes-21,10.04,14.41,6.5,8.64,"Libri, Agende e Self-Help",Agende Settimanali 12/18 Mesi & Ricariche,Filofax,B001003307,1,233,86
Restivoil Cura dei Capelli & Shampoo Trattanti Premium Edition Mod. 37 (0165),https://www.amazon.it/dp/B001000165?tag=offertissimes-21,24.52,33.42,6.4,21.55,Bellezza e Cura della Persona,Cura dei Capelli & Shampoo Trattanti,Restivoil,B001000165,1,45,91
Kérastase Cura dei Capelli & Shampoo Trattanti Premium Edition Mod. 63 (0191),https://www.amazon.it/dp/B001000191?tag=offertissimes-21,20.42,24.03,6.4,18.35,Bellezza e Cura della Persona,Cura dei Capelli & Shampoo Trattanti,Kérastase,B001000191,1,30,86
"Philips OneBlade Rasatura, Lame & Depilazione Premium Edition Mod. 33 (0224)",https://www.amazon.it/dp/B001000224?tag=offertissimes-21,18.72,24.63,6.4,17.87,Bellezza e Cura della Persona,"Rasatura, Lame & Depilazione",Philips OneBlade,B001000224,1,60,74
"Derby Rasatura, Lame & Depilazione Premium Edition Mod. 42 (0233)",https://www.amazon.it/dp/B001000233?tag=offertissimes-21,27.69,32.43,6.4,24.62,Bellezza e Cura della Persona,"Rasatura, Lame & Depilazione",Derby,B001000233,1,29,71
Enervit Elettroliti & Idratazione Senza Zucchero Premium Edition Mod. 10 (0561),https://www.amazon.it/dp/B001000561?tag=offertissimes-21,28.66,35.67,6.4,24.47,"Salute, Igiene e Integratori",Elettroliti & Idratazione Senza Zucchero,Enervit,B001000561,1,24,91
Omron Dispositivi Elettromedicali & Termometri Premium Edition Mod. 28 (0636),https://www.amazon.it/dp/B001000636?tag=offertissimes-21,33.98,50.12,6.4,30.4,"Salute, Igiene e Integratori",Dispositivi Elettromedicali & Termometri,Omron,B001000636,0,235,70
Voltrx Shaker Magnetici & Accessori Virali Gym Premium Edition Mod. 03 (0667),https://www.amazon.it/dp/B001000667?tag=offertissimes-21,12.81,19.91,6.4,12.18,"Salute, Igiene e Integratori",Shaker Magnetici & Accessori Virali Gym,Voltrx,B001000667,0,460,84
Caffè Toraldo Cialde & Capsule Caffè Scorte 100-150pz Premium Edition Mod. 11 (0731),https://www.amazon.it/dp/B001000731?tag=offertissimes-21,14.17,20.47,6.4,13.11,"Alimentari, Caffè e Bevande",Cialde & Capsule Caffè Scorte 100-150pz,Caffè Toraldo,B001000731,1,18,85
Segafredo Caffè in Grani Specialty 1kg Premium Edition Mod. 07 (0779),https://www.amazon.it/dp/B001000779?tag=offertissimes-21,9.23,13.56,6.4,7.95,"Alimentari, Caffè e Bevande",Caffè in Grani Specialty 1kg,Segafredo,B001000779,1,31,75
Segafredo Caffè in Grani Specialty 1kg Premium Edition Mod. 22 (0794),https://www.amazon.it/dp/B001000794?tag=offertissimes-21,19.16,26.64,6.4,17.68,"Alimentari, Caffè e Bevande",Caffè in Grani Specialty 1kg,Segafredo,B001000794,1,34,84
Pellini Caffè in Grani Specialty 1kg Premium Edition Mod. 33 (0805),https://www.amazon.it/dp/B001000805?tag=offertissimes-21,16.42,20.96,6.4,15.7,"Alimentari, Caffè e Bevande",Caffè in Grani Specialty 1kg,Pellini,B001000805,1,34,84
Clipper Tè Matcha Cerimoniale Bio & Tisane Premium Edition Mod. 02 (0826),https://www.amazon.it/dp/B001000826?tag=offertissimes-21,20.3,25.46,6.4,17.73,"Alimentari, Caffè e Bevande",Tè Matcha Cerimoniale Bio & Tisane,Clipper,B001000826,1,27,92
Scrub Mommy Pulitori Miracolosi Virali & Spugne Premium Edition Mod. 49 (1209),https://www.amazon.it/dp/B001001209?tag=offertissimes-21,42.01,64.12,6.4,37.47,Cura della Casa e Pulizia,Pulitori Miracolosi Virali & Spugne,Scrub Mommy,B001001209,0,337,96
Sanicat Lettiere Gatto Agglomeranti & Silicio 10-20L Premium Edition Mod. 29 (1489),https://www.amazon.it/dp/B001001489?tag=offertissimes-21,47.44,56.77,6.4,45.51,Animali Domestici (Pet Care),Lettiere Gatto Agglomeranti & Silicio 10-20L,Sanicat,B001001489,1,37,86
Ever Clean Lettiere Gatto Agglomeranti & Silicio 10-20L Premium Edition Mod. 41 (1501),https://www.amazon.it/dp/B001001501?tag=offertissimes-21,40.35,56.36,6.4,34.69,Animali Domestici (Pet Care),Lettiere Gatto Agglomeranti & Silicio 10-20L,Ever Clean,B001001501,1,43,82
Earth Rated Sacchetti Igienici Cane Biodegradabili (300-600pz) Premium Edition Mod. 22 (1529),https://www.amazon.it/dp/B001001529?tag=offertissimes-21,27.86,32.23,6.4,25.47,Animali Domestici (Pet Care),Sacchetti Igienici Cane Biodegradabili (300-600pz),Earth Rated,B001001529,1,20,83
INIU Cavi USB-C Fast Charge 100W/240W Multipack Premium Edition Mod. 46 (1786),https://www.amazon.it/dp/B001001786?tag=offertissimes-21,89.88,108.75,6.4,85.05,"Elettronica, Accessori e Gadget Smart",Cavi USB-C Fast Charge 100W/240W Multipack,INIU,B001001786,1,307,97
Anker Caricatori GaN Multi-Porta Compatti Premium Edition Mod. 29 (1877),https://www.amazon.it/dp/B001001877?tag=offertissimes-21,15.9,18.86,6.4,15.29,"Elettronica, Accessori e Gadget Smart",Caricatori GaN Multi-Porta Compatti,Anker,B001001877,0,406,95
Baseus Caricatori GaN Multi-Porta Compatti Premium Edition Mod. 32 (1880),https://www.amazon.it/dp/B001001880?tag=offertissimes-21,20.59,30.93,6.4,18.26,"Elettronica, Accessori e Gadget Smart",Caricatori GaN Multi-Porta Compatti,Baseus,B001001880,0,257,89
Klearlook Kit Pulizia Multifunzione 7-in-1 Tech Premium Edition Mod. 05 (1959),https://www.amazon.it/dp/B001001959?tag=offertissimes-21,98.85,120.06,6.4,92.15,"Elettronica, Accessori e Gadget Smart",Kit Pulizia Multifunzione 7-in-1 Tech,Klearlook,B001001959,0,243,100
Shelly Prese Smart Wi-Fi Monitoraggio Consumi Premium Edition Mod. 14 (2021),https://www.amazon.it/dp/B001002021?tag=offertissimes-21,69.8,80.49,6.4,61.16,"Elettronica, Accessori e Gadget Smart",Prese Smart Wi-Fi Monitoraggio Consumi,Shelly,B001002021,0,432,90
Meross Prese Smart Wi-Fi Monitoraggio Consumi Premium Edition Mod. 15 (2022),https://www.amazon.it/dp/B001002022?tag=offertissimes-21,73.1,99.41,6.4,71.06,"Elettronica, Accessori e Gadget Smart",Prese Smart Wi-Fi Monitoraggio Consumi,Meross,B001002022,0,310,90
Meross Prese Smart Wi-Fi Monitoraggio Consumi Premium Edition Mod. 38 (2045),https://www.amazon.it/dp/B001002045?tag=offertissimes-21,52.75,66.64,6.4,47.03,"Elettronica, Accessori e Gadget Smart",Prese Smart Wi-Fi Monitoraggio Consumi,Meross,B001002045,0,465,89
Dreame Filtri & Ricambi Robot Aspirapolvere Premium Edition Mod. 35 (2095),https://www.amazon.it/dp/B001002095?tag=offertissimes-21,91.11,134.35,6.4,78.06,"Casa, Cucina ed Elettrodomestici",Filtri & Ricambi Robot Aspirapolvere,Dreame,B001002095,1,207,87
SiliconeMaster Carta Forno Riutilizzabile & Accessori Friggitrice Aria Premium Edition Mod. 44 (2156),https://www.amazon.it/dp/B001002156?tag=offertissimes-21,69.03,83.21,6.4,59.42,"Casa, Cucina ed Elettrodomestici",Carta Forno Riutilizzabile & Accessori Friggitrice Aria,SiliconeMaster,B001002156,1,345,94
Cosori Friggitrici ad Aria a Doppia Resistenza Premium Edition Mod. 19 (2183),https://www.amazon.it/dp/B001002183?tag=offertissimes-21,13.36,18.95,6.4,12.32,"Casa, Cucina ed Elettrodomestici",Friggitrici ad Aria a Doppia Resistenza,Cosori,B001002183,0,251,100
Cosori Friggitrici ad Aria a Doppia Resistenza Premium Edition Mod. 24 (2188),https://www.amazon.it/dp/B001002188?tag=offertissimes-21,101.18,142.75,6.4,98.86,"Casa, Cucina ed Elettrodomestici",Friggitrici ad Aria a Doppia Resistenza,Cosori,B001002188,0,472,100
FoodSaver Sigillatori Sottovuoto & Rotoli Goffrati Premium Edition Mod. 20 (2236),https://www.amazon.it/dp/B001002236?tag=offertissimes-21,58.38,82.43,6.4,55.84,"Casa, Cucina ed Elettrodomestici",Sigillatori Sottovuoto & Rotoli Goffrati,FoodSaver,B001002236,1,349,81
Xiaomi Wowstick Mini Cacciaviti Elettrici di Precisione Virali Premium Edition Mod. 22 (2500),https://www.amazon.it/dp/B001002500?tag=offertissimes-21,54.47,64.83,6.4,52.6,"Fai da Te, Bricolage e Giardinaggio",Mini Cacciaviti Elettrici di Precisione Virali,Xiaomi Wowstick,B001002500,0,185,90
Fanttik Mini Cacciaviti Elettrici di Precisione Virali Premium Edition Mod. 25 (2503),https://www.amazon.it/dp/B001002503?tag=offertissimes-21,30.93,47.72,6.4,29.3,"Fai da Te, Bricolage e Giardinaggio",Mini Cacciaviti Elettrici di Precisione Virali,Fanttik,B001002503,0,251,97
BlazePods Corda per Saltare Professionale con Cuscinetti Rapidi Premium Edition Mod. 14 (2752),https://www.amazon.it/dp/B001002752?tag=offertissimes-21,61.73,71.89,6.4,53.5,"Sport, Fitness e Attrezzatura",Corda per Saltare Professionale con Cuscinetti Rapidi,BlazePods,B001002752,0,355,84
Manduka Tappetini Yoga Antiscivolo Alta Densità TPE Premium Edition Mod. 28 (2842),https://www.amazon.it/dp/B001002842?tag=offertissimes-21,43.18,65.77,6.4,40.52,"Sport, Fitness e Attrezzatura",Tappetini Yoga Antiscivolo Alta Densità TPE,Manduka,B001002842,0,204,84
Double A Risme Carta da Stampa A4 80g Scorte 2500ff Premium Edition Mod. 06 (2928),https://www.amazon.it/dp/B001002928?tag=offertissimes-21,47.19,73.55,6.4,42.39,"Cancelleria, Ufficio e Spedizioni",Risme Carta da Stampa A4 80g Scorte 2500ff,Double A,B001002928,1,89,92
Sluban Set Costruzioni Modulari per Adulti Premium Edition Mod. 22 (3258),https://www.amazon.it/dp/B001003258?tag=offertissimes-21,48.8,56.05,6.4,44.43,"Giochi, Hobbies e Tempo Libero",Set Costruzioni Modulari per Adulti,Sluban,B001003258,0,300,94
"Mondadori Bestseller Crescita Personale & Finanza (Atomic Habits, etc.) Premium Edition Mod. 21 (3334)",https://www.amazon.it/dp/B001003334?tag=offertissimes-21,19.16,23.04,6.4,16.42,"Libri, Agende e Self-Help","Bestseller Crescita Personale & Finanza (Atomic Habits, etc.)",Mondadori,B001003334,0,313,90
Oral-B Igiene Orale & Ricambi Spazzolini Premium Edition Mod. 40 (0104),https://www.amazon.it/dp/B001000104?tag=offertissimes-21,29.35,41.18,6.3,26.2,Bellezza e Cura della Persona,Igiene Orale & Ricambi Spazzolini,Oral-B,B001000104,1,44,89
L'Oréal Professionnel Cura dei Capelli & Shampoo Trattanti Premium Edition Mod. 28 (0156),https://www.amazon.it/dp/B001000156?tag=offertissimes-21,10.94,17.6,6.3,9.86,Bellezza e Cura della Persona,Cura dei Capelli & Shampoo Trattanti,L'Oréal Professionnel,B001000156,1,47,90
"Gillette Rasatura, Lame & Depilazione Premium Edition Mod. 14 (0205)",https://www.amazon.it/dp/B001000205?tag=offertissimes-21,12.62,18.59,6.3,11.96,Bellezza e Cura della Persona,"Rasatura, Lame & Depilazione",Gillette,B001000205,1,31,74
Afnan Profumeria & Fragranze Virali Premium Edition Mod. 11 (0265),https://www.amazon.it/dp/B001000265?tag=offertissimes-21,30.17,39.32,6.3,28.34,Bellezza e Cura della Persona,Profumeria & Fragranze Virali,Afnan,B001000265,0,328,91
Foodspring Proteine & Aminoacidi Sportivi Premium Edition Mod. 17 (0397),https://www.amazon.it/dp/B001000397?tag=offertissimes-21,27.34,44.0,6.3,24.5,"Salute, Igiene e Integratori",Proteine & Aminoacidi Sportivi,Foodspring,B001000397,1,33,88
NamedSport Creatina Monoidrato & Pre-Workout Premium Edition Mod. 26 (0463),https://www.amazon.it/dp/B001000463?tag=offertissimes-21,19.58,31.18,6.3,18.02,"Salute, Igiene e Integratori",Creatina Monoidrato & Pre-Workout,NamedSport,B001000463,1,26,87
Nespresso Cialde & Capsule Caffè Scorte 100-150pz Premium Edition Mod. 04 (0724),https://www.amazon.it/dp/B001000724?tag=offertissimes-21,18.8,28.6,6.3,18.22,"Alimentari, Caffè e Bevande",Cialde & Capsule Caffè Scorte 100-150pz,Nespresso,B001000724,1,27,94
Pellini Caffè in Grani Specialty 1kg Premium Edition Mod. 05 (0777),https://www.amazon.it/dp/B001000777?tag=offertissimes-21,25.08,35.71,6.3,21.97,"Alimentari, Caffè e Bevande",Caffè in Grani Specialty 1kg,Pellini,B001000777,1,31,82
Clipper Tè Matcha Cerimoniale Bio & Tisane Premium Edition Mod. 52 (0876),https://www.amazon.it/dp/B001000876?tag=offertissimes-21,27.84,40.85,6.3,24.01,"Alimentari, Caffè e Bevande",Tè Matcha Cerimoniale Bio & Tisane,Clipper,B001000876,1,32,92
Pampers Harmonie Salviette Umidificate All'Acqua 99% Premium Edition Mod. 04 (1320),https://www.amazon.it/dp/B001001320?tag=offertissimes-21,72.88,91.3,6.3,67.43,Prima Infanzia e Maternità,Salviette Umidificate All'Acqua 99%,Pampers Harmonie,B001001320,1,24,87
Momcozy Gadget Virali Sonno Neonato (White Noise) Premium Edition Mod. 27 (1451),https://www.amazon.it/dp/B001001451?tag=offertissimes-21,37.29,43.45,6.3,35.62,Prima Infanzia e Maternità,Gadget Virali Sonno Neonato (White Noise),Momcozy,B001001451,0,188,83
Cat's Best Lettiere Gatto Agglomeranti & Silicio 10-20L Premium Edition Mod. 47 (1507),https://www.amazon.it/dp/B001001507?tag=offertissimes-21,14.11,19.3,6.3,12.86,Animali Domestici (Pet Care),Lettiere Gatto Agglomeranti & Silicio 10-20L,Cat's Best,B001001507,1,20,88
Pogi's Sacchetti Igienici Cane Biodegradabili (300-600pz) Premium Edition Mod. 15 (1522),https://www.amazon.it/dp/B001001522?tag=offertissimes-21,44.53,70.91,6.3,38.93,Animali Domestici (Pet Care),Sacchetti Igienici Cane Biodegradabili (300-600pz),Pogi's,B001001522,1,40,83
Catit Filtri Ricambio Fontanelle Acqua Gatti Premium Edition Mod. 20 (1621),https://www.amazon.it/dp/B001001621?tag=offertissimes-21,25.1,32.76,6.3,23.92,Animali Domestici (Pet Care),Filtri Ricambio Fontanelle Acqua Gatti,Catit,B001001621,1,43,76
Ace2Ace Spazzole Rullo Toglipelo Elettrostatiche Premium Edition Mod. 11 (1659),https://www.amazon.it/dp/B001001659?tag=offertissimes-21,12.25,18.23,6.3,11.06,Animali Domestici (Pet Care),Spazzole Rullo Toglipelo Elettrostatiche,Ace2Ace,B001001659,0,487,99
amFilm Pellicole Salvaschermo Vetro con Dima Installazione Premium Edition Mod. 47 (1841),https://www.amazon.it/dp/B001001841?tag=offertissimes-21,66.82,96.7,6.3,65.29,"Elettronica, Accessori e Gadget Smart",Pellicole Salvaschermo Vetro con Dima Installazione,amFilm,B001001841,1,163,88
Ordilend Kit Pulizia Multifunzione 7-in-1 Tech Premium Edition Mod. 38 (1992),https://www.amazon.it/dp/B001001992?tag=offertissimes-21,90.21,108.04,6.3,81.53,"Elettronica, Accessori e Gadget Smart",Kit Pulizia Multifunzione 7-in-1 Tech,Ordilend,B001001992,0,416,99
Vtopmart Organizer Frigo & Dispensa Trasparenti Acrilico Premium Edition Mod. 15 (2283),https://www.amazon.it/dp/B001002283?tag=offertissimes-21,141.26,169.19,6.3,137.59,"Casa, Cucina ed Elettrodomestici",Organizer Frigo & Dispensa Trasparenti Acrilico,Vtopmart,B001002283,0,540,91
Duracell Pile Ricaricabili AA / AAA NiMH & Caricatori Smart Premium Edition Mod. 15 (2385),https://www.amazon.it/dp/B001002385?tag=offertissimes-21,21.01,28.77,6.3,18.3,"Fai da Te, Bricolage e Giardinaggio",Pile Ricaricabili AA / AAA NiMH & Caricatori Smart,Duracell,B001002385,1,71,89
Duracell Pile Ricaricabili AA / AAA NiMH & Caricatori Smart Premium Edition Mod. 30 (2400),https://www.amazon.it/dp/B001002400?tag=offertissimes-21,61.28,91.97,6.3,56.05,"Fai da Te, Bricolage e Giardinaggio",Pile Ricaricabili AA / AAA NiMH & Caricatori Smart,Duracell,B001002400,1,53,85
Pattex Nastri Adesivi Gorilla & Sigillanti Impermeabilizzanti Premium Edition Mod. 27 (2469),https://www.amazon.it/dp/B001002469?tag=offertissimes-21,15.77,18.25,6.3,14.96,"Fai da Te, Bricolage e Giardinaggio",Nastri Adesivi Gorilla & Sigillanti Impermeabilizzanti,Pattex,B001002469,1,92,89
Rituals Car Profumatori Auto Lunga Durata & Ricariche Premium Edition Mod. 27 (2577),https://www.amazon.it/dp/B001002577?tag=offertissimes-21,42.86,69.08,6.3,40.25,Auto e Moto (Accessori & Manutenzione),Profumatori Auto Lunga Durata & Ricariche,Rituals Car,B001002577,1,78,91
Lifewit Borse Termiche Pranzo Fit & Portavivande Ermetici Premium Edition Mod. 30 (2882),https://www.amazon.it/dp/B001002882?tag=offertissimes-21,42.03,53.39,6.3,40.27,"Sport, Fitness e Attrezzatura",Borse Termiche Pranzo Fit & Portavivande Ermetici,Lifewit,B001002882,0,466,93
Brother Cartucce & Toner Compatibili Multipack Premium Edition Mod. 09 (2899),https://www.amazon.it/dp/B001002899?tag=offertissimes-21,37.0,46.48,6.3,35.27,"Cancelleria, Ufficio e Spedizioni",Cartucce & Toner Compatibili Multipack,Brother,B001002899,1,39,93
Pilot Frixion Evidenziatori Pastello & Penne Gel Cancellabili Premium Edition Mod. 14 (3000),https://www.amazon.it/dp/B001003000?tag=offertissimes-21,39.48,45.02,6.3,34.84,"Cancelleria, Ufficio e Spedizioni",Evidenziatori Pastello & Penne Gel Cancellabili,Pilot Frixion,B001003000,1,47,90
JHK T-Shirt Girocollo Cotone Pesante Pack da 5 Premium Edition Mod. 17 (3133),https://www.amazon.it/dp/B001003133?tag=offertissimes-21,36.45,46.75,6.3,35.66,Abbigliamento Base e Calzetteria,T-Shirt Girocollo Cotone Pesante Pack da 5,JHK,B001003133,1,94,89
Moleskine Agende Settimanali 12/18 Mesi & Ricariche Premium Edition Mod. 10 (3300),https://www.amazon.it/dp/B001003300?tag=offertissimes-21,20.67,32.34,6.3,18.85,"Libri, Agende e Self-Help",Agende Settimanali 12/18 Mesi & Ricariche,Moleskine,B001003300,1,194,84
Mondadori Romanzi Virali BookTok & Romance Trend Premium Edition Mod. 20 (3356),https://www.amazon.it/dp/B001003356?tag=offertissimes-21,24.44,30.19,6.3,23.42,"Libri, Agende e Self-Help",Romanzi Virali BookTok & Romance Trend,Mondadori,B001003356,0,485,93
Rhodia Quaderni Puntinati Bullet Journal Dotted 120g Premium Edition Mod. 06 (3364),https://www.amazon.it/dp/B001003364?tag=offertissimes-21,22.43,30.46,6.3,19.16,"Libri, Agende e Self-Help",Quaderni Puntinati Bullet Journal Dotted 120g,Rhodia,B001003364,1,117,87
Leuchtturm1917 Quaderni Puntinati Bullet Journal Dotted 120g Premium Edition Mod. 13 (3371),https://www.amazon.it/dp/B001003371?tag=offertissimes-21,13.83,17.81,6.3,12.01,"Libri, Agende e Self-Help",Quaderni Puntinati Bullet Journal Dotted 120g,Leuchtturm1917,B001003371,1,241,89
The Ordinary Sieri Viso & Trattamenti Anti-Age Premium Edition Mod. 31 (0031),https://www.amazon.it/dp/B001000031?tag=offertissimes-21,43.48,60.56,6.2,40.71,Bellezza e Cura della Persona,Sieri Viso & Trattamenti Anti-Age,The Ordinary,B001000031,1,48,85
Essence Make-Up & Accessori Bellezza Virali Premium Edition Mod. 51 (0368),https://www.amazon.it/dp/B001000368?tag=offertissimes-21,44.77,58.36,6.2,43.47,Bellezza e Cura della Persona,Make-Up & Accessori Bellezza Virali,Essence,B001000368,0,358,84
NamedSport Creatina Monoidrato & Pre-Workout Premium Edition Mod. 45 (0482),https://www.amazon.it/dp/B001000482?tag=offertissimes-21,52.52,62.3,6.2,46.19,"Salute, Igiene e Integratori",Creatina Monoidrato & Pre-Workout,NamedSport,B001000482,1,24,90
Enervit Elettroliti & Idratazione Senza Zucchero Premium Edition Mod. 22 (0573),https://www.amazon.it/dp/B001000573?tag=offertissimes-21,36.95,46.08,6.2,33.31,"Salute, Igiene e Integratori",Elettroliti & Idratazione Senza Zucchero,Enervit,B001000573,1,29,95
Promixx Shaker Magnetici & Accessori Virali Gym Premium Edition Mod. 27 (0691),https://www.amazon.it/dp/B001000691?tag=offertissimes-21,11.74,16.21,6.2,11.04,"Salute, Igiene e Integratori",Shaker Magnetici & Accessori Virali Gym,Promixx,B001000691,0,448,91
Nespresso Cialde & Capsule Caffè Scorte 100-150pz Premium Edition Mod. 14 (0734),https://www.amazon.it/dp/B001000734?tag=offertissimes-21,19.7,24.62,6.2,18.84,"Alimentari, Caffè e Bevande",Cialde & Capsule Caffè Scorte 100-150pz,Nespresso,B001000734,1,18,100
Illy Caffè in Grani Specialty 1kg Premium Edition Mod. 09 (0781),https://www.amazon.it/dp/B001000781?tag=offertissimes-21,24.66,35.2,6.2,23.73,"Alimentari, Caffè e Bevande",Caffè in Grani Specialty 1kg,Illy,B001000781,1,28,77
Illy Caffè in Grani Specialty 1kg Premium Edition Mod. 28 (0800),https://www.amazon.it/dp/B001000800?tag=offertissimes-21,24.83,31.86,6.2,22.32,"Alimentari, Caffè e Bevande",Caffè in Grani Specialty 1kg,Illy,B001000800,1,35,87
Jordan's Skinny Sciroppi Zero Calorie & Aromi Barista Premium Edition Mod. 10 (0938),https://www.amazon.it/dp/B001000938?tag=offertissimes-21,18.95,25.0,6.2,18.33,"Alimentari, Caffè e Bevande",Sciroppi Zero Calorie & Aromi Barista,Jordan's Skinny,B001000938,0,180,89
Fairy Platinum Plus Capsule Lavastoviglie Maxi Box (100-160pz) Premium Edition Mod. 17 (0997),https://www.amazon.it/dp/B001000997?tag=offertissimes-21,39.41,59.85,6.2,38.56,Cura della Casa e Pulizia,Capsule Lavastoviglie Maxi Box (100-160pz),Fairy Platinum Plus,B001000997,1,39,93
Scrub Daddy Pulitori Miracolosi Virali & Spugne Premium Edition Mod. 10 (1170),https://www.amazon.it/dp/B001001170?tag=offertissimes-21,13.88,17.13,6.2,11.88,Cura della Casa e Pulizia,Pulitori Miracolosi Virali & Spugne,Scrub Daddy,B001001170,0,244,97
Astonish Pulitori Miracolosi Virali & Spugne Premium Edition Mod. 30 (1190),https://www.amazon.it/dp/B001001190?tag=offertissimes-21,17.71,24.86,6.2,16.47,Cura della Casa e Pulizia,Pulitori Miracolosi Virali & Spugne,Astonish,B001001190,0,203,100
Vileda Panni Microfibra Alta Densità & Swiffer Ricambi Premium Edition Mod. 44 (1264),https://www.amazon.it/dp/B001001264?tag=offertissimes-21,15.95,21.13,6.2,13.67,Cura della Casa e Pulizia,Panni Microfibra Alta Densità & Swiffer Ricambi,Vileda,B001001264,1,31,85
Mustela Paste Cambio Protettive Ossido Zinco Premium Edition Mod. 01 (1389),https://www.amazon.it/dp/B001001389?tag=offertissimes-21,51.99,61.23,6.2,45.42,Prima Infanzia e Maternità,Paste Cambio Protettive Ossido Zinco,Mustela,B001001389,1,19,82
Earth Rated Sacchetti Igienici Cane Biodegradabili (300-600pz) Premium Edition Mod. 47 (1554),https://www.amazon.it/dp/B001001554?tag=offertissimes-21,22.35,28.88,6.2,19.15,Animali Domestici (Pet Care),Sacchetti Igienici Cane Biodegradabili (300-600pz),Earth Rated,B001001554,1,21,86
Anker Caricatori GaN Multi-Porta Compatti Premium Edition Mod. 28 (1876),https://www.amazon.it/dp/B001001876?tag=offertissimes-21,80.41,107.26,6.2,69.81,"Elettronica, Accessori e Gadget Smart",Caricatori GaN Multi-Porta Compatti,Anker,B001001876,0,241,88
SiliconeMaster Carta Forno Riutilizzabile & Accessori Friggitrice Aria Premium Edition Mod. 05 (2117),https://www.amazon.it/dp/B001002117?tag=offertissimes-21,124.91,175.51,6.2,116.58,"Casa, Cucina ed Elettrodomestici",Carta Forno Riutilizzabile & Accessori Friggitrice Aria,SiliconeMaster,B001002117,1,84,93
KitchenBoss Sigillatori Sottovuoto & Rotoli Goffrati Premium Edition Mod. 31 (2247),https://www.amazon.it/dp/B001002247?tag=offertissimes-21,21.93,30.78,6.2,19.72,"Casa, Cucina ed Elettrodomestici",Sigillatori Sottovuoto & Rotoli Goffrati,KitchenBoss,B001002247,1,135,89
EBL Pile Ricaricabili AA / AAA NiMH & Caricatori Smart Premium Edition Mod. 29 (2399),https://www.amazon.it/dp/B001002399?tag=offertissimes-21,63.35,82.0,6.2,59.2,"Fai da Te, Bricolage e Giardinaggio",Pile Ricaricabili AA / AAA NiMH & Caricatori Smart,EBL,B001002399,1,115,84
Raindrip Sistemi Irrigazione a Goccia Smart per Balconi Premium Edition Mod. 10 (2524),https://www.amazon.it/dp/B001002524?tag=offertissimes-21,36.87,48.7,6.2,33.08,"Fai da Te, Bricolage e Giardinaggio",Sistemi Irrigazione a Goccia Smart per Balconi,Raindrip,B001002524,0,448,82
Gardena Sistemi Irrigazione a Goccia Smart per Balconi Premium Edition Mod. 18 (2532),https://www.amazon.it/dp/B001002532?tag=offertissimes-21,14.71,18.35,6.2,12.65,"Fai da Te, Bricolage e Giardinaggio",Sistemi Irrigazione a Goccia Smart per Balconi,Gardena,B001002532,0,468,80
Baseus Aspirapolvere Portatili per Auto ad Alta Potenza Premium Edition Mod. 10 (2680),https://www.amazon.it/dp/B001002680?tag=offertissimes-21,25.57,33.07,6.2,22.4,Auto e Moto (Accessori & Manutenzione),Aspirapolvere Portatili per Auto ad Alta Potenza,Baseus,B001002680,0,351,90
Beast Gear Corda per Saltare Professionale con Cuscinetti Rapidi Premium Edition Mod. 37 (2775),https://www.amazon.it/dp/B001002775?tag=offertissimes-21,12.01,16.41,6.2,10.79,"Sport, Fitness e Attrezzatura",Corda per Saltare Professionale con Cuscinetti Rapidi,Beast Gear,B001002775,0,302,85
Renpho Pistole Massaggianti Muscolari Portatili Premium Edition Mod. 03 (2779),https://www.amazon.it/dp/B001002779?tag=offertissimes-21,48.26,57.09,6.2,41.05,"Sport, Fitness e Attrezzatura",Pistole Massaggianti Muscolari Portatili,Renpho,B001002779,0,357,97
Mebak Pistole Massaggianti Muscolari Portatili Premium Edition Mod. 35 (2811),https://www.amazon.it/dp/B001002811?tag=offertissimes-21,32.77,39.17,6.2,27.87,"Sport, Fitness e Attrezzatura",Pistole Massaggianti Muscolari Portatili,Mebak,B001002811,0,184,97
Lemero Cartucce & Toner Compatibili Multipack Premium Edition Mod. 07 (2897),https://www.amazon.it/dp/B001002897?tag=offertissimes-21,40.81,54.33,6.2,39.47,"Cancelleria, Ufficio e Spedizioni",Cartucce & Toner Compatibili Multipack,Lemero,B001002897,1,77,85
Brother Cartucce & Toner Compatibili Multipack Premium Edition Mod. 12 (2902),https://www.amazon.it/dp/B001002902?tag=offertissimes-21,32.53,44.37,6.2,31.57,"Cancelleria, Ufficio e Spedizioni",Cartucce & Toner Compatibili Multipack,Brother,B001002902,1,62,88
JHK T-Shirt Girocollo Cotone Pesante Pack da 5 Premium Edition Mod. 16 (3132),https://www.amazon.it/dp/B001003132?tag=offertissimes-21,20.35,31.29,6.2,17.58,Abbigliamento Base e Calzetteria,T-Shirt Girocollo Cotone Pesante Pack da 5,JHK,B001003132,1,99,84
Dixit Giochi da Tavolo Compatti & Pocket Virali Premium Edition Mod. 05 (3213),https://www.amazon.it/dp/B001003213?tag=offertissimes-21,11.48,17.37,6.2,10.4,"Giochi, Hobbies e Tempo Libero",Giochi da Tavolo Compatti & Pocket Virali,Dixit,B001003213,0,237,92
Filofax Agende Settimanali 12/18 Mesi & Ricariche Premium Edition Mod. 02 (3292),https://www.amazon.it/dp/B001003292?tag=offertissimes-21,21.03,30.69,6.2,18.27,"Libri, Agende e Self-Help",Agende Settimanali 12/18 Mesi & Ricariche,Filofax,B001003292,1,151,92
Florence Bio Sieri Viso & Trattamenti Anti-Age Premium Edition Mod. 29 (0029),https://www.amazon.it/dp/B001000029?tag=offertissimes-21,47.24,63.79,6.1,45.92,Bellezza e Cura della Persona,Sieri Viso & Trattamenti Anti-Age,Florence Bio,B001000029,1,47,91
Florence Bio Sieri Viso & Trattamenti Anti-Age Premium Edition Mod. 44 (0044),https://www.amazon.it/dp/B001000044?tag=offertissimes-21,14.62,20.24,6.1,13.85,Bellezza e Cura della Persona,Sieri Viso & Trattamenti Anti-Age,Florence Bio,B001000044,1,48,88
Florence Bio Sieri Viso & Trattamenti Anti-Age Premium Edition Mod. 53 (0053),https://www.amazon.it/dp/B001000053?tag=offertissimes-21,51.26,62.95,6.1,49.31,Bellezza e Cura della Persona,Sieri Viso & Trattamenti Anti-Age,Florence Bio,B001000053,1,55,90
Maison Alhambra Profumeria & Fragranze Virali Premium Edition Mod. 06 (0260),https://www.amazon.it/dp/B001000260?tag=offertissimes-21,22.67,31.15,6.1,20.64,Bellezza e Cura della Persona,Profumeria & Fragranze Virali,Maison Alhambra,B001000260,0,349,97
Maybelline Make-Up & Accessori Bellezza Virali Premium Edition Mod. 10 (0327),https://www.amazon.it/dp/B001000327?tag=offertissimes-21,30.84,41.16,6.1,27.58,Bellezza e Cura della Persona,Make-Up & Accessori Bellezza Virali,Maybelline,B001000327,0,313,94
Essence Make-Up & Accessori Bellezza Virali Premium Edition Mod. 14 (0331),https://www.amazon.it/dp/B001000331?tag=offertissimes-21,44.13,56.04,6.1,41.98,Bellezza e Cura della Persona,Make-Up & Accessori Bellezza Virali,Essence,B001000331,0,285,92
Bandini Creatina Monoidrato & Pre-Workout Premium Edition Mod. 06 (0443),https://www.amazon.it/dp/B001000443?tag=offertissimes-21,52.76,61.11,6.1,50.45,"Salute, Igiene e Integratori",Creatina Monoidrato & Pre-Workout,Bandini,B001000443,1,45,97
Pellini Caffè in Grani Specialty 1kg Premium Edition Mod. 47 (0819),https://www.amazon.it/dp/B001000819?tag=offertissimes-21,20.58,27.03,6.1,19.49,"Alimentari, Caffè e Bevande",Caffè in Grani Specialty 1kg,Pellini,B001000819,1,28,84
Pukka Tè Matcha Cerimoniale Bio & Tisane Premium Edition Mod. 06 (0830),https://www.amazon.it/dp/B001000830?tag=offertissimes-21,29.36,47.21,6.1,27.75,"Alimentari, Caffè e Bevande",Tè Matcha Cerimoniale Bio & Tisane,Pukka,B001000830,1,20,99
Prozis Alimenti Proteici & Creme Spalmabili Zero Premium Edition Mod. 05 (0881),https://www.amazon.it/dp/B001000881?tag=offertissimes-21,27.14,41.09,6.1,26.5,"Alimentari, Caffè e Bevande",Alimenti Proteici & Creme Spalmabili Zero,Prozis,B001000881,1,32,85
BPR Nutrition Alimenti Proteici & Creme Spalmabili Zero Premium Edition Mod. 22 (0898),https://www.amazon.it/dp/B001000898?tag=offertissimes-21,27.9,44.49,6.1,25.53,"Alimentari, Caffè e Bevande",Alimenti Proteici & Creme Spalmabili Zero,BPR Nutrition,B001000898,1,25,97
Brita Maxtra+ Filtri Ricambio Caraffe & Depuratori Acqua Premium Edition Mod. 32 (1132),https://www.amazon.it/dp/B001001132?tag=offertissimes-21,42.01,57.92,6.1,38.77,Cura della Casa e Pulizia,Filtri Ricambio Caraffe & Depuratori Acqua,Brita Maxtra+,B001001132,1,38,95
E-Cloth Panni Microfibra Alta Densità & Swiffer Ricambi Premium Edition Mod. 29 (1249),https://www.amazon.it/dp/B001001249?tag=offertissimes-21,47.8,63.69,6.1,45.08,Cura della Casa e Pulizia,Panni Microfibra Alta Densità & Swiffer Ricambi,E-Cloth,B001001249,1,46,86
Pedigree Dentastix Snack Igiene Dentale Cani Scorte Mensili Premium Edition Mod. 24 (1578),https://www.amazon.it/dp/B001001578?tag=offertissimes-21,49.82,57.74,6.1,46.36,Animali Domestici (Pet Care),Snack Igiene Dentale Cani Scorte Mensili,Pedigree Dentastix,B001001578,1,41,88
Greenies Snack Igiene Dentale Cani Scorte Mensili Premium Edition Mod. 47 (1601),https://www.amazon.it/dp/B001001601?tag=offertissimes-21,57.8,73.91,6.1,50.81,Animali Domestici (Pet Care),Snack Igiene Dentale Cani Scorte Mensili,Greenies,B001001601,1,33,90
Ugreen Caricatori GaN Multi-Porta Compatti Premium Edition Mod. 11 (1859),https://www.amazon.it/dp/B001001859?tag=offertissimes-21,87.86,117.97,6.1,76.97,"Elettronica, Accessori e Gadget Smart",Caricatori GaN Multi-Porta Compatti,Ugreen,B001001859,0,523,99
ESR Supporti Auto Magnetici MagSafe Wireless Premium Edition Mod. 21 (1922),https://www.amazon.it/dp/B001001922?tag=offertissimes-21,81.93,93.9,6.1,72.38,"Elettronica, Accessori e Gadget Smart",Supporti Auto Magnetici MagSafe Wireless,ESR,B001001922,0,268,99
Ecovacs Filtri & Ricambi Robot Aspirapolvere Premium Edition Mod. 27 (2087),https://www.amazon.it/dp/B001002087?tag=offertissimes-21,138.02,170.11,6.1,132.9,"Casa, Cucina ed Elettrodomestici",Filtri & Ricambi Robot Aspirapolvere,Ecovacs,B001002087,1,230,96
Ecovacs Filtri & Ricambi Robot Aspirapolvere Premium Edition Mod. 43 (2103),https://www.amazon.it/dp/B001002103?tag=offertissimes-21,126.57,173.41,6.1,112.68,"Casa, Cucina ed Elettrodomestici",Filtri & Ricambi Robot Aspirapolvere,Ecovacs,B001002103,1,148,85
AirFryer Pro Carta Forno Riutilizzabile & Accessori Friggitrice Aria Premium Edition Mod. 50 (2162),https://www.amazon.it/dp/B001002162?tag=offertissimes-21,111.94,136.54,6.1,99.73,"Casa, Cucina ed Elettrodomestici",Carta Forno Riutilizzabile & Accessori Friggitrice Aria,AirFryer Pro,B001002162,1,103,93
KitchenBoss Sigillatori Sottovuoto & Rotoli Goffrati Premium Edition Mod. 01 (2217),https://www.amazon.it/dp/B001002217?tag=offertissimes-21,79.8,102.5,6.1,68.93,"Casa, Cucina ed Elettrodomestici",Sigillatori Sottovuoto & Rotoli Goffrati,KitchenBoss,B001002217,1,176,96
Severin Montalatte Elettrici a Induzione Virali Premium Edition Mod. 38 (2357),https://www.amazon.it/dp/B001002357?tag=offertissimes-21,85.21,124.53,6.1,80.04,"Casa, Cucina ed Elettrodomestici",Montalatte Elettrici a Induzione Virali,Severin,B001002357,0,483,83
Varta Pile Ricaricabili AA / AAA NiMH & Caricatori Smart Premium Edition Mod. 06 (2376),https://www.amazon.it/dp/B001002376?tag=offertissimes-21,42.66,58.81,6.1,37.24,"Fai da Te, Bricolage e Giardinaggio",Pile Ricaricabili AA / AAA NiMH & Caricatori Smart,Varta,B001002376,1,77,93
Infinity Cube Fidget Toys & Antistress Magnetici Virali Premium Edition Mod. 23 (3286),https://www.amazon.it/dp/B001003286?tag=offertissimes-21,27.32,37.1,6.1,24.31,"Giochi, Hobbies e Tempo Libero",Fidget Toys & Antistress Magnetici Virali,Infinity Cube,B001003286,0,402,97
Oral-B Igiene Orale & Ricambi Spazzolini Premium Edition Mod. 20 (0084),https://www.amazon.it/dp/B001000084?tag=offertissimes-21,24.91,36.75,6.0,22.84,Bellezza e Cura della Persona,Igiene Orale & Ricambi Spazzolini,Oral-B,B001000084,1,29,84
"Philips OneBlade Rasatura, Lame & Depilazione Premium Edition Mod. 44 (0235)",https://www.amazon.it/dp/B001000235?tag=offertissimes-21,39.34,54.56,6.0,36.71,Bellezza e Cura della Persona,"Rasatura, Lame & Depilazione",Philips OneBlade,B001000235,1,27,79
Afnan Profumeria & Fragranze Virali Premium Edition Mod. 34 (0288),https://www.amazon.it/dp/B001000288?tag=offertissimes-21,44.97,51.6,6.0,42.98,Bellezza e Cura della Persona,Profumeria & Fragranze Virali,Afnan,B001000288,0,284,91
Maybelline Make-Up & Accessori Bellezza Virali Premium Edition Mod. 25 (0342),https://www.amazon.it/dp/B001000342?tag=offertissimes-21,39.07,52.53,6.0,38.27,Bellezza e Cura della Persona,Make-Up & Accessori Bellezza Virali,Maybelline,B001000342,0,193,98
Yamamoto Proteine & Aminoacidi Sportivi Premium Edition Mod. 32 (0412),https://www.amazon.it/dp/B001000412?tag=offertissimes-21,41.48,57.39,6.0,35.94,"Salute, Igiene e Integratori",Proteine & Aminoacidi Sportivi,Yamamoto,B001000412,1,29,94
WeightWorld Creatina Monoidrato & Pre-Workout Premium Edition Mod. 49 (0486),https://www.amazon.it/dp/B001000486?tag=offertissimes-21,44.54,53.54,6.0,41.76,"Salute, Igiene e Integratori",Creatina Monoidrato & Pre-Workout,WeightWorld,B001000486,1,31,92
"Gloryfeel Vitamine, Magnesio & Biohacking Sonno Premium Edition Mod. 39 (0533)",https://www.amazon.it/dp/B001000533?tag=offertissimes-21,15.16,17.63,6.0,12.97,"Salute, Igiene e Integratori","Vitamine, Magnesio & Biohacking Sonno",Gloryfeel,B001000533,1,27,82
Promixx Shaker Magnetici & Accessori Virali Gym Premium Edition Mod. 13 (0677),https://www.amazon.it/dp/B001000677?tag=offertissimes-21,11.66,15.33,6.0,10.36,"Salute, Igiene e Integratori",Shaker Magnetici & Accessori Virali Gym,Promixx,B001000677,0,496,87
Pellini Caffè in Grani Specialty 1kg Premium Edition Mod. 32 (0804),https://www.amazon.it/dp/B001000804?tag=offertissimes-21,38.54,48.35,6.0,35.47,"Alimentari, Caffè e Bevande",Caffè in Grani Specialty 1kg,Pellini,B001000804,1,34,88
BPR Nutrition Alimenti Proteici & Creme Spalmabili Zero Premium Edition Mod. 03 (0879),https://www.amazon.it/dp/B001000879?tag=offertissimes-21,15.3,19.71,6.0,14.03,"Alimentari, Caffè e Bevande",Alimenti Proteici & Creme Spalmabili Zero,BPR Nutrition,B001000879,1,19,91
Ariel Pods Detersivi Lavatrice Concentrati & Pods Premium Edition Mod. 15 (1055),https://www.amazon.it/dp/B001001055?tag=offertissimes-21,9.28,13.78,6.0,8.5,Cura della Casa e Pulizia,Detersivi Lavatrice Concentrati & Pods,Ariel Pods,B001001055,1,74,87
Dixan Detersivi Lavatrice Concentrati & Pods Premium Edition Mod. 38 (1078),https://www.amazon.it/dp/B001001078?tag=offertissimes-21,46.71,65.18,6.0,42.68,Cura della Casa e Pulizia,Detersivi Lavatrice Concentrati & Pods,Dixan,B001001078,1,33,83
Scrub Daddy Pulitori Miracolosi Virali & Spugne Premium Edition Mod. 13 (1173),https://www.amazon.it/dp/B001001173?tag=offertissimes-21,34.07,51.6,6.0,30.87,Cura della Casa e Pulizia,Pulitori Miracolosi Virali & Spugne,Scrub Daddy,B001001173,0,394,97
Huggies Pannolini Box Scorta Mensile (120-180pz) Premium Edition Mod. 10 (1290),https://www.amazon.it/dp/B001001290?tag=offertissimes-21,19.57,22.31,6.0,18.06,Prima Infanzia e Maternità,Pannolini Box Scorta Mensile (120-180pz),Huggies,B001001290,1,19,96
Tommee Tippee Sangenic Ricariche Mangia-Pannolini Multistrato Premium Edition Mod. 21 (1373),https://www.amazon.it/dp/B001001373?tag=offertissimes-21,28.2,44.19,6.0,26.52,Prima Infanzia e Maternità,Ricariche Mangia-Pannolini Multistrato,Tommee Tippee Sangenic,B001001373,1,19,89
Momcozy Gadget Virali Sonno Neonato (White Noise) Premium Edition Mod. 11 (1435),https://www.amazon.it/dp/B001001435?tag=offertissimes-21,14.86,18.71,6.0,13.74,Prima Infanzia e Maternità,Gadget Virali Sonno Neonato (White Noise),Momcozy,B001001435,0,499,91
Purina Dentalife Snack Igiene Dentale Cani Scorte Mensili Premium Edition Mod. 14 (1568),https://www.amazon.it/dp/B001001568?tag=offertissimes-21,6.92,10.91,6.0,6.33,Animali Domestici (Pet Care),Snack Igiene Dentale Cani Scorte Mensili,Purina Dentalife,B001001568,1,33,95
Purina Dentalife Snack Igiene Dentale Cani Scorte Mensili Premium Edition Mod. 21 (1575),https://www.amazon.it/dp/B001001575?tag=offertissimes-21,8.74,13.41,6.0,8.06,Animali Domestici (Pet Care),Snack Igiene Dentale Cani Scorte Mensili,Purina Dentalife,B001001575,1,26,81
Trixie Tappetini Olfattivi & Ciotole Lente Virali Premium Edition Mod. 32 (1726),https://www.amazon.it/dp/B001001726?tag=offertissimes-21,57.0,66.23,6.0,54.87,Animali Domestici (Pet Care),Tappetini Olfattivi & Ciotole Lente Virali,Trixie,B001001726,0,453,84
Spigen Pellicole Salvaschermo Vetro con Dima Installazione Premium Edition Mod. 11 (1805),https://www.amazon.it/dp/B001001805?tag=offertissimes-21,17.61,21.61,6.0,16.21,"Elettronica, Accessori e Gadget Smart",Pellicole Salvaschermo Vetro con Dima Installazione,Spigen,B001001805,1,312,85
ESR Supporti Auto Magnetici MagSafe Wireless Premium Edition Mod. 14 (1915),https://www.amazon.it/dp/B001001915?tag=offertissimes-21,46.48,58.62,6.0,45.51,"Elettronica, Accessori e Gadget Smart",Supporti Auto Magnetici MagSafe Wireless,ESR,B001001915,0,303,94
Meross Prese Smart Wi-Fi Monitoraggio Consumi Premium Edition Mod. 31 (2038),https://www.amazon.it/dp/B001002038?tag=offertissimes-21,61.46,92.1,6.0,52.73,"Elettronica, Accessori e Gadget Smart",Prese Smart Wi-Fi Monitoraggio Consumi,Meross,B001002038,0,359,90
iRobot Roomba Filtri & Ricambi Robot Aspirapolvere Premium Edition Mod. 38 (2098),https://www.amazon.it/dp/B001002098?tag=offertissimes-21,73.52,108.56,6.0,65.75,"Casa, Cucina ed Elettrodomestici",Filtri & Ricambi Robot Aspirapolvere,iRobot Roomba,B001002098,1,207,81
AirFryer Pro Carta Forno Riutilizzabile & Accessori Friggitrice Aria Premium Edition Mod. 31 (2143),https://www.amazon.it/dp/B001002143?tag=offertissimes-21,85.85,119.82,6.0,79.33,"Casa, Cucina ed Elettrodomestici",Carta Forno Riutilizzabile & Accessori Friggitrice Aria,AirFryer Pro,B001002143,1,287,97
Varta Pile Ricaricabili AA / AAA NiMH & Caricatori Smart Premium Edition Mod. 18 (2388),https://www.amazon.it/dp/B001002388?tag=offertissimes-21,37.54,49.89,6.0,32.36,"Fai da Te, Bricolage e Giardinaggio",Pile Ricaricabili AA / AAA NiMH & Caricatori Smart,Varta,B001002388,1,54,92
Renpho Pistole Massaggianti Muscolari Portatili Premium Edition Mod. 38 (2814),https://www.amazon.it/dp/B001002814?tag=offertissimes-21,12.48,16.29,6.0,11.47,"Sport, Fitness e Attrezzatura",Pistole Massaggianti Muscolari Portatili,Renpho,B001002814,0,393,94
HUANUO Supporti Monitor Ergonomici con Cassetti Premium Edition Mod. 10 (3028),https://www.amazon.it/dp/B001003028?tag=offertissimes-21,12.27,17.26,6.0,10.49,"Cancelleria, Ufficio e Spedizioni",Supporti Monitor Ergonomici con Cassetti,HUANUO,B001003028,0,378,88
BONTEC Supporti Monitor Ergonomici con Cassetti Premium Edition Mod. 18 (3036),https://www.amazon.it/dp/B001003036?tag=offertissimes-21,24.49,37.68,6.0,21.59,"Cancelleria, Ufficio e Spedizioni",Supporti Monitor Ergonomici con Cassetti,BONTEC,B001003036,0,508,86
Afnan Profumeria & Fragranze Virali Premium Edition Mod. 01 (0255),https://www.amazon.it/dp/B001000255?tag=offertissimes-21,31.63,47.51,5.9,28.52,Bellezza e Cura della Persona,Profumeria & Fragranze Virali,Afnan,B001000255,0,415,95
SiS Science in Sport Elettroliti & Idratazione Senza Zucchero Premium Edition Mod. 16 (0567),https://www.amazon.it/dp/B001000567?tag=offertissimes-21,26.44,32.52,5.9,22.87,"Salute, Igiene e Integratori",Elettroliti & Idratazione Senza Zucchero,SiS Science in Sport,B001000567,1,25,82
Promixx Shaker Magnetici & Accessori Virali Gym Premium Edition Mod. 08 (0672),https://www.amazon.it/dp/B001000672?tag=offertissimes-21,43.03,50.03,5.9,37.92,"Salute, Igiene e Integratori",Shaker Magnetici & Accessori Virali Gym,Promixx,B001000672,0,226,88
Pukka Tè Matcha Cerimoniale Bio & Tisane Premium Edition Mod. 01 (0825),https://www.amazon.it/dp/B001000825?tag=offertissimes-21,23.94,32.92,5.9,23.29,"Alimentari, Caffè e Bevande",Tè Matcha Cerimoniale Bio & Tisane,Pukka,B001000825,1,32,86
Prozis Alimenti Proteici & Creme Spalmabili Zero Premium Edition Mod. 08 (0884),https://www.amazon.it/dp/B001000884?tag=offertissimes-21,34.38,42.16,5.9,29.6,"Alimentari, Caffè e Bevande",Alimenti Proteici & Creme Spalmabili Zero,Prozis,B001000884,1,35,94
E-Cloth Panni Microfibra Alta Densità & Swiffer Ricambi Premium Edition Mod. 40 (1260),https://www.amazon.it/dp/B001001260?tag=offertissimes-21,13.07,19.18,5.9,11.59,Cura della Casa e Pulizia,Panni Microfibra Alta Densità & Swiffer Ricambi,E-Cloth,B001001260,1,63,88
Earth Rated Sacchetti Igienici Cane Biodegradabili (300-600pz) Premium Edition Mod. 23 (1530),https://www.amazon.it/dp/B001001530?tag=offertissimes-21,45.69,64.37,5.9,39.86,Animali Domestici (Pet Care),Sacchetti Igienici Cane Biodegradabili (300-600pz),Earth Rated,B001001530,1,44,89
Ace2Ace Spazzole Rullo Toglipelo Elettrostatiche Premium Edition Mod. 44 (1692),https://www.amazon.it/dp/B001001692?tag=offertissimes-21,58.72,69.72,5.9,52.89,Animali Domestici (Pet Care),Spazzole Rullo Toglipelo Elettrostatiche,Ace2Ace,B001001692,0,528,96
Anker Cavi USB-C Fast Charge 100W/240W Multipack Premium Edition Mod. 42 (1782),https://www.amazon.it/dp/B001001782?tag=offertissimes-21,48.26,65.45,5.9,44.46,"Elettronica, Accessori e Gadget Smart",Cavi USB-C Fast Charge 100W/240W Multipack,Anker,B001001782,1,97,87
Roborock Filtri & Ricambi Robot Aspirapolvere Premium Edition Mod. 17 (2077),https://www.amazon.it/dp/B001002077?tag=offertissimes-21,19.95,30.43,5.9,18.41,"Casa, Cucina ed Elettrodomestici",Filtri & Ricambi Robot Aspirapolvere,Roborock,B001002077,1,290,86
TP-Link Tapo Lampadine LED Smart Dimmerabili Attacco E27/GU10 Premium Edition Mod. 18 (2424),https://www.amazon.it/dp/B001002424?tag=offertissimes-21,67.32,91.12,5.9,65.87,"Fai da Te, Bricolage e Giardinaggio",Lampadine LED Smart Dimmerabili Attacco E27/GU10,TP-Link Tapo,B001002424,1,49,82
Beast Gear Corda per Saltare Professionale con Cuscinetti Rapidi Premium Edition Mod. 33 (2771),https://www.amazon.it/dp/B001002771?tag=offertissimes-21,40.35,57.23,5.9,34.85,"Sport, Fitness e Attrezzatura",Corda per Saltare Professionale con Cuscinetti Rapidi,Beast Gear,B001002771,0,433,89
Hypervolt Pistole Massaggianti Muscolari Portatili Premium Edition Mod. 34 (2810),https://www.amazon.it/dp/B001002810?tag=offertissimes-21,58.06,81.74,5.9,49.51,"Sport, Fitness e Attrezzatura",Pistole Massaggianti Muscolari Portatili,Hypervolt,B001002810,0,328,93
Manduka Tappetini Yoga Antiscivolo Alta Densità TPE Premium Edition Mod. 19 (2833),https://www.amazon.it/dp/B001002833?tag=offertissimes-21,70.77,100.63,5.9,62.26,"Sport, Fitness e Attrezzatura",Tappetini Yoga Antiscivolo Alta Densità TPE,Manduka,B001002833,0,310,91
BONTEC Supporti Monitor Ergonomici con Cassetti Premium Edition Mod. 17 (3035),https://www.amazon.it/dp/B001003035?tag=offertissimes-21,10.16,12.77,5.9,9.72,"Cancelleria, Ufficio e Spedizioni",Supporti Monitor Ergonomici con Cassetti,BONTEC,B001003035,0,477,87
Taco Gatto Capra Giochi da Tavolo Compatti & Pocket Virali Premium Edition Mod. 20 (3228),https://www.amazon.it/dp/B001003228?tag=offertissimes-21,48.03,62.3,5.9,44.85,"Giochi, Hobbies e Tempo Libero",Giochi da Tavolo Compatti & Pocket Virali,Taco Gatto Capra,B001003228,0,504,95
Curaprox Igiene Orale & Ricambi Spazzolini Premium Edition Mod. 28 (0092),https://www.amazon.it/dp/B001000092?tag=offertissimes-21,33.83,49.89,5.8,31.25,Bellezza e Cura della Persona,Igiene Orale & Ricambi Spazzolini,Curaprox,B001000092,1,44,84
NamedSport Creatina Monoidrato & Pre-Workout Premium Edition Mod. 47 (0484),https://www.amazon.it/dp/B001000484?tag=offertissimes-21,53.86,64.74,5.8,48.24,"Salute, Igiene e Integratori",Creatina Monoidrato & Pre-Workout,NamedSport,B001000484,1,38,93
"Swisse Vitamine, Magnesio & Biohacking Sonno Premium Edition Mod. 13 (0507)",https://www.amazon.it/dp/B001000507?tag=offertissimes-21,42.96,57.79,5.8,39.29,"Salute, Igiene e Integratori","Vitamine, Magnesio & Biohacking Sonno",Swisse,B001000507,1,36,83
Voltrx Shaker Magnetici & Accessori Virali Gym Premium Edition Mod. 24 (0688),https://www.amazon.it/dp/B001000688?tag=offertissimes-21,22.75,28.15,5.8,21.07,"Salute, Igiene e Integratori",Shaker Magnetici & Accessori Virali Gym,Voltrx,B001000688,0,370,85
Illy Caffè in Grani Specialty 1kg Premium Edition Mod. 34 (0806),https://www.amazon.it/dp/B001000806?tag=offertissimes-21,18.46,23.66,5.8,17.68,"Alimentari, Caffè e Bevande",Caffè in Grani Specialty 1kg,Illy,B001000806,1,26,90
Ariel Pods Detersivi Lavatrice Concentrati & Pods Premium Edition Mod. 41 (1081),https://www.amazon.it/dp/B001001081?tag=offertissimes-21,17.56,24.39,5.8,17.1,Cura della Casa e Pulizia,Detersivi Lavatrice Concentrati & Pods,Ariel Pods,B001001081,1,40,87
The Pink Stuff Pulitori Miracolosi Virali & Spugne Premium Edition Mod. 18 (1178),https://www.amazon.it/dp/B001001178?tag=offertissimes-21,34.8,51.92,5.8,33.23,Cura della Casa e Pulizia,Pulitori Miracolosi Virali & Spugne,The Pink Stuff,B001001178,0,382,100
Scrub Mommy Pulitori Miracolosi Virali & Spugne Premium Edition Mod. 46 (1206),https://www.amazon.it/dp/B001001206?tag=offertissimes-21,53.51,64.59,5.8,48.64,Cura della Casa e Pulizia,Pulitori Miracolosi Virali & Spugne,Scrub Mommy,B001001206,0,214,89
Mustela Paste Cambio Protettive Ossido Zinco Premium Edition Mod. 22 (1410),https://www.amazon.it/dp/B001001410?tag=offertissimes-21,43.18,49.32,5.8,41.94,Prima Infanzia e Maternità,Paste Cambio Protettive Ossido Zinco,Mustela,B001001410,1,25,80
ChomChom Roller Spazzole Rullo Toglipelo Elettrostatiche Premium Edition Mod. 43 (1691),https://www.amazon.it/dp/B001001691?tag=offertissimes-21,48.87,57.53,5.8,45.98,Animali Domestici (Pet Care),Spazzole Rullo Toglipelo Elettrostatiche,ChomChom Roller,B001001691,0,201,96
Baseus Cavi USB-C Fast Charge 100W/240W Multipack Premium Edition Mod. 18 (1758),https://www.amazon.it/dp/B001001758?tag=offertissimes-21,74.68,85.69,5.8,64.71,"Elettronica, Accessori e Gadget Smart",Cavi USB-C Fast Charge 100W/240W Multipack,Baseus,B001001758,1,315,92
Baseus Caricatori GaN Multi-Porta Compatti Premium Edition Mod. 19 (1867),https://www.amazon.it/dp/B001001867?tag=offertissimes-21,78.73,103.21,5.8,69.6,"Elettronica, Accessori e Gadget Smart",Caricatori GaN Multi-Porta Compatti,Baseus,B001001867,0,375,93
Anker Caricatori GaN Multi-Porta Compatti Premium Edition Mod. 50 (1898),https://www.amazon.it/dp/B001001898?tag=offertissimes-21,73.11,88.15,5.8,68.26,"Elettronica, Accessori e Gadget Smart",Caricatori GaN Multi-Porta Compatti,Anker,B001001898,0,471,97
Belkin Supporti Auto Magnetici MagSafe Wireless Premium Edition Mod. 20 (1921),https://www.amazon.it/dp/B001001921?tag=offertissimes-21,33.97,54.74,5.8,29.49,"Elettronica, Accessori e Gadget Smart",Supporti Auto Magnetici MagSafe Wireless,Belkin,B001001921,0,413,96
iDesign Organizer Frigo & Dispensa Trasparenti Acrilico Premium Edition Mod. 22 (2290),https://www.amazon.it/dp/B001002290?tag=offertissimes-21,91.54,126.2,5.8,80.26,"Casa, Cucina ed Elettrodomestici",Organizer Frigo & Dispensa Trasparenti Acrilico,iDesign,B001002290,0,192,94
Vtopmart Organizer Frigo & Dispensa Trasparenti Acrilico Premium Edition Mod. 33 (2301),https://www.amazon.it/dp/B001002301?tag=offertissimes-21,132.22,174.99,5.8,128.08,"Casa, Cucina ed Elettrodomestici",Organizer Frigo & Dispensa Trasparenti Acrilico,Vtopmart,B001002301,0,470,94
Duracell Pile Ricaricabili AA / AAA NiMH & Caricatori Smart Premium Edition Mod. 26 (2396),https://www.amazon.it/dp/B001002396?tag=offertissimes-21,28.76,37.14,5.8,25.91,"Fai da Te, Bricolage e Giardinaggio",Pile Ricaricabili AA / AAA NiMH & Caricatori Smart,Duracell,B001002396,1,113,94
TP-Link Tapo Lampadine LED Smart Dimmerabili Attacco E27/GU10 Premium Edition Mod. 23 (2429),https://www.amazon.it/dp/B001002429?tag=offertissimes-21,40.88,49.51,5.8,38.87,"Fai da Te, Bricolage e Giardinaggio",Lampadine LED Smart Dimmerabili Attacco E27/GU10,TP-Link Tapo,B001002429,1,117,85
Gorilla Glue Nastri Adesivi Gorilla & Sigillanti Impermeabilizzanti Premium Edition Mod. 06 (2448),https://www.amazon.it/dp/B001002448?tag=offertissimes-21,24.57,36.78,5.8,21.05,"Fai da Te, Bricolage e Giardinaggio",Nastri Adesivi Gorilla & Sigillanti Impermeabilizzanti,Gorilla Glue,B001002448,1,118,81
Lemero Cartucce & Toner Compatibili Multipack Premium Edition Mod. 21 (2911),https://www.amazon.it/dp/B001002911?tag=offertissimes-21,45.95,61.81,5.8,41.11,"Cancelleria, Ufficio e Spedizioni",Cartucce & Toner Compatibili Multipack,Lemero,B001002911,1,33,89
Sperling & Kupfer Romanzi Virali BookTok & Romance Trend Premium Edition Mod. 17 (3353),https://www.amazon.it/dp/B001003353?tag=offertissimes-21,22.79,30.01,5.8,20.18,"Libri, Agende e Self-Help",Romanzi Virali BookTok & Romance Trend,Sperling & Kupfer,B001003353,0,217,98
Marvis Igiene Orale & Ricambi Spazzolini Premium Edition Mod. 39 (0103),https://www.amazon.it/dp/B001000103?tag=offertissimes-21,45.49,62.89,5.7,39.56,Bellezza e Cura della Persona,Igiene Orale & Ricambi Spazzolini,Marvis,B001000103,1,43,81
Olaplex Cura dei Capelli & Shampoo Trattanti Premium Edition Mod. 43 (0171),https://www.amazon.it/dp/B001000171?tag=offertissimes-21,26.25,36.74,5.7,24.71,Bellezza e Cura della Persona,Cura dei Capelli & Shampoo Trattanti,Olaplex,B001000171,1,30,84
Kérastase Cura dei Capelli & Shampoo Trattanti Premium Edition Mod. 45 (0173),https://www.amazon.it/dp/B001000173?tag=offertissimes-21,35.8,51.53,5.7,32.28,Bellezza e Cura della Persona,Cura dei Capelli & Shampoo Trattanti,Kérastase,B001000173,1,26,93
MyProtein Proteine & Aminoacidi Sportivi Premium Edition Mod. 42 (0422),https://www.amazon.it/dp/B001000422?tag=offertissimes-21,25.77,35.35,5.7,25.13,"Salute, Igiene e Integratori",Proteine & Aminoacidi Sportivi,MyProtein,B001000422,1,42,93
"Solgar Vitamine, Magnesio & Biohacking Sonno Premium Edition Mod. 20 (0514)",https://www.amazon.it/dp/B001000514?tag=offertissimes-21,26.6,37.12,5.7,23.69,"Salute, Igiene e Integratori","Vitamine, Magnesio & Biohacking Sonno",Solgar,B001000514,1,20,87
"Nutravita Vitamine, Magnesio & Biohacking Sonno Premium Edition Mod. 41 (0535)",https://www.amazon.it/dp/B001000535?tag=offertissimes-21,43.97,65.68,5.7,38.58,"Salute, Igiene e Integratori","Vitamine, Magnesio & Biohacking Sonno",Nutravita,B001000535,1,39,87
SiS Science in Sport Elettroliti & Idratazione Senza Zucchero Premium Edition Mod. 02 (0553),https://www.amazon.it/dp/B001000553?tag=offertissimes-21,34.47,50.81,5.7,33.25,"Salute, Igiene e Integratori",Elettroliti & Idratazione Senza Zucchero,SiS Science in Sport,B001000553,1,42,84
Liquid I.V. Elettroliti & Idratazione Senza Zucchero Premium Edition Mod. 15 (0566),https://www.amazon.it/dp/B001000566?tag=offertissimes-21,40.24,60.8,5.7,37.24,"Salute, Igiene e Integratori",Elettroliti & Idratazione Senza Zucchero,Liquid I.V.,B001000566,1,27,94
Omron Dispositivi Elettromedicali & Termometri Premium Edition Mod. 16 (0624),https://www.amazon.it/dp/B001000624?tag=offertissimes-21,21.56,28.05,5.7,19.01,"Salute, Igiene e Integratori",Dispositivi Elettromedicali & Termometri,Omron,B001000624,0,338,75
Kimbo Caffè in Grani Specialty 1kg Premium Edition Mod. 42 (0814),https://www.amazon.it/dp/B001000814?tag=offertissimes-21,29.92,41.34,5.7,26.79,"Alimentari, Caffè e Bevande",Caffè in Grani Specialty 1kg,Kimbo,B001000814,1,35,89
Pellini Caffè in Grani Specialty 1kg Premium Edition Mod. 45 (0817),https://www.amazon.it/dp/B001000817?tag=offertissimes-21,32.53,41.66,5.7,31.87,"Alimentari, Caffè e Bevande",Caffè in Grani Specialty 1kg,Pellini,B001000817,1,30,84
Pukka Tè Matcha Cerimoniale Bio & Tisane Premium Edition Mod. 29 (0853),https://www.amazon.it/dp/B001000853?tag=offertissimes-21,16.81,22.73,5.7,15.73,"Alimentari, Caffè e Bevande",Tè Matcha Cerimoniale Bio & Tisane,Pukka,B001000853,1,29,87
Vahdam Tè Matcha Cerimoniale Bio & Tisane Premium Edition Mod. 31 (0855),https://www.amazon.it/dp/B001000855?tag=offertissimes-21,13.8,18.25,5.7,11.73,"Alimentari, Caffè e Bevande",Tè Matcha Cerimoniale Bio & Tisane,Vahdam,B001000855,1,20,94
Finish Quantum Capsule Lavastoviglie Maxi Box (100-160pz) Premium Edition Mod. 55 (1035),https://www.amazon.it/dp/B001001035?tag=offertissimes-21,14.59,18.56,5.7,13.08,Cura della Casa e Pulizia,Capsule Lavastoviglie Maxi Box (100-160pz),Finish Quantum,B001001035,1,63,93
Dash Power Detersivi Lavatrice Concentrati & Pods Premium Edition Mod. 19 (1059),https://www.amazon.it/dp/B001001059?tag=offertissimes-21,46.31,61.22,5.7,42.64,Cura della Casa e Pulizia,Detersivi Lavatrice Concentrati & Pods,Dash Power,B001001059,1,54,89
Huggies Pure Salviette Umidificate All'Acqua 99% Premium Edition Mod. 15 (1331),https://www.amazon.it/dp/B001001331?tag=offertissimes-21,51.18,61.44,5.7,46.52,Prima Infanzia e Maternità,Salviette Umidificate All'Acqua 99%,Huggies Pure,B001001331,1,17,86
Foppapedretti Ricariche Mangia-Pannolini Multistrato Premium Edition Mod. 13 (1365),https://www.amazon.it/dp/B001001365?tag=offertissimes-21,21.95,28.01,5.7,20.14,Prima Infanzia e Maternità,Ricariche Mangia-Pannolini Multistrato,Foppapedretti,B001001365,1,20,89
Foppapedretti Ricariche Mangia-Pannolini Multistrato Premium Edition Mod. 32 (1384),https://www.amazon.it/dp/B001001384?tag=offertissimes-21,76.68,88.04,5.7,72.05,Prima Infanzia e Maternità,Ricariche Mangia-Pannolini Multistrato,Foppapedretti,B001001384,1,21,79
Purina Dentalife Snack Igiene Dentale Cani Scorte Mensili Premium Edition Mod. 07 (1561),https://www.amazon.it/dp/B001001561?tag=offertissimes-21,52.37,65.16,5.7,47.69,Animali Domestici (Pet Care),Snack Igiene Dentale Cani Scorte Mensili,Purina Dentalife,B001001561,1,34,81
Anker Cavi USB-C Fast Charge 100W/240W Multipack Premium Edition Mod. 41 (1781),https://www.amazon.it/dp/B001001781?tag=offertissimes-21,99.86,116.43,5.7,87.56,"Elettronica, Accessori e Gadget Smart",Cavi USB-C Fast Charge 100W/240W Multipack,Anker,B001001781,1,141,91
Lamicall Supporti Auto Magnetici MagSafe Wireless Premium Edition Mod. 29 (1930),https://www.amazon.it/dp/B001001930?tag=offertissimes-21,19.7,25.62,5.7,18.5,"Elettronica, Accessori e Gadget Smart",Supporti Auto Magnetici MagSafe Wireless,Lamicall,B001001930,0,440,95
Lamicall Supporti Auto Magnetici MagSafe Wireless Premium Edition Mod. 36 (1937),https://www.amazon.it/dp/B001001937?tag=offertissimes-21,65.85,95.78,5.7,61.84,"Elettronica, Accessori e Gadget Smart",Supporti Auto Magnetici MagSafe Wireless,Lamicall,B001001937,0,365,95
Ordilend Kit Pulizia Multifunzione 7-in-1 Tech Premium Edition Mod. 28 (1982),https://www.amazon.it/dp/B001001982?tag=offertissimes-21,47.5,59.73,5.7,44.4,"Elettronica, Accessori e Gadget Smart",Kit Pulizia Multifunzione 7-in-1 Tech,Ordilend,B001001982,0,394,98
Ordilend Kit Pulizia Multifunzione 7-in-1 Tech Premium Edition Mod. 41 (1995),https://www.amazon.it/dp/B001001995?tag=offertissimes-21,87.38,115.71,5.7,79.58,"Elettronica, Accessori e Gadget Smart",Kit Pulizia Multifunzione 7-in-1 Tech,Ordilend,B001001995,0,192,95
SiliconeMaster Carta Forno Riutilizzabile & Accessori Friggitrice Aria Premium Edition Mod. 25 (2137),https://www.amazon.it/dp/B001002137?tag=offertissimes-21,93.46,128.89,5.7,85.04,"Casa, Cucina ed Elettrodomestici",Carta Forno Riutilizzabile & Accessori Friggitrice Aria,SiliconeMaster,B001002137,1,257,89
Fanttik Mini Cacciaviti Elettrici di Precisione Virali Premium Edition Mod. 28 (2506),https://www.amazon.it/dp/B001002506?tag=offertissimes-21,26.68,36.62,5.7,23.79,"Fai da Te, Bricolage e Giardinaggio",Mini Cacciaviti Elettrici di Precisione Virali,Fanttik,B001002506,0,451,89
Gardena Sistemi Irrigazione a Goccia Smart per Balconi Premium Edition Mod. 24 (2538),https://www.amazon.it/dp/B001002538?tag=offertissimes-21,39.59,58.83,5.7,38.22,"Fai da Te, Bricolage e Giardinaggio",Sistemi Irrigazione a Goccia Smart per Balconi,Gardena,B001002538,0,287,84
Valeo Silencio Spazzole Tergicristallo Aerodinamiche Premium Edition Mod. 10 (2590),https://www.amazon.it/dp/B001002590?tag=offertissimes-21,47.02,64.09,5.7,42.5,Auto e Moto (Accessori & Manutenzione),Spazzole Tergicristallo Aerodinamiche,Valeo Silencio,B001002590,1,47,84
Fitbeast Fasce Elastiche di Resistenza & Loop Bands Tessuto Premium Edition Mod. 09 (2709),https://www.amazon.it/dp/B001002709?tag=offertissimes-21,95.85,109.31,5.7,91.34,"Sport, Fitness e Attrezzatura",Fasce Elastiche di Resistenza & Loop Bands Tessuto,Fitbeast,B001002709,1,86,90
Amazon Basics Risme Carta da Stampa A4 80g Scorte 2500ff Premium Edition Mod. 03 (2925),https://www.amazon.it/dp/B001002925?tag=offertissimes-21,14.51,16.49,5.7,14.05,"Cancelleria, Ufficio e Spedizioni",Risme Carta da Stampa A4 80g Scorte 2500ff,Amazon Basics,B001002925,1,75,83
HUANUO Supporti Monitor Ergonomici con Cassetti Premium Edition Mod. 04 (3022),https://www.amazon.it/dp/B001003022?tag=offertissimes-21,25.93,33.93,5.7,23.54,"Cancelleria, Ufficio e Spedizioni",Supporti Monitor Ergonomici con Cassetti,HUANUO,B001003022,0,278,89
Under Armour Calzini Sportivi Tecnici Traspiranti Multipack Premium Edition Mod. 23 (3106),https://www.amazon.it/dp/B001003106?tag=offertissimes-21,27.4,37.02,5.7,26.56,Abbigliamento Base e Calzetteria,Calzini Sportivi Tecnici Traspiranti Multipack,Under Armour,B001003106,1,76,84
"Tea Bestseller Crescita Personale & Finanza (Atomic Habits, etc.) Premium Edition Mod. 08 (3321)",https://www.amazon.it/dp/B001003321?tag=offertissimes-21,22.65,31.97,5.7,19.82,"Libri, Agende e Self-Help","Bestseller Crescita Personale & Finanza (Atomic Habits, etc.)",Tea,B001003321,0,388,100
"Corbaccio Bestseller Crescita Personale & Finanza (Atomic Habits, etc.) Premium Edition Mod. 17 (3330)",https://www.amazon.it/dp/B001003330?tag=offertissimes-21,25.11,32.17,5.7,22.06,"Libri, Agende e Self-Help","Bestseller Crescita Personale & Finanza (Atomic Habits, etc.)",Corbaccio,B001003330,0,318,94
La Roche-Posay Sieri Viso & Trattamenti Anti-Age Premium Edition Mod. 57 (0057),https://www.amazon.it/dp/B001000057?tag=offertissimes-21,29.57,45.93,5.6,28.31,Bellezza e Cura della Persona,Sieri Viso & Trattamenti Anti-Age,La Roche-Posay,B001000057,1,37,89
Olaplex Cura dei Capelli & Shampoo Trattanti Premium Edition Mod. 26 (0154),https://www.amazon.it/dp/B001000154?tag=offertissimes-21,21.87,24.88,5.6,19.21,Bellezza e Cura della Persona,Cura dei Capelli & Shampoo Trattanti,Olaplex,B001000154,1,50,82
"Gillette Rasatura, Lame & Depilazione Premium Edition Mod. 45 (0236)",https://www.amazon.it/dp/B001000236?tag=offertissimes-21,28.52,35.17,5.6,25.17,Bellezza e Cura della Persona,"Rasatura, Lame & Depilazione",Gillette,B001000236,1,46,81
"Solgar Vitamine, Magnesio & Biohacking Sonno Premium Edition Mod. 26 (0520)",https://www.amazon.it/dp/B001000520?tag=offertissimes-21,27.85,36.17,5.6,25.83,"Salute, Igiene e Integratori","Vitamine, Magnesio & Biohacking Sonno",Solgar,B001000520,1,42,89
SiS Science in Sport Elettroliti & Idratazione Senza Zucchero Premium Edition Mod. 33 (0584),https://www.amazon.it/dp/B001000584?tag=offertissimes-21,44.95,60.35,5.6,39.59,"Salute, Igiene e Integratori",Elettroliti & Idratazione Senza Zucchero,SiS Science in Sport,B001000584,1,21,90
Nespresso Cialde & Capsule Caffè Scorte 100-150pz Premium Edition Mod. 31 (0751),https://www.amazon.it/dp/B001000751?tag=offertissimes-21,17.17,25.46,5.6,15.39,"Alimentari, Caffè e Bevande",Cialde & Capsule Caffè Scorte 100-150pz,Nespresso,B001000751,1,30,95
Borbone Cialde & Capsule Caffè Scorte 100-150pz Premium Edition Mod. 45 (0765),https://www.amazon.it/dp/B001000765?tag=offertissimes-21,12.74,14.63,5.6,11.27,"Alimentari, Caffè e Bevande",Cialde & Capsule Caffè Scorte 100-150pz,Borbone,B001000765,1,25,95
Ariel Pods Detersivi Lavatrice Concentrati & Pods Premium Edition Mod. 28 (1068),https://www.amazon.it/dp/B001001068?tag=offertissimes-21,30.64,42.73,5.6,29.46,Cura della Casa e Pulizia,Detersivi Lavatrice Concentrati & Pods,Ariel Pods,B001001068,1,54,84
Pampers Harmonie Salviette Umidificate All'Acqua 99% Premium Edition Mod. 18 (1334),https://www.amazon.it/dp/B001001334?tag=offertissimes-21,41.94,53.78,5.6,36.66,Prima Infanzia e Maternità,Salviette Umidificate All'Acqua 99%,Pampers Harmonie,B001001334,1,19,77
Chicco Next2Stars Gadget Virali Sonno Neonato (White Noise) Premium Edition Mod. 20 (1444),https://www.amazon.it/dp/B001001444?tag=offertissimes-21,13.61,21.21,5.6,13.3,Prima Infanzia e Maternità,Gadget Virali Sonno Neonato (White Noise),Chicco Next2Stars,B001001444,0,494,89
Sanicat Lettiere Gatto Agglomeranti & Silicio 10-20L Premium Edition Mod. 14 (1474),https://www.amazon.it/dp/B001001474?tag=offertissimes-21,38.97,53.27,5.6,35.18,Animali Domestici (Pet Care),Lettiere Gatto Agglomeranti & Silicio 10-20L,Sanicat,B001001474,1,41,80
Earth Rated Sacchetti Igienici Cane Biodegradabili (300-600pz) Premium Edition Mod. 41 (1548),https://www.amazon.it/dp/B001001548?tag=offertissimes-21,36.57,54.52,5.6,34.24,Animali Domestici (Pet Care),Sacchetti Igienici Cane Biodegradabili (300-600pz),Earth Rated,B001001548,1,26,83
Baseus Cavi USB-C Fast Charge 100W/240W Multipack Premium Edition Mod. 10 (1750),https://www.amazon.it/dp/B001001750?tag=offertissimes-21,86.37,118.49,5.6,81.31,"Elettronica, Accessori e Gadget Smart",Cavi USB-C Fast Charge 100W/240W Multipack,Baseus,B001001750,1,328,90
Baseus Caricatori GaN Multi-Porta Compatti Premium Edition Mod. 01 (1849),https://www.amazon.it/dp/B001001849?tag=offertissimes-21,74.34,99.02,5.6,66.5,"Elettronica, Accessori e Gadget Smart",Caricatori GaN Multi-Porta Compatti,Baseus,B001001849,0,232,88
Ecovacs Filtri & Ricambi Robot Aspirapolvere Premium Edition Mod. 50 (2110),https://www.amazon.it/dp/B001002110?tag=offertissimes-21,115.03,131.8,5.6,99.71,"Casa, Cucina ed Elettrodomestici",Filtri & Ricambi Robot Aspirapolvere,Ecovacs,B001002110,1,307,90
Cosori Carta Forno Riutilizzabile & Accessori Friggitrice Aria Premium Edition Mod. 49 (2161),https://www.amazon.it/dp/B001002161?tag=offertissimes-21,50.81,62.97,5.6,44.5,"Casa, Cucina ed Elettrodomestici",Carta Forno Riutilizzabile & Accessori Friggitrice Aria,Cosori,B001002161,1,208,94
Ninja Friggitrici ad Aria a Doppia Resistenza Premium Edition Mod. 07 (2171),https://www.amazon.it/dp/B001002171?tag=offertissimes-21,80.0,93.77,5.6,77.69,"Casa, Cucina ed Elettrodomestici",Friggitrici ad Aria a Doppia Resistenza,Ninja,B001002171,0,283,100
Vtopmart Organizer Frigo & Dispensa Trasparenti Acrilico Premium Edition Mod. 20 (2288),https://www.amazon.it/dp/B001002288?tag=offertissimes-21,37.35,53.75,5.6,34.78,"Casa, Cucina ed Elettrodomestici",Organizer Frigo & Dispensa Trasparenti Acrilico,Vtopmart,B001002288,0,296,95
mDesign Organizer Frigo & Dispensa Trasparenti Acrilico Premium Edition Mod. 27 (2295),https://www.amazon.it/dp/B001002295?tag=offertissimes-21,105.15,166.59,5.6,93.29,"Casa, Cucina ed Elettrodomestici",Organizer Frigo & Dispensa Trasparenti Acrilico,mDesign,B001002295,0,406,97
mDesign Organizer Frigo & Dispensa Trasparenti Acrilico Premium Edition Mod. 42 (2310),https://www.amazon.it/dp/B001002310?tag=offertissimes-21,98.18,138.24,5.6,85.39,"Casa, Cucina ed Elettrodomestici",Organizer Frigo & Dispensa Trasparenti Acrilico,mDesign,B001002310,0,363,93
Fitbeast Fasce Elastiche di Resistenza & Loop Bands Tessuto Premium Edition Mod. 29 (2729),https://www.amazon.it/dp/B001002729?tag=offertissimes-21,39.49,52.76,5.6,38.18,"Sport, Fitness e Attrezzatura",Fasce Elastiche di Resistenza & Loop Bands Tessuto,Fitbeast,B001002729,1,82,95
Calvin Klein Boxer Cotone Elasticizzato Multipack (6-10pz) Premium Edition Mod. 01 (3051),https://www.amazon.it/dp/B001003051?tag=offertissimes-21,25.66,30.07,5.6,24.77,Abbigliamento Base e Calzetteria,Boxer Cotone Elasticizzato Multipack (6-10pz),Calvin Klein,B001003051,1,68,88
Under Armour Calzini Sportivi Tecnici Traspiranti Multipack Premium Edition Mod. 20 (3103),https://www.amazon.it/dp/B001003103?tag=offertissimes-21,15.7,20.61,5.6,13.76,Abbigliamento Base e Calzetteria,Calzini Sportivi Tecnici Traspiranti Multipack,Under Armour,B001003103,1,90,90
Curaprox Igiene Orale & Ricambi Spazzolini Premium Edition Mod. 61 (0125),https://www.amazon.it/dp/B001000125?tag=offertissimes-21,54.07,63.89,5.5,52.17,Bellezza e Cura della Persona,Igiene Orale & Ricambi Spazzolini,Curaprox,B001000125,1,60,77
SiS Science in Sport Elettroliti & Idratazione Senza Zucchero Premium Edition Mod. 28 (0579),https://www.amazon.it/dp/B001000579?tag=offertissimes-21,32.48,46.23,5.5,29.99,"Salute, Igiene e Integratori",Elettroliti & Idratazione Senza Zucchero,SiS Science in Sport,B001000579,1,25,83
Lavazza Cialde & Capsule Caffè Scorte 100-150pz Premium Edition Mod. 08 (0728),https://www.amazon.it/dp/B001000728?tag=offertissimes-21,22.0,35.31,5.5,20.91,"Alimentari, Caffè e Bevande",Cialde & Capsule Caffè Scorte 100-150pz,Lavazza,B001000728,1,28,96
Vahdam Tè Matcha Cerimoniale Bio & Tisane Premium Edition Mod. 27 (0851),https://www.amazon.it/dp/B001000851?tag=offertissimes-21,9.95,12.89,5.5,8.65,"Alimentari, Caffè e Bevande",Tè Matcha Cerimoniale Bio & Tisane,Vahdam,B001000851,1,23,82
Jordan's Skinny Sciroppi Zero Calorie & Aromi Barista Premium Edition Mod. 09 (0937),https://www.amazon.it/dp/B001000937?tag=offertissimes-21,21.79,26.5,5.5,19.71,"Alimentari, Caffè e Bevande",Sciroppi Zero Calorie & Aromi Barista,Jordan's Skinny,B001000937,0,448,88
Pril Gold Capsule Lavastoviglie Maxi Box (100-160pz) Premium Edition Mod. 38 (1018),https://www.amazon.it/dp/B001001018?tag=offertissimes-21,18.42,26.94,5.5,15.81,Cura della Casa e Pulizia,Capsule Lavastoviglie Maxi Box (100-160pz),Pril Gold,B001001018,1,73,87
Ariel Pods Detersivi Lavatrice Concentrati & Pods Premium Edition Mod. 31 (1071),https://www.amazon.it/dp/B001001071?tag=offertissimes-21,41.64,54.26,5.5,35.56,Cura della Casa e Pulizia,Detersivi Lavatrice Concentrati & Pods,Ariel Pods,B001001071,1,45,82
Ariel Pods Detersivi Lavatrice Concentrati & Pods Premium Edition Mod. 33 (1073),https://www.amazon.it/dp/B001001073?tag=offertissimes-21,48.09,64.85,5.5,44.73,Cura della Casa e Pulizia,Detersivi Lavatrice Concentrati & Pods,Ariel Pods,B001001073,1,60,81
Sinland Panni Microfibra Alta Densità & Swiffer Ricambi Premium Edition Mod. 47 (1267),https://www.amazon.it/dp/B001001267?tag=offertissimes-21,21.42,33.06,5.5,19.07,Cura della Casa e Pulizia,Panni Microfibra Alta Densità & Swiffer Ricambi,Sinland,B001001267,1,66,87
Pasta Fissan Paste Cambio Protettive Ossido Zinco Premium Edition Mod. 08 (1396),https://www.amazon.it/dp/B001001396?tag=offertissimes-21,37.55,53.45,5.5,35.48,Prima Infanzia e Maternità,Paste Cambio Protettive Ossido Zinco,Pasta Fissan,B001001396,1,19,79
Momcozy Gadget Virali Sonno Neonato (White Noise) Premium Edition Mod. 01 (1425),https://www.amazon.it/dp/B001001425?tag=offertissimes-21,62.52,91.63,5.5,56.76,Prima Infanzia e Maternità,Gadget Virali Sonno Neonato (White Noise),Momcozy,B001001425,0,307,96
Pogi's Sacchetti Igienici Cane Biodegradabili (300-600pz) Premium Edition Mod. 34 (1541),https://www.amazon.it/dp/B001001541?tag=offertissimes-21,16.36,23.57,5.5,13.93,Animali Domestici (Pet Care),Sacchetti Igienici Cane Biodegradabili (300-600pz),Pogi's,B001001541,1,36,83
Catit Filtri Ricambio Fontanelle Acqua Gatti Premium Edition Mod. 39 (1640),https://www.amazon.it/dp/B001001640?tag=offertissimes-21,32.7,48.83,5.5,31.9,Animali Domestici (Pet Care),Filtri Ricambio Fontanelle Acqua Gatti,Catit,B001001640,1,32,85
Aumuca Spazzole Rullo Toglipelo Elettrostatiche Premium Edition Mod. 34 (1682),https://www.amazon.it/dp/B001001682?tag=offertissimes-21,47.78,70.4,5.5,42.57,Animali Domestici (Pet Care),Spazzole Rullo Toglipelo Elettrostatiche,Aumuca,B001001682,0,392,100
Lamicall Supporti Auto Magnetici MagSafe Wireless Premium Edition Mod. 15 (1916),https://www.amazon.it/dp/B001001916?tag=offertissimes-21,19.62,23.77,5.5,17.26,"Elettronica, Accessori e Gadget Smart",Supporti Auto Magnetici MagSafe Wireless,Lamicall,B001001916,0,467,94
Klearlook Kit Pulizia Multifunzione 7-in-1 Tech Premium Edition Mod. 06 (1960),https://www.amazon.it/dp/B001001960?tag=offertissimes-21,73.61,92.46,5.5,71.0,"Elettronica, Accessori e Gadget Smart",Kit Pulizia Multifunzione 7-in-1 Tech,Klearlook,B001001960,0,538,100
Shelly Prese Smart Wi-Fi Monitoraggio Consumi Premium Edition Mod. 07 (2014),https://www.amazon.it/dp/B001002014?tag=offertissimes-21,42.84,51.67,5.5,36.71,"Elettronica, Accessori e Gadget Smart",Prese Smart Wi-Fi Monitoraggio Consumi,Shelly,B001002014,0,508,83
Cecotec Friggitrici ad Aria a Doppia Resistenza Premium Edition Mod. 20 (2184),https://www.amazon.it/dp/B001002184?tag=offertissimes-21,28.43,40.34,5.5,24.97,"Casa, Cucina ed Elettrodomestici",Friggitrici ad Aria a Doppia Resistenza,Cecotec,B001002184,0,424,95
Bonsenkitchen Sigillatori Sottovuoto & Rotoli Goffrati Premium Edition Mod. 19 (2235),https://www.amazon.it/dp/B001002235?tag=offertissimes-21,135.85,163.64,5.5,128.24,"Casa, Cucina ed Elettrodomestici",Sigillatori Sottovuoto & Rotoli Goffrati,Bonsenkitchen,B001002235,1,178,82
Nespresso Aeroccino Montalatte Elettrici a Induzione Virali Premium Edition Mod. 49 (2368),https://www.amazon.it/dp/B001002368?tag=offertissimes-21,69.74,95.1,5.5,64.7,"Casa, Cucina ed Elettrodomestici",Montalatte Elettrici a Induzione Virali,Nespresso Aeroccino,B001002368,0,438,92
Yankee Candle Car Profumatori Auto Lunga Durata & Ricariche Premium Edition Mod. 08 (2558),https://www.amazon.it/dp/B001002558?tag=offertissimes-21,24.18,31.5,5.5,21.46,Auto e Moto (Accessori & Manutenzione),Profumatori Auto Lunga Durata & Ricariche,Yankee Candle Car,B001002558,1,84,84
Stabilo Boss Pastel Evidenziatori Pastello & Penne Gel Cancellabili Premium Edition Mod. 32 (3018),https://www.amazon.it/dp/B001003018?tag=offertissimes-21,38.28,45.6,5.5,33.06,"Cancelleria, Ufficio e Spedizioni",Evidenziatori Pastello & Penne Gel Cancellabili,Stabilo Boss Pastel,B001003018,1,87,87
Levi's Boxer Cotone Elasticizzato Multipack (6-10pz) Premium Edition Mod. 07 (3057),https://www.amazon.it/dp/B001003057?tag=offertissimes-21,18.35,22.33,5.5,16.1,Abbigliamento Base e Calzetteria,Boxer Cotone Elasticizzato Multipack (6-10pz),Levi's,B001003057,1,116,89
Ultra Pro Bustine Protettive Carte Collezionabili (100-500pz) Premium Edition Mod. 05 (3185),https://www.amazon.it/dp/B001003185?tag=offertissimes-21,37.62,44.94,5.5,34.76,"Giochi, Hobbies e Tempo Libero",Bustine Protettive Carte Collezionabili (100-500pz),Ultra Pro,B001003185,1,323,85
LEGO Icons Set Costruzioni Modulari per Adulti Premium Edition Mod. 20 (3256),https://www.amazon.it/dp/B001003256?tag=offertissimes-21,29.32,44.3,5.5,27.81,"Giochi, Hobbies e Tempo Libero",Set Costruzioni Modulari per Adulti,LEGO Icons,B001003256,0,415,100
Ono Roller Fidget Toys & Antistress Magnetici Virali Premium Edition Mod. 08 (3271),https://www.amazon.it/dp/B001003271?tag=offertissimes-21,39.83,62.61,5.5,35.6,"Giochi, Hobbies e Tempo Libero",Fidget Toys & Antistress Magnetici Virali,Ono Roller,B001003271,0,420,100
Restivoil Cura dei Capelli & Shampoo Trattanti Premium Edition Mod. 25 (0153),https://www.amazon.it/dp/B001000153?tag=offertissimes-21,24.19,37.43,5.4,21.96,Bellezza e Cura della Persona,Cura dei Capelli & Shampoo Trattanti,Restivoil,B001000153,1,32,85
Maison Alhambra Profumeria & Fragranze Virali Premium Edition Mod. 23 (0277),https://www.amazon.it/dp/B001000277?tag=offertissimes-21,30.72,37.58,5.4,29.99,Bellezza e Cura della Persona,Profumeria & Fragranze Virali,Maison Alhambra,B001000277,0,433,97
Afnan Profumeria & Fragranze Virali Premium Edition Mod. 48 (0302),https://www.amazon.it/dp/B001000302?tag=offertissimes-21,12.27,17.39,5.4,11.33,Bellezza e Cura della Persona,Profumeria & Fragranze Virali,Afnan,B001000302,0,279,94
NamedSport Creatina Monoidrato & Pre-Workout Premium Edition Mod. 12 (0449),https://www.amazon.it/dp/B001000449?tag=offertissimes-21,35.6,42.46,5.4,34.53,"Salute, Igiene e Integratori",Creatina Monoidrato & Pre-Workout,NamedSport,B001000449,1,41,97
Segafredo Caffè in Grani Specialty 1kg Premium Edition Mod. 46 (0818),https://www.amazon.it/dp/B001000818?tag=offertissimes-21,27.66,41.93,5.4,25.41,"Alimentari, Caffè e Bevande",Caffè in Grani Specialty 1kg,Segafredo,B001000818,1,35,83
Dash Power Detersivi Lavatrice Concentrati & Pods Premium Edition Mod. 48 (1088),https://www.amazon.it/dp/B001001088?tag=offertissimes-21,52.85,61.74,5.4,49.7,Cura della Casa e Pulizia,Detersivi Lavatrice Concentrati & Pods,Dash Power,B001001088,1,75,95
The Pink Stuff Pulitori Miracolosi Virali & Spugne Premium Edition Mod. 41 (1201),https://www.amazon.it/dp/B001001201?tag=offertissimes-21,22.24,34.22,5.4,19.09,Cura della Casa e Pulizia,Pulitori Miracolosi Virali & Spugne,The Pink Stuff,B001001201,0,521,99
Scrub Daddy Pulitori Miracolosi Virali & Spugne Premium Edition Mod. 43 (1203),https://www.amazon.it/dp/B001001203?tag=offertissimes-21,45.28,63.5,5.4,42.18,Cura della Casa e Pulizia,Pulitori Miracolosi Virali & Spugne,Scrub Daddy,B001001203,0,502,88
Pasta Fissan Paste Cambio Protettive Ossido Zinco Premium Edition Mod. 20 (1408),https://www.amazon.it/dp/B001001408?tag=offertissimes-21,26.38,33.83,5.4,23.8,Prima Infanzia e Maternità,Paste Cambio Protettive Ossido Zinco,Pasta Fissan,B001001408,1,17,88
Biokat's Lettiere Gatto Agglomeranti & Silicio 10-20L Premium Edition Mod. 21 (1481),https://www.amazon.it/dp/B001001481?tag=offertissimes-21,58.29,72.55,5.4,52.95,Animali Domestici (Pet Care),Lettiere Gatto Agglomeranti & Silicio 10-20L,Biokat's,B001001481,1,34,93
Spigen Pellicole Salvaschermo Vetro con Dima Installazione Premium Edition Mod. 49 (1843),https://www.amazon.it/dp/B001001843?tag=offertissimes-21,45.68,59.28,5.4,41.37,"Elettronica, Accessori e Gadget Smart",Pellicole Salvaschermo Vetro con Dima Installazione,Spigen,B001001843,1,131,82
ESR Pellicole Salvaschermo Vetro con Dima Installazione Premium Edition Mod. 50 (1844),https://www.amazon.it/dp/B001001844?tag=offertissimes-21,71.96,101.14,5.4,65.63,"Elettronica, Accessori e Gadget Smart",Pellicole Salvaschermo Vetro con Dima Installazione,ESR,B001001844,1,134,78
iRobot Roomba Filtri & Ricambi Robot Aspirapolvere Premium Edition Mod. 29 (2089),https://www.amazon.it/dp/B001002089?tag=offertissimes-21,65.95,99.37,5.4,56.96,"Casa, Cucina ed Elettrodomestici",Filtri & Ricambi Robot Aspirapolvere,iRobot Roomba,B001002089,1,356,86
SiliconeMaster Carta Forno Riutilizzabile & Accessori Friggitrice Aria Premium Edition Mod. 12 (2124),https://www.amazon.it/dp/B001002124?tag=offertissimes-21,18.66,21.44,5.4,18.22,"Casa, Cucina ed Elettrodomestici",Carta Forno Riutilizzabile & Accessori Friggitrice Aria,SiliconeMaster,B001002124,1,348,92
SiliconeMaster Carta Forno Riutilizzabile & Accessori Friggitrice Aria Premium Edition Mod. 36 (2148),https://www.amazon.it/dp/B001002148?tag=offertissimes-21,17.81,20.88,5.4,15.75,"Casa, Cucina ed Elettrodomestici",Carta Forno Riutilizzabile & Accessori Friggitrice Aria,SiliconeMaster,B001002148,1,138,93
FoodSaver Sigillatori Sottovuoto & Rotoli Goffrati Premium Edition Mod. 04 (2220),https://www.amazon.it/dp/B001002220?tag=offertissimes-21,138.38,182.44,5.4,130.16,"Casa, Cucina ed Elettrodomestici",Sigillatori Sottovuoto & Rotoli Goffrati,FoodSaver,B001002220,1,180,80
Bonsenkitchen Sigillatori Sottovuoto & Rotoli Goffrati Premium Edition Mod. 37 (2253),https://www.amazon.it/dp/B001002253?tag=offertissimes-21,16.39,24.66,5.4,15.9,"Casa, Cucina ed Elettrodomestici",Sigillatori Sottovuoto & Rotoli Goffrati,Bonsenkitchen,B001002253,1,87,84
Vtopmart Organizer Frigo & Dispensa Trasparenti Acrilico Premium Edition Mod. 43 (2311),https://www.amazon.it/dp/B001002311?tag=offertissimes-21,129.07,182.99,5.4,126.1,"Casa, Cucina ed Elettrodomestici",Organizer Frigo & Dispensa Trasparenti Acrilico,Vtopmart,B001002311,0,437,93
Bialetti Montalatte Elettrici a Induzione Virali Premium Edition Mod. 22 (2341),https://www.amazon.it/dp/B001002341?tag=offertissimes-21,110.8,160.42,5.4,100.78,"Casa, Cucina ed Elettrodomestici",Montalatte Elettrici a Induzione Virali,Bialetti,B001002341,0,427,95
Fanttik Mini Cacciaviti Elettrici di Precisione Virali Premium Edition Mod. 35 (2513),https://www.amazon.it/dp/B001002513?tag=offertissimes-21,22.33,32.76,5.4,19.18,"Fai da Te, Bricolage e Giardinaggio",Mini Cacciaviti Elettrici di Precisione Virali,Fanttik,B001002513,0,301,99
Rituals Car Profumatori Auto Lunga Durata & Ricariche Premium Edition Mod. 12 (2562),https://www.amazon.it/dp/B001002562?tag=offertissimes-21,27.78,34.78,5.4,25.3,Auto e Moto (Accessori & Manutenzione),Profumatori Auto Lunga Durata & Ricariche,Rituals Car,B001002562,1,64,84
Bosch Aerotwin Spazzole Tergicristallo Aerodinamiche Premium Edition Mod. 15 (2595),https://www.amazon.it/dp/B001002595?tag=offertissimes-21,33.12,38.55,5.4,31.67,Auto e Moto (Accessori & Manutenzione),Spazzole Tergicristallo Aerodinamiche,Bosch Aerotwin,B001002595,1,105,85
Gritin Fasce Elastiche di Resistenza & Loop Bands Tessuto Premium Edition Mod. 37 (2737),https://www.amazon.it/dp/B001002737?tag=offertissimes-21,49.63,56.43,5.4,43.83,"Sport, Fitness e Attrezzatura",Fasce Elastiche di Resistenza & Loop Bands Tessuto,Gritin,B001002737,1,77,90
Mebak Pistole Massaggianti Muscolari Portatili Premium Edition Mod. 13 (2789),https://www.amazon.it/dp/B001002789?tag=offertissimes-21,63.89,96.13,5.4,60.38,"Sport, Fitness e Attrezzatura",Pistole Massaggianti Muscolari Portatili,Mebak,B001002789,0,230,91
Kensington Supporti Monitor Ergonomici con Cassetti Premium Edition Mod. 12 (3030),https://www.amazon.it/dp/B001003030?tag=offertissimes-21,24.65,29.13,5.4,22.23,"Cancelleria, Ufficio e Spedizioni",Supporti Monitor Ergonomici con Cassetti,Kensington,B001003030,0,342,87
Exploding Kittens Giochi da Tavolo Compatti & Pocket Virali Premium Edition Mod. 12 (3220),https://www.amazon.it/dp/B001003220?tag=offertissimes-21,20.98,24.42,5.4,19.99,"Giochi, Hobbies e Tempo Libero",Giochi da Tavolo Compatti & Pocket Virali,Exploding Kittens,B001003220,0,508,89
Florence Bio Sieri Viso & Trattamenti Anti-Age Premium Edition Mod. 52 (0052),https://www.amazon.it/dp/B001000052?tag=offertissimes-21,19.1,27.44,5.3,16.55,Bellezza e Cura della Persona,Sieri Viso & Trattamenti Anti-Age,Florence Bio,B001000052,1,36,84
Philips Sonicare Igiene Orale & Ricambi Spazzolini Premium Edition Mod. 02 (0066),https://www.amazon.it/dp/B001000066?tag=offertissimes-21,34.3,41.87,5.3,32.61,Bellezza e Cura della Persona,Igiene Orale & Ricambi Spazzolini,Philips Sonicare,B001000066,1,40,85
"Derby Rasatura, Lame & Depilazione Premium Edition Mod. 10 (0201)",https://www.amazon.it/dp/B001000201?tag=offertissimes-21,29.44,37.24,5.3,27.64,Bellezza e Cura della Persona,"Rasatura, Lame & Depilazione",Derby,B001000201,1,60,73
"Gloryfeel Vitamine, Magnesio & Biohacking Sonno Premium Edition Mod. 02 (0496)",https://www.amazon.it/dp/B001000496?tag=offertissimes-21,54.95,68.97,5.3,46.91,"Salute, Igiene e Integratori","Vitamine, Magnesio & Biohacking Sonno",Gloryfeel,B001000496,1,44,80
Enervit Elettroliti & Idratazione Senza Zucchero Premium Edition Mod. 11 (0562),https://www.amazon.it/dp/B001000562?tag=offertissimes-21,11.15,15.12,5.3,9.58,"Salute, Igiene e Integratori",Elettroliti & Idratazione Senza Zucchero,Enervit,B001000562,1,35,91
Liquid I.V. Elettroliti & Idratazione Senza Zucchero Premium Edition Mod. 42 (0593),https://www.amazon.it/dp/B001000593?tag=offertissimes-21,18.72,25.73,5.3,17.78,"Salute, Igiene e Integratori",Elettroliti & Idratazione Senza Zucchero,Liquid I.V.,B001000593,1,37,91
Pic Solution Dispositivi Elettromedicali & Termometri Premium Edition Mod. 05 (0613),https://www.amazon.it/dp/B001000613?tag=offertissimes-21,45.8,53.56,5.3,43.09,"Salute, Igiene e Integratori",Dispositivi Elettromedicali & Termometri,Pic Solution,B001000613,0,414,70
Omron Dispositivi Elettromedicali & Termometri Premium Edition Mod. 10 (0618),https://www.amazon.it/dp/B001000618?tag=offertissimes-21,40.61,53.11,5.3,37.68,"Salute, Igiene e Integratori",Dispositivi Elettromedicali & Termometri,Omron,B001000618,0,379,79
Pellini Caffè in Grani Specialty 1kg Premium Edition Mod. 30 (0802),https://www.amazon.it/dp/B001000802?tag=offertissimes-21,13.2,15.58,5.3,11.53,"Alimentari, Caffè e Bevande",Caffè in Grani Specialty 1kg,Pellini,B001000802,1,19,88
The Pink Stuff Pulitori Miracolosi Virali & Spugne Premium Edition Mod. 02 (1162),https://www.amazon.it/dp/B001001162?tag=offertissimes-21,20.22,27.43,5.3,19.36,Cura della Casa e Pulizia,Pulitori Miracolosi Virali & Spugne,The Pink Stuff,B001001162,0,312,96
Momcozy Gadget Virali Sonno Neonato (White Noise) Premium Edition Mod. 14 (1438),https://www.amazon.it/dp/B001001438?tag=offertissimes-21,24.13,37.62,5.3,23.0,Prima Infanzia e Maternità,Gadget Virali Sonno Neonato (White Noise),Momcozy,B001001438,0,290,90
Dreamegg Gadget Virali Sonno Neonato (White Noise) Premium Edition Mod. 19 (1443),https://www.amazon.it/dp/B001001443?tag=offertissimes-21,26.52,31.34,5.3,22.84,Prima Infanzia e Maternità,Gadget Virali Sonno Neonato (White Noise),Dreamegg,B001001443,0,473,91
Purina Dentalife Snack Igiene Dentale Cani Scorte Mensili Premium Edition Mod. 15 (1569),https://www.amazon.it/dp/B001001569?tag=offertissimes-21,48.67,67.78,5.3,47.14,Animali Domestici (Pet Care),Snack Igiene Dentale Cani Scorte Mensili,Purina Dentalife,B001001569,1,26,92
HoneyGuaridan Filtri Ricambio Fontanelle Acqua Gatti Premium Edition Mod. 05 (1606),https://www.amazon.it/dp/B001001606?tag=offertissimes-21,41.34,62.64,5.3,35.26,Animali Domestici (Pet Care),Filtri Ricambio Fontanelle Acqua Gatti,HoneyGuaridan,B001001606,1,31,86
Shelly Prese Smart Wi-Fi Monitoraggio Consumi Premium Edition Mod. 22 (2029),https://www.amazon.it/dp/B001002029?tag=offertissimes-21,20.33,26.73,5.3,18.77,"Elettronica, Accessori e Gadget Smart",Prese Smart Wi-Fi Monitoraggio Consumi,Shelly,B001002029,0,337,94
mDesign Organizer Frigo & Dispensa Trasparenti Acrilico Premium Edition Mod. 46 (2314),https://www.amazon.it/dp/B001002314?tag=offertissimes-21,65.83,102.44,5.3,58.3,"Casa, Cucina ed Elettrodomestici",Organizer Frigo & Dispensa Trasparenti Acrilico,mDesign,B001002314,0,476,91
Philips Hue Lampadine LED Smart Dimmerabili Attacco E27/GU10 Premium Edition Mod. 05 (2411),https://www.amazon.it/dp/B001002411?tag=offertissimes-21,42.03,53.8,5.3,37.8,"Fai da Te, Bricolage e Giardinaggio",Lampadine LED Smart Dimmerabili Attacco E27/GU10,Philips Hue,B001002411,1,45,88
Raindrip Sistemi Irrigazione a Goccia Smart per Balconi Premium Edition Mod. 05 (2519),https://www.amazon.it/dp/B001002519?tag=offertissimes-21,8.5,11.56,5.3,7.95,"Fai da Te, Bricolage e Giardinaggio",Sistemi Irrigazione a Goccia Smart per Balconi,Raindrip,B001002519,0,214,78
Fanttik Compressori Portatili Ricaricabili Wireless Premium Edition Mod. 25 (2665),https://www.amazon.it/dp/B001002665?tag=offertissimes-21,42.49,51.15,5.3,41.35,Auto e Moto (Accessori & Manutenzione),Compressori Portatili Ricaricabili Wireless,Fanttik,B001002665,0,261,100
Black+Decker Aspirapolvere Portatili per Auto ad Alta Potenza Premium Edition Mod. 14 (2684),https://www.amazon.it/dp/B001002684?tag=offertissimes-21,22.16,26.64,5.3,21.27,Auto e Moto (Accessori & Manutenzione),Aspirapolvere Portatili per Auto ad Alta Potenza,Black+Decker,B001002684,0,337,93
Manduka Tappetini Yoga Antiscivolo Alta Densità TPE Premium Edition Mod. 17 (2831),https://www.amazon.it/dp/B001002831?tag=offertissimes-21,25.91,39.35,5.3,23.01,"Sport, Fitness e Attrezzatura",Tappetini Yoga Antiscivolo Alta Densità TPE,Manduka,B001002831,0,381,89
Liforme Tappetini Yoga Antiscivolo Alta Densità TPE Premium Edition Mod. 30 (2844),https://www.amazon.it/dp/B001002844?tag=offertissimes-21,67.75,96.63,5.3,59.07,"Sport, Fitness e Attrezzatura",Tappetini Yoga Antiscivolo Alta Densità TPE,Liforme,B001002844,0,306,89
Phomemo Etichette Termiche Adesive Spedizioni 100x150mm Premium Edition Mod. 21 (2975),https://www.amazon.it/dp/B001002975?tag=offertissimes-21,42.45,55.46,5.3,39.69,"Cancelleria, Ufficio e Spedizioni",Etichette Termiche Adesive Spedizioni 100x150mm,Phomemo,B001002975,1,35,90
Fruit of the Loom T-Shirt Girocollo Cotone Pesante Pack da 5 Premium Edition Mod. 18 (3134),https://www.amazon.it/dp/B001003134?tag=offertissimes-21,18.54,23.31,5.3,16.42,Abbigliamento Base e Calzetteria,T-Shirt Girocollo Cotone Pesante Pack da 5,Fruit of the Loom,B001003134,1,99,76
Fjällräven Borse a Tracolla & Marsupi Virali Monospalla Premium Edition Mod. 02 (3150),https://www.amazon.it/dp/B001003150?tag=offertissimes-21,39.34,48.12,5.3,36.88,Abbigliamento Base e Calzetteria,Borse a Tracolla & Marsupi Virali Monospalla,Fjällräven,B001003150,0,390,92
Sperling & Kupfer Romanzi Virali BookTok & Romance Trend Premium Edition Mod. 06 (3342),https://www.amazon.it/dp/B001003342?tag=offertissimes-21,11.0,15.48,5.3,9.89,"Libri, Agende e Self-Help",Romanzi Virali BookTok & Romance Trend,Sperling & Kupfer,B001003342,0,232,94
Curaprox Igiene Orale & Ricambi Spazzolini Premium Edition Mod. 55 (0119),https://www.amazon.it/dp/B001000119?tag=offertissimes-21,23.87,34.07,5.2,21.38,Bellezza e Cura della Persona,Igiene Orale & Ricambi Spazzolini,Curaprox,B001000119,1,43,80
Lattafa Profumeria & Fragranze Virali Premium Edition Mod. 09 (0263),https://www.amazon.it/dp/B001000263?tag=offertissimes-21,20.66,32.85,5.2,18.59,Bellezza e Cura della Persona,Profumeria & Fragranze Virali,Lattafa,B001000263,0,246,91
NamedSport Creatina Monoidrato & Pre-Workout Premium Edition Mod. 08 (0445),https://www.amazon.it/dp/B001000445?tag=offertissimes-21,34.89,45.55,5.2,33.86,"Salute, Igiene e Integratori",Creatina Monoidrato & Pre-Workout,NamedSport,B001000445,1,44,87
NamedSport Creatina Monoidrato & Pre-Workout Premium Edition Mod. 37 (0474),https://www.amazon.it/dp/B001000474?tag=offertissimes-21,19.73,25.27,5.2,18.19,"Salute, Igiene e Integratori",Creatina Monoidrato & Pre-Workout,NamedSport,B001000474,1,26,97
Skinny Food Co Sciroppi Zero Calorie & Aromi Barista Premium Edition Mod. 06 (0934),https://www.amazon.it/dp/B001000934?tag=offertissimes-21,28.11,33.32,5.2,25.61,"Alimentari, Caffè e Bevande",Sciroppi Zero Calorie & Aromi Barista,Skinny Food Co,B001000934,0,245,87
Ariel Pods Detersivi Lavatrice Concentrati & Pods Premium Edition Mod. 05 (1045),https://www.amazon.it/dp/B001001045?tag=offertissimes-21,20.18,28.42,5.2,17.93,Cura della Casa e Pulizia,Detersivi Lavatrice Concentrati & Pods,Ariel Pods,B001001045,1,57,84
Huggies Pure Salviette Umidificate All'Acqua 99% Premium Edition Mod. 30 (1346),https://www.amazon.it/dp/B001001346?tag=offertissimes-21,38.54,47.64,5.2,35.49,Prima Infanzia e Maternità,Salviette Umidificate All'Acqua 99%,Huggies Pure,B001001346,1,16,87
Ever Clean Lettiere Gatto Agglomeranti & Silicio 10-20L Premium Edition Mod. 32 (1492),https://www.amazon.it/dp/B001001492?tag=offertissimes-21,18.85,28.57,5.2,17.5,Animali Domestici (Pet Care),Lettiere Gatto Agglomeranti & Silicio 10-20L,Ever Clean,B001001492,1,26,90
Catit Filtri Ricambio Fontanelle Acqua Gatti Premium Edition Mod. 07 (1608),https://www.amazon.it/dp/B001001608?tag=offertissimes-21,9.27,11.08,5.2,8.31,Animali Domestici (Pet Care),Filtri Ricambio Fontanelle Acqua Gatti,Catit,B001001608,1,25,77
JETech Pellicole Salvaschermo Vetro con Dima Installazione Premium Edition Mod. 09 (1803),https://www.amazon.it/dp/B001001803?tag=offertissimes-21,28.96,40.02,5.2,27.37,"Elettronica, Accessori e Gadget Smart",Pellicole Salvaschermo Vetro con Dima Installazione,JETech,B001001803,1,104,93
Lamicall Supporti Auto Magnetici MagSafe Wireless Premium Edition Mod. 24 (1925),https://www.amazon.it/dp/B001001925?tag=offertissimes-21,61.68,96.25,5.2,56.68,"Elettronica, Accessori e Gadget Smart",Supporti Auto Magnetici MagSafe Wireless,Lamicall,B001001925,0,290,94
Philips Friggitrici ad Aria a Doppia Resistenza Premium Edition Mod. 04 (2168),https://www.amazon.it/dp/B001002168?tag=offertissimes-21,126.91,151.64,5.2,111.6,"Casa, Cucina ed Elettrodomestici",Friggitrici ad Aria a Doppia Resistenza,Philips,B001002168,0,388,95
Fanttik Mini Cacciaviti Elettrici di Precisione Virali Premium Edition Mod. 15 (2493),https://www.amazon.it/dp/B001002493?tag=offertissimes-21,23.31,28.61,5.2,20.58,"Fai da Te, Bricolage e Giardinaggio",Mini Cacciaviti Elettrici di Precisione Virali,Fanttik,B001002493,0,234,92
Raindrip Sistemi Irrigazione a Goccia Smart per Balconi Premium Edition Mod. 12 (2526),https://www.amazon.it/dp/B001002526?tag=offertissimes-21,65.8,78.91,5.2,57.17,"Fai da Te, Bricolage e Giardinaggio",Sistemi Irrigazione a Goccia Smart per Balconi,Raindrip,B001002526,0,420,85
Chemical Guys Kit Pulizia & Manutenzione Pelle/Plastiche Auto Premium Edition Mod. 08 (2618),https://www.amazon.it/dp/B001002618?tag=offertissimes-21,16.34,24.55,5.2,14.62,Auto e Moto (Accessori & Manutenzione),Kit Pulizia & Manutenzione Pelle/Plastiche Auto,Chemical Guys,B001002618,1,114,90
Gritin Tappetini Yoga Antiscivolo Alta Densità TPE Premium Edition Mod. 21 (2835),https://www.amazon.it/dp/B001002835?tag=offertissimes-21,12.13,15.18,5.2,10.98,"Sport, Fitness e Attrezzatura",Tappetini Yoga Antiscivolo Alta Densità TPE,Gritin,B001002835,0,218,88
Kérastase Cura dei Capelli & Shampoo Trattanti Premium Edition Mod. 49 (0177),https://www.amazon.it/dp/B001000177?tag=offertissimes-21,25.97,35.29,5.1,23.45,Bellezza e Cura della Persona,Cura dei Capelli & Shampoo Trattanti,Kérastase,B001000177,1,31,89
Liquid I.V. Elettroliti & Idratazione Senza Zucchero Premium Edition Mod. 32 (0583),https://www.amazon.it/dp/B001000583?tag=offertissimes-21,43.22,49.52,5.1,39.16,"Salute, Igiene e Integratori",Elettroliti & Idratazione Senza Zucchero,Liquid I.V.,B001000583,1,25,88
Illy Caffè in Grani Specialty 1kg Premium Edition Mod. 11 (0783),https://www.amazon.it/dp/B001000783?tag=offertissimes-21,27.22,33.37,5.1,23.5,"Alimentari, Caffè e Bevande",Caffè in Grani Specialty 1kg,Illy,B001000783,1,18,88
Vahdam Tè Matcha Cerimoniale Bio & Tisane Premium Edition Mod. 04 (0828),https://www.amazon.it/dp/B001000828?tag=offertissimes-21,13.77,20.8,5.1,13.06,"Alimentari, Caffè e Bevande",Tè Matcha Cerimoniale Bio & Tisane,Vahdam,B001000828,1,21,91
Clipper Tè Matcha Cerimoniale Bio & Tisane Premium Edition Mod. 17 (0841),https://www.amazon.it/dp/B001000841?tag=offertissimes-21,9.64,13.47,5.1,9.06,"Alimentari, Caffè e Bevande",Tè Matcha Cerimoniale Bio & Tisane,Clipper,B001000841,1,33,93
Monin Sciroppi Zero Calorie & Aromi Barista Premium Edition Mod. 08 (0936),https://www.amazon.it/dp/B001000936?tag=offertissimes-21,32.7,37.47,5.1,27.9,"Alimentari, Caffè e Bevande",Sciroppi Zero Calorie & Aromi Barista,Monin,B001000936,0,315,96
Pampers Harmonie Salviette Umidificate All'Acqua 99% Premium Edition Mod. 33 (1349),https://www.amazon.it/dp/B001001349?tag=offertissimes-21,14.8,20.66,5.1,13.18,Prima Infanzia e Maternità,Salviette Umidificate All'Acqua 99%,Pampers Harmonie,B001001349,1,25,91
Mustela Paste Cambio Protettive Ossido Zinco Premium Edition Mod. 30 (1418),https://www.amazon.it/dp/B001001418?tag=offertissimes-21,59.95,68.81,5.1,57.64,Prima Infanzia e Maternità,Paste Cambio Protettive Ossido Zinco,Mustela,B001001418,1,28,86
Biokat's Lettiere Gatto Agglomeranti & Silicio 10-20L Premium Edition Mod. 43 (1503),https://www.amazon.it/dp/B001001503?tag=offertissimes-21,14.87,17.86,5.1,13.06,Animali Domestici (Pet Care),Lettiere Gatto Agglomeranti & Silicio 10-20L,Biokat's,B001001503,1,36,99
ChomChom Roller Spazzole Rullo Toglipelo Elettrostatiche Premium Edition Mod. 02 (1650),https://www.amazon.it/dp/B001001650?tag=offertissimes-21,22.26,28.74,5.1,19.77,Animali Domestici (Pet Care),Spazzole Rullo Toglipelo Elettrostatiche,ChomChom Roller,B001001650,0,492,95
ChomChom Roller Spazzole Rullo Toglipelo Elettrostatiche Premium Edition Mod. 08 (1656),https://www.amazon.it/dp/B001001656?tag=offertissimes-21,23.85,31.22,5.1,20.42,Animali Domestici (Pet Care),Spazzole Rullo Toglipelo Elettrostatiche,ChomChom Roller,B001001656,0,502,94
Dreame Filtri & Ricambi Robot Aspirapolvere Premium Edition Mod. 05 (2065),https://www.amazon.it/dp/B001002065?tag=offertissimes-21,53.71,80.36,5.1,48.38,"Casa, Cucina ed Elettrodomestici",Filtri & Ricambi Robot Aspirapolvere,Dreame,B001002065,1,246,87
Ecovacs Filtri & Ricambi Robot Aspirapolvere Premium Edition Mod. 40 (2100),https://www.amazon.it/dp/B001002100?tag=offertissimes-21,68.24,108.27,5.1,62.83,"Casa, Cucina ed Elettrodomestici",Filtri & Ricambi Robot Aspirapolvere,Ecovacs,B001002100,1,341,85
SiliconeMaster Carta Forno Riutilizzabile & Accessori Friggitrice Aria Premium Edition Mod. 34 (2146),https://www.amazon.it/dp/B001002146?tag=offertissimes-21,34.52,54.14,5.1,29.41,"Casa, Cucina ed Elettrodomestici",Carta Forno Riutilizzabile & Accessori Friggitrice Aria,SiliconeMaster,B001002146,1,284,94
Cosori Carta Forno Riutilizzabile & Accessori Friggitrice Aria Premium Edition Mod. 46 (2158),https://www.amazon.it/dp/B001002158?tag=offertissimes-21,104.69,160.22,5.1,101.42,"Casa, Cucina ed Elettrodomestici",Carta Forno Riutilizzabile & Accessori Friggitrice Aria,Cosori,B001002158,1,97,90
Little Trees Profumatori Auto Lunga Durata & Ricariche Premium Edition Mod. 17 (2567),https://www.amazon.it/dp/B001002567?tag=offertissimes-21,36.23,57.07,5.1,32.37,Auto e Moto (Accessori & Manutenzione),Profumatori Auto Lunga Durata & Ricariche,Little Trees,B001002567,1,69,83
Little Trees Profumatori Auto Lunga Durata & Ricariche Premium Edition Mod. 22 (2572),https://www.amazon.it/dp/B001002572?tag=offertissimes-21,55.49,85.5,5.1,52.02,Auto e Moto (Accessori & Manutenzione),Profumatori Auto Lunga Durata & Ricariche,Little Trees,B001002572,1,140,89
Bosch Aerotwin Spazzole Tergicristallo Aerodinamiche Premium Edition Mod. 07 (2587),https://www.amazon.it/dp/B001002587?tag=offertissimes-21,57.68,85.8,5.1,54.74,Auto e Moto (Accessori & Manutenzione),Spazzole Tergicristallo Aerodinamiche,Bosch Aerotwin,B001002587,1,122,83
Bosch Aerotwin Spazzole Tergicristallo Aerodinamiche Premium Edition Mod. 11 (2591),https://www.amazon.it/dp/B001002591?tag=offertissimes-21,25.86,32.18,5.1,24.62,Auto e Moto (Accessori & Manutenzione),Spazzole Tergicristallo Aerodinamiche,Bosch Aerotwin,B001002591,1,81,83
Gritin Corda per Saltare Professionale con Cuscinetti Rapidi Premium Edition Mod. 04 (2742),https://www.amazon.it/dp/B001002742?tag=offertissimes-21,68.38,91.3,5.1,63.39,"Sport, Fitness e Attrezzatura",Corda per Saltare Professionale con Cuscinetti Rapidi,Gritin,B001002742,0,539,94
Zebra Etichette Termiche Adesive Spedizioni 100x150mm Premium Edition Mod. 18 (2972),https://www.amazon.it/dp/B001002972?tag=offertissimes-21,35.82,52.04,5.1,33.0,"Cancelleria, Ufficio e Spedizioni",Etichette Termiche Adesive Spedizioni 100x150mm,Zebra,B001002972,1,64,90
Titan Shield Bustine Protettive Carte Collezionabili (100-500pz) Premium Edition Mod. 26 (3206),https://www.amazon.it/dp/B001003206?tag=offertissimes-21,21.67,30.44,5.1,18.75,"Giochi, Hobbies e Tempo Libero",Bustine Protettive Carte Collezionabili (100-500pz),Titan Shield,B001003206,1,219,83
Newton Compton Romanzi Virali BookTok & Romance Trend Premium Edition Mod. 01 (3337),https://www.amazon.it/dp/B001003337?tag=offertissimes-21,14.83,22.87,5.1,13.51,"Libri, Agende e Self-Help",Romanzi Virali BookTok & Romance Trend,Newton Compton,B001003337,0,511,94
Leuchtturm1917 Quaderni Puntinati Bullet Journal Dotted 120g Premium Edition Mod. 02 (3360),https://www.amazon.it/dp/B001003360?tag=offertissimes-21,17.73,26.11,5.1,15.55,"Libri, Agende e Self-Help",Quaderni Puntinati Bullet Journal Dotted 120g,Leuchtturm1917,B001003360,1,214,82
Rhodia Quaderni Puntinati Bullet Journal Dotted 120g Premium Edition Mod. 10 (3368),https://www.amazon.it/dp/B001003368?tag=offertissimes-21,22.21,27.47,5.1,19.07,"Libri, Agende e Self-Help",Quaderni Puntinati Bullet Journal Dotted 120g,Rhodia,B001003368,1,302,85
Afnan Profumeria & Fragranze Virali Premium Edition Mod. 59 (0313),https://www.amazon.it/dp/B001000313?tag=offertissimes-21,18.88,22.53,5.0,18.09,Bellezza e Cura della Persona,Profumeria & Fragranze Virali,Afnan,B001000313,0,238,91
Maybelline Make-Up & Accessori Bellezza Virali Premium Edition Mod. 57 (0374),https://www.amazon.it/dp/B001000374?tag=offertissimes-21,41.19,48.4,5.0,37.42,Bellezza e Cura della Persona,Make-Up & Accessori Bellezza Virali,Maybelline,B001000374,0,355,92
Creapure Creatina Monoidrato & Pre-Workout Premium Edition Mod. 03 (0440),https://www.amazon.it/dp/B001000440?tag=offertissimes-21,32.55,39.18,5.0,27.82,"Salute, Igiene e Integratori",Creatina Monoidrato & Pre-Workout,Creapure,B001000440,1,40,87
"Solgar Vitamine, Magnesio & Biohacking Sonno Premium Edition Mod. 44 (0538)",https://www.amazon.it/dp/B001000538?tag=offertissimes-21,24.01,31.61,5.0,21.89,"Salute, Igiene e Integratori","Vitamine, Magnesio & Biohacking Sonno",Solgar,B001000538,1,22,87
Braun Dispositivi Elettromedicali & Termometri Premium Edition Mod. 45 (0653),https://www.amazon.it/dp/B001000653?tag=offertissimes-21,38.56,59.99,5.0,33.57,"Salute, Igiene e Integratori",Dispositivi Elettromedicali & Termometri,Braun,B001000653,0,429,74
Illy Caffè in Grani Specialty 1kg Premium Edition Mod. 39 (0811),https://www.amazon.it/dp/B001000811?tag=offertissimes-21,30.39,46.07,5.0,27.58,"Alimentari, Caffè e Bevande",Caffè in Grani Specialty 1kg,Illy,B001000811,1,21,81
BPR Nutrition Alimenti Proteici & Creme Spalmabili Zero Premium Edition Mod. 12 (0888),https://www.amazon.it/dp/B001000888?tag=offertissimes-21,32.15,39.73,5.0,29.03,"Alimentari, Caffè e Bevande",Alimenti Proteici & Creme Spalmabili Zero,BPR Nutrition,B001000888,1,23,90
Pril Gold Capsule Lavastoviglie Maxi Box (100-160pz) Premium Edition Mod. 42 (1022),https://www.amazon.it/dp/B001001022?tag=offertissimes-21,13.73,21.66,5.0,12.06,Cura della Casa e Pulizia,Capsule Lavastoviglie Maxi Box (100-160pz),Pril Gold,B001001022,1,41,91
Ariel Pods Detersivi Lavatrice Concentrati & Pods Premium Edition Mod. 16 (1056),https://www.amazon.it/dp/B001001056?tag=offertissimes-21,29.85,47.19,5.0,26.11,Cura della Casa e Pulizia,Detersivi Lavatrice Concentrati & Pods,Ariel Pods,B001001056,1,64,83
Laica Filtri Ricambio Caraffe & Depuratori Acqua Premium Edition Mod. 28 (1128),https://www.amazon.it/dp/B001001128?tag=offertissimes-21,41.36,56.02,5.0,36.5,Cura della Casa e Pulizia,Filtri Ricambio Caraffe & Depuratori Acqua,Laica,B001001128,1,54,91
TAPP Water Filtri Ricambio Caraffe & Depuratori Acqua Premium Edition Mod. 31 (1131),https://www.amazon.it/dp/B001001131?tag=offertissimes-21,13.02,15.66,5.0,12.03,Cura della Casa e Pulizia,Filtri Ricambio Caraffe & Depuratori Acqua,TAPP Water,B001001131,1,71,83
Chicco Salviette Umidificate All'Acqua 99% Premium Edition Mod. 10 (1326),https://www.amazon.it/dp/B001001326?tag=offertissimes-21,16.64,20.09,5.0,15.82,Prima Infanzia e Maternità,Salviette Umidificate All'Acqua 99%,Chicco,B001001326,1,18,87
Mustela Paste Cambio Protettive Ossido Zinco Premium Edition Mod. 35 (1423),https://www.amazon.it/dp/B001001423?tag=offertissimes-21,48.77,60.22,5.0,44.05,Prima Infanzia e Maternità,Paste Cambio Protettive Ossido Zinco,Mustela,B001001423,1,23,79
Momcozy Gadget Virali Sonno Neonato (White Noise) Premium Edition Mod. 35 (1459),https://www.amazon.it/dp/B001001459?tag=offertissimes-21,64.66,77.58,5.0,56.59,Prima Infanzia e Maternità,Gadget Virali Sonno Neonato (White Noise),Momcozy,B001001459,0,492,96
Amazon Basics Sacchetti Igienici Cane Biodegradabili (300-600pz) Premium Edition Mod. 27 (1534),https://www.amazon.it/dp/B001001534?tag=offertissimes-21,44.73,68.78,5.0,40.21,Animali Domestici (Pet Care),Sacchetti Igienici Cane Biodegradabili (300-600pz),Amazon Basics,B001001534,1,45,87
Earth Rated Sacchetti Igienici Cane Biodegradabili (300-600pz) Premium Edition Mod. 31 (1538),https://www.amazon.it/dp/B001001538?tag=offertissimes-21,36.57,45.15,5.0,33.25,Animali Domestici (Pet Care),Sacchetti Igienici Cane Biodegradabili (300-600pz),Earth Rated,B001001538,1,20,79
Amazon Basics Sacchetti Igienici Cane Biodegradabili (300-600pz) Premium Edition Mod. 35 (1542),https://www.amazon.it/dp/B001001542?tag=offertissimes-21,48.61,71.27,5.0,41.33,Animali Domestici (Pet Care),Sacchetti Igienici Cane Biodegradabili (300-600pz),Amazon Basics,B001001542,1,20,87
Pedigree Dentastix Snack Igiene Dentale Cani Scorte Mensili Premium Edition Mod. 22 (1576),https://www.amazon.it/dp/B001001576?tag=offertissimes-21,22.85,34.91,5.0,20.91,Animali Domestici (Pet Care),Snack Igiene Dentale Cani Scorte Mensili,Pedigree Dentastix,B001001576,1,45,89
Petkit Filtri Ricambio Fontanelle Acqua Gatti Premium Edition Mod. 04 (1605),https://www.amazon.it/dp/B001001605?tag=offertissimes-21,19.8,28.9,5.0,18.34,Animali Domestici (Pet Care),Filtri Ricambio Fontanelle Acqua Gatti,Petkit,B001001605,1,31,92
Catit Filtri Ricambio Fontanelle Acqua Gatti Premium Edition Mod. 25 (1626),https://www.amazon.it/dp/B001001626?tag=offertissimes-21,10.09,15.23,5.0,9.43,Animali Domestici (Pet Care),Filtri Ricambio Fontanelle Acqua Gatti,Catit,B001001626,1,25,83
Ecovacs Filtri & Ricambi Robot Aspirapolvere Premium Edition Mod. 46 (2106),https://www.amazon.it/dp/B001002106?tag=offertissimes-21,31.09,40.98,5.0,29.05,"Casa, Cucina ed Elettrodomestici",Filtri & Ricambi Robot Aspirapolvere,Ecovacs,B001002106,1,272,82
Cosori Carta Forno Riutilizzabile & Accessori Friggitrice Aria Premium Edition Mod. 21 (2133),https://www.amazon.it/dp/B001002133?tag=offertissimes-21,115.22,183.81,5.0,103.11,"Casa, Cucina ed Elettrodomestici",Carta Forno Riutilizzabile & Accessori Friggitrice Aria,Cosori,B001002133,1,360,95
Yankee Candle Car Profumatori Auto Lunga Durata & Ricariche Premium Edition Mod. 26 (2576),https://www.amazon.it/dp/B001002576?tag=offertissimes-21,7.68,11.62,5.0,6.53,Auto e Moto (Accessori & Manutenzione),Profumatori Auto Lunga Durata & Ricariche,Yankee Candle Car,B001002576,1,143,78
Phomemo Etichette Termiche Adesive Spedizioni 100x150mm Premium Edition Mod. 26 (2980),https://www.amazon.it/dp/B001002980?tag=offertissimes-21,15.52,24.1,5.0,14.62,"Cancelleria, Ufficio e Spedizioni",Etichette Termiche Adesive Spedizioni 100x150mm,Phomemo,B001002980,1,52,88
Gildan T-Shirt Girocollo Cotone Pesante Pack da 5 Premium Edition Mod. 05 (3121),https://www.amazon.it/dp/B001003121?tag=offertissimes-21,17.96,23.18,5.0,17.11,Abbigliamento Base e Calzetteria,T-Shirt Girocollo Cotone Pesante Pack da 5,Gildan,B001003121,1,99,87
Dragon Shield Bustine Protettive Carte Collezionabili (100-500pz) Premium Edition Mod. 01 (3181),https://www.amazon.it/dp/B001003181?tag=offertissimes-21,21.08,33.18,5.0,19.91,"Giochi, Hobbies e Tempo Libero",Bustine Protettive Carte Collezionabili (100-500pz),Dragon Shield,B001003181,1,238,95
Exploding Kittens Giochi da Tavolo Compatti & Pocket Virali Premium Edition Mod. 11 (3219),https://www.amazon.it/dp/B001003219?tag=offertissimes-21,39.62,53.23,5.0,34.02,"Giochi, Hobbies e Tempo Libero",Giochi da Tavolo Compatti & Pocket Virali,Exploding Kittens,B001003219,0,213,95
Sluban Set Costruzioni Modulari per Adulti Premium Edition Mod. 27 (3263),https://www.amazon.it/dp/B001003263?tag=offertissimes-21,32.33,44.47,5.0,31.15,"Giochi, Hobbies e Tempo Libero",Set Costruzioni Modulari per Adulti,Sluban,B001003263,0,365,92
Sperling & Kupfer Romanzi Virali BookTok & Romance Trend Premium Edition Mod. 07 (3343),https://www.amazon.it/dp/B001003343?tag=offertissimes-21,9.18,13.03,5.0,8.0,"Libri, Agende e Self-Help",Romanzi Virali BookTok & Romance Trend,Sperling & Kupfer,B001003343,0,439,98
"Philips OneBlade Rasatura, Lame & Depilazione Premium Edition Mod. 55 (0246)",https://www.amazon.it/dp/B001000246?tag=offertissimes-21,42.55,57.12,4.9,41.24,Bellezza e Cura della Persona,"Rasatura, Lame & Depilazione",Philips OneBlade,B001000246,1,45,83
"Gillette Rasatura, Lame & Depilazione Premium Edition Mod. 63 (0254)",https://www.amazon.it/dp/B001000254?tag=offertissimes-21,42.74,60.06,4.9,39.67,Bellezza e Cura della Persona,"Rasatura, Lame & Depilazione",Gillette,B001000254,1,55,78
NYX Make-Up & Accessori Bellezza Virali Premium Edition Mod. 32 (0349),https://www.amazon.it/dp/B001000349?tag=offertissimes-21,30.49,34.73,4.9,26.27,Bellezza e Cura della Persona,Make-Up & Accessori Bellezza Virali,NYX,B001000349,0,232,91
Pic Solution Dispositivi Elettromedicali & Termometri Premium Edition Mod. 01 (0609),https://www.amazon.it/dp/B001000609?tag=offertissimes-21,33.48,43.95,4.9,30.06,"Salute, Igiene e Integratori",Dispositivi Elettromedicali & Termometri,Pic Solution,B001000609,0,325,75
Braun Dispositivi Elettromedicali & Termometri Premium Edition Mod. 42 (0650),https://www.amazon.it/dp/B001000650?tag=offertissimes-21,37.51,51.64,4.9,32.4,"Salute, Igiene e Integratori",Dispositivi Elettromedicali & Termometri,Braun,B001000650,0,446,74
Matcha Ninja Tè Matcha Cerimoniale Bio & Tisane Premium Edition Mod. 24 (0848),https://www.amazon.it/dp/B001000848?tag=offertissimes-21,25.44,29.59,4.9,22.04,"Alimentari, Caffè e Bevande",Tè Matcha Cerimoniale Bio & Tisane,Matcha Ninja,B001000848,1,21,91
Vahdam Tè Matcha Cerimoniale Bio & Tisane Premium Edition Mod. 35 (0859),https://www.amazon.it/dp/B001000859?tag=offertissimes-21,31.5,49.08,4.9,28.83,"Alimentari, Caffè e Bevande",Tè Matcha Cerimoniale Bio & Tisane,Vahdam,B001000859,1,18,86
Matcha Ninja Tè Matcha Cerimoniale Bio & Tisane Premium Edition Mod. 46 (0870),https://www.amazon.it/dp/B001000870?tag=offertissimes-21,29.13,40.66,4.9,28.05,"Alimentari, Caffè e Bevande",Tè Matcha Cerimoniale Bio & Tisane,Matcha Ninja,B001000870,1,28,89
Finish Quantum Capsule Lavastoviglie Maxi Box (100-160pz) Premium Edition Mod. 13 (0993),https://www.amazon.it/dp/B001000993?tag=offertissimes-21,16.91,19.59,4.9,15.51,Cura della Casa e Pulizia,Capsule Lavastoviglie Maxi Box (100-160pz),Finish Quantum,B001000993,1,39,86
Lillydoo Pannolini Box Scorta Mensile (120-180pz) Premium Edition Mod. 21 (1301),https://www.amazon.it/dp/B001001301?tag=offertissimes-21,30.3,41.84,4.9,27.25,Prima Infanzia e Maternità,Pannolini Box Scorta Mensile (120-180pz),Lillydoo,B001001301,1,19,99
Chicco Next2Stars Gadget Virali Sonno Neonato (White Noise) Premium Edition Mod. 32 (1456),https://www.amazon.it/dp/B001001456?tag=offertissimes-21,35.66,57.31,4.9,31.69,Prima Infanzia e Maternità,Gadget Virali Sonno Neonato (White Noise),Chicco Next2Stars,B001001456,0,393,93
Greenies Snack Igiene Dentale Cani Scorte Mensili Premium Edition Mod. 34 (1588),https://www.amazon.it/dp/B001001588?tag=offertissimes-21,35.39,44.22,4.9,31.13,Animali Domestici (Pet Care),Snack Igiene Dentale Cani Scorte Mensili,Greenies,B001001588,1,23,89
ChomChom Roller Spazzole Rullo Toglipelo Elettrostatiche Premium Edition Mod. 13 (1661),https://www.amazon.it/dp/B001001661?tag=offertissimes-21,45.88,71.02,4.9,39.48,Animali Domestici (Pet Care),Spazzole Rullo Toglipelo Elettrostatiche,ChomChom Roller,B001001661,0,351,100
Spigen Pellicole Salvaschermo Vetro con Dima Installazione Premium Edition Mod. 40 (1834),https://www.amazon.it/dp/B001001834?tag=offertissimes-21,24.22,32.28,4.9,23.13,"Elettronica, Accessori e Gadget Smart",Pellicole Salvaschermo Vetro con Dima Installazione,Spigen,B001001834,1,286,91
Ugreen Caricatori GaN Multi-Porta Compatti Premium Edition Mod. 33 (1881),https://www.amazon.it/dp/B001001881?tag=offertissimes-21,77.28,94.64,4.9,71.95,"Elettronica, Accessori e Gadget Smart",Caricatori GaN Multi-Porta Compatti,Ugreen,B001001881,0,245,96
SiliconeMaster Carta Forno Riutilizzabile & Accessori Friggitrice Aria Premium Edition Mod. 38 (2150),https://www.amazon.it/dp/B001002150?tag=offertissimes-21,32.5,41.57,4.9,29.28,"Casa, Cucina ed Elettrodomestici",Carta Forno Riutilizzabile & Accessori Friggitrice Aria,SiliconeMaster,B001002150,1,304,92
Bonsenkitchen Sigillatori Sottovuoto & Rotoli Goffrati Premium Edition Mod. 32 (2248),https://www.amazon.it/dp/B001002248?tag=offertissimes-21,58.36,84.15,4.9,53.72,"Casa, Cucina ed Elettrodomestici",Sigillatori Sottovuoto & Rotoli Goffrati,Bonsenkitchen,B001002248,1,231,81
Aigostar Lampadine LED Smart Dimmerabili Attacco E27/GU10 Premium Edition Mod. 26 (2432),https://www.amazon.it/dp/B001002432?tag=offertissimes-21,64.54,79.48,4.9,59.77,"Fai da Te, Bricolage e Giardinaggio",Lampadine LED Smart Dimmerabili Attacco E27/GU10,Aigostar,B001002432,1,65,84
Black+Decker Aspirapolvere Portatili per Auto ad Alta Potenza Premium Edition Mod. 07 (2677),https://www.amazon.it/dp/B001002677?tag=offertissimes-21,16.87,24.64,4.9,14.82,Auto e Moto (Accessori & Manutenzione),Aspirapolvere Portatili per Auto ad Alta Potenza,Black+Decker,B001002677,0,234,98
Calvin Klein Boxer Cotone Elasticizzato Multipack (6-10pz) Premium Edition Mod. 05 (3055),https://www.amazon.it/dp/B001003055?tag=offertissimes-21,19.39,24.78,4.9,16.62,Abbigliamento Base e Calzetteria,Boxer Cotone Elasticizzato Multipack (6-10pz),Calvin Klein,B001003055,1,87,92
JHK T-Shirt Girocollo Cotone Pesante Pack da 5 Premium Edition Mod. 01 (3117),https://www.amazon.it/dp/B001003117?tag=offertissimes-21,25.68,30.53,4.9,23.4,Abbigliamento Base e Calzetteria,T-Shirt Girocollo Cotone Pesante Pack da 5,JHK,B001003117,1,76,90
Titan Shield Bustine Protettive Carte Collezionabili (100-500pz) Premium Edition Mod. 04 (3184),https://www.amazon.it/dp/B001003184?tag=offertissimes-21,38.2,47.57,4.9,35.27,"Giochi, Hobbies e Tempo Libero",Bustine Protettive Carte Collezionabili (100-500pz),Titan Shield,B001003184,1,234,95
Taco Gatto Capra Giochi da Tavolo Compatti & Pocket Virali Premium Edition Mod. 10 (3218),https://www.amazon.it/dp/B001003218?tag=offertissimes-21,30.19,38.05,4.9,29.54,"Giochi, Hobbies e Tempo Libero",Giochi da Tavolo Compatti & Pocket Virali,Taco Gatto Capra,B001003218,0,311,80
Infinity Cube Fidget Toys & Antistress Magnetici Virali Premium Edition Mod. 18 (3281),https://www.amazon.it/dp/B001003281?tag=offertissimes-21,46.47,58.37,4.9,41.51,"Giochi, Hobbies e Tempo Libero",Fidget Toys & Antistress Magnetici Virali,Infinity Cube,B001003281,0,234,95
Dingbats Quaderni Puntinati Bullet Journal Dotted 120g Premium Edition Mod. 11 (3369),https://www.amazon.it/dp/B001003369?tag=offertissimes-21,18.1,27.97,4.9,17.15,"Libri, Agende e Self-Help",Quaderni Puntinati Bullet Journal Dotted 120g,Dingbats,B001003369,1,102,83
Restivoil Cura dei Capelli & Shampoo Trattanti Premium Edition Mod. 16 (0144),https://www.amazon.it/dp/B001000144?tag=offertissimes-21,42.4,49.66,4.8,40.29,Bellezza e Cura della Persona,Cura dei Capelli & Shampoo Trattanti,Restivoil,B001000144,1,46,85
Lattafa Profumeria & Fragranze Virali Premium Edition Mod. 37 (0291),https://www.amazon.it/dp/B001000291?tag=offertissimes-21,21.29,25.4,4.8,20.44,Bellezza e Cura della Persona,Profumeria & Fragranze Virali,Lattafa,B001000291,0,373,99
Real Techniques Make-Up & Accessori Bellezza Virali Premium Edition Mod. 02 (0319),https://www.amazon.it/dp/B001000319?tag=offertissimes-21,31.98,43.29,4.8,28.25,Bellezza e Cura della Persona,Make-Up & Accessori Bellezza Virali,Real Techniques,B001000319,0,299,93
Promixx Shaker Magnetici & Accessori Virali Gym Premium Edition Mod. 22 (0686),https://www.amazon.it/dp/B001000686?tag=offertissimes-21,18.53,28.63,4.8,16.19,"Salute, Igiene e Integratori",Shaker Magnetici & Accessori Virali Gym,Promixx,B001000686,0,394,90
Kimbo Caffè in Grani Specialty 1kg Premium Edition Mod. 08 (0780),https://www.amazon.it/dp/B001000780?tag=offertissimes-21,33.32,42.83,4.8,30.07,"Alimentari, Caffè e Bevande",Caffè in Grani Specialty 1kg,Kimbo,B001000780,1,19,86
Vahdam Tè Matcha Cerimoniale Bio & Tisane Premium Edition Mod. 51 (0875),https://www.amazon.it/dp/B001000875?tag=offertissimes-21,13.75,18.69,4.8,13.07,"Alimentari, Caffè e Bevande",Tè Matcha Cerimoniale Bio & Tisane,Vahdam,B001000875,1,24,84
Monin Sciroppi Zero Calorie & Aromi Barista Premium Edition Mod. 47 (0975),https://www.amazon.it/dp/B001000975?tag=offertissimes-21,24.5,34.87,4.8,21.13,"Alimentari, Caffè e Bevande",Sciroppi Zero Calorie & Aromi Barista,Monin,B001000975,0,190,89
Laica Filtri Ricambio Caraffe & Depuratori Acqua Premium Edition Mod. 02 (1102),https://www.amazon.it/dp/B001001102?tag=offertissimes-21,34.52,42.42,4.8,33.45,Cura della Casa e Pulizia,Filtri Ricambio Caraffe & Depuratori Acqua,Laica,B001001102,1,57,91
Brita Maxtra+ Filtri Ricambio Caraffe & Depuratori Acqua Premium Edition Mod. 22 (1122),https://www.amazon.it/dp/B001001122?tag=offertissimes-21,35.58,48.78,4.8,32.07,Cura della Casa e Pulizia,Filtri Ricambio Caraffe & Depuratori Acqua,Brita Maxtra+,B001001122,1,44,83
Brita Maxtra+ Filtri Ricambio Caraffe & Depuratori Acqua Premium Edition Mod. 37 (1137),https://www.amazon.it/dp/B001001137?tag=offertissimes-21,17.9,20.92,4.8,17.41,Cura della Casa e Pulizia,Filtri Ricambio Caraffe & Depuratori Acqua,Brita Maxtra+,B001001137,1,72,85
Laica Filtri Ricambio Caraffe & Depuratori Acqua Premium Edition Mod. 44 (1144),https://www.amazon.it/dp/B001001144?tag=offertissimes-21,31.84,39.37,4.8,27.27,Cura della Casa e Pulizia,Filtri Ricambio Caraffe & Depuratori Acqua,Laica,B001001144,1,61,93
The Pink Stuff Pulitori Miracolosi Virali & Spugne Premium Edition Mod. 07 (1167),https://www.amazon.it/dp/B001001167?tag=offertissimes-21,31.9,36.53,4.8,29.6,Cura della Casa e Pulizia,Pulitori Miracolosi Virali & Spugne,The Pink Stuff,B001001167,0,340,96
Sinland Panni Microfibra Alta Densità & Swiffer Ricambi Premium Edition Mod. 02 (1222),https://www.amazon.it/dp/B001001222?tag=offertissimes-21,40.92,55.17,4.8,38.41,Cura della Casa e Pulizia,Panni Microfibra Alta Densità & Swiffer Ricambi,Sinland,B001001222,1,32,80
WaterWipes Salviette Umidificate All'Acqua 99% Premium Edition Mod. 07 (1323),https://www.amazon.it/dp/B001001323?tag=offertissimes-21,21.79,26.19,4.8,19.02,Prima Infanzia e Maternità,Salviette Umidificate All'Acqua 99%,WaterWipes,B001001323,1,20,89
Tommee Tippee Sangenic Ricariche Mangia-Pannolini Multistrato Premium Edition Mod. 14 (1366),https://www.amazon.it/dp/B001001366?tag=offertissimes-21,65.75,80.05,4.8,62.31,Prima Infanzia e Maternità,Ricariche Mangia-Pannolini Multistrato,Tommee Tippee Sangenic,B001001366,1,26,79
Earth Rated Sacchetti Igienici Cane Biodegradabili (300-600pz) Premium Edition Mod. 16 (1523),https://www.amazon.it/dp/B001001523?tag=offertissimes-21,47.73,60.61,4.8,43.44,Animali Domestici (Pet Care),Sacchetti Igienici Cane Biodegradabili (300-600pz),Earth Rated,B001001523,1,27,90
ChomChom Roller Spazzole Rullo Toglipelo Elettrostatiche Premium Edition Mod. 07 (1655),https://www.amazon.it/dp/B001001655?tag=offertissimes-21,51.71,72.83,4.8,44.58,Animali Domestici (Pet Care),Spazzole Rullo Toglipelo Elettrostatiche,ChomChom Roller,B001001655,0,477,100
Trixie Tappetini Olfattivi & Ciotole Lente Virali Premium Edition Mod. 37 (1731),https://www.amazon.it/dp/B001001731?tag=offertissimes-21,16.84,23.93,4.8,14.84,Animali Domestici (Pet Care),Tappetini Olfattivi & Ciotole Lente Virali,Trixie,B001001731,0,317,84
ESR Pellicole Salvaschermo Vetro con Dima Installazione Premium Edition Mod. 25 (1819),https://www.amazon.it/dp/B001001819?tag=offertissimes-21,40.94,61.11,4.8,39.47,"Elettronica, Accessori e Gadget Smart",Pellicole Salvaschermo Vetro con Dima Installazione,ESR,B001001819,1,223,94
Ugreen Caricatori GaN Multi-Porta Compatti Premium Edition Mod. 07 (1855),https://www.amazon.it/dp/B001001855?tag=offertissimes-21,40.77,60.26,4.8,36.62,"Elettronica, Accessori e Gadget Smart",Caricatori GaN Multi-Porta Compatti,Ugreen,B001001855,0,217,95
Spigen Supporti Auto Magnetici MagSafe Wireless Premium Edition Mod. 10 (1911),https://www.amazon.it/dp/B001001911?tag=offertissimes-21,75.77,100.08,4.8,69.57,"Elettronica, Accessori e Gadget Smart",Supporti Auto Magnetici MagSafe Wireless,Spigen,B001001911,0,303,99
Spigen Supporti Auto Magnetici MagSafe Wireless Premium Edition Mod. 44 (1945),https://www.amazon.it/dp/B001001945?tag=offertissimes-21,24.99,32.47,4.8,23.6,"Elettronica, Accessori e Gadget Smart",Supporti Auto Magnetici MagSafe Wireless,Spigen,B001001945,0,332,96
Ecovacs Filtri & Ricambi Robot Aspirapolvere Premium Edition Mod. 12 (2072),https://www.amazon.it/dp/B001002072?tag=offertissimes-21,70.89,110.24,4.8,60.36,"Casa, Cucina ed Elettrodomestici",Filtri & Ricambi Robot Aspirapolvere,Ecovacs,B001002072,1,146,85
SiliconeMaster Carta Forno Riutilizzabile & Accessori Friggitrice Aria Premium Edition Mod. 24 (2136),https://www.amazon.it/dp/B001002136?tag=offertissimes-21,49.78,58.85,4.8,47.97,"Casa, Cucina ed Elettrodomestici",Carta Forno Riutilizzabile & Accessori Friggitrice Aria,SiliconeMaster,B001002136,1,281,92
Nespresso Aeroccino Montalatte Elettrici a Induzione Virali Premium Edition Mod. 25 (2344),https://www.amazon.it/dp/B001002344?tag=offertissimes-21,67.78,108.2,4.8,64.38,"Casa, Cucina ed Elettrodomestici",Montalatte Elettrici a Induzione Virali,Nespresso Aeroccino,B001002344,0,522,86
Gorilla Glue Nastri Adesivi Gorilla & Sigillanti Impermeabilizzanti Premium Edition Mod. 03 (2445),https://www.amazon.it/dp/B001002445?tag=offertissimes-21,64.15,98.33,4.8,55.26,"Fai da Te, Bricolage e Giardinaggio",Nastri Adesivi Gorilla & Sigillanti Impermeabilizzanti,Gorilla Glue,B001002445,1,105,86
Fanttik Mini Cacciaviti Elettrici di Precisione Virali Premium Edition Mod. 31 (2509),https://www.amazon.it/dp/B001002509?tag=offertissimes-21,24.25,31.43,4.8,23.02,"Fai da Te, Bricolage e Giardinaggio",Mini Cacciaviti Elettrici di Precisione Virali,Fanttik,B001002509,0,380,93
Gardena Sistemi Irrigazione a Goccia Smart per Balconi Premium Edition Mod. 33 (2547),https://www.amazon.it/dp/B001002547?tag=offertissimes-21,30.27,35.58,4.8,26.16,"Fai da Te, Bricolage e Giardinaggio",Sistemi Irrigazione a Goccia Smart per Balconi,Gardena,B001002547,0,261,77
Raindrip Sistemi Irrigazione a Goccia Smart per Balconi Premium Edition Mod. 34 (2548),https://www.amazon.it/dp/B001002548?tag=offertissimes-21,30.82,36.86,4.8,27.48,"Fai da Te, Bricolage e Giardinaggio",Sistemi Irrigazione a Goccia Smart per Balconi,Raindrip,B001002548,0,241,81
Black+Decker Aspirapolvere Portatili per Auto ad Alta Potenza Premium Edition Mod. 04 (2674),https://www.amazon.it/dp/B001002674?tag=offertissimes-21,52.59,66.11,4.8,45.31,Auto e Moto (Accessori & Manutenzione),Aspirapolvere Portatili per Auto ad Alta Potenza,Black+Decker,B001002674,0,514,95
Renpho Pistole Massaggianti Muscolari Portatili Premium Edition Mod. 21 (2797),https://www.amazon.it/dp/B001002797?tag=offertissimes-21,42.47,68.36,4.8,38.52,"Sport, Fitness e Attrezzatura",Pistole Massaggianti Muscolari Portatili,Renpho,B001002797,0,389,99
PUMA Calzini Sportivi Tecnici Traspiranti Multipack Premium Edition Mod. 15 (3098),https://www.amazon.it/dp/B001003098?tag=offertissimes-21,34.52,48.08,4.8,29.78,Abbigliamento Base e Calzetteria,Calzini Sportivi Tecnici Traspiranti Multipack,PUMA,B001003098,1,108,88
Fruit of the Loom T-Shirt Girocollo Cotone Pesante Pack da 5 Premium Edition Mod. 07 (3123),https://www.amazon.it/dp/B001003123?tag=offertissimes-21,18.55,22.06,4.8,17.95,Abbigliamento Base e Calzetteria,T-Shirt Girocollo Cotone Pesante Pack da 5,Fruit of the Loom,B001003123,1,86,83
Fruit of the Loom T-Shirt Girocollo Cotone Pesante Pack da 5 Premium Edition Mod. 21 (3137),https://www.amazon.it/dp/B001003137?tag=offertissimes-21,32.68,49.33,4.8,30.81,Abbigliamento Base e Calzetteria,T-Shirt Girocollo Cotone Pesante Pack da 5,Fruit of the Loom,B001003137,1,77,81
JHK T-Shirt Girocollo Cotone Pesante Pack da 5 Premium Edition Mod. 25 (3141),https://www.amazon.it/dp/B001003141?tag=offertissimes-21,19.9,23.77,4.8,17.76,Abbigliamento Base e Calzetteria,T-Shirt Girocollo Cotone Pesante Pack da 5,JHK,B001003141,1,71,83
Dragon Shield Bustine Protettive Carte Collezionabili (100-500pz) Premium Edition Mod. 28 (3208),https://www.amazon.it/dp/B001003208?tag=offertissimes-21,14.99,24.13,4.8,14.24,"Giochi, Hobbies e Tempo Libero",Bustine Protettive Carte Collezionabili (100-500pz),Dragon Shield,B001003208,1,249,95
Speks Fidget Toys & Antistress Magnetici Virali Premium Edition Mod. 11 (3274),https://www.amazon.it/dp/B001003274?tag=offertissimes-21,29.86,35.51,4.8,26.15,"Giochi, Hobbies e Tempo Libero",Fidget Toys & Antistress Magnetici Virali,Speks,B001003274,0,332,100
