Title,Affiliate_URL,Price_EUR,Original_Price_EUR,Discount_Pct,Keepa_ATL_EUR,Category,Subcategory,Brand,ASIN,Is_Cyclical,Cycle_Days,Virality_Score
Echo Pop Altoparlante Intelligente Compatto Bluetooth con Alexa Integrata,https://www.amazon.it/dp/B07XJ8C8F5?tag=offertissimes-21,24.99,54.99,54.6,24.99,"Elettronica, Accessori e Gadget Smart","Elettronica, Accessori e Gadget Smart",Amazon,B07XJ8C8F5,0,365,99
Ring Video Doorbell Campanello Smart Wi-Fi HD 1080p con Rilevazione Movimento,https://www.amazon.it/dp/B0FJJM9R3Z?tag=offertissimes-21,49.99,99.99,50.0,49.99,"Elettronica, Accessori e Gadget Smart","Elettronica, Accessori e Gadget Smart",Ring,B0FJJM9R3Z,0,365,99
Stanley Flessometro Tylon Nastro Metrico 5m con Blocco e Clip,https://www.amazon.it/dp/B0F1G84JLF?tag=offertissimes-21,6.9,11.9,42.0,6.9,"Fai da Te, Bricolage e Giardinaggio","Fai da Te, Bricolage e Giardinaggio",Stanley,B0F1G84JLF,0,360,99
COSRX Bava di Lumaca 96% Advanced Snail Mucin Power Essence (100ml),https://www.amazon.it/dp/B00PBX3L7K?tag=offertissimes-21,14.5,24.9,41.8,14.5,Bellezza e Cura della Persona,Bellezza e Cura della Persona,COSRX,B00PBX3L7K,1,45,99
Spazzola Toglipelo Ace2Ace Rullo Elettrostatico Riutilizzabile per Cani e Gatti,https://www.amazon.it/dp/B0819XVK92?tag=offertissimes-21,11.99,19.99,40.0,11.99,Animali Domestici (Pet Care),Animali Domestici (Pet Care),Ace2Ace,B0819XVK92,0,240,99
The Pink Stuff Pasta Pulente Miracolosa Multiuso 850g per Forni e Pentole,https://www.amazon.it/dp/B00DU5SRIY?tag=offertissimes-21,7.9,12.9,38.8,7.9,Cura della Casa e Pulizia,Cura della Casa e Pulizia,The Pink Stuff,B00DU5SRIY,0,120,99
"Florence Siero Viso Bio Vitamina C, E e Acido Ialuronico Puro 100ml",https://www.amazon.it/dp/B0C6772V73?tag=offertissimes-21,9.99,15.99,37.5,9.99,Bellezza e Cura della Persona,Bellezza e Cura della Persona,Florence Bio,B0C6772V73,1,40,99
COSORI Friggitrice ad Aria 5.5L XXL con 11 Programmi e Ricettario,https://www.amazon.it/dp/B0GRVDCRC9?tag=offertissimes-21,89.99,139.99,35.7,89.99,"Casa, Cucina ed Elettrodomestici","Casa, Cucina ed Elettrodomestici",COSORI,B0GRVDCRC9,0,365,99
Finish Quantum Ultimate Pastiglie Lavastoviglie Limone (Maxi Box 160 Caps),https://www.amazon.it/dp/B0H4ZQFSR8?tag=offertissimes-21,28.9,44.9,35.6,28.9,Cura della Casa e Pulizia,Cura della Casa e Pulizia,Finish,B0H4ZQFSR8,1,60,99
Bosch Set 32 Pezzi Inserti Avvitamento con Portainserti a Cambio Rapido,https://www.amazon.it/dp/B01NCXCY4L?tag=offertissimes-21,12.99,19.99,35.0,12.99,"Fai da Te, Bricolage e Giardinaggio","Fai da Te, Bricolage e Giardinaggio",Bosch,B01NCXCY4L,0,360,99
Aqualogis Pure+ Cartucce Filtro per Caraffa Filtrante Brita Maxtra+ (Pack 12),https://www.amazon.it/dp/B07KYZ6X33?tag=offertissimes-21,29.99,44.99,33.3,29.99,Cura della Casa e Pulizia,Cura della Casa e Pulizia,Aqualogis,B07KYZ6X33,1,60,99
Xiaomi Portable Electric Air Compressor 2 - Compressore Portatile Digitale 150 PSI,https://www.amazon.it/dp/B0C7491XRN?tag=offertissimes-21,39.99,59.99,33.3,39.99,Auto e Moto (Accessori & Manutenzione),Auto e Moto (Accessori & Manutenzione),Xiaomi,B0C7491XRN,0,360,99
Gritin Fasce Elastiche di Resistenza Set da 5 Bande Fitness con Sacca,https://www.amazon.it/dp/B0F431PJNM?tag=offertissimes-21,9.99,14.99,33.3,9.99,"Sport, Fitness e Attrezzatura","Sport, Fitness e Attrezzatura",Gritin,B0F431PJNM,0,360,99
PUMA Calze Sportive Unisex Sneaker Socks Confezione Risparmio,https://www.amazon.it/dp/B07V698P9F?tag=offertissimes-21,11.99,18.0,33.3,11.99,Abbigliamento Base e Calzetteria,Abbigliamento Base e Calzetteria,Puma,B07V698P9F,1,90,99
DANISH ENDURANCE Calze da Corsa e Sportive Traspiranti Anti-Vesciche (Pack 3),https://www.amazon.it/dp/B01EILX810?tag=offertissimes-21,16.95,24.95,32.0,16.95,Abbigliamento Base e Calzetteria,Abbigliamento Base e Calzetteria,Danish Endurance,B01EILX810,1,90,98
Brita Maxtra+ Confezione 6 Filtri Ricambio per Caraffe Filtranti (Durata 6 Mesi),https://www.amazon.it/dp/B0F7G34MTS?tag=offertissimes-21,27.9,39.99,30.2,27.9,Cura della Casa e Pulizia,Cura della Casa e Pulizia,Brita,B0F7G34MTS,1,60,95
"by Amazon Pomodori Italiani In Pezzi, 400g",https://www.amazon.it/dp/B08T6X4FJV?tag=offertissimes-21,0.59,0.8,26.3,0.59,"Alimentari, Caffè e Bevande","Alimentari, Caffè e Bevande",by,B08T6X4FJV,1,40,89
"Cera di Cupra, Crema Mani Nutriente Protettiva, Trattamento Quotidiano per le Mani, Nutre e Idrata la Pelle Donando Morbidezz",https://www.amazon.it/dp/B07C5WZLWL?tag=offertissimes-21,0.96,1.3,26.2,0.96,Bellezza e Cura della Persona,Bellezza e Cura della Persona,Cera,B07C5WZLWL,1,40,89
"by Amazon Passata Di Pomodoro, 500g",https://www.amazon.it/dp/B08T6VV8L7?tag=offertissimes-21,0.62,0.84,26.2,0.62,"Alimentari, Caffè e Bevande","Alimentari, Caffè e Bevande",by,B08T6VV8L7,1,40,89
"by Amazon Fagioli Cannellini In Acqua, 400g",https://www.amazon.it/dp/B0C66MBQVZ?tag=offertissimes-21,0.79,1.07,26.2,0.79,"Alimentari, Caffè e Bevande","Alimentari, Caffè e Bevande",by,B0C66MBQVZ,1,40,89
S.MARTINO - Brodo Vegetale 10 Cubi 110G - 110 Gr,https://www.amazon.it/dp/B08KHSSY41?tag=offertissimes-21,1.1,1.49,26.2,1.1,"Alimentari, Caffè e Bevande","Alimentari, Caffè e Bevande",S.MARTINO,B08KHSSY41,1,40,89
"Fria Baby Ciuccio Salviette Pulisci Ciuccio, Biberon e Tettarelle, Con Azione Igienizzante - Formula 99% di Origine Naturale,",https://www.amazon.it/dp/B01M5DL6L5?tag=offertissimes-21,0.9,1.22,26.2,0.9,"Salute, Igiene e Integratori","Salute, Igiene e Integratori",Fria,B01M5DL6L5,1,40,89
"Fria Intima Salviette Biodegradabile, Modelli e Fragranze Assortite, 1 Confezione di 12 Salviette",https://www.amazon.it/dp/B00I989KAQ?tag=offertissimes-21,0.93,1.26,26.2,0.93,"Salute, Igiene e Integratori","Salute, Igiene e Integratori",Fria,B00I989KAQ,1,40,89
"Mister Magic Assorbiodori Frigo, Gel Naturale Inodore con Estratti di Limone, Elimina i cattivi Odori di Cibo, Dura fino a 3",https://www.amazon.it/dp/B0178HS2EI?tag=offertissimes-21,1.76,2.38,26.1,1.76,"Casa, Cucina ed Elettrodomestici","Casa, Cucina ed Elettrodomestici",Mister,B0178HS2EI,0,40,89
"Essence Longlasting - Matita occhi lunga tenuta, 0.28 g, Nero (01 Black Fever), 1 pezzo",https://www.amazon.it/dp/B0038E8OOO?tag=offertissimes-21,1.22,1.65,26.1,1.22,Bellezza e Cura della Persona,Bellezza e Cura della Persona,Essence,B0038E8OOO,1,40,89
"Vidal - Bagnoschiuma Argan Oil, Formula Nutriente, con Olio di Argan, Dermatologicamente Testato, 500ml",https://www.amazon.it/dp/B0CLPH828H?tag=offertissimes-21,1.19,1.61,26.1,1.19,Bellezza e Cura della Persona,Bellezza e Cura della Persona,Vidal,B0CLPH828H,1,40,89
"Felce Azzurra - Talco in Polvere Profumato Classico in Busta, Assorbente, Rinfrescante, Lenitivo per Adulti, Bambini e Bagnet",https://www.amazon.it/dp/B006U5SLFA?tag=offertissimes-21,0.68,0.92,26.1,0.68,Bellezza e Cura della Persona,Bellezza e Cura della Persona,Felce,B006U5SLFA,1,40,89
"Aria di Casa Gel profumante assorbiodori Talco Classico 140 g | Gel profumante assorbiodori per ambienti, profumo Talco Class",https://www.amazon.it/dp/B00HWNMKJW?tag=offertissimes-21,1.3,1.76,26.1,1.3,Bellezza e Cura della Persona,Bellezza e Cura della Persona,Aria,B00HWNMKJW,1,40,89
"Fonzies Gli Originali, Croccantini di Mais al Formaggio, Cotti al Forno, 188g (multipack 8 bustine da 23,5g)",https://www.amazon.it/dp/B009RNKQ5U?tag=offertissimes-21,1.53,2.07,26.1,1.53,"Alimentari, Caffè e Bevande","Alimentari, Caffè e Bevande",Fonzies,B009RNKQ5U,1,40,89
"Plasmon Spremi e Gusta Mela e Mirtillo, 100g",https://www.amazon.it/dp/B0179QPM5U?tag=offertissimes-21,0.99,1.34,26.1,0.99,"Alimentari, Caffè e Bevande","Alimentari, Caffè e Bevande",Plasmon,B0179QPM5U,1,40,89
"Haribo Uova Al Tegamino, Caramelle Gommose, Gusto Frutta, 175gr | Ideali per feste e relax",https://www.amazon.it/dp/B087711D4L?tag=offertissimes-21,1.39,1.88,26.1,1.39,"Alimentari, Caffè e Bevande","Alimentari, Caffè e Bevande",Haribo,B087711D4L,1,40,89
"La Molisana - Insalata di Pasta n. 72, Pasta Classica da Solo Grano Italiano, Trafilata al Bronzo, Formato Misto Ideale per I",https://www.amazon.it/dp/B01IUM33U8?tag=offertissimes-21,1.19,1.61,26.1,1.19,"Alimentari, Caffè e Bevande","Alimentari, Caffè e Bevande",La,B01IUM33U8,1,40,89
"Neri Sottoli - Olive Verdi Denocciolate - Ideali come Condimento per Primi e Secondi piatti, Insalate e come Antipasto - Sapo",https://www.amazon.it/dp/B01H53DIOO?tag=offertissimes-21,0.99,1.34,26.1,0.99,"Alimentari, Caffè e Bevande","Alimentari, Caffè e Bevande",Neri,B01H53DIOO,1,40,89
"by Amazon Doppio Concentrato Di Pomodoro, 200g",https://www.amazon.it/dp/B08T6X53KT?tag=offertissimes-21,1.3,1.76,26.1,1.3,"Alimentari, Caffè e Bevande","Alimentari, Caffè e Bevande",by,B08T6X53KT,1,40,89
"Polaretti Ghiaccioli Pronti da Gelare con Sorpresa Happy Summer Dolfin, 5x10 Pz (5x420 Ml)",https://www.amazon.it/dp/B0CCK29FW7?tag=offertissimes-21,1.19,1.61,26.1,1.19,"Alimentari, Caffè e Bevande","Alimentari, Caffè e Bevande",Polaretti,B0CCK29FW7,1,40,89
"Fria Baby Sensation Acqua Pura Salviette per Cambio Pannolino, Formula con 98% di Acqua Purificata ad Azione Detergente sulla",https://www.amazon.it/dp/B0BMB6C4DD?tag=offertissimes-21,1.93,2.61,26.1,1.93,"Salute, Igiene e Integratori","Salute, Igiene e Integratori",Fria,B0BMB6C4DD,1,40,89
"Orphea Salvalana Foglietti Per Cassetti E Armadi, Protegge Lana E Vestiti Tutta La Stagione, Profumo Di Cedro, 12 Foglietti E",https://www.amazon.it/dp/B074ZHMWMD?tag=offertissimes-21,1.76,2.38,26.1,1.76,"Casa, Cucina ed Elettrodomestici","Casa, Cucina ed Elettrodomestici",Orphea,B074ZHMWMD,0,40,89
"Cuki Carta Forno Avana, 33 X 38cm, 1 Confezione da 20 Fogli",https://www.amazon.it/dp/B07H5XLRNC?tag=offertissimes-21,1.22,1.65,26.1,1.22,"Casa, Cucina ed Elettrodomestici","Casa, Cucina ed Elettrodomestici",Cuki,B07H5XLRNC,0,40,89
"Nice Baby Aloe Vera Salviette per Cambio Pannolino, con Aloe Vera ad Effetto Idratante sulla Pelle, Dermatologicamente Testat",https://www.amazon.it/dp/B072VM7CSQ?tag=offertissimes-21,0.99,1.34,26.1,0.99,Prima Infanzia e Maternità,Prima Infanzia e Maternità,Nice,B072VM7CSQ,1,40,89
Salviette per Bambini e Neonati - Con Estratto di Camomilla - Testate su Pelli Sensibili - Formato: 72 Salviette - Baby Sensa,https://www.amazon.it/dp/B092WFMXGD?tag=offertissimes-21,1.56,2.11,26.1,1.56,Prima Infanzia e Maternità,Prima Infanzia e Maternità,Salviette,B092WFMXGD,1,40,89
"Catwalk by TIGI Curls Rock Amplifier, Crema Styling, 150ml | Definente idratante anti-crespo per capelli ricci e mossi natura",https://www.amazon.it/dp/B0007506U2?tag=offertissimes-21,10.5,14.18,26.0,10.5,Bellezza e Cura della Persona,Bellezza e Cura della Persona,Catwalk,B0007506U2,1,40,89
"L'Oréal Paris Mascara Volumizzante, Ciglia a Ventaglio, Sguardo più Ampio, Adatto a Occhi Sensibili, Arricchito con 5% Stretc",https://www.amazon.it/dp/B0CJ5GW8RY?tag=offertissimes-21,8.13,10.98,26.0,8.13,Bellezza e Cura della Persona,Bellezza e Cura della Persona,L',B0CJ5GW8RY,1,40,89
"Garnier Olia Tinta Capelli Colorazione Permanente Senza Ammoniaca, Castano | Fragranza Delicata, Copre il 100% dei Capelli Bi",https://www.amazon.it/dp/B0B8K33S59?tag=offertissimes-21,5.99,8.09,26.0,5.99,Bellezza e Cura della Persona,Bellezza e Cura della Persona,Garnier,B0B8K33S59,1,40,89
"Fidia Farmaceutici ConnettivinaStick Labbra - Stick da 3g a Base di Acido Ialuronico 0,2%, per Labbra Danneggiate, Secche e S",https://www.amazon.it/dp/B0DFHQTDL2?tag=offertissimes-21,4.99,6.74,26.0,4.99,Bellezza e Cura della Persona,Bellezza e Cura della Persona,Fidia,B0DFHQTDL2,1,40,89
"Nutella - Crema Spalmabile alle Nocciole e Cacao, Senza Glutine, Conservanti e Grassi Idrogenati, Ottimale a Colazione, Vaset",https://www.amazon.it/dp/B0C6G3NCJW?tag=offertissimes-21,5.99,8.09,26.0,5.99,"Alimentari, Caffè e Bevande","Alimentari, Caffè e Bevande",Nutella,B0C6G3NCJW,1,40,89
"Gillette Lamette Gillette Fusion 5, 16 Lamette da Barba di Ricambio per Rasoio Barba Manuale Fusion5, da 5 Lame, Rasatura Sco",https://www.amazon.it/dp/B0BS1H1Z2R?tag=offertissimes-21,4.48,6.05,26.0,4.48,"Salute, Igiene e Integratori","Salute, Igiene e Integratori",Gillette,B0BS1H1Z2R,1,40,89
"Amazon Basics Bilancia digitale da cucina con display LCD, priva di bisfenolo A (pile incluse), Pesa fino a 11 libbre, Nero e",https://www.amazon.it/dp/B06X9NQ8GX?tag=offertissimes-21,8.56,11.56,26.0,8.56,"Casa, Cucina ed Elettrodomestici","Casa, Cucina ed Elettrodomestici",Amazon,B06X9NQ8GX,0,40,89
"Amazon Basics, 40 batterie alcaline industriali AA, 1,5 Volt, durata 5 anni",https://www.amazon.it/dp/B07MLFBJG3?tag=offertissimes-21,7.76,10.48,26.0,7.76,"Elettronica, Accessori e Gadget Smart","Elettronica, Accessori e Gadget Smart",Amazon,B07MLFBJG3,0,40,89
"ARENA Unix II Cuffia Unisex in Tessuto, Cuffia Piscina Donna e Uomo, Cuffia Nuoto in Tessuto Elasticizzato ad Asciugatura Rap",https://www.amazon.it/dp/B07SH2RJQY?tag=offertissimes-21,5.73,7.74,26.0,5.73,"Sport, Fitness e Attrezzatura","Sport, Fitness e Attrezzatura",ARENA,B07SH2RJQY,0,40,89
"Elastici Palestra, Bande Elastiche Fitness Resistance Band Elastici Fisioterapia Esercizi Yoga, Pilates, Schiena Stretching,",https://www.amazon.it/dp/B0BX47SPPL?tag=offertissimes-21,6.99,9.44,26.0,6.99,"Sport, Fitness e Attrezzatura","Sport, Fitness e Attrezzatura",Elastici,B0BX47SPPL,0,40,89
"by Amazon Lettiera per Gatti con Agglomerante Fine, Senza Profumazione, 10L",https://www.amazon.it/dp/B0DG933ZKR?tag=offertissimes-21,5.16,6.97,26.0,5.16,Animali Domestici (Pet Care),Animali Domestici (Pet Care),by,B0DG933ZKR,1,40,89
"Vitakraft Liquid Snack, snack gatto liquidi, con salmone MSC, leccornia per cani, con acidi grassi omega 3, per una pelle san",https://www.amazon.it/dp/B005EFUKYM?tag=offertissimes-21,1.99,2.69,26.0,1.99,Animali Domestici (Pet Care),Animali Domestici (Pet Care),Vitakraft,B005EFUKYM,1,40,89
"CAMON - Salviette Detergenti per Cani e Gatti, 30x17 cm, Made in Italy | Confezione da 100 Salviette, Fragranza Latte e Miele",https://www.amazon.it/dp/B01ANSS5QE?tag=offertissimes-21,4.99,6.74,26.0,4.99,Animali Domestici (Pet Care),Animali Domestici (Pet Care),CAMON,B01ANSS5QE,1,40,89
Sanicat - Lettiera per gatti Classic con Aloe Vera | Controlla gli odori per 7 giorni | Assorbimento rapido | per l'igiene de,https://www.amazon.it/dp/B08FBS51BM?tag=offertissimes-21,2.7,3.65,26.0,2.7,Animali Domestici (Pet Care),Animali Domestici (Pet Care),Sanicat,B08FBS51BM,1,40,89
"One Color - Ricambi Rinforzati A4-1R Righe Senza Margine - 40 Fogli | Blasetti: fogli A4 80gr con buchi rinforzati, banda tra",https://www.amazon.it/dp/B00FIJ768C?tag=offertissimes-21,2.39,3.23,26.0,2.39,"Cancelleria, Ufficio e Spedizioni","Cancelleria, Ufficio e Spedizioni",One,B00FIJ768C,0,40,89
Pentel N50 marcatore permanente punta conica nero 3 pz,https://www.amazon.it/dp/B0C948DTRT?tag=offertissimes-21,3.7,5.0,26.0,3.7,"Cancelleria, Ufficio e Spedizioni","Cancelleria, Ufficio e Spedizioni",Pentel,B0C948DTRT,0,40,89
"OSAMA - Bianchetto a Nastro, 2 Pezzi x 20 Metri (Tot 40m), Correttore a Nastro Cancelleria Scuola e Ufficio - Scolorina Set U",https://www.amazon.it/dp/B071X9GZ3N?tag=offertissimes-21,3.9,5.27,26.0,3.9,"Cancelleria, Ufficio e Spedizioni","Cancelleria, Ufficio e Spedizioni",OSAMA,B071X9GZ3N,0,40,89
"Generico Vestito Halloween Bambina Strega, Costume Da Strega Per Bambina Set 4 Pezzi Con Vestito Cappello Bacchetta Borsetta",https://www.amazon.it/dp/B0HLDR3WRM?tag=offertissimes-21,2.9,3.92,26.0,2.9,"Giochi, Hobbies e Tempo Libero","Giochi, Hobbies e Tempo Libero",Generico,B0HLDR3WRM,0,40,89
ZIG-ZAG SPRAY CIMICI PRECISION 300ml 621,https://www.amazon.it/dp/B0BTQ3QC2S?tag=offertissimes-21,5.9,7.97,26.0,5.9,"Giochi, Hobbies e Tempo Libero","Giochi, Hobbies e Tempo Libero",ZIG-ZAG,B0BTQ3QC2S,0,40,89
"Garnier SkinActive Contorno Occhi Illuminante, Vitamina C, Per uno Sguardo Più Fresco e Riposato, Antirughe, Riduce Occhiaie,",https://www.amazon.it/dp/B0BG6B5DRP?tag=offertissimes-21,7.3,9.86,26.0,7.3,Bellezza e Cura della Persona,Bellezza e Cura della Persona,Garnier,B0BG6B5DRP,1,40,89
"Garnier Fructis Spray Lisciante, Per Capelli Indisciplinati, Capelli Luminosi e Lisci, Protezione Dall'Umidità e Dal Calore,",https://www.amazon.it/dp/B0G6DNWMCT?tag=offertissimes-21,5.16,6.97,26.0,5.16,Bellezza e Cura della Persona,Bellezza e Cura della Persona,Garnier,B0G6DNWMCT,1,40,89
"The Ordinary Hyaluronic Acid 2% + B5 (with Ceramides), Acido Ialuronico, Siero idratante multi-strato per una pelle più rimpo",https://www.amazon.it/dp/B01MYEZPC8?tag=offertissimes-21,9.9,13.37,26.0,9.9,Bellezza e Cura della Persona,Bellezza e Cura della Persona,The,B01MYEZPC8,1,40,89
"L'Oréal Paris, Crema Colorata Idratante e Uniformante, Con Vitamine B5 ed E, Pelle Idratata Fino a 24h, Con SPF 20, 03 Medium",https://www.amazon.it/dp/B07NZ2W5W3?tag=offertissimes-21,5.7,7.7,26.0,5.7,Bellezza e Cura della Persona,Bellezza e Cura della Persona,L',B07NZ2W5W3,1,40,89
"Maybelline New York Super Lock Brow Glue, Gel Sopracciglia Trasparente Fissante 24h, 7ml",https://www.amazon.it/dp/B0CWS16Y87?tag=offertissimes-21,6.59,8.9,26.0,6.59,Bellezza e Cura della Persona,Bellezza e Cura della Persona,Maybelline,B0CWS16Y87,1,40,89
"NYX Professional Makeup, Epic Ink Eye Liner, Eyliner Liquido Waterproof, Linee Intense e Precise a Lungo, Texture Scorrevole",https://www.amazon.it/dp/B074Y8LM6T?tag=offertissimes-21,7.53,10.17,26.0,7.53,Bellezza e Cura della Persona,Bellezza e Cura della Persona,NYX,B074Y8LM6T,1,40,89
"Vidal - Docciaschiuma Energy & Sport, Formula Energizzante, con estratti di Ginseng e Guaranà, Dermatologicamente Testato, 25",https://www.amazon.it/dp/B0C4X7SHMF?tag=offertissimes-21,0.94,1.27,26.0,0.94,Bellezza e Cura della Persona,Bellezza e Cura della Persona,Vidal,B0C4X7SHMF,1,40,89
"Milmil Sapone Liquido Neutro, Ricarica Universale Maxirisparmio, Dermatologicamente Testato con Antibatterico Naturale - 2000",https://www.amazon.it/dp/B007H4ZPKC?tag=offertissimes-21,2.45,3.31,26.0,2.45,Bellezza e Cura della Persona,Bellezza e Cura della Persona,Milmil,B007H4ZPKC,1,40,89
"Lycia, Original Crema Deodorante con Antibatterico e Microspugne Effetto Asciutto per una Sensazione di Freschezza Durevole,",https://www.amazon.it/dp/B07WM32CPP?tag=offertissimes-21,2.39,3.23,26.0,2.39,Bellezza e Cura della Persona,Bellezza e Cura della Persona,Lycia,B07WM32CPP,1,40,89
"Borotalco, Deodorante Vapo Originale, Formula Senza Alcool con Talco a Cristalli Attivi, Tripla Protezione Asciutta, Profumo",https://www.amazon.it/dp/B0BPT554R1?tag=offertissimes-21,2.42,3.27,26.0,2.42,Bellezza e Cura della Persona,Bellezza e Cura della Persona,Borotalco,B0BPT554R1,1,40,89
"Dermafresh Iper-Sudorazione 48H Deodorante Antitraspirante Spray, 100 ml | Protezione Contro Sudorazione e Cattivi Odori. Sen",https://www.amazon.it/dp/B0FRWCNGL6?tag=offertissimes-21,5.73,7.74,26.0,5.73,Bellezza e Cura della Persona,Bellezza e Cura della Persona,Dermafresh,B0FRWCNGL6,1,40,89
"Hansaplast Pomata Cicatrizzante, 20 g | Crema Delicata per Guarigione Ferite, Promuove Guarigione di Tagli, Abrasioni, Graffi",https://www.amazon.it/dp/B088BY6JTY?tag=offertissimes-21,3.33,4.5,26.0,3.33,Bellezza e Cura della Persona,Bellezza e Cura della Persona,Hansaplast,B088BY6JTY,1,40,89
"Faith In Nature Gel Doccia Naturale al Pompelmo e Arancia, Energizzante, Vegano e Cruelty Free, Senza SLS e Parabeni, 400 ml",https://www.amazon.it/dp/B0C4YP9TGW?tag=offertissimes-21,7.79,10.52,26.0,7.79,Bellezza e Cura della Persona,Bellezza e Cura della Persona,Faith,B0C4YP9TGW,1,40,89
"medicube Multi Silicone Jelly Brush, Pore Brush & Face Mask Applicator | Pennello in Silicone 4-1 per Pulizia dei Pori, Appli",https://www.amazon.it/dp/B0FFF3757L?tag=offertissimes-21,7.9,10.67,26.0,7.9,Bellezza e Cura della Persona,Bellezza e Cura della Persona,medicube,B0FFF3757L,1,40,89
"Candure Pinzette Sopracciglia Professionale – Pinzetta Obliqua in Acciaio Inossidabile per Uomo e Donna, Sopracciglia, Mento,",https://www.amazon.it/dp/B0GCFZQNQ8?tag=offertissimes-21,5.99,8.09,26.0,5.99,Bellezza e Cura della Persona,Bellezza e Cura della Persona,Candure,B0GCFZQNQ8,1,40,89
"by Amazon Cotton Fioc, 100% Cotone, 200 Pezzi",https://www.amazon.it/dp/B0FPDB8ZGS?tag=offertissimes-21,1.59,2.15,26.0,1.59,Bellezza e Cura della Persona,Bellezza e Cura della Persona,by,B0FPDB8ZGS,1,40,89
"Real Techniques Spugnetta per Trucco, Miracle Complexion",https://www.amazon.it/dp/B00QPNVC0I?tag=offertissimes-21,7.59,10.25,26.0,7.59,Bellezza e Cura della Persona,Bellezza e Cura della Persona,Real,B00QPNVC0I,1,40,89
"PORTENTUM Set Pennelli Make Up 10 + 2 Premium synthetic pennelli trucco per fondazione cipria fard, ombretto, Set di pennelli",https://www.amazon.it/dp/B0D78WSW31?tag=offertissimes-21,6.39,8.63,26.0,6.39,Bellezza e Cura della Persona,Bellezza e Cura della Persona,PORTENTUM,B0D78WSW31,1,40,89
Brushworks Brushworks Beauty Pencil Sharpener,https://www.amazon.it/dp/B07BZ8XY5B?tag=offertissimes-21,3.28,4.43,26.0,3.28,Bellezza e Cura della Persona,Bellezza e Cura della Persona,Brushworks,B07BZ8XY5B,1,40,89
"Garnier Siero Anti-imperfezioni, Per Pelle Grassa, Impura e Mista,Contrasta Punti Neri e Brufoli, Formula Vegana* con 4% [Nia",https://www.amazon.it/dp/B0BCL2FCS3?tag=offertissimes-21,11.1,14.99,26.0,11.1,Bellezza e Cura della Persona,Bellezza e Cura della Persona,Garnier,B0BCL2FCS3,1,40,89
"Just For Men Barba & Baffi, Tinta Uomo Con Cheratina, Castano Scuro M45 | Tinta con Cheratina per una barba più folta, elimin",https://www.amazon.it/dp/B0H3BY1QFC?tag=offertissimes-21,10.7,14.45,26.0,10.7,Bellezza e Cura della Persona,Bellezza e Cura della Persona,Just,B0H3BY1QFC,1,40,89
"Faith In Nature Shampoo Biologico al Cocco, Idratante per Capelli e Cuoio Capelluto Secchi, Vegano e Cruelty Free, Senza SLS,",https://www.amazon.it/dp/B0C13KMVBD?tag=offertissimes-21,7.79,10.52,26.0,7.79,Bellezza e Cura della Persona,Bellezza e Cura della Persona,Faith,B0C13KMVBD,1,40,89
"Garnier Fructis Crema Modellante, Per Capelli Ricci, Ricci Definiti a lunga Durata, Idratazione e Anti-crespo, Con 7% di Comp",https://www.amazon.it/dp/B0G6DKGHQR?tag=offertissimes-21,5.73,7.74,26.0,5.73,Bellezza e Cura della Persona,Bellezza e Cura della Persona,Garnier,B0G6DKGHQR,1,40,89
Moroccanoil Trattamento Olio per capelli,https://www.amazon.it/dp/B003JKFEL8?tag=offertissimes-21,5.16,6.97,26.0,5.16,Bellezza e Cura della Persona,Bellezza e Cura della Persona,Moroccanoil,B003JKFEL8,1,40,89
Candure Forbici Parrucchiere Professionali Forbice per Capelli da Barbiere per Taglio di Capelli Acciaio Inossidabile Adatta,https://www.amazon.it/dp/B0DMFFVNZH?tag=offertissimes-21,5.73,7.74,26.0,5.73,Bellezza e Cura della Persona,Bellezza e Cura della Persona,Candure,B0DMFFVNZH,1,40,89
Wella Professionals Fusion Balsamo capelli - Ottimo con shampoo e maschera capelli - Balsamo capelli con aloe vera per capell,https://www.amazon.it/dp/B09TFYBTKK?tag=offertissimes-21,8.5,11.48,26.0,8.5,Bellezza e Cura della Persona,Bellezza e Cura della Persona,Wella,B09TFYBTKK,1,40,89
"Rilastil Xerolact Crema Mani Riparatrice, Trattamento Restitutivo, Nutriente e Protettiva con Burro di Karité per Pelli Sensi",https://www.amazon.it/dp/B0BPY3HJTM?tag=offertissimes-21,5.33,7.2,26.0,5.33,Bellezza e Cura della Persona,Bellezza e Cura della Persona,Rilastil,B0BPY3HJTM,1,40,89
Vishine Smalto gel bordeaux 8 ml per nail art e manicure fai da te,https://www.amazon.it/dp/B0CW651PQC?tag=offertissimes-21,4.99,6.74,26.0,4.99,Bellezza e Cura della Persona,Bellezza e Cura della Persona,Vishine,B0CW651PQC,1,40,89
"Neutrogena Formula Norvegese Crema Mani Concentrata Non Profumata, 75 ml | Ripara, lenisce e idrata 24h, Per mani secche e sc",https://www.amazon.it/dp/B00D3HWOAG?tag=offertissimes-21,3.11,4.2,26.0,3.11,Bellezza e Cura della Persona,Bellezza e Cura della Persona,Neutrogena,B00D3HWOAG,1,40,89
"16 Pezzi Lime per Unghie 100/180, URAQT Professionali Lavabile a Doppia Faccia, Mezza luna Bilaterale Strumenti per la Cura D",https://www.amazon.it/dp/B083DMY56L?tag=offertissimes-21,6.59,8.9,26.0,6.59,Bellezza e Cura della Persona,Bellezza e Cura della Persona,16,B083DMY56L,1,40,89
"OPI Nature Strong Glow Up Nail and Cuticle Oil– Olio per Unghie e Cuticole con Vitamina E, cuticole morbide e nutrite – Dispo",https://www.amazon.it/dp/B0FF54HSX9?tag=offertissimes-21,7.9,10.67,26.0,7.9,Bellezza e Cura della Persona,Bellezza e Cura della Persona,OPI,B0FF54HSX9,1,40,89
"AIMEILI Base e Top Coat Gel Unghie Brillante e di Lunga Durata 2 x 8 ml | Base Coat e Top Coat Ultra Lucido, Gel Soak Off UV",https://www.amazon.it/dp/B0DSZNL6J1?tag=offertissimes-21,6.99,9.44,26.0,6.99,Bellezza e Cura della Persona,Bellezza e Cura della Persona,AIMEILI,B0DSZNL6J1,1,40,89
"AIMEILI Primer Fit Unghie Base Bonder Nail Prep Aria Veloce Asciutto, Trucco Libero Non Lampada, in Acrilico Bonder Legame 10",https://www.amazon.it/dp/B08161NYFP?tag=offertissimes-21,6.99,9.44,26.0,6.99,Bellezza e Cura della Persona,Bellezza e Cura della Persona,AIMEILI,B08161NYFP,1,40,89
"Dr. Scholl's Lima Piedi a Doppia Superficie Abrasiva con Cristalli di Diamante per Calli e Duroni, Due Superfici per Diverso",https://www.amazon.it/dp/B0FL2N6R9S?tag=offertissimes-21,3.82,5.16,26.0,3.82,Bellezza e Cura della Persona,Bellezza e Cura della Persona,Dr,B0FL2N6R9S,1,40,89
"Lima per unghie STALEKS EXPERT NFE-40 a mezzaluna, doppio lato, grana 100/180, sottile strato di schiuma, confezione da 25",https://www.amazon.it/dp/B0DKVRQHF3?tag=offertissimes-21,9.9,13.37,26.0,9.9,Bellezza e Cura della Persona,Bellezza e Cura della Persona,Lima,B0DKVRQHF3,1,40,89
"YPYMOD 6 Pezzi Pennelli Unghie Gel, Doppia Punta Pennelli Nail Art con Atrumento di Punteggiatura, per DIY Disegno Decorazion",https://www.amazon.it/dp/B0DFNVLZDZ?tag=offertissimes-21,5.99,8.09,26.0,5.99,Bellezza e Cura della Persona,Bellezza e Cura della Persona,YPYMOD,B0DFNVLZDZ,1,40,89
"Vishine Smalto Gel Semipermanente Trasparente Glitterato Rosa Nudo, Jelly Lattiginoso Glitter Smalto Soak-Off UV LED Nude Per",https://www.amazon.it/dp/B0CWYSZ3TB?tag=offertissimes-21,4.99,6.74,26.0,4.99,Bellezza e Cura della Persona,Bellezza e Cura della Persona,Vishine,B0CWYSZ3TB,1,40,89
"URAQT 16 Pezzi Lime per Unghie 180/240, Professionali Lavabile a Doppia Faccia, Mezza luna Bilaterale Strumenti per la Cura D",https://www.amazon.it/dp/B0C98YNRPC?tag=offertissimes-21,6.99,9.44,26.0,6.99,Bellezza e Cura della Persona,Bellezza e Cura della Persona,URAQT,B0C98YNRPC,1,40,89
"AIMEILI Clear Rubber Base Gel, Trasparente Semipermanente Smalto per Unghie, Elastic UV/LED Soak Off Nail Polish - Bello Dens",https://www.amazon.it/dp/B0CCP6Q91G?tag=offertissimes-21,6.99,9.44,26.0,6.99,Bellezza e Cura della Persona,Bellezza e Cura della Persona,AIMEILI,B0CCP6Q91G,1,40,89
"NIVEA MEN Balsamo Dopobarba Sensitive, 100 ml | Balsamo Dopobarba per Pelli Sensibili da Uomo con Vitamina E, Estratto di Cam",https://www.amazon.it/dp/B07THTSXQK?tag=offertissimes-21,3.93,5.31,26.0,3.93,Bellezza e Cura della Persona,Bellezza e Cura della Persona,NIVEA,B07THTSXQK,1,40,89
"Tesori d'Oriente - Profumo Aromatico Vaniglia e Zenzero del Madagascar, dalla Fragranza Floreale e Avvolgente, Note di Bergam",https://www.amazon.it/dp/B00AYCZV4E?tag=offertissimes-21,3.99,5.39,26.0,3.99,Bellezza e Cura della Persona,Bellezza e Cura della Persona,Tesori,B00AYCZV4E,1,40,89
"Olio Essenziale Tea Tree puro alimentare Il Labirinto Officinale, tea tree oil puro - Oli Essenziali Naturali - Olio essenzia",https://www.amazon.it/dp/B0D38RN9C3?tag=offertissimes-21,10.9,14.72,26.0,10.9,Bellezza e Cura della Persona,Bellezza e Cura della Persona,Olio,B0D38RN9C3,1,40,89
"Jean & Len Spray corpo Dream Cloud, profumo cremoso e morbido di macadamia, vaniglia e caramello, con pantenolo ed estratto d",https://www.amazon.it/dp/B0GTR9PV9N?tag=offertissimes-21,5.99,8.09,26.0,5.99,Bellezza e Cura della Persona,Bellezza e Cura della Persona,Jean,B0GTR9PV9N,1,40,89
"Rimmel London ScandalEyes Kohl Kajal Matita Occhi, Waterproof, Nero (001 Black)",https://www.amazon.it/dp/B0742CVQW4?tag=offertissimes-21,2.7,3.65,26.0,2.7,Bellezza e Cura della Persona,Bellezza e Cura della Persona,Rimmel,B0742CVQW4,1,40,89
"Fria Korean Beauty Burro Struccante Idratante con Burro di Karité e Cocco, Rimuove il Trucco Waterproof, Testato su Occhi e P",https://www.amazon.it/dp/B0DQ1YXWLD?tag=offertissimes-21,6.3,8.51,26.0,6.3,Bellezza e Cura della Persona,Bellezza e Cura della Persona,Fria,B0DQ1YXWLD,1,40,89
"URAQT Mantelle per Parrucchiere, Mantella Taglio Capelli a Tutta Lunghezza, Telo Parrucchiera Professionale per Acconciatura,",https://www.amazon.it/dp/B08GM681DZ?tag=offertissimes-21,5.99,8.09,26.0,5.99,Bellezza e Cura della Persona,Bellezza e Cura della Persona,URAQT,B08GM681DZ,1,40,89
MIRYATE® MANTELLA MONOUSO PROFESSIONALE 30PZ,https://www.amazon.it/dp/B075S9MSTJ?tag=offertissimes-21,2.9,3.92,26.0,2.9,Bellezza e Cura della Persona,Bellezza e Cura della Persona,MIRYATE,B075S9MSTJ,1,40,89
"R MOVE 90 mantelle monouso per parrucchieri usa e getta 90x115cm, 3 confezioni da 30 mantelline cadauna (90 mantelline)",https://www.amazon.it/dp/B0D2LGBMZJ?tag=offertissimes-21,9.9,13.37,26.0,9.9,Bellezza e Cura della Persona,Bellezza e Cura della Persona,R,B0D2LGBMZJ,1,40,89
"LOPHE Mantella Parrucchiere Regolabile, Impermeabile per Taglio e Trucco | Protegge Abiti da Capelli e Prodotti, Chiusura Al",https://www.amazon.it/dp/B0C3VG4JT7?tag=offertissimes-21,6.99,9.44,26.0,6.99,Bellezza e Cura della Persona,Bellezza e Cura della Persona,LOPHE,B0C3VG4JT7,1,40,89
"Efalock Professional Bombola a spruzzo d'acqua a forma di sfera, marrone, 350 ml",https://www.amazon.it/dp/B0028S10AG?tag=offertissimes-21,3.9,5.27,26.0,3.9,Bellezza e Cura della Persona,Bellezza e Cura della Persona,Efalock,B0028S10AG,1,40,89
"Gimoka Gran Bar Intenso, 50 cialde ESE 44 mm, intensità 12",https://www.amazon.it/dp/B077MBY2YZ?tag=offertissimes-21,5.99,8.09,26.0,5.99,"Alimentari, Caffè e Bevande","Alimentari, Caffè e Bevande",Gimoka,B077MBY2YZ,1,40,89
"Gimoka, Espresso Intenso, Intensità 12/13, 50 Capsule Compatibili con Sistema Nespresso, Corposo e Rotondo, Miscela di Arabic",https://www.amazon.it/dp/B0CZ47YGW9?tag=offertissimes-21,7.7,10.4,26.0,7.7,"Alimentari, Caffè e Bevande","Alimentari, Caffè e Bevande",Gimoka,B0CZ47YGW9,1,40,89
"Pan di Stelle Crema Spalmabile di Cacao, 380 g | Nocciole e Granella di Biscotto, Ideale Per Colazione o Merenda",https://www.amazon.it/dp/B09R4XPKZZ?tag=offertissimes-21,1.99,2.69,26.0,1.99,"Alimentari, Caffè e Bevande","Alimentari, Caffè e Bevande",Pan,B09R4XPKZZ,1,40,89
"Haribo Ciucciotti Frizzi Cola e Frutta, Caramelle Gommose Frizzanti, Gusto Frutta, Ideali per Feste e Dolci Momenti di Relax",https://www.amazon.it/dp/B0F8R57XGX?tag=offertissimes-21,1.59,2.15,26.0,1.59,"Alimentari, Caffè e Bevande","Alimentari, Caffè e Bevande",Haribo,B0F8R57XGX,1,40,89
"Coca-Cola Original - 4 Bottiglie da 1,5 L",https://www.amazon.it/dp/B0DJH1H45Q?tag=offertissimes-21,4.99,6.74,26.0,4.99,"Alimentari, Caffè e Bevande","Alimentari, Caffè e Bevande",Coca-Cola,B0DJH1H45Q,1,40,89
"Bonelle Caramelle le Gélees ai Gusti di Frutta, 1kg",https://www.amazon.it/dp/B018PJC01E?tag=offertissimes-21,6.9,9.32,26.0,6.9,"Alimentari, Caffè e Bevande","Alimentari, Caffè e Bevande",Bonelle,B018PJC01E,1,40,89
"Enervit, Isotonic Drink Arancia, Bevanda Reidratante, Per Reidratarsi Durante Sforzi Prolungati, Riduce la Stanchezza, 25g di",https://www.amazon.it/dp/B07Y23K7WY?tag=offertissimes-21,10.9,14.72,26.0,10.9,"Alimentari, Caffè e Bevande","Alimentari, Caffè e Bevande",Enervit,B07Y23K7WY,1,40,89
"Haribo Tropifrutti, Caramelle Gommose, Gusto Frutta, 175gr | Ideali per feste e relax",https://www.amazon.it/dp/B08CDZ96RD?tag=offertissimes-21,1.59,2.15,26.0,1.59,"Alimentari, Caffè e Bevande","Alimentari, Caffè e Bevande",Haribo,B08CDZ96RD,1,40,89
by Amazon Prugne Disidratate - 500g,https://www.amazon.it/dp/B0DWP67YNW?tag=offertissimes-21,5.25,7.09,26.0,5.25,"Alimentari, Caffè e Bevande","Alimentari, Caffè e Bevande",by,B0DWP67YNW,1,40,89
By Amazon Frutta Secca Mista e Uvetta - 500g,https://www.amazon.it/dp/B0FCMZZ6F3?tag=offertissimes-21,8.13,10.98,26.0,8.13,"Alimentari, Caffè e Bevande","Alimentari, Caffè e Bevande",By,B0FCMZZ6F3,1,40,89
"Italpepe, Aglio Liofilizzato, Alto contenuto di Vitamina B6, Ideale da Utilizzare per la Preparazione di Pasta, Risotti, Zupp",https://www.amazon.it/dp/B0BN5678QK?tag=offertissimes-21,3.1,4.19,26.0,3.1,"Alimentari, Caffè e Bevande","Alimentari, Caffè e Bevande",Italpepe,B0BN5678QK,1,40,89
FRIED ONION GOLDEN TURTLE BRAND CIPOLLE FRITTW BUSTA DA 500 g CINESE GIAPPONESE,https://www.amazon.it/dp/B00JLAYPF6?tag=offertissimes-21,4.99,6.74,26.0,4.99,"Alimentari, Caffè e Bevande","Alimentari, Caffè e Bevande",FRIED,B00JLAYPF6,1,40,89
"Cannamela, Linea Maxi Oro, Timo in Foglie, Confezione da 24g, Rende Gustosi Arrosti, Grigliate, Brasati, Insaporisce le Panat",https://www.amazon.it/dp/B077YPKPCN?tag=offertissimes-21,2.19,2.96,26.0,2.19,"Alimentari, Caffè e Bevande","Alimentari, Caffè e Bevande",Cannamela,B077YPKPCN,1,40,89
5 Fave Tonka Bio intere + grattugia,https://www.amazon.it/dp/B072P2D29R?tag=offertissimes-21,6.99,9.44,26.0,6.99,"Alimentari, Caffè e Bevande","Alimentari, Caffè e Bevande",5,B072P2D29R,1,40,89
"Royal Thai Litchi in Sciroppo - 565 g | Frutta tropicale dal Sud-Est asiatico, perfetta per dessert, cocktail e ricette esoti",https://www.amazon.it/dp/B089NL5Q6W?tag=offertissimes-21,4.79,6.47,26.0,4.79,"Alimentari, Caffè e Bevande","Alimentari, Caffè e Bevande",Royal,B089NL5Q6W,1,40,89
"Bibigo Kimchi a fette, Vegetali fermentati, 150gr",https://www.amazon.it/dp/B0D6NDG6N8?tag=offertissimes-21,6.99,9.44,26.0,6.99,"Alimentari, Caffè e Bevande","Alimentari, Caffè e Bevande",Bibigo,B0D6NDG6N8,1,40,89
"Nostromo - Tonno all'Olio di Oliva, Multipack 9 Lattine da 60g - Fonte di Proteine, Senza Conservanti",https://www.amazon.it/dp/B0DLX4RZXH?tag=offertissimes-21,6.99,9.44,26.0,6.99,"Alimentari, Caffè e Bevande","Alimentari, Caffè e Bevande",Nostromo,B0DLX4RZXH,1,40,89
"Nostromo - Tonno Apri Gira Facile il Morbido, 3 lattine da 65gr. All'olio di semi di girasole e olio extra vergine di oliva.",https://www.amazon.it/dp/B0C462JV7Y?tag=offertissimes-21,2.39,3.23,26.0,2.39,"Alimentari, Caffè e Bevande","Alimentari, Caffè e Bevande",Nostromo,B0C462JV7Y,1,40,89
"Nostromo Tonno all’Olio di Oliva Una Goccia d’Olio, 3 Lattine da 65g – Tonno Sgocciolato di Qualità Premium, Apri Gira Facile",https://www.amazon.it/dp/B0DKXJQTH8?tag=offertissimes-21,2.99,4.04,26.0,2.99,"Alimentari, Caffè e Bevande","Alimentari, Caffè e Bevande",Nostromo,B0DKXJQTH8,1,40,89
"Nostromo - Trancetti di tonno all'olio di oliva, 1 busta da 300gr. Facili da aprire e pronti all'uso, già sgocciolati.",https://www.amazon.it/dp/B08K3RH2XW?tag=offertissimes-21,4.79,6.47,26.0,4.79,"Alimentari, Caffè e Bevande","Alimentari, Caffè e Bevande",Nostromo,B08K3RH2XW,1,40,89
Riso Scotti - Risotto Porcino di Stagione - Riso Carnaroli Senza Glutine - 210 gr,https://www.amazon.it/dp/B006BEH0PC?tag=offertissimes-21,1.79,2.42,26.0,1.79,"Alimentari, Caffè e Bevande","Alimentari, Caffè e Bevande",Riso,B006BEH0PC,1,40,89
Tonno Auriga all'olio di oliva 70gr. Confezione da 6 lattine. Formato scorta. Alta Qualità.Fonte di Proteine.,https://www.amazon.it/dp/B0DC75G2KX?tag=offertissimes-21,6.59,8.9,26.0,6.59,"Alimentari, Caffè e Bevande","Alimentari, Caffè e Bevande",Tonno,B0DC75G2KX,1,40,89
"Nostromo Tonno all’Olio di Oliva 70g – Confezione da 3 Lattine, Fonte di Proteine, Senza Conservanti – Tonno in Scatola di Al",https://www.amazon.it/dp/B09WW138GH?tag=offertissimes-21,3.9,5.27,26.0,3.9,"Alimentari, Caffè e Bevande","Alimentari, Caffè e Bevande",Nostromo,B09WW138GH,1,40,89
Delicius Grigliati Filetti di Sgombro al naturale 90 g,https://www.amazon.it/dp/B0DY84ZCWM?tag=offertissimes-21,1.99,2.69,26.0,1.99,"Alimentari, Caffè e Bevande","Alimentari, Caffè e Bevande",Delicius,B0DY84ZCWM,1,40,89
ZenPasta Riso Shirataki Essiccato - Riso Shirataki Ipocalorico e Senza Glutine - Ricco di Fiber - 50g Monodose,https://www.amazon.it/dp/B01HBP21MG?tag=offertissimes-21,2.59,3.5,26.0,2.59,"Alimentari, Caffè e Bevande","Alimentari, Caffè e Bevande",ZenPasta,B01HBP21MG,1,40,89
"Neri Sottoli - Olive Verdi Denocciolate - Ideali come Condimento per Primi e Secondi piatti, Insalate e come Antipasto - Sapo",https://www.amazon.it/dp/B09JKQJB9J?tag=offertissimes-21,5.96,8.05,26.0,5.96,"Alimentari, Caffè e Bevande","Alimentari, Caffè e Bevande",Neri,B09JKQJB9J,1,40,89
Auriga Filetti di Salmone al Naturale 115gr Cotti a Vapore. Senza Conservanti. Pronti da gustare.,https://www.amazon.it/dp/B00XUQDNVY?tag=offertissimes-21,3.99,5.39,26.0,3.99,"Alimentari, Caffè e Bevande","Alimentari, Caffè e Bevande",Auriga,B00XUQDNVY,1,40,89
La Finestra Sul Cielo Fagioli Neri in Scatola Biologici - Perfetti per Piatti a Base di Fagioli - 400 g,https://www.amazon.it/dp/B00V6ALF2A?tag=offertissimes-21,1.82,2.46,26.0,1.82,"Alimentari, Caffè e Bevande","Alimentari, Caffè e Bevande",La,B00V6ALF2A,1,40,89
"Nostromo Tonno Apri Gira Facile Il Deciso, 3 Lattine da 65g – Tonno all’Olio Extravergine di Oliva, Pronto da Gustare, Facile",https://www.amazon.it/dp/B0C9MYV7R7?tag=offertissimes-21,2.99,4.04,26.0,2.99,"Alimentari, Caffè e Bevande","Alimentari, Caffè e Bevande",Nostromo,B0C9MYV7R7,1,40,89
"Ajinomoto Oyakata Piatto Giapponese Wasabi di Manzo a Base di Noodle 93 gr | Noodles Istantanei al Gusto di Wasabi con Manzo,",https://www.amazon.it/dp/B07D2NV3RC?tag=offertissimes-21,1.99,2.69,26.0,1.99,"Alimentari, Caffè e Bevande","Alimentari, Caffè e Bevande",Ajinomoto,B07D2NV3RC,1,40,89
MAGGI Korean Style Noodles Istantanei Spicy Cheese Sacchetto 130g | Noodles con condimento agrodolce al gusto formaggio e sal,https://www.amazon.it/dp/B0GYPSN41J?tag=offertissimes-21,1.99,2.69,26.0,1.99,"Alimentari, Caffè e Bevande","Alimentari, Caffè e Bevande",MAGGI,B0GYPSN41J,1,40,89
"Riso Scotti Apri Scalda e Gusta Chicco Lungo, Cup di Riso Italiano Monoporzione, Pronto in 1 Minuto, 200g",https://www.amazon.it/dp/B0DWSVTQDL?tag=offertissimes-21,1.99,2.69,26.0,1.99,"Alimentari, Caffè e Bevande","Alimentari, Caffè e Bevande",Riso,B0DWSVTQDL,1,40,89
"Knorr Pasta e Fagioli, zuppa pronta da gustare in 7 minuti, 182g | Aggiungi acqua e mescola; il gusto semplice e autentico de",https://www.amazon.it/dp/B0DJF24SCT?tag=offertissimes-21,1.99,2.69,26.0,1.99,"Alimentari, Caffè e Bevande","Alimentari, Caffè e Bevande",Knorr,B0DJF24SCT,1,40,89
"Cameo High Protein Muesli, Cereali Proteici Con Cioccolato Fondente, Croccanti Mandorle E Nocciole Tostate, Muesli Proteico,",https://www.amazon.it/dp/B0B3LYCWV7?tag=offertissimes-21,1.99,2.69,26.0,1.99,"Alimentari, Caffè e Bevande","Alimentari, Caffè e Bevande",Cameo,B0B3LYCWV7,1,40,89
Kellogg's Special K Classico Fiocchi Multicereali 550g,https://www.amazon.it/dp/B0DC5RL37C?tag=offertissimes-21,2.19,2.96,26.0,2.19,"Alimentari, Caffè e Bevande","Alimentari, Caffè e Bevande",Kellogg's,B0DC5RL37C,1,40,89
"Cameo Vitalis Muesli Croccante Double Chocolate, con Fiocchi Integrali di Avena Cioccolato Fondente e al Latte, Cereali Grand",https://www.amazon.it/dp/B09TFZVNMN?tag=offertissimes-21,2.99,4.04,26.0,2.99,"Alimentari, Caffè e Bevande","Alimentari, Caffè e Bevande",Cameo,B09TFZVNMN,1,40,89
"NATTURA Fiocchi di Avena Integrale Bio, Fonte di Fibre e di Proteine, a Basso Contenuto di Grassi Saturi, Prodotto Vegano, Co",https://www.amazon.it/dp/B017PAIFZE?tag=offertissimes-21,2.73,3.69,26.0,2.73,"Alimentari, Caffè e Bevande","Alimentari, Caffè e Bevande",NATTURA,B017PAIFZE,1,40,89
"Isola Bio Granola Crunchy al Cioccolato con Riso Soffiato e Crusca, Ricca di Fibre, 100% Ingredienti Naturali, per Vegani e V",https://www.amazon.it/dp/B0B6FHFXF3?tag=offertissimes-21,4.99,6.74,26.0,4.99,"Alimentari, Caffè e Bevande","Alimentari, Caffè e Bevande",Isola,B0B6FHFXF3,1,40,89
"Cameo Vitalis Muesli Croccante Frutta Secca, con Fiocchi Integrali di Avena Mandorle Anacardi Nocciole e Noci Pecan, Cereali",https://www.amazon.it/dp/B09TFZVMFF?tag=offertissimes-21,1.99,2.69,26.0,1.99,"Alimentari, Caffè e Bevande","Alimentari, Caffè e Bevande",Cameo,B09TFZVMFF,1,40,89
Kellogg's Krave Choco Nut Cereali | Gusto Cioccolato e Nocciola | Cereali per la Colazione | Senza coloranti né aromi artific,https://www.amazon.it/dp/B086XRP94M?tag=offertissimes-21,3.19,4.31,26.0,3.19,"Alimentari, Caffè e Bevande","Alimentari, Caffè e Bevande",Kellogg's,B086XRP94M,1,40,89
"Bulk Ultra Fine Scottish Oats, Chocolate, Cioccolato, 1 kg | 20 Porzioni",https://www.amazon.it/dp/B0CG6T3G69?tag=offertissimes-21,4.99,6.74,26.0,4.99,"Alimentari, Caffè e Bevande","Alimentari, Caffè e Bevande",Bulk,B0CG6T3G69,1,40,89
"by Amazon Fiocchi D'avena, 500g",https://www.amazon.it/dp/B0DBN1TXSW?tag=offertissimes-21,3.22,4.35,26.0,3.22,"Alimentari, Caffè e Bevande","Alimentari, Caffè e Bevande",by,B0DBN1TXSW,1,40,89
Kellogg's Corn Flakes Originali Fiocchi di Mais 500g,https://www.amazon.it/dp/B014WNE70O?tag=offertissimes-21,2.51,3.39,26.0,2.51,"Alimentari, Caffè e Bevande","Alimentari, Caffè e Bevande",Kellogg's,B014WNE70O,1,40,89
Kellogg's Coco Pops Barchette al Cioccolato 580g,https://www.amazon.it/dp/B0DC5PKVC2?tag=offertissimes-21,3.45,4.66,26.0,3.45,"Alimentari, Caffè e Bevande","Alimentari, Caffè e Bevande",Kellogg's,B0DC5PKVC2,1,40,89
"BJORG Granola Crunchy Avena Integrale Noci e Frutta Bio 280g | Croccante, Biologica, Cereali da colazione, senza zuccheri agg",https://www.amazon.it/dp/B0FBRZ865Q?tag=offertissimes-21,3.99,5.39,26.0,3.99,"Alimentari, Caffè e Bevande","Alimentari, Caffè e Bevande",BJORG,B0FBRZ865Q,1,40,89
"CÉRÉAL CRUSCA D’AVENA, Fonte di proteine, Ricca di fibre, Ottimo per la colazione e per preparare pancake, Per favorire il be",https://www.amazon.it/dp/B0CJB167ZS?tag=offertissimes-21,2.56,3.46,26.0,2.56,"Alimentari, Caffè e Bevande","Alimentari, Caffè e Bevande",Amazon Choice,B0CJB167ZS,1,40,89
"Misura Dolcesenza Cornflakes Fiocchi di Mais, Senza Zuccheri Aggiunti | Cereali da Colazione Croccanti e dorati, Ricchi di Fi",https://www.amazon.it/dp/B07H9DDPPM?tag=offertissimes-21,2.88,3.89,26.0,2.88,"Alimentari, Caffè e Bevande","Alimentari, Caffè e Bevande",Misura,B07H9DDPPM,1,40,89
"La Veronese | Fiocchi d'Avena Integrale, Fiocchi Piccoli, 500 g | Senza Glutine",https://www.amazon.it/dp/B0C7CD138N?tag=offertissimes-21,4.9,6.62,26.0,4.9,"Alimentari, Caffè e Bevande","Alimentari, Caffè e Bevande",La,B0C7CD138N,1,40,89
Kellogg's Coco Pops Barchette al Cioccolato 330g,https://www.amazon.it/dp/B0D1K9HQ57?tag=offertissimes-21,1.96,2.65,26.0,1.96,"Alimentari, Caffè e Bevande","Alimentari, Caffè e Bevande",Kellogg's,B0D1K9HQ57,1,40,89
GO FREE Corn Flakes Cereali Fiocchi di Mais Senza Glutine 375g | Deliziosi fiocchi di mais formulati per persone intolleranti,https://www.amazon.it/dp/B00U22A0U6?tag=offertissimes-21,4.7,6.35,26.0,4.7,"Alimentari, Caffè e Bevande","Alimentari, Caffè e Bevande",GO,B00U22A0U6,1,40,89
Kellogg's Krave Milk Choco Cereali Cioccolato al Latte 410g,https://www.amazon.it/dp/B086XQZYSR?tag=offertissimes-21,3.19,4.31,26.0,3.19,"Alimentari, Caffè e Bevande","Alimentari, Caffè e Bevande",Kellogg's,B086XQZYSR,1,40,89
Kellogg's Special K Granola Frutti di Bosco 320g,https://www.amazon.it/dp/B0B2FBDJ28?tag=offertissimes-21,2.33,3.15,26.0,2.33,"Alimentari, Caffè e Bevande","Alimentari, Caffè e Bevande",Kellogg's,B0B2FBDJ28,1,40,89
"NESQUIK Cereali Integrali al Cacao 375g | Croccanti palline di frumento integrale, al cacao. Fonte di fibre. Confezione da 37",https://www.amazon.it/dp/B07S61XKPD?tag=offertissimes-21,2.99,4.04,26.0,2.99,"Alimentari, Caffè e Bevande","Alimentari, Caffè e Bevande",NESQUIK,B07S61XKPD,1,40,89
Kellogg's Granola Extra Original | Cereali per la colazione | Naturalmente ricco di fibre| Confezione singola da 375g,https://www.amazon.it/dp/B01DUX6Q6U?tag=offertissimes-21,3.19,4.31,26.0,3.19,"Alimentari, Caffè e Bevande","Alimentari, Caffè e Bevande",Kellogg's,B01DUX6Q6U,1,40,89
"Kellogg's Krave Choco Brownie Cereali per la Colazione 375g | Cialde di avena, riso e grano ripieni, al gusto di brownie al c",https://www.amazon.it/dp/B0CR4H39PT?tag=offertissimes-21,2.79,3.77,26.0,2.79,"Alimentari, Caffè e Bevande","Alimentari, Caffè e Bevande",Kellogg's,B0CR4H39PT,1,40,89
"by Amazon Fiocchi D'avena Bio, 500g",https://www.amazon.it/dp/B0FYRN6T8V?tag=offertissimes-21,2.5,3.38,26.0,2.5,"Alimentari, Caffè e Bevande","Alimentari, Caffè e Bevande",by,B0FYRN6T8V,1,40,89
KITKAT Cereali Integrali Gusto Cioccolato e Wafer 330g | Croccanti cereali integrali gusto wafer con copertura di cioccolato,https://www.amazon.it/dp/B0C14SZ81X?tag=offertissimes-21,2.99,4.04,26.0,2.99,"Alimentari, Caffè e Bevande","Alimentari, Caffè e Bevande",KITKAT,B0C14SZ81X,1,40,89
FITNESS Original Cereali Integrali 375g | Deliziosi fiocchi di frumento 100% integrali. Fonte di fibre. Con vitamine e minera,https://www.amazon.it/dp/B00HFUAD14?tag=offertissimes-21,2.99,4.04,26.0,2.99,"Alimentari, Caffè e Bevande","Alimentari, Caffè e Bevande",FITNESS,B00HFUAD14,1,40,89
"Misura Fibrextra Cereali Farro e Avena Integrale con Cioccolato Fondente | Ricchi di Fibre, con Frumento Integrale da Filiera",https://www.amazon.it/dp/B08X9SL3D7?tag=offertissimes-21,2.99,4.04,26.0,2.99,"Alimentari, Caffè e Bevande","Alimentari, Caffè e Bevande",Misura,B08X9SL3D7,1,40,89
Baule Volante MIGLIO SOFFIATO biologico - Ideale per una Dieta Equilibrata - Qualità Premium senza Additivi - 125 g,https://www.amazon.it/dp/B01BMSBQ0G?tag=offertissimes-21,3.19,4.31,26.0,3.19,"Alimentari, Caffè e Bevande","Alimentari, Caffè e Bevande",Baule,B01BMSBQ0G,1,40,89
"Valsugana, Polenta ai 5 Cereali Rapida, Confezione da 350g, con Mais, Riso, Grano Saraceno, Quinoa e Amaranto, Consistenza Cr",https://www.amazon.it/dp/B07Z7CJSS9?tag=offertissimes-21,1.85,2.5,26.0,1.85,"Alimentari, Caffè e Bevande","Alimentari, Caffè e Bevande",Valsugana,B07Z7CJSS9,1,40,89
Kellogg's Extra Granola Cereali Frutti Rossi 375g,https://www.amazon.it/dp/B086XRT7MK?tag=offertissimes-21,2.99,4.04,26.0,2.99,"Alimentari, Caffè e Bevande","Alimentari, Caffè e Bevande",Kellogg's,B086XRT7MK,1,40,89
Kellogg's Frosties Fiocchi di Mais Glassati 330g,https://www.amazon.it/dp/B07JCDGX5F?tag=offertissimes-21,3.45,4.66,26.0,3.45,"Alimentari, Caffè e Bevande","Alimentari, Caffè e Bevande",Kellogg's,B07JCDGX5F,1,40,89
"Baule Volante, Corn flakes integrali bio, senza zuccheri, 200g",https://www.amazon.it/dp/B07DHRH9TX?tag=offertissimes-21,3.42,4.62,26.0,3.42,"Alimentari, Caffè e Bevande","Alimentari, Caffè e Bevande",Baule,B07DHRH9TX,1,40,89
MIO Merenda al Latte con Banana 6+ Mesi 4 Vasetti 100g | Pratico vasetto monoporzione da portare sempre con sé per accompagna,https://www.amazon.it/dp/B00VXDLALG?tag=offertissimes-21,2.39,3.23,26.0,2.39,"Alimentari, Caffè e Bevande","Alimentari, Caffè e Bevande",MIO,B00VXDLALG,1,40,89
MIO Merenda al Latte con Albicocca 6+ Mesi 4 Vasetti 100g | Pratico vasetto monoporzione da portare sempre con sé per accompa,https://www.amazon.it/dp/B01M1VTYHB?tag=offertissimes-21,2.39,3.23,26.0,2.39,"Alimentari, Caffè e Bevande","Alimentari, Caffè e Bevande",MIO,B01M1VTYHB,1,40,89
MIO Merenda al Latte Pera 6+ Mesi 4 Vasetti 100g | Pratico vasetto monoporzione da portare sempre con sé per accompagnare le,https://www.amazon.it/dp/B01LZZ7SJ7?tag=offertissimes-21,2.39,3.23,26.0,2.39,"Alimentari, Caffè e Bevande","Alimentari, Caffè e Bevande",MIO,B01LZZ7SJ7,1,40,89
"Mellin Merenda Disney Mickey Mouse, Topolina, Mela, 6x110g | 100% Frutta con Vitamina C, Indicato a partire dal 9° mese",https://www.amazon.it/dp/B07XJ6JKWW?tag=offertissimes-21,7.93,10.71,26.0,7.93,"Alimentari, Caffè e Bevande","Alimentari, Caffè e Bevande",Mellin,B07XJ6JKWW,1,40,89
Sale di Sicilia Fino Iodato monodose 500 bustine da 1 g in Dispenser di cartone,https://www.amazon.it/dp/B0D5DR7KPQ?tag=offertissimes-21,4.93,6.66,26.0,4.93,"Alimentari, Caffè e Bevande","Alimentari, Caffè e Bevande",Sale,B0D5DR7KPQ,1,40,89
Tajin Seasoning (5oz),https://www.amazon.it/dp/B0000GL6RK?tag=offertissimes-21,6.9,9.32,26.0,6.9,"Alimentari, Caffè e Bevande","Alimentari, Caffè e Bevande",Tajin,B0000GL6RK,1,40,89
"Cannamela, Linea Maxi Oro, Paprika Affumicata, Confezione da 50g, con Peperoni Rossi Essiccati per Dare un Tocco Lievemente A",https://www.amazon.it/dp/B08MT87TV3?tag=offertissimes-21,2.59,3.5,26.0,2.59,"Alimentari, Caffè e Bevande","Alimentari, Caffè e Bevande",Cannamela,B08MT87TV3,1,40,89
"Cannamela - Linea Bionatura, Cannella macinata Bio, Confezione da 42g. Ideale per strudel e torte di mele, crema al mascarpon",https://www.amazon.it/dp/B07BR45SWK?tag=offertissimes-21,2.88,3.89,26.0,2.88,"Alimentari, Caffè e Bevande","Alimentari, Caffè e Bevande",Cannamela,B07BR45SWK,1,40,89
"Zenzero in polvere Bio 200G | Digestione, Articolazioni, Nausea | Disidratato senza zucchero | Qualità Superiore",https://www.amazon.it/dp/B0CN38641F?tag=offertissimes-21,7.19,9.71,26.0,7.19,"Alimentari, Caffè e Bevande","Alimentari, Caffè e Bevande",Zenzero,B0CN38641F,1,40,89
"Cuore, Sale Iposodico Iodato, Formato da 180 g, Ridotto Apporto Di Sodio",https://www.amazon.it/dp/B01GEMYSIW?tag=offertissimes-21,2.13,2.88,26.0,2.13,"Alimentari, Caffè e Bevande","Alimentari, Caffè e Bevande",Cuore,B01GEMYSIW,1,40,89
"Santa Maria, Spezie Miste Per Tacos, 28 g | Miscela di Erbe Tipiche della Cucina Messicana, Ideali per Insaporire la Carne, U",https://www.amazon.it/dp/B07ZQRQK6G?tag=offertissimes-21,1.79,2.42,26.0,1.79,"Alimentari, Caffè e Bevande","Alimentari, Caffè e Bevande",Santa,B07ZQRQK6G,1,40,89
"Umami Katsuobushi Scaglie di Tonnetto 40g - Hanakatsuo Autentico - Pesca Sostenibile, Essiccazione Lenta - Ideale per Brodo D",https://www.amazon.it/dp/B09QXKXFHJ?tag=offertissimes-21,9.9,13.37,26.0,9.9,"Alimentari, Caffè e Bevande","Alimentari, Caffè e Bevande",Umami,B09QXKXFHJ,1,40,89
"Cannamela, Linea Maxi Oro, Pepe Nero Macinato, Confezione da 50g, Piccantezza Decisa, per Arricchire di Gusto Qualsiasi Piatt",https://www.amazon.it/dp/B00D16L96E?tag=offertissimes-21,1.79,2.42,26.0,1.79,"Alimentari, Caffè e Bevande","Alimentari, Caffè e Bevande",Cannamela,B00D16L96E,1,40,89
"Cannamela, Linea Maxi Oro, Curcuma Macinata, Confezione da 50g, Ideale per Carni Bianche, Zuppe, Vellutate e Risotti, Formagg",https://www.amazon.it/dp/B08MT16XLF?tag=offertissimes-21,1.79,2.42,26.0,1.79,"Alimentari, Caffè e Bevande","Alimentari, Caffè e Bevande",Cannamela,B08MT16XLF,1,40,89
"MADAMA OLIVA, Origano Siciliano Essiccato, Ideali per Esaltare le Pietanze della Cucina Mediterranea, sulla Pizza e Bruschett",https://www.amazon.it/dp/B0BG36HBD8?tag=offertissimes-21,2.99,4.04,26.0,2.99,"Alimentari, Caffè e Bevande","Alimentari, Caffè e Bevande",MADAMA,B0BG36HBD8,1,40,89
"Chiodi di Garofano in Polvere Bembo 65 g – Spezia Naturale e Aromatica – Senza Glutammato, Additivi o Coloranti – Confezione",https://www.amazon.it/dp/B0F7Y735ZZ?tag=offertissimes-21,6.5,8.78,26.0,6.5,"Alimentari, Caffè e Bevande","Alimentari, Caffè e Bevande",Chiodi,B0F7Y735ZZ,1,40,89
"THE PINCH Shichimi Togarashi - Condimento Giapponese - 45g | 100% Naturale, Senza Sale, con Pepe di Sichuan. Molto Piccante.",https://www.amazon.it/dp/B0D8WLKGM8?tag=offertissimes-21,9.9,13.37,26.0,9.9,"Alimentari, Caffè e Bevande","Alimentari, Caffè e Bevande",THE,B0D8WLKGM8,1,40,89
Maldon Salt Sea Salt 125g,https://www.amazon.it/dp/B0042ZO8CK?tag=offertissimes-21,5.5,7.43,26.0,5.5,"Alimentari, Caffè e Bevande","Alimentari, Caffè e Bevande",Maldon,B0042ZO8CK,1,40,89
"GymBeam Pollo alla Messicana con Riso FIT Ready to Eat - Pasti Pronti Sani, Piatto Pronto Fitness, Pasti Completi per Viaggi",https://www.amazon.it/dp/B0DMWLNPW2?tag=offertissimes-21,6.5,8.78,26.0,6.5,"Alimentari, Caffè e Bevande","Alimentari, Caffè e Bevande",GymBeam,B0DMWLNPW2,1,40,89
"BIVYAX Stampo Ghiaccio 2 Pezzi, Stampi per Ghiaccio in Silicone 160 Scomparti Mini Cubetti 1x1 cm, per Cocktail, Whisky, Birr",https://www.amazon.it/dp/B0H6BY5KZB?tag=offertissimes-21,6.99,9.44,26.0,6.99,"Alimentari, Caffè e Bevande","Alimentari, Caffè e Bevande",BIVYAX,B0H6BY5KZB,1,40,89
"OnFarma FARMA ICE GHIACCIO IN BUSTA ISTANTANEO 20 PEZZI + TASCA PORTAGHIACCIO, Ghiaccio secco Sintetico per Traumi, Sport e C",https://www.amazon.it/dp/B0FCN18GWZ?tag=offertissimes-21,10.9,14.72,26.0,10.9,"Alimentari, Caffè e Bevande","Alimentari, Caffè e Bevande",OnFarma,B0FCN18GWZ,1,40,89
"Venchi - Tavoletta di Cioccolato Tiramisù, 110 g - Senza Glutine",https://www.amazon.it/dp/B08KJBS4C1?tag=offertissimes-21,4.99,6.74,26.0,4.99,"Alimentari, Caffè e Bevande","Alimentari, Caffè e Bevande",Venchi,B08KJBS4C1,1,40,89
Leone dal 1857 - Latta Gelatine di Frutta Assortite - Collezione C'era una Volta - Latta Regalo Alice - Senza Glutine e Vegan,https://www.amazon.it/dp/B07SLLCSY1?tag=offertissimes-21,9.7,13.1,26.0,9.7,"Alimentari, Caffè e Bevande","Alimentari, Caffè e Bevande",Leone,B07SLLCSY1,1,40,89
"Wolf, Pancetta Stesa, Trancio, Leggera Affumicatura con Legno di Faggio, Carne di Suino Accuratamente Selezionata, Senza Glut",https://www.amazon.it/dp/B0C4L4VRMV?tag=offertissimes-21,4.7,6.35,26.0,4.7,"Alimentari, Caffè e Bevande","Alimentari, Caffè e Bevande",Wolf,B0C4L4VRMV,1,40,89
"Tampax & Go Super Plus, 18 Assorbenti Interni con Applicatore in Plastica | Presa Antiscivolo e Doppio Cordino Protettivo, Gi",https://www.amazon.it/dp/B0DZ6VZWMC?tag=offertissimes-21,4.22,5.7,26.0,4.22,"Salute, Igiene e Integratori","Salute, Igiene e Integratori",Tampax,B0DZ6VZWMC,1,40,89
"Pic Solution Termometro Digitale Vedo Family, 1 Unita' (Confezione da 1)",https://www.amazon.it/dp/B07MP8MGLT?tag=offertissimes-21,2.85,3.85,26.0,2.85,"Salute, Igiene e Integratori","Salute, Igiene e Integratori",Pic,B07MP8MGLT,1,40,89
"Elmex - Dentifricio Junior 75ml (Consegna in 48 Ore), Dentifricio per i Denti Permanenti dei bambini, Protezione contro la Ca",https://www.amazon.it/dp/B0D5D9CGFM?tag=offertissimes-21,4.16,5.62,26.0,4.16,"Salute, Igiene e Integratori","Salute, Igiene e Integratori",Elmex,B0D5D9CGFM,1,40,89
"ZEXIJOW 5 Pezzi Catenelle per Ciuccio,Catenella Portaciuccio,Tessuto Catenella Ciuccio,Porta Ciuccio Femmina/Maschio,Cordino",https://www.amazon.it/dp/B0F8MSB1MC?tag=offertissimes-21,6.99,9.44,26.0,6.99,"Salute, Igiene e Integratori","Salute, Igiene e Integratori",ZEXIJOW,B0F8MSB1MC,1,40,89
"Chilly, Detergente Intimo Fresco, 4 x 300 ml | Con Molecola Anti Odore e Mentolo, pH 5, Clinicamente Testato",https://www.amazon.it/dp/B09BZHVC7Q?tag=offertissimes-21,7.79,10.52,26.0,7.79,"Salute, Igiene e Integratori","Salute, Igiene e Integratori",Chilly,B09BZHVC7Q,1,40,89
"Saugella Active Detergente Intimo Antibatterico, 500 ml | Detergente Intimo per Post Parto, Gravidanza e Ciclo Mestruale. Ant",https://www.amazon.it/dp/B00ZUI89QY?tag=offertissimes-21,5.45,7.36,26.0,5.45,"Salute, Igiene e Integratori","Salute, Igiene e Integratori",Saugella,B00ZUI89QY,1,40,89
"LINES INTERVALLO LADY PROTEGGISLIP, salvaslip distesi per tutti i tipi di perdite, protezione aggiuntiva, zero odore, confezi",https://www.amazon.it/dp/B07CX9HDTF?tag=offertissimes-21,6.99,9.44,26.0,6.99,"Salute, Igiene e Integratori","Salute, Igiene e Integratori",LINES,B07CX9HDTF,1,40,89
"Intima+ | Detergente Intimo Attivo, Confezione da 500ml | Detergente Intimo Ph 5.5, Detergente con Aloe Vera e Malva BIO, Det",https://www.amazon.it/dp/B07XN8KHBJ?tag=offertissimes-21,3.85,5.2,26.0,3.85,"Salute, Igiene e Integratori","Salute, Igiene e Integratori",Intima,B07XN8KHBJ,1,40,89
"Carefree Salvaslip Plus Large, Extra ampi e sottili, 48 salvaslip | Senza profumo, Assorbimento rapido, Comfort ottimale, Con",https://www.amazon.it/dp/B0F9YSMNC9?tag=offertissimes-21,4.08,5.51,26.0,4.08,"Salute, Igiene e Integratori","Salute, Igiene e Integratori",Carefree,B0F9YSMNC9,1,40,89
"Intima+ | Detergente Intimo Lenitivo Rosa, Ph 5.5, 500ml | a Base di Camomilla e Acido Ialuronico ph 5.5 c ( Q.yt1 )",https://www.amazon.it/dp/B06Y47DZ6W?tag=offertissimes-21,3.68,4.97,26.0,3.68,"Salute, Igiene e Integratori","Salute, Igiene e Integratori",Intima,B06Y47DZ6W,1,40,89
"TENA Discreet Maxi Assorbenti per Perdite Urinarie, 12 Pezzi | Discreti e Confortevoli, Protezione Specifica per Donna, Confe",https://www.amazon.it/dp/B00GA7T43G?tag=offertissimes-21,4.7,6.35,26.0,4.7,"Salute, Igiene e Integratori","Salute, Igiene e Integratori",TENA,B00GA7T43G,1,40,89
"Carefree Salvaslip Cotton Feel Normal, 100% traspiranti, 56 salvaslip | Senza profumo, Da portare sempre con sè, Rivestimento",https://www.amazon.it/dp/B0861KV2K7?tag=offertissimes-21,3.33,4.5,26.0,3.33,"Salute, Igiene e Integratori","Salute, Igiene e Integratori",Carefree,B0861KV2K7,1,40,89
"Dr. Talbot's Bidet Portatile Post-Parto, Bottiglia Perineale, 360ml | Bidet portatile in silicone morbido, design ergonomico",https://www.amazon.it/dp/B0CJMRQH8W?tag=offertissimes-21,7.7,10.4,26.0,7.7,"Salute, Igiene e Integratori","Salute, Igiene e Integratori",Dr,B0CJMRQH8W,1,40,89
"Nuvenia Assorbenti Sottili Notte con Ali, 20 Pezzi | Superficie Morbida, Controllo Odori, Confezione da 20 Assorbenti",https://www.amazon.it/dp/B08N5V81KJ?tag=offertissimes-21,3.82,5.16,26.0,3.82,"Salute, Igiene e Integratori","Salute, Igiene e Integratori",Nuvenia,B08N5V81KJ,1,40,89
"Carefree Salvaslip Plus Long, Extra lunghi e sottili, 40 salvaslip | Senza profumo, Assorbimento rapido, Comfort ottimale, Co",https://www.amazon.it/dp/B0F339S655?tag=offertissimes-21,4.08,5.51,26.0,4.08,"Salute, Igiene e Integratori","Salute, Igiene e Integratori",Carefree,B0F339S655,1,40,89
"Pesoforma Barrette, 6 Pasti, Cioccolato al Caramello",https://www.amazon.it/dp/B00JKNN4DS?tag=offertissimes-21,5.45,7.36,26.0,5.45,"Salute, Igiene e Integratori","Salute, Igiene e Integratori",Pesoforma,B00JKNN4DS,1,40,89
"PESOFORMA - Barrette Cioccolato al Latte, Pasti sostitutivi dimagranti | SOLO 234 Kcal per pasto, Ricco in proteine e fibre,",https://www.amazon.it/dp/B00S9LLT5M?tag=offertissimes-21,5.45,7.36,26.0,5.45,"Salute, Igiene e Integratori","Salute, Igiene e Integratori",PESOFORMA,B00S9LLT5M,1,40,89
IronMaxx Eiweiß Shaker - 700 ml - Schwarz | Shaker Proteico con Tappo a Vite | Antigoccia | BPA/DEHP Free | Lavabile | Scala,https://www.amazon.it/dp/B00GBTSA0Q?tag=offertissimes-21,4.9,6.62,26.0,4.9,"Salute, Igiene e Integratori","Salute, Igiene e Integratori",IronMaxx,B00GBTSA0Q,1,40,89
"Enervit, Instant Sport Drink, a Base di Sali Minerali e Carboidrati, Gusto Limone, Contro Stanchezza e Affaticamento, Senza C",https://www.amazon.it/dp/B09VPJL265?tag=offertissimes-21,6.99,9.44,26.0,6.99,"Salute, Igiene e Integratori","Salute, Igiene e Integratori",Enervit,B09VPJL265,1,40,89
"Weider Whey Protein Cream (250g) Ciocco Bianco, Crema Proteica Spalmabile | 24% di Proteine, con Proteina di Siero del Latte,",https://www.amazon.it/dp/B01M0GM4YQ?tag=offertissimes-21,4.99,6.74,26.0,4.99,"Salute, Igiene e Integratori","Salute, Igiene e Integratori",Weider,B01M0GM4YQ,1,40,89
Easy Day Multi Soluzione Unica Per Lenti A Contatto - Duopack 2 X 360 ml,https://www.amazon.it/dp/B01N5DJXH6?tag=offertissimes-21,7.79,10.52,26.0,7.79,"Salute, Igiene e Integratori","Salute, Igiene e Integratori",Easy,B01N5DJXH6,1,40,89
"ReNu MultiPlus Soluzione Unica per Lenti a Contatto Morbide, 1 x 360 ml | Bausch + Lomb, Pulisce, Disinfetta, Risciacqua e Co",https://www.amazon.it/dp/B00NU45M2Y?tag=offertissimes-21,6.22,8.4,26.0,6.22,"Salute, Igiene e Integratori","Salute, Igiene e Integratori",ReNu,B00NU45M2Y,1,40,89
"CARE for you, Gocce Oculari - Collirio Monodose per Occhi Irritati ed Arrossati, Azione Rinfrescante e Idratante, a Base di A",https://www.amazon.it/dp/B07C8DT8LH?tag=offertissimes-21,4.99,6.74,26.0,4.99,"Salute, Igiene e Integratori","Salute, Igiene e Integratori",CARE,B07C8DT8LH,1,40,89
FXCONTACTS Lenti Avatar Gialle Halloween + Tatuaggio senza gradazione,https://www.amazon.it/dp/B0BZJJK39G?tag=offertissimes-21,9.9,13.37,26.0,9.9,"Salute, Igiene e Integratori","Salute, Igiene e Integratori",FXCONTACTS,B0BZJJK39G,1,40,89
OPULIZE ERA Occhiali luce blu donna e uomo - Occhiali da lettura Antiriflesso Antibagliore - Confezione da 1 - UV400 Occhiali,https://www.amazon.it/dp/B0F8W4S27L?tag=offertissimes-21,7.79,10.52,26.0,7.79,"Salute, Igiene e Integratori","Salute, Igiene e Integratori",OPULIZE,B0F8W4S27L,1,40,89
OPULIZE RIO Occhiali da Lettura Anti Luce Blu - Montatura con Bordo Superiore Piatto - Nero - Uomo e Donna - Cerniere a Molla,https://www.amazon.it/dp/B0CYH2BCZK?tag=offertissimes-21,8.53,11.52,26.0,8.53,"Salute, Igiene e Integratori","Salute, Igiene e Integratori",OPULIZE,B0CYH2BCZK,1,40,89
Systane COMPLETE gocce oculari | 1 x 5ml | 8 ore di sollievo dall'Occhio Secco e irritato.,https://www.amazon.it/dp/B0CQM8MM43?tag=offertissimes-21,9.7,13.1,26.0,9.7,"Salute, Igiene e Integratori","Salute, Igiene e Integratori",Systane,B0CQM8MM43,1,40,89
ContactVis Soluzione Unica per Lenti a Contatto -100 ml Travel Pack + Portalenti incluso,https://www.amazon.it/dp/B0FSRL18Y1?tag=offertissimes-21,5.79,7.82,26.0,5.79,"Salute, Igiene e Integratori","Salute, Igiene e Integratori",ContactVis,B0FSRL18Y1,1,40,89
"Hubeye Occhiali da lettura Donna e Uomo Quadrata Montatura Grande con Cerniere a molla Occhiali Anti luce blu (Nero, 0.00)",https://www.amazon.it/dp/B0CHHYKCX1?tag=offertissimes-21,6.99,9.44,26.0,6.99,"Salute, Igiene e Integratori","Salute, Igiene e Integratori",Hubeye,B0CHHYKCX1,1,40,89
OPULIZE LEO Occhiali da lettura - Montatura rettangolare grande - Nero - Uomini Donne - Cerniere a molla - R55-1 - +1.00,https://www.amazon.it/dp/B0D62MH6K6?tag=offertissimes-21,6.73,9.09,26.0,6.73,"Salute, Igiene e Integratori","Salute, Igiene e Integratori",OPULIZE,B0D62MH6K6,1,40,89
"Compeed Stick Anti Vesciche, Stick Protettivo, 1 Unità | Invisibile e Anti Macchia, Protegge dallo Sfregamento, Ideale per Tu",https://www.amazon.it/dp/B07STGJ3HR?tag=offertissimes-21,6.76,9.13,26.0,6.76,"Salute, Igiene e Integratori","Salute, Igiene e Integratori",Compeed,B07STGJ3HR,1,40,89
"CURA FARMA CuraDol - Cerotti Antidolorifici e Antinfiammatori con Artiglio del Diavolo, Arnica, Salice e Canfora - 10 Pz, Dis",https://www.amazon.it/dp/B07PDRTHLV?tag=offertissimes-21,8.9,12.02,26.0,8.9,"Salute, Igiene e Integratori","Salute, Igiene e Integratori",CURA,B07PDRTHLV,1,40,89
MoliCare Premium Mobile 10 Gocce M Mutandine Assorbenti 14 pz | Elevata Assorbenza E Vestibilità Anatomica Per Una Protezione,https://www.amazon.it/dp/B0DQV5D8R6?tag=offertissimes-21,8.93,12.06,26.0,8.93,"Salute, Igiene e Integratori","Salute, Igiene e Integratori",MoliCare,B0DQV5D8R6,1,40,89
"Lines Specialist Pants Plus Unisex,per Incontinenza,Taglia L, pacco scorta. | Per perdite di urina medie e abbondanti, morbid",https://www.amazon.it/dp/B0GK8ZVPDN?tag=offertissimes-21,6.99,9.44,26.0,6.99,"Salute, Igiene e Integratori","Salute, Igiene e Integratori",Lines,B0GK8ZVPDN,1,40,89
"PORTENTUM Carta forno per friggitrice ad aria, 100 unità quadrate 20–24 cm, adatte a modelli 5–8 L",https://www.amazon.it/dp/B0C7SBTGYZ?tag=offertissimes-21,6.39,8.63,26.0,6.39,"Casa, Cucina ed Elettrodomestici","Casa, Cucina ed Elettrodomestici",PORTENTUM,B0C7SBTGYZ,0,40,89
"Philips 3000 Ferro da Stiro Verticale a Vapore Pieghevole, 20 g/min, 1000W | Pronto in 30 sec, Compatto e Pieghevole, Serbato",https://www.amazon.it/dp/B0BLM4S8SZ?tag=offertissimes-21,6.96,9.4,26.0,6.96,"Casa, Cucina ed Elettrodomestici","Casa, Cucina ed Elettrodomestici",Philips,B0BLM4S8SZ,0,40,89
"Carta forno per friggitrice ad aria, 100 pezzi contenitori usa e getta in carta per teglia friggitrice ad aria, accessori fri",https://www.amazon.it/dp/B0F65LDVQS?tag=offertissimes-21,5.73,7.74,26.0,5.73,"Casa, Cucina ed Elettrodomestici","Casa, Cucina ed Elettrodomestici",Carta,B0F65LDVQS,0,40,89
"by Amazon Carta da forno, 30 fogli (42 cm x 38 cm)",https://www.amazon.it/dp/B0CNCN7RW4?tag=offertissimes-21,1.28,1.73,26.0,1.28,"Casa, Cucina ed Elettrodomestici","Casa, Cucina ed Elettrodomestici",by,B0CNCN7RW4,0,40,89
"Lagostina Gustosa Stampo Crostata in Acciaio Antiaderente per Forno, Nero, Diametro 28 cm",https://www.amazon.it/dp/B08Y6VB61K?tag=offertissimes-21,7.3,9.86,26.0,7.3,"Casa, Cucina ed Elettrodomestici","Casa, Cucina ed Elettrodomestici",Lagostina,B08Y6VB61K,0,40,89
"BALLARINI Professionale 3000 Teglia da Forno, 40 x 30 x 3 cm, Ferro, Nero | Made in Italy, Rettangolare, Teglia per Pizza",https://www.amazon.it/dp/B00S977MBQ?tag=offertissimes-21,8.5,11.48,26.0,8.5,"Casa, Cucina ed Elettrodomestici","Casa, Cucina ed Elettrodomestici",BALLARINI,B00S977MBQ,0,40,89
"FRIO - Rotolo Carta Forno 50 metri x 33 cm - Antiaderente per Forno, Microonde e Conservazione - Pronto all'Uso - Ideale per",https://www.amazon.it/dp/B00J0JLRH2?tag=offertissimes-21,4.99,6.74,26.0,4.99,"Casa, Cucina ed Elettrodomestici","Casa, Cucina ed Elettrodomestici",FRIO,B00J0JLRH2,0,40,89
"Avilia Carta Forno per Friggitrice ad Aria Quadrata 20x20 cm, 100 Fogli | Fogli di carta da forno biodegradabili e impermeabi",https://www.amazon.it/dp/B0GP1DSK2M?tag=offertissimes-21,9.9,13.37,26.0,9.9,"Casa, Cucina ed Elettrodomestici","Casa, Cucina ed Elettrodomestici",Avilia,B0GP1DSK2M,0,40,89
Tescoma 623237 Tortiera apribile 1 fondo 18 cm,https://www.amazon.it/dp/B0816VZ7FX?tag=offertissimes-21,5.73,7.74,26.0,5.73,"Casa, Cucina ed Elettrodomestici","Casa, Cucina ed Elettrodomestici",Tescoma,B0816VZ7FX,0,40,89
"GWHOLE Formine Biscotti Halloween in Acciaio Inossidabile, Set da 13 | Tagliabiscotti Anti-Taglio Forme Festive Autunnali per",https://www.amazon.it/dp/B07H7GRYVF?tag=offertissimes-21,8.36,11.29,26.0,8.36,"Casa, Cucina ed Elettrodomestici","Casa, Cucina ed Elettrodomestici",GWHOLE,B07H7GRYVF,0,40,89
"Carehabi sac a Poche USA e Getta, 100 Pezzi Sacchetto per Pasticceria e Getta, per Decorare Torte di Biscotti, Sacchetti per",https://www.amazon.it/dp/B0CSFMJMZK?tag=offertissimes-21,5.73,7.74,26.0,5.73,"Casa, Cucina ed Elettrodomestici","Casa, Cucina ed Elettrodomestici",Carehabi,B0CSFMJMZK,0,40,89
"Set di 9 formine per biscotti a forma di mouse, testa del topo, in acciaio inox, per biscotti, per fondente, per decorazioni",https://www.amazon.it/dp/B0FMJS8T2M?tag=offertissimes-21,8.33,11.25,26.0,8.33,"Casa, Cucina ed Elettrodomestici","Casa, Cucina ed Elettrodomestici",Set,B0FMJS8T2M,0,40,89
EQM- ECO-212 - Decalcificante Macchina Caffè 500ML - Anticalcare Universale | A Base di Acido Citrico - Compatibile con Macch,https://www.amazon.it/dp/B0GKHSBDBB?tag=offertissimes-21,5.3,7.16,26.0,5.3,"Casa, Cucina ed Elettrodomestici","Casa, Cucina ed Elettrodomestici",EQM,B0GKHSBDBB,0,40,89
EQM - ECO-212 - Decalcificante Macchina Caffè 1L - Anticalcare Universale | 100% Origine Naturale - Compatibile con Tutte le,https://www.amazon.it/dp/B0CPH8B2DN?tag=offertissimes-21,7.9,10.67,26.0,7.9,"Casa, Cucina ed Elettrodomestici","Casa, Cucina ed Elettrodomestici",EQM,B0CPH8B2DN,0,40,89
BIALETTI GUARNIZIONE E FILTRO RICAMBIO PER CAFFETTIERA MOKINA 1/2 TAZZA,https://www.amazon.it/dp/B01G96OA5O?tag=offertissimes-21,5.79,7.82,26.0,5.79,"Casa, Cucina ed Elettrodomestici","Casa, Cucina ed Elettrodomestici",BIALETTI,B01G96OA5O,0,40,89
"‎Bialetti ‎0800002 - Set di 3 guarnizioni e 1 portafiltro per modello a 2 tazze, Bianco/Argento",https://www.amazon.it/dp/B01D1CL2BO?tag=offertissimes-21,2.05,2.77,26.0,2.05,"Casa, Cucina ed Elettrodomestici","Casa, Cucina ed Elettrodomestici",Amazon Choice,B01D1CL2BO,0,40,89
"Vicloon Spazzolino per Bottiglie, 12Pezzi Spazzola di Pulizia Set Multiuso Spazzola Bottiglia per Tubo, Tastiera, Provetta, B",https://www.amazon.it/dp/B083WGRLRC?tag=offertissimes-21,6.99,9.44,26.0,6.99,"Casa, Cucina ed Elettrodomestici","Casa, Cucina ed Elettrodomestici",Vicloon,B083WGRLRC,0,40,89
"Bialetti Decalcificante, Accessorio Macchina del Caffè, 250 mL",https://www.amazon.it/dp/B01BMOTUTY?tag=offertissimes-21,9.9,13.37,26.0,9.9,"Casa, Cucina ed Elettrodomestici","Casa, Cucina ed Elettrodomestici",Bialetti,B01BMOTUTY,0,40,89
Tescoma 642773 Oliera in vetro borosilicato con beccuccio dosatore 500 ml,https://www.amazon.it/dp/B00N1TFBHE?tag=offertissimes-21,7.7,10.4,26.0,7.7,"Casa, Cucina ed Elettrodomestici","Casa, Cucina ed Elettrodomestici",Tescoma,B00N1TFBHE,0,40,89
"Legami - Espresso For Two, 2 Tazzine da Caffè in Porcellana New Bone China, Capacità 50 ml, Tema Mum and Dad, Lavabili in Lav",https://www.amazon.it/dp/B0857G5K2T?tag=offertissimes-21,8.16,11.02,26.0,8.16,"Casa, Cucina ed Elettrodomestici","Casa, Cucina ed Elettrodomestici",Legami,B0857G5K2T,0,40,89
"Lagostina Ingenio Smart Mestolo in Silicone con Rivestimento Antigraffio, Impugnatura Ergonomica, a Mano in Plastica, Lavabil",https://www.amazon.it/dp/B084DWN2X4?tag=offertissimes-21,5.73,7.74,26.0,5.73,"Casa, Cucina ed Elettrodomestici","Casa, Cucina ed Elettrodomestici",Lagostina,B084DWN2X4,0,40,89
Candela Profumata Yankee Candle | Witches Brew' Grande Barattolo | Candele a Lunga Durata: fino a 150 Ore | Regali Perfetti p,https://www.amazon.it/dp/B0H3QFHWG4?tag=offertissimes-21,4.02,5.43,26.0,4.02,"Casa, Cucina ed Elettrodomestici","Casa, Cucina ed Elettrodomestici",Candela,B0H3QFHWG4,0,40,89
"VELAMP - Luce Notturna Bambini e Adulti Bianca Naturale 4000K, Luce Notturna da Presa LED con Interruttore ON/OFF Durevole e",https://www.amazon.it/dp/B00RL865YE?tag=offertissimes-21,1.59,2.15,26.0,1.59,"Casa, Cucina ed Elettrodomestici","Casa, Cucina ed Elettrodomestici",VELAMP,B00RL865YE,0,40,89
Ricarica Diffusore per ambienti 1000 ml Camomilla Torino.Italy (arancia e cannella),https://www.amazon.it/dp/B09HNZTCXQ?tag=offertissimes-21,10.9,14.72,26.0,10.9,"Casa, Cucina ed Elettrodomestici","Casa, Cucina ed Elettrodomestici",Ricarica,B09HNZTCXQ,0,40,89
"Ystyle Elasticizzato Coprisedie con Schienale 4 Pezzi, Bianco | Copri Sedie Soggiorno Cucina, Universali Coprisedia Elasticiz",https://www.amazon.it/dp/B0BYHRH89Q?tag=offertissimes-21,5.65,7.63,26.0,5.65,"Casa, Cucina ed Elettrodomestici","Casa, Cucina ed Elettrodomestici",Ystyle,B0BYHRH89Q,0,40,89
"Lampe Berger 115018 Fragranza Cannella Arancia, Liquido, Argento, 7.8 x 5 x 18.5 cm, 500ml",https://www.amazon.it/dp/B004ARGOG8?tag=offertissimes-21,6.99,9.44,26.0,6.99,"Casa, Cucina ed Elettrodomestici","Casa, Cucina ed Elettrodomestici",Lampe,B004ARGOG8,0,40,89
"Proiettore Stelle Soffitto, LED Astronauta Proiettore Stelle Telecomando | 8 Modalità di Nebulosa & 5 Modalità di Luminosità",https://www.amazon.it/dp/B0FGJ8MZVN?tag=offertissimes-21,3.99,5.39,26.0,3.99,"Casa, Cucina ed Elettrodomestici","Casa, Cucina ed Elettrodomestici",Proiettore,B0FGJ8MZVN,0,40,89
"BIC Penne a Sfera Cristal Soft Nero, Punta Media 1,2 mm, Confezione da 10",https://www.amazon.it/dp/B0D9KHD6L2?tag=offertissimes-21,3.76,5.08,26.0,3.76,"Casa, Cucina ed Elettrodomestici","Casa, Cucina ed Elettrodomestici",BIC,B0D9KHD6L2,0,40,89
"Annhao 30 Pezzi Sacchetti er Caramella e Biscotto, Sacchettini di Regalo per Festa, Compleanno, Partito Nozze e Natalizi",https://www.amazon.it/dp/B09H77FG8Q?tag=offertissimes-21,5.99,8.09,26.0,5.99,"Casa, Cucina ed Elettrodomestici","Casa, Cucina ed Elettrodomestici",Annhao,B09H77FG8Q,0,40,89
"Blasetti Album da disegno - Blocco in CARTA RUVIDA, BL4 Formato 24×33 cm, 20 fogli ruvidi senza margine, carta da 200 gr/mq c",https://www.amazon.it/dp/B01N06IXFL?tag=offertissimes-21,7.19,9.71,26.0,7.19,"Casa, Cucina ed Elettrodomestici","Casa, Cucina ed Elettrodomestici",Blasetti,B01N06IXFL,0,40,89
"Alaoo Candele di Compleanno, Blu Candele per Torta di 4° Compleanno | con Fiocchi di Neve Candele Decorazione di Topper Torta",https://www.amazon.it/dp/B0F87SNMLR?tag=offertissimes-21,6.99,9.44,26.0,6.99,"Casa, Cucina ed Elettrodomestici","Casa, Cucina ed Elettrodomestici",Alaoo,B0F87SNMLR,0,40,89
Klangfeiler® Cutter di precisione - 10 Lames - Cutter bisturi carta,https://www.amazon.it/dp/B09L7F2SRS?tag=offertissimes-21,6.99,9.44,26.0,6.99,"Casa, Cucina ed Elettrodomestici","Casa, Cucina ed Elettrodomestici",Klangfeiler,B09L7F2SRS,0,40,89
"Knit Me Amigurumi Velvet Chenille Yarn, Chunky Yarn for Crochet, 50g/55m Super Soft Polyester for Teddies, Plush Toys and Bla",https://www.amazon.it/dp/B0H3PV3N6C?tag=offertissimes-21,2.99,4.04,26.0,2.99,"Casa, Cucina ed Elettrodomestici","Casa, Cucina ed Elettrodomestici",Knit,B0H3PV3N6C,0,40,89
"Pigna, Blocco da Disegno con 4 angoli PignaQuattro, Formato 24x33 cm., 20 Fogli da 220 g/m², Perfetto per Disegni e Schizzi,",https://www.amazon.it/dp/B00KO6AEBU?tag=offertissimes-21,5.33,7.2,26.0,5.33,"Casa, Cucina ed Elettrodomestici","Casa, Cucina ed Elettrodomestici",Pigna,B00KO6AEBU,0,40,89
"Vicloon Adesivi 550+ Adesivi 3D, Puffy Adesivis per Regali Gratificanti Scrapbooking Inclusi Animali, Pesci, Dinosauri, Numer",https://www.amazon.it/dp/B07SL6GN46?tag=offertissimes-21,6.99,9.44,26.0,6.99,"Casa, Cucina ed Elettrodomestici","Casa, Cucina ed Elettrodomestici",Vicloon,B07SL6GN46,0,40,89
"GRIFEMA Soffione Doccia Alta Pressione – 3 Modalità di Spruzzo | 216 Ugelli in Silicone Anticalcare, Design Leggero, Finitura",https://www.amazon.it/dp/B0F9DRM1LM?tag=offertissimes-21,5.73,7.74,26.0,5.73,"Casa, Cucina ed Elettrodomestici","Casa, Cucina ed Elettrodomestici",GRIFEMA,B0F9DRM1LM,0,40,89
"Menz Ganci Adesivi,4 pezzi Appendi Accappatoio Bagno, Acciaio inox, Porta Asciugamani Autoadesivo Robusti, Impermeabili per C",https://www.amazon.it/dp/B0DK1FNKVQ?tag=offertissimes-21,5.99,8.09,26.0,5.99,"Casa, Cucina ed Elettrodomestici","Casa, Cucina ed Elettrodomestici",Menz,B0DK1FNKVQ,0,40,89
"Vinabo Rompigetto Rubinetto M24, 6 Aeratori per Cucina e Bagno | Con 8 Guarnizioni e Chiave, Flusso Antispruzzo con Filtro a",https://www.amazon.it/dp/B0B3RKMHRM?tag=offertissimes-21,5.73,7.74,26.0,5.73,"Casa, Cucina ed Elettrodomestici","Casa, Cucina ed Elettrodomestici",Vinabo,B0B3RKMHRM,0,40,89
"Amazon Basics confezione da 8 batterie AAA NiMH Performance ricaricabili, 800 mAh, 1,2 V, ricaricabili fino a 1000 volte, pre",https://www.amazon.it/dp/B00CWNMXQW?tag=offertissimes-21,8.96,12.1,26.0,8.96,"Elettronica, Accessori e Gadget Smart","Elettronica, Accessori e Gadget Smart",Amazon,B00CWNMXQW,0,40,89
"Amazon Basics Cavo di ricarica rapida da USB-C a USB-C, velocità 480 Mbps, certificato USB-IF, per ricarica rapida Apple iPho",https://www.amazon.it/dp/B01GGKZ2SC?tag=offertissimes-21,6.96,9.4,26.0,6.96,"Elettronica, Accessori e Gadget Smart","Elettronica, Accessori e Gadget Smart",Amazon,B01GGKZ2SC,0,40,89
"PESTON Porta AirTag, Custodie IP67 per Apple AirTag 1ª e 2ª Gen | Protezione AirTag, silicone da 2,5 mm, portachiavi in lega",https://www.amazon.it/dp/B0FPR2BSJW?tag=offertissimes-21,4.99,6.74,26.0,4.99,"Elettronica, Accessori e Gadget Smart","Elettronica, Accessori e Gadget Smart",PESTON,B0FPR2BSJW,0,40,89
"YLK Airtag Collare per Cani, Pet Custodia Protettiva in Silicone per Apple Airtag GPS Finder Porta, Collare per Cani e Gatti,",https://www.amazon.it/dp/B0FCY99VM7?tag=offertissimes-21,6.99,9.44,26.0,6.99,"Elettronica, Accessori e Gadget Smart","Elettronica, Accessori e Gadget Smart",YLK,B0FCY99VM7,0,40,89
"Amazon Basics Custodia per computer portatile fino a 14-Pollici, nero",https://www.amazon.it/dp/B00CD8AFFW?tag=offertissimes-21,9.1,12.29,26.0,9.1,"Elettronica, Accessori e Gadget Smart","Elettronica, Accessori e Gadget Smart",Amazon,B00CD8AFFW,0,40,89
Amazon Basics Mouse ottico nero con USB e 3 pulsanti per Windows e Mac OS X,https://www.amazon.it/dp/B005EJH6RW?tag=offertissimes-21,5.73,7.74,26.0,5.73,"Elettronica, Accessori e Gadget Smart","Elettronica, Accessori e Gadget Smart",Amazon,B005EJH6RW,0,40,89
TP-Link UB500 Chiavetta Bluetooth per PC Adattatore USB 5.4 Nano Wireless | Per Aggiungere la Connessione Wireless a Computer,https://www.amazon.it/dp/B098K3H92Z?tag=offertissimes-21,5.73,7.74,26.0,5.73,"Elettronica, Accessori e Gadget Smart","Elettronica, Accessori e Gadget Smart",TP-Link,B098K3H92Z,0,40,89
"PremiumCord Cavo Patch CAT 6a S/FTP, 10Gbit/s, Cavo Ethernet, LAN, RJ45 Connettori, Flessibile e Robusto, AWG 26/7, Conduttor",https://www.amazon.it/dp/B07NSPNJMF?tag=offertissimes-21,5.73,7.74,26.0,5.73,"Elettronica, Accessori e Gadget Smart","Elettronica, Accessori e Gadget Smart",PremiumCord,B07NSPNJMF,0,40,89
FANTON 87120 Adattatore semplice spina italiana 2P+T 10A presa schuko 2P+T 16A Bianco,https://www.amazon.it/dp/B006JN7UIC?tag=offertissimes-21,2.45,3.31,26.0,2.45,"Elettronica, Accessori e Gadget Smart","Elettronica, Accessori e Gadget Smart",FANTON,B006JN7UIC,0,40,89
"GRIFEMA Adattatore presa USA Tipo A, confezione da 4 | Per spine Tipo L C E F A N, compatibile con prese in USA, Canada, Mess",https://www.amazon.it/dp/B0G4R8FLCJ?tag=offertissimes-21,4.5,6.08,26.0,4.5,"Elettronica, Accessori e Gadget Smart","Elettronica, Accessori e Gadget Smart",GRIFEMA,B0G4R8FLCJ,0,40,89
"FANTON 92000 Prolunga lineare CLOCK 0,5 m. spina italiana SALVASPAZIO ultrapiatta 2P+T 10A - presa italiana 2P+T 10A",https://www.amazon.it/dp/B0CMR2K2SC?tag=offertissimes-21,6.96,9.4,26.0,6.96,"Elettronica, Accessori e Gadget Smart","Elettronica, Accessori e Gadget Smart",FANTON,B0CMR2K2SC,0,40,89
"Electraline 92381 Adattatore Presa 10/16 A, Spina Schuko Adattato per i Viaggi in Germania, Spagna, Portogallo, Austria, Grec",https://www.amazon.it/dp/B08B6D931F?tag=offertissimes-21,5.7,7.7,26.0,5.7,"Elettronica, Accessori e Gadget Smart","Elettronica, Accessori e Gadget Smart",Electraline,B08B6D931F,0,40,89
"Oliveria 4 Adattatori da Viaggio EU to US, Adattatore USA Germania/Europa per America/Canada/Messico, Spina per Dispositivi c",https://www.amazon.it/dp/B0CHVZ6M3V?tag=offertissimes-21,5.99,8.09,26.0,5.99,"Elettronica, Accessori e Gadget Smart","Elettronica, Accessori e Gadget Smart",Oliveria,B0CHVZ6M3V,0,40,89
FANTON 82220 adattatore presa tripla piatta SALVASPAZIO - 1 spina italiana GRANDE 16A 3 prese italiane grandi,https://www.amazon.it/dp/B008907KY2?tag=offertissimes-21,6.39,8.63,26.0,6.39,"Elettronica, Accessori e Gadget Smart","Elettronica, Accessori e Gadget Smart",FANTON,B008907KY2,0,40,89
POLY POOL - PP2635 Prolunga Elettrica con Cavo Elettrico Bianco Estensibile 3 Metri - Spina 10A Salvaspazio e Presa Grande Sc,https://www.amazon.it/dp/B09PGJJV47?tag=offertissimes-21,8.16,11.02,26.0,8.16,"Elettronica, Accessori e Gadget Smart","Elettronica, Accessori e Gadget Smart",POLY,B09PGJJV47,0,40,89
Vimar RI.00315.B adattatore multiplo sfalsato 3 prese univers. spina IT 16A,https://www.amazon.it/dp/B07TTJK7BK?tag=offertissimes-21,6.39,8.63,26.0,6.39,"Elettronica, Accessori e Gadget Smart","Elettronica, Accessori e Gadget Smart",Vimar,B07TTJK7BK,0,40,89
"GRIFEMA Adattatore universale da viaggio a Europa, 2 pezzi | Da mondo a Europa, 4000W, per prese Schuko Tipo C, E, F in Itali",https://www.amazon.it/dp/B0G6Z4W424?tag=offertissimes-21,5.73,7.74,26.0,5.73,"Elettronica, Accessori e Gadget Smart","Elettronica, Accessori e Gadget Smart",GRIFEMA,B0G6Z4W424,0,40,89
Aukru 3x Adattatore Universale da Viaggio Spina Italia Europea a Presa USA/Americana Canada Cina Giappone Messico Canada Nero,https://www.amazon.it/dp/B0130BP5QE?tag=offertissimes-21,4.99,6.74,26.0,4.99,"Elettronica, Accessori e Gadget Smart","Elettronica, Accessori e Gadget Smart",Aukru,B0130BP5QE,0,40,89
Davilis® Telecomando Universale LG per Smart TV LCD QLED LED HDTV 3D 4K Compatibile solo con tutti i Televisori Originali LG,https://www.amazon.it/dp/B0DJM3TKMQ?tag=offertissimes-21,7.9,10.67,26.0,7.9,"Elettronica, Accessori e Gadget Smart","Elettronica, Accessori e Gadget Smart",Davilis,B0DJM3TKMQ,0,40,89
"TCL 55V6C – Smart TV 4K HDR Direct LED da 55"", Google TV con Dolby Audio | Game Master, Motion Clarity, Google Assistant, Com",https://www.amazon.it/dp/B0DV94JCVX?tag=offertissimes-21,5.16,6.97,26.0,5.16,"Elettronica, Accessori e Gadget Smart","Elettronica, Accessori e Gadget Smart",TCL,B0DV94JCVX,0,40,89
"i-ZAP T366 - Decoder Digitale Terrestre 2026 DVB-T2 con Telecomando incluso. Presa HDMI, SCART, USB, ETHERNET",https://www.amazon.it/dp/B09FPRXY36?tag=offertissimes-21,6.99,9.44,26.0,6.99,"Elettronica, Accessori e Gadget Smart","Elettronica, Accessori e Gadget Smart",i-ZAP,B09FPRXY36,0,40,89
"GRIFEMA Porta cellulare auto per bocchette aria, da 4,7 a 7 pollici | Chiusura automatica, rotazione a 360 gradi, adatto anch",https://www.amazon.it/dp/B0F3J3QHD7?tag=offertissimes-21,5.73,7.74,26.0,5.73,"Elettronica, Accessori e Gadget Smart","Elettronica, Accessori e Gadget Smart",GRIFEMA,B0F3J3QHD7,0,40,89
UGREEN 130W Caricatore Auto USB C 3 Porte Accendisigari USB C 100W | Caricabatterie Accendisigari PD QC 3.0 Ricarica Rapida C,https://www.amazon.it/dp/B0B3D9XW8X?tag=offertissimes-21,5.73,7.74,26.0,5.73,"Elettronica, Accessori e Gadget Smart","Elettronica, Accessori e Gadget Smart",UGREEN,B0B3D9XW8X,0,40,89
"NirvanaShape Asciugamano Microfibra | 14 colori | 8 taglie | Asciugatura Rapida, Leggero, Assorbente | Asciugamano da Viaggio",https://www.amazon.it/dp/B082XJHQPC?tag=offertissimes-21,5.99,8.09,26.0,5.99,"Sport, Fitness e Attrezzatura","Sport, Fitness e Attrezzatura",NirvanaShape,B082XJHQPC,0,40,89
"SAFEJAWZ vestibilità Slim Paradenti Sportivo Adulti e Bambini Contatto Completo per Tutti Gli Sport, tra Cui Rugby, MMA, Hock",https://www.amazon.it/dp/B073CWQ6PD?tag=offertissimes-21,9.9,13.37,26.0,9.9,"Sport, Fitness e Attrezzatura","Sport, Fitness e Attrezzatura",SAFEJAWZ,B073CWQ6PD,0,40,89
"IronMaxx 700ml Protein Shaker Sandstone Beige con tappo a vite, setaccio e scala di misurazione, borraccia da palestra a tenu",https://www.amazon.it/dp/B0F6YT7JS5?tag=offertissimes-21,4.9,6.62,26.0,4.9,"Sport, Fitness e Attrezzatura","Sport, Fitness e Attrezzatura",IronMaxx,B0F6YT7JS5,0,40,89
GRIFEMA GA5004 Corda per Saltare Professionale Regolabile – Adulti Bambini,https://www.amazon.it/dp/B0D1QCBPP7?tag=offertissimes-21,5.65,7.63,26.0,5.65,"Sport, Fitness e Attrezzatura","Sport, Fitness e Attrezzatura",GRIFEMA,B0D1QCBPP7,0,40,89
"Joma T-Shirt Sportiva da Uomo, 6XS - 3XL - Leggera e Traspirante, Ottimale per la Corsa e fitness - Combi",https://www.amazon.it/dp/B00J28D3DW?tag=offertissimes-21,5.73,7.74,26.0,5.73,"Sport, Fitness e Attrezzatura","Sport, Fitness e Attrezzatura",Joma,B00J28D3DW,0,40,89
"YIPFEN Guanti Biliardo 4 Pezzi, 3 Dite Anatomici Nero - Tessuto Elastico Antiscivolo per Stabilire Impugnatura Sicura e Preci",https://www.amazon.it/dp/B0H7XM9CWC?tag=offertissimes-21,6.99,9.44,26.0,6.99,"Sport, Fitness e Attrezzatura","Sport, Fitness e Attrezzatura",YIPFEN,B0H7XM9CWC,0,40,89
"PULCINELLI Copertura per Tavolo da Biliardino, Telo Copri Calcio Balilla | Copertura Biliardino Impermeabile Anti-UV/Antipolv",https://www.amazon.it/dp/B0H3LLGPR5?tag=offertissimes-21,4.99,6.74,26.0,4.99,"Sport, Fitness e Attrezzatura","Sport, Fitness e Attrezzatura",PULCINELLI,B0H3LLGPR5,0,40,89
"EUYKQNOI 1 Confezione Pool Cue Bag,Stecca da Biliardo Borsa,Borsa per Stecca da Biliardo,Portatile per Stecche da Biliardo Bo",https://www.amazon.it/dp/B0F1KQ8YSD?tag=offertissimes-21,7.76,10.48,26.0,7.76,"Sport, Fitness e Attrezzatura","Sport, Fitness e Attrezzatura",EUYKQNOI,B0F1KQ8YSD,0,40,89
Pharmakas Grasso Cuoio 500ml 0,https://www.amazon.it/dp/B0D6R7NHH8?tag=offertissimes-21,8.1,10.94,26.0,8.1,"Sport, Fitness e Attrezzatura","Sport, Fitness e Attrezzatura",Pharmakas,B0D6R7NHH8,0,40,89
Kit di ricambio in gomma – Quattro nastri di ricambio per palette e paddle,https://www.amazon.it/dp/B0815SCT2X?tag=offertissimes-21,4.99,6.74,26.0,4.99,"Sport, Fitness e Attrezzatura","Sport, Fitness e Attrezzatura",Kit,B0815SCT2X,0,40,89
"O'NEILL Cinghia di trasporto portatile per kayak, tavola da surf, paddleboard, canoa, SUP, tracolla regolabile in nylon, colo",https://www.amazon.it/dp/B094YP1WJ6?tag=offertissimes-21,7.39,9.98,26.0,7.39,"Sport, Fitness e Attrezzatura","Sport, Fitness e Attrezzatura",O'NEILL,B094YP1WJ6,0,40,89
"PETTI Artigiani Italiani - Coppia di Federe Cuscino 40x40 cm in Microfibra, Cuscini Arredo Camera da Letto, Divano, Set 2 Fod",https://www.amazon.it/dp/B0GVZD39LK?tag=offertissimes-21,7.3,9.86,26.0,7.3,"Sport, Fitness e Attrezzatura","Sport, Fitness e Attrezzatura",PETTI,B0GVZD39LK,0,40,89
Wilson MVP Basketball Brown,https://www.amazon.it/dp/B0DYL1RBWT?tag=offertissimes-21,6.56,8.86,26.0,6.56,"Sport, Fitness e Attrezzatura","Sport, Fitness e Attrezzatura",Wilson,B0DYL1RBWT,0,40,89
adidas Unisex - Adulto Milano 23 Socks,https://www.amazon.it/dp/B0B42FQ6Q4?tag=offertissimes-21,7.3,9.86,26.0,7.3,"Sport, Fitness e Attrezzatura","Sport, Fitness e Attrezzatura",adidas,B0B42FQ6Q4,0,40,89
"arena Classic Silicone Junior Cuffia Unisex in Silicone, Cuffia Piscina Bambino e Bambina, Cuffia Nuoto con Bordo Rinforzato,",https://www.amazon.it/dp/B00B4RPHXI?tag=offertissimes-21,5.73,7.74,26.0,5.73,"Sport, Fitness e Attrezzatura","Sport, Fitness e Attrezzatura",arena,B00B4RPHXI,0,40,89
"Amazon Basics, Occhialini da nuoto per adulti, unisex,",https://www.amazon.it/dp/B08ZFPC6DD?tag=offertissimes-21,6.93,9.36,26.0,6.93,"Sport, Fitness e Attrezzatura","Sport, Fitness e Attrezzatura",Amazon,B08ZFPC6DD,0,40,89
"Amazon Basics Asciugamani Rinfrescanti da Palestra per Collo e Viso, Ideali per l'Allenamento, 102 cm x 31 cm, Confezione da",https://www.amazon.it/dp/B0DP4CYN9Z?tag=offertissimes-21,8.93,12.06,26.0,8.93,"Sport, Fitness e Attrezzatura","Sport, Fitness e Attrezzatura",Amazon,B0DP4CYN9Z,0,40,89
"CRESSI Dry Ear Plugs - Tappi per Orecchie in Silicone, Ideali per Impedire l’Ingresso dell’Acqua durante il Nuoto, Taglia Uni",https://www.amazon.it/dp/B0DXFBHBGR?tag=offertissimes-21,5.73,7.74,26.0,5.73,"Sport, Fitness e Attrezzatura","Sport, Fitness e Attrezzatura",CRESSI,B0DXFBHBGR,0,40,89
"Magazzini GM Olio per Armi, Lubrificante Protettivo Spray per Fucili e Pistole, previene la ruggine, elimina i residui carbon",https://www.amazon.it/dp/B0C38YWY7C?tag=offertissimes-21,10.5,14.18,26.0,10.5,"Sport, Fitness e Attrezzatura","Sport, Fitness e Attrezzatura",Magazzini,B0C38YWY7C,0,40,89
TRIXIE Wild Cat tiragraffi per gatti in cartone ondulato – 41 × 24 × 7 cm | Con erba gatta – Soddisfa l'istinto di graffiare,https://www.amazon.it/dp/B0160VM4LU?tag=offertissimes-21,4.99,6.74,26.0,4.99,Animali Domestici (Pet Care),Animali Domestici (Pet Care),TRIXIE,B0160VM4LU,1,40,89
"Orphea, Gel Dopopuntura, Safari Formula, con Applicatore di Roll on, Azione Immediata Contro Punture Di Zanzare, Vespe e medu",https://www.amazon.it/dp/B00NDRV4BQ?tag=offertissimes-21,4.13,5.58,26.0,4.13,Animali Domestici (Pet Care),Animali Domestici (Pet Care),Orphea,B00NDRV4BQ,1,40,89
"Formicaio a T big sabbia naturale (acrilico) con formiche Gratis, da 20 a 30 operai.",https://www.amazon.it/dp/B08NWF2KFT?tag=offertissimes-21,6.99,9.44,26.0,6.99,Animali Domestici (Pet Care),Animali Domestici (Pet Care),Formicaio,B08NWF2KFT,1,40,89
Insect Habitat Gabbia Insetto stecco Gabbia Insetti Caterpillar Casa netto insetto gabbia della maglia del terrario per fluss,https://www.amazon.it/dp/B092DQRGTH?tag=offertissimes-21,4.19,5.66,26.0,4.19,Animali Domestici (Pet Care),Animali Domestici (Pet Care),Insect,B092DQRGTH,1,40,89
"Amtra Care - Biocondizionatore acquario dolce, rende subito sicura l'acqua di rubinetto per i pesci, elimina cloro e metalli",https://www.amazon.it/dp/B001N128RS?tag=offertissimes-21,3.68,4.97,26.0,3.68,Animali Domestici (Pet Care),Animali Domestici (Pet Care),Amtra,B001N128RS,1,40,89
"Foglie di Catappa Acquario 8-12 cm - Mandorlo 10 pz | Foglie di catappa con sostanze umiche, condizionano l'acqua dolce, adat",https://www.amazon.it/dp/B0CCPF9QJP?tag=offertissimes-21,6.9,9.32,26.0,6.9,Animali Domestici (Pet Care),Animali Domestici (Pet Care),Foglie,B0CCPF9QJP,1,40,89
"Haquoss Tablet Mix Mangime in Pastiglie affondanti per Pesci Pulitori da Fondo e Vetro, 100 ml/36 gr",https://www.amazon.it/dp/B01CR7FFLW?tag=offertissimes-21,2.99,4.04,26.0,2.99,Animali Domestici (Pet Care),Animali Domestici (Pet Care),Haquoss,B01CR7FFLW,1,40,89
Tetra Anelli Ceramici 400/600/700/800/1200/2400-982 gr,https://www.amazon.it/dp/B000LXWV8A?tag=offertissimes-21,7.53,10.17,26.0,7.53,Animali Domestici (Pet Care),Animali Domestici (Pet Care),Tetra,B000LXWV8A,1,40,89
"Amtra Quarzo bianco Avorio - Sabbia per acquari al quarzo bianco fine, per acqua dolce o salata, grani 1-3mm, Quantità 5 kg",https://www.amazon.it/dp/B00ZGKXV5A?tag=offertissimes-21,6.22,8.4,26.0,6.22,Animali Domestici (Pet Care),Animali Domestici (Pet Care),Amtra,B00ZGKXV5A,1,40,89
"Vitakraft Kräcker Mix, snack uccelli, per pappagallini ondulati, bastoncini da masticare, con erbe aromatiche e peperone, con",https://www.amazon.it/dp/B007HUD6KC?tag=offertissimes-21,1.99,2.69,26.0,1.99,Animali Domestici (Pet Care),Animali Domestici (Pet Care),Vitakraft,B007HUD6KC,1,40,89
"Vitakraft Menü, alimento completo per grandi parrocchetti, con cereali e noci, confezione grande, senza zuccheri aggiunti (1x",https://www.amazon.it/dp/B001LEO0U0?tag=offertissimes-21,11.3,15.26,26.0,11.3,Animali Domestici (Pet Care),Animali Domestici (Pet Care),Vitakraft,B001LEO0U0,1,40,89
Padovan Grandmix Pappagalli - Alimento Completo per pappagalli - Miscela di Semi e cerali con Frutta - 2 kg,https://www.amazon.it/dp/B077MJJ64H?tag=offertissimes-21,9.5,12.83,26.0,9.5,Animali Domestici (Pet Care),Animali Domestici (Pet Care),Padovan,B077MJJ64H,1,40,89
"Leikedun Copertura per Gabbia Uccelli, Rete Gabbia per Uccelli | Gonna Gabbia per Uccelli Estensibili Copertura per Gabbia in",https://www.amazon.it/dp/B0BW5852XV?tag=offertissimes-21,7.9,10.67,26.0,7.9,Animali Domestici (Pet Care),Animali Domestici (Pet Care),Leikedun,B0BW5852XV,1,40,89
"Vitakraft Kräcker Mix, snack uccelli, bastoncini da sgranocchiare, con uovo e semi da prato, con albicocca e fico, con miele",https://www.amazon.it/dp/B007HUD82I?tag=offertissimes-21,2.65,3.58,26.0,2.65,Animali Domestici (Pet Care),Animali Domestici (Pet Care),Vitakraft,B007HUD82I,1,40,89
JR FARM Birds Individual Agapornide 1 kg,https://www.amazon.it/dp/B001N00IKS?tag=offertissimes-21,6.79,9.17,26.0,6.79,Animali Domestici (Pet Care),Animali Domestici (Pet Care),JR,B001N00IKS,1,40,89
"Dexpally Set di 9 Giochi per Pappagalli, Giocattoli per Pappagalli in Legno Naturale, con Altalena, Scala e Campanella, per G",https://www.amazon.it/dp/B0GTVLMMZG?tag=offertissimes-21,6.99,9.44,26.0,6.99,Animali Domestici (Pet Care),Animali Domestici (Pet Care),Dexpally,B0GTVLMMZG,1,40,89
"Trixie Bamboo Exotic Nest, 12 x 15 cm",https://www.amazon.it/dp/B000WFLACA?tag=offertissimes-21,4.99,6.74,26.0,4.99,Animali Domestici (Pet Care),Animali Domestici (Pet Care),Trixie,B000WFLACA,1,40,89
Sera Reptil Coco Soil - Humus terrario in Fibra di Cocco per terrari umidi,https://www.amazon.it/dp/B004BZC6PM?tag=offertissimes-21,4.48,6.05,26.0,4.48,Animali Domestici (Pet Care),Animali Domestici (Pet Care),Sera,B004BZC6PM,1,40,89
Tetra Tortoise 500 ml - Mangime di Base per Tartarughe di Terra,https://www.amazon.it/dp/B000LY0T88?tag=offertissimes-21,10.9,14.72,26.0,10.9,Animali Domestici (Pet Care),Animali Domestici (Pet Care),Tetra,B000LY0T88,1,40,89
"Haquoss Gammarus Mangime Naturale in Gamberetti Essiccati per Tartarughe Acquatiche, 100 ml/10 gr",https://www.amazon.it/dp/B01DUOBOTI?tag=offertissimes-21,2.99,4.04,26.0,2.99,Animali Domestici (Pet Care),Animali Domestici (Pet Care),Haquoss,B01DUOBOTI,1,40,89
PT-3550 OSSO DI SEPPIA,https://www.amazon.it/dp/B002YPZDBK?tag=offertissimes-21,5.82,7.86,26.0,5.82,Animali Domestici (Pet Care),Animali Domestici (Pet Care),PT-3550,B002YPZDBK,1,40,89
ARCELI 2-in-1 LCD digitale con termometro e igrometro integrato per incubatrice per pollame rettile - Bianco,https://www.amazon.it/dp/B0785S59H1?tag=offertissimes-21,5.99,8.09,26.0,5.99,Animali Domestici (Pet Care),Animali Domestici (Pet Care),ARCELI,B0785S59H1,1,40,89
Ferplast Accessori roditori Ferplast FPU 4630 nido in fibra cotone naturale criceti (Confezione da 2),https://www.amazon.it/dp/B0G53JGW7B?tag=offertissimes-21,5.3,7.16,26.0,5.3,Animali Domestici (Pet Care),Animali Domestici (Pet Care),Ferplast,B0G53JGW7B,1,40,89
"Il Contadino - Antichi Becchimi | CARTAMO AD USO ZOOTECNICO | Essenza di semi Selezionati e Super Ventilati, No OGM, 100% Veg",https://www.amazon.it/dp/B09MFWN1RN?tag=offertissimes-21,3.1,4.19,26.0,3.1,Animali Domestici (Pet Care),Animali Domestici (Pet Care),Il,B09MFWN1RN,1,40,89
"Diboniur Siringa per Lavaggi Nasali Bambini, 4 Pezzi 10 ml, Silicone | Punte morbide e removibili, formato compatto da 12 cm,",https://www.amazon.it/dp/B0H97RY6CQ?tag=offertissimes-21,5.99,8.09,26.0,5.99,Prima Infanzia e Maternità,Prima Infanzia e Maternità,Diboniur,B0H97RY6CQ,1,40,89
"Chicco Spugna Ultra Assorbente, Spugnetta Neonato Bagnetto, Spugna Morbida e Delicata per Pelli Sensibili, Spugnetta Bambini,",https://www.amazon.it/dp/B01C23EFEO?tag=offertissimes-21,5.65,7.63,26.0,5.65,Prima Infanzia e Maternità,Prima Infanzia e Maternità,Chicco,B01C23EFEO,1,40,89
"Johnson's Baby Bagno Dolci Notti Bagnoschiuma Neonato e Bambino, 500 ml | Detergente bambini rilassante, Aiuta a dormire megl",https://www.amazon.it/dp/B08439GYDG?tag=offertissimes-21,2.42,3.27,26.0,2.42,Prima Infanzia e Maternità,Prima Infanzia e Maternità,Johnson's,B08439GYDG,1,40,89
"Teli cambio LILLYDOO, 60x60 cm, 10 pz, extra morbidi | Delicati sulla pelle, 0% profumi e lozioni e dermatologicamente testat",https://www.amazon.it/dp/B0FK5MB85P?tag=offertissimes-21,5.5,7.43,26.0,5.5,Prima Infanzia e Maternità,Prima Infanzia e Maternità,Teli,B0FK5MB85P,1,40,89
"Neutro Roberts, Cotoncini Box Salva Igiene, 100 Pezzi | Cotton Fioc Morbidi con Astina in Cartoncino, Ideali per Bambini",https://www.amazon.it/dp/B00X83P4FM?tag=offertissimes-21,1.14,1.54,26.0,1.14,Prima Infanzia e Maternità,Prima Infanzia e Maternità,Neutro,B00X83P4FM,1,40,89
"Euphidra - AmidoMio Pasta Barriera, Azione Protettiva e Lenitiva con Amido di Riso 100% da agricoltura biologica, Indicato pe",https://www.amazon.it/dp/B01MT7SMZN?tag=offertissimes-21,8.9,12.02,26.0,8.9,Prima Infanzia e Maternità,Prima Infanzia e Maternità,Euphidra,B01MT7SMZN,1,40,89
"Johnson's Kids Balsamo Spray Forti & Lucenti Senza Risciacquo, 200 ml | Leave in conditioner per bambini, Per tutti i tipi di",https://www.amazon.it/dp/B07439SVFT?tag=offertissimes-21,3.59,4.85,26.0,3.59,Prima Infanzia e Maternità,Prima Infanzia e Maternità,Johnson's,B07439SVFT,1,40,89
"2 Pezzi Irrigatore Nasale, 10 ml Aspiratore Nasale, Nasale Bambino Neonato, Sicuro e Delicato Nasale, Riutilizzabile Aspirato",https://www.amazon.it/dp/B09FF6TBMW?tag=offertissimes-21,5.99,8.09,26.0,5.99,Prima Infanzia e Maternità,Prima Infanzia e Maternità,2,B09FF6TBMW,1,40,89
"Pic Solution – Siringhe per lavaggio nasale con beccuccio in silicone morbido, adatte a bambini dai 4 mesi e adulti, la confe",https://www.amazon.it/dp/B0DTPYRX23?tag=offertissimes-21,5.45,7.36,26.0,5.45,Prima Infanzia e Maternità,Prima Infanzia e Maternità,Pic,B0DTPYRX23,1,40,89
"Chilly, Salviettine Intime Fresco, 12 Salviettine | Igiene Intima, Azione Protettiva con Mentolo, Uso Quotidiano, pH 5, Clini",https://www.amazon.it/dp/B07ZPLM82Q?tag=offertissimes-21,1.79,2.42,26.0,1.79,Prima Infanzia e Maternità,Prima Infanzia e Maternità,Chilly,B07ZPLM82Q,1,40,89
"Babylino Safe Nights Boy, Mutandina Assorbente per la Notte per Bambino 4-7 anni (17-30kg), 14 Unità",https://www.amazon.it/dp/B0CTS5Z7W2?tag=offertissimes-21,8.1,10.94,26.0,8.1,Prima Infanzia e Maternità,Prima Infanzia e Maternità,Babylino,B0CTS5Z7W2,1,40,89
"Grupo Erik Album Fotografico 10x15 cm Wanderlust | Album Foto con 96 Tasche | 3 Foto per Pagina, Copertina Flessibile",https://www.amazon.it/dp/B0DVT3NGMD?tag=offertissimes-21,3.11,4.2,26.0,3.11,Prima Infanzia e Maternità,Prima Infanzia e Maternità,Grupo,B0DVT3NGMD,1,40,89
12 Bustine Corredino Neonato Ospedale Inodore e Ultra Resistenti utili anche per Asilo Regalo Nascita per Maschio e Femmina,https://www.amazon.it/dp/B0CQRQ1GVD?tag=offertissimes-21,6.99,9.44,26.0,6.99,Prima Infanzia e Maternità,Prima Infanzia e Maternità,12,B0CQRQ1GVD,1,40,89
"Philips Avent Coppette assorbilatte monouso – Nucleo a triplo strato, a prova di perdite, texture morbida a nido d’ape, ultra",https://www.amazon.it/dp/B0788CC2Y1?tag=offertissimes-21,6.96,9.4,26.0,6.96,Prima Infanzia e Maternità,Prima Infanzia e Maternità,Philips,B0788CC2Y1,1,40,89
Suavinex Detersivo Specifico Per Biberon E Tettarelle - 500 Ml | Con Enzimi Naturali,https://www.amazon.it/dp/B01M67WLIB?tag=offertissimes-21,6.99,9.44,26.0,6.99,Prima Infanzia e Maternità,Prima Infanzia e Maternità,Suavinex,B01M67WLIB,1,40,89
Plasmon Paff Carota e Pomodoro 15g (5 Pezzi),https://www.amazon.it/dp/B087XL89TM?tag=offertissimes-21,5.45,7.36,26.0,5.45,Prima Infanzia e Maternità,Prima Infanzia e Maternità,Plasmon,B087XL89TM,1,40,89
"medicube Toner Pads Zero Pore Pad 2.0 | Toner Pads Doppia Texture per Esfoliazione & Pori con 4,5% AHA & 0,45% BHA, Tutti Tip",https://www.amazon.it/dp/B09V7Z4TJG?tag=offertissimes-21,31.86,43.01,25.9,31.86,Bellezza e Cura della Persona,Bellezza e Cura della Persona,medicube,B09V7Z4TJG,1,40,88
medicube PDRN Pink Peptide Serum with Salmon DNA | Siero con Peptidi e Niacinamide per Idratazione e Pelle dall'Aspetto Più C,https://www.amazon.it/dp/B0DBF65JYY?tag=offertissimes-21,32.56,43.96,25.9,32.56,Bellezza e Cura della Persona,Bellezza e Cura della Persona,medicube,B0DBF65JYY,1,40,88
"medicube Jelly Cream with Collagen, Niacinamide | Crema Viso con Collagene Idrolizzato, Effetto Idratazione & Glow 24 Ore, Pe",https://www.amazon.it/dp/B0CM2PPNMW?tag=offertissimes-21,22.95,30.98,25.9,22.95,Bellezza e Cura della Persona,Bellezza e Cura della Persona,medicube,B0CM2PPNMW,1,40,88
"medicube Capsule Cream with Deep Vitamin C | Crema con Capsule di Vitamina C, Luminosità e Pelle dall'Aspetto Più Uniforme, G",https://www.amazon.it/dp/B0D2Z3GGCY?tag=offertissimes-21,33.25,44.89,25.9,33.25,Bellezza e Cura della Persona,Bellezza e Cura della Persona,medicube,B0D2Z3GGCY,1,40,88
"BIODANCE Patch Occhi al Collagene e Peptidi, Trattamento Antirughe per Contorno Occhi e Linee del Sorriso, Maschera Occhi per",https://www.amazon.it/dp/B0GD6R7CFJ?tag=offertissimes-21,23.99,32.39,25.9,23.99,Bellezza e Cura della Persona,Bellezza e Cura della Persona,BIODANCE,B0GD6R7CFJ,1,40,88
"BIODANCE Bio-Collagen Real Deep Mask, Maschera Viso Notturna in Idrogel, Idratante e Rimpolpante, Minimizza i Pori e Migliora",https://www.amazon.it/dp/B0B2RM68G2?tag=offertissimes-21,12.9,17.42,25.9,12.9,Bellezza e Cura della Persona,Bellezza e Cura della Persona,BIODANCE,B0B2RM68G2,1,40,88
"medicube Eye Serum with Salmon DNA PDRN & Pink Peptides | Retinolo al 99% per Linee Sottili, PDRN e Niacinamide per Tono dell",https://www.amazon.it/dp/B0DWMSM6Y9?tag=offertissimes-21,13.8,18.63,25.9,13.8,Bellezza e Cura della Persona,Bellezza e Cura della Persona,medicube,B0DWMSM6Y9,1,40,88
"medicube PDRN Pink Collagen Volume Multi Balm Stick | PDRN, NAD e Collagene, Balsamo Multiuso Stick per Viso, Occhi & Collo,",https://www.amazon.it/dp/B0GHMZXX8Y?tag=offertissimes-21,20.79,28.07,25.9,20.79,Bellezza e Cura della Persona,Bellezza e Cura della Persona,medicube,B0GHMZXX8Y,1,40,88
"Maybelline New York Correttore Multi-Uso, Idratante e con Coprenza Modulabile, Imperfezioni e Occhiaie Coperte, Con Bacche di",https://www.amazon.it/dp/B00NPXEEC4?tag=offertissimes-21,5.95,8.03,25.9,5.95,Bellezza e Cura della Persona,Bellezza e Cura della Persona,Maybelline,B00NPXEEC4,1,40,88
"medicube Wrapping Mask Collagen Overnight Peel Off Facial Mask | Idrata & Rassoda, Aiuta a Migliorare Tonicità e Luminosità d",https://www.amazon.it/dp/B0BRMYHMS5?tag=offertissimes-21,30.66,41.39,25.9,30.66,Bellezza e Cura della Persona,Bellezza e Cura della Persona,medicube,B0BRMYHMS5,1,40,88
"medicube Zero Pore Blackhead Mud Facial Mask | Maschera all'Argilla Coreanaz Rinfrescante, Restringe i Pori, Formula Rapida 3",https://www.amazon.it/dp/B0D1G7XF9X?tag=offertissimes-21,33.2,44.82,25.9,33.2,Bellezza e Cura della Persona,Bellezza e Cura della Persona,medicube,B0D1G7XF9X,1,40,88
"celimax The Vita A Retinal Shot Tightening Booster, 15ml | 0,1% Retinal, 3% Matryxyl, Retinoide ad Alta Potenza, Anti-Età, Mi",https://www.amazon.it/dp/B0DK4Y2YP3?tag=offertissimes-21,18.99,25.64,25.9,18.99,Bellezza e Cura della Persona,Bellezza e Cura della Persona,celimax,B0DK4Y2YP3,1,40,88
"L'Oréal Paris Crema Viso Giorno Revitalift Laser, Per Tutti i Tipi di Pelle, Azione Antirughe e Anti-Età, Pelle più Soda e To",https://www.amazon.it/dp/B0FDKZ5Z6Z?tag=offertissimes-21,8.02,10.83,25.9,8.02,Bellezza e Cura della Persona,Bellezza e Cura della Persona,L',B0FDKZ5Z6Z,1,40,88
"medicube Jelly Gel Mask with Salmon DNA PDRN Pink Collagen | Maschera Viso Notturna per Effetto Glass Skin, Elasticità, Idrat",https://www.amazon.it/dp/B0DGTMR754?tag=offertissimes-21,29.95,40.43,25.9,29.95,Bellezza e Cura della Persona,Bellezza e Cura della Persona,medicube,B0DGTMR754,1,40,88
"Rimmel London Lasting Finish 1000 Kisses Matita Labbra, Lunga Durata e Colore Intenso, 705 Cappuccino, 1.2 g",https://www.amazon.it/dp/B08CFSS35N?tag=offertissimes-21,5.94,8.02,25.9,5.94,Bellezza e Cura della Persona,Bellezza e Cura della Persona,Rimmel,B08CFSS35N,1,40,88
"L'Oréal Paris Spray Fissante per il Make-Up, No Transfer, Ad Asciugatura Rapida, Tenuta Look Fino a 36H, A Prova di Sudore e",https://www.amazon.it/dp/B0CGMBM6D4?tag=offertissimes-21,17.32,23.38,25.9,17.32,Bellezza e Cura della Persona,Bellezza e Cura della Persona,L',B0CGMBM6D4,1,40,88
"medicube Facial Cleanser Zero Foam Cleanser for Pore & Excess Oil Care | Detergente Viso Delicato, Controllo del Sebo, Idrata",https://www.amazon.it/dp/B09C1B7BH5?tag=offertissimes-21,25.0,33.75,25.9,25.0,Bellezza e Cura della Persona,Bellezza e Cura della Persona,medicube,B09C1B7BH5,1,40,88
"medicube Triple Collagen Cream | Crema Idratante con Acido Ialuronico & Burro di Karité, Effetto Rassodante contro Segni Del",https://www.amazon.it/dp/B0BPXT3GBN?tag=offertissimes-21,31.95,43.13,25.9,31.95,Bellezza e Cura della Persona,Bellezza e Cura della Persona,medicube,B0BPXT3GBN,1,40,88
"Mixa Urea Cica Repair+ Crema Corpo Rigenerante per Pelle Secca, 400 ml | Pelle Idratata e Lenita per 48H, Barriera Cutanea Ri",https://www.amazon.it/dp/B0D45KJ86P?tag=offertissimes-21,5.66,7.64,25.9,5.66,Bellezza e Cura della Persona,Bellezza e Cura della Persona,Mixa,B0D45KJ86P,1,40,88
"Maybelline New York Mascara Ciglia Sensazionali Sky High, Volume Intenso e Lunghezza Senza Limiti, Ciglia Leggere, Definisce,",https://www.amazon.it/dp/B08P4YPB8Q?tag=offertissimes-21,8.85,11.95,25.9,8.85,Bellezza e Cura della Persona,Bellezza e Cura della Persona,Maybelline,B08P4YPB8Q,1,40,88
"medicube Body Peel Shot with Hypochlorous Acid | Siero Esfoliante Delicato Corpo, Esfolia Cellule Morte & Leviga Pelle Ruvida",https://www.amazon.it/dp/B0FPCC599C?tag=offertissimes-21,21.9,29.57,25.9,21.9,Bellezza e Cura della Persona,Bellezza e Cura della Persona,medicube,B0FPCC599C,1,40,88
"celimax The Vita-A Retinal Shot Tightening Dual Cream, 50ml | 0,05% Retinal, 3% Matryxyl, 5% Pantenolo, Retinoide ad Alta Pot",https://www.amazon.it/dp/B0GS97T2MV?tag=offertissimes-21,27.0,36.45,25.9,27.0,Bellezza e Cura della Persona,Bellezza e Cura della Persona,celimax,B0GS97T2MV,1,40,88
"Remington Asciugacapelli 2200W - Leggero e Potente - Funzione Ionica per risultati ottimi, 3 livelli di riscaldamento, 2 live",https://www.amazon.it/dp/B08DJ18C85?tag=offertissimes-21,24.58,33.18,25.9,24.58,Bellezza e Cura della Persona,Bellezza e Cura della Persona,Remington,B08DJ18C85,1,40,88
"medicube Exosome Shot Zero 7,500 PPM Spicule Facial Serum | Siero Booster Liquido, Esosomi, AHA+BHA+PHA, Cura dei Pori, Cellu",https://www.amazon.it/dp/B0D137TMRB?tag=offertissimes-21,30.03,40.54,25.9,30.03,Bellezza e Cura della Persona,Bellezza e Cura della Persona,medicube,B0D137TMRB,1,40,88
"L'Oréal Paris Spray Ritocco Perfetto, Spray Istantaneo per Radici e Capelli Bianchi, Durata fino a 1 Shampoo, Colore: Bruno,",https://www.amazon.it/dp/B01D3TK70M?tag=offertissimes-21,7.42,10.02,25.9,7.42,Bellezza e Cura della Persona,Bellezza e Cura della Persona,L',B01D3TK70M,1,40,88
"Maybelline New York Mascara Ciglia Sensazionali, Volumizzante, Effetto Ventaglio sulle Ciglia, Very Black, 9,5 ml",https://www.amazon.it/dp/B00PFCSXD4?tag=offertissimes-21,8.0,10.8,25.9,8.0,Bellezza e Cura della Persona,Bellezza e Cura della Persona,Maybelline,B00PFCSXD4,1,40,88
Caffè Borbone Respresso Miscela Nera - 100 Capsule Compatibili Nespresso®*,https://www.amazon.it/dp/B01L01ES3M?tag=offertissimes-21,21.01,28.36,25.9,21.01,"Alimentari, Caffè e Bevande","Alimentari, Caffè e Bevande",Amazon Choice,B01L01ES3M,1,40,88
"Caffè Borbone Cialda Compostabile, Miscela Blu - 150 Cialde - Sistema ESE",https://www.amazon.it/dp/B01N1NR31G?tag=offertissimes-21,28.15,38.0,25.9,28.15,"Alimentari, Caffè e Bevande","Alimentari, Caffè e Bevande",Amazon Choice,B01N1NR31G,1,40,88
"Caffè Borbone Don Carlo, Miscela Rossa - 100 Capsule - Compatibili con le Macchine ad uso domestico Lavazza* A Modo Mio*",https://www.amazon.it/dp/B01BBW9Q46?tag=offertissimes-21,22.03,29.74,25.9,22.03,"Alimentari, Caffè e Bevande","Alimentari, Caffè e Bevande",Amazon Choice,B01BBW9Q46,1,40,88
Caffè Borbone Miscela Mia Napoli - 100 Capsule ALLUMINIO (10 confezioni da 10) - Compatibili con le Macchine ad uso domestico,https://www.amazon.it/dp/B09YMR4DV3?tag=offertissimes-21,22.85,30.85,25.9,22.85,"Alimentari, Caffè e Bevande","Alimentari, Caffè e Bevande",Amazon Choice,B09YMR4DV3,1,40,88
Caffè Borbone Miscela Blu - 90 capsule - Compatibili con le Macchine a marchio Nescafè®* Dolce Gusto®*,https://www.amazon.it/dp/B07MJTXDLR?tag=offertissimes-21,20.59,27.8,25.9,20.59,"Alimentari, Caffè e Bevande","Alimentari, Caffè e Bevande",Amazon Choice,B07MJTXDLR,1,40,88
"Lavazza, A Modo Mio Crema e Gusto Risveglio Classico, 90 Capsule Caffè | con Note di Cioccolato e Frutta Secca, Arabica e Rob",https://www.amazon.it/dp/B0FV3M6TD8?tag=offertissimes-21,27.48,37.1,25.9,27.48,"Alimentari, Caffè e Bevande","Alimentari, Caffè e Bevande",Lavazza,B0FV3M6TD8,1,40,88
"Kimbo 100 Cialde Caffè Compostabili ESE, Macinato Fresco | 1 Confezione da 100 Cialde, Intensità 11/13, Tostatura Scura",https://www.amazon.it/dp/B0BWNHHMTJ?tag=offertissimes-21,16.99,22.94,25.9,16.99,"Alimentari, Caffè e Bevande","Alimentari, Caffè e Bevande",Kimbo,B0BWNHHMTJ,1,40,88
"Caffè Vergnano 1882 - Capsule Compatibili Nespresso, Cremoso | Pack da 100 Capsule",https://www.amazon.it/dp/B072LDF7XL?tag=offertissimes-21,28.46,38.42,25.9,28.46,"Alimentari, Caffè e Bevande","Alimentari, Caffè e Bevande",Amazon Choice,B072LDF7XL,1,40,88
"NESCAFÉ DOLCE GUSTO Espresso Napoli Caffè 96 Capsule | Caffè espresso forte, intensità 13. Caffè torrefatto e macinato. 96 Ca",https://www.amazon.it/dp/B07MZYR3TY?tag=offertissimes-21,28.2,38.07,25.9,28.2,"Alimentari, Caffè e Bevande","Alimentari, Caffè e Bevande",Amazon Choice,B07MZYR3TY,1,40,88
"NESCAFÉ DOLCE GUSTO Espresso Barista Caffè 96 Capsule | Caffè espresso denso e cremoso, intensità 9. Caffè torrefatto e macin",https://www.amazon.it/dp/B00C7N1TQW?tag=offertissimes-21,23.65,31.93,25.9,23.65,"Alimentari, Caffè e Bevande","Alimentari, Caffè e Bevande",Amazon Choice,B00C7N1TQW,1,40,88
"Caffè Borbone Don Carlo, Miscela Blu - 100 Capsule - Compatibili con le Macchine ad uso domestico Lavazza* A Modo Mio*",https://www.amazon.it/dp/B01F545TZQ?tag=offertissimes-21,22.85,30.85,25.9,22.85,"Alimentari, Caffè e Bevande","Alimentari, Caffè e Bevande",Amazon Choice,B01F545TZQ,1,40,88
"Kimbo 100 Capsule Caffè Compatibili Nespresso®, Spacca Napoli | 10 Confezioni da 10 Capsule, Intensità 10/13, Tostatura Medio",https://www.amazon.it/dp/B081ZF9M8F?tag=offertissimes-21,21.23,28.66,25.9,21.23,"Alimentari, Caffè e Bevande","Alimentari, Caffè e Bevande",Kimbo,B081ZF9M8F,1,40,88
"Lavazza, Qualità Rossa, 100 Capsule Compatibili Nespresso | con Note di Cioccolato e Frutta Secca, Arabica e Robusta, Intensi",https://www.amazon.it/dp/B09BFFFVJ9?tag=offertissimes-21,32.99,44.54,25.9,32.99,"Alimentari, Caffè e Bevande","Alimentari, Caffè e Bevande",Lavazza,B09BFFFVJ9,1,40,88
"CAFFÈ BORBONE Don Carlo, Miscela Nera - 50 Capsule - Compatibili con le Macchine ad uso domestico Lavazza A Modo Mio",https://www.amazon.it/dp/B06XZ64B1K?tag=offertissimes-21,11.13,15.03,25.9,11.13,"Alimentari, Caffè e Bevande","Alimentari, Caffè e Bevande",Amazon Choice,B06XZ64B1K,1,40,88
"illy, Caffè in Capsule Compatibili CLASSICO, 100 Capsule Totali | in Alluminio, 100% Arabica con Note di Fiori d'Arancio e Ge",https://www.amazon.it/dp/B0F29Z14XN?tag=offertissimes-21,43.0,58.05,25.9,43.0,"Alimentari, Caffè e Bevande","Alimentari, Caffè e Bevande",illy,B0F29Z14XN,1,40,88
"Haribo Barattolo Starmix, Caramelle Gommose, Gusto Frutta e Cola, 1000gr | 40 Mini Bustine Haribo da 25gr, Ideali per feste e",https://www.amazon.it/dp/B0CM21RB4Q?tag=offertissimes-21,8.98,12.12,25.9,8.98,"Alimentari, Caffè e Bevande","Alimentari, Caffè e Bevande",Haribo,B0CM21RB4Q,1,40,88
Caffè Borbone Miscela Rossa - 100 Capsule - Compatibili con Macchine a marchio Bialetti*,https://www.amazon.it/dp/B0BR87W1B8?tag=offertissimes-21,22.5,30.38,25.9,22.5,"Alimentari, Caffè e Bevande","Alimentari, Caffè e Bevande",Amazon Choice,B0BR87W1B8,1,40,88
Caffè Borbone Respresso Dek - 100 Capsule Compatibili Nespresso®*,https://www.amazon.it/dp/B01L2B30WA?tag=offertissimes-21,24.63,33.25,25.9,24.63,"Alimentari, Caffè e Bevande","Alimentari, Caffè e Bevande",Amazon Choice,B01L2B30WA,1,40,88
"ALPRO BARISTA, Bevanda all'AVENA - 8x1L | NATURALMENTE SENZA LATTOSIO E 100% VEGETALE, Ideale con il Caffè per una Schiuma Pe",https://www.amazon.it/dp/B08998KT95?tag=offertissimes-21,45.0,60.75,25.9,45.0,"Alimentari, Caffè e Bevande","Alimentari, Caffè e Bevande",ALPRO,B08998KT95,1,40,88
"ALPRO SENZA ZUCCHERI, Bevanda alla SOIA - 8X1L | NATURALMENTE SENZA LATTOSIO E 100% VEGETALE, Senza Glutine, con Vitamine B2,",https://www.amazon.it/dp/B0848J9WZ4?tag=offertissimes-21,15.76,21.28,25.9,15.76,"Alimentari, Caffè e Bevande","Alimentari, Caffè e Bevande",ALPRO,B0848J9WZ4,1,40,88
"Bialetti Caffè D'Italia, Multipack 128 Capsule, 8 Box Da 16 Capsule, Napoli, Intensità 10, Compatibili con Macchine Bialetti",https://www.amazon.it/dp/B07K7LQH5W?tag=offertissimes-21,39.92,53.89,25.9,39.92,"Alimentari, Caffè e Bevande","Alimentari, Caffè e Bevande",Bialetti,B07K7LQH5W,1,40,88
"Valsoia - Crema Vegetale alle Nocciole con Cacao, 100% Vegetale, Senza Glutine e Olio di Palma, Naturalmente Senza Lattosio,",https://www.amazon.it/dp/B0C1KGYNKF?tag=offertissimes-21,11.37,15.35,25.9,11.37,"Alimentari, Caffè e Bevande","Alimentari, Caffè e Bevande",Valsoia,B0C1KGYNKF,1,40,88
Caffè Borbone Miscela Blu - 50 capsule - Compatibili con le Macchine Nescafè®* Dolce Gusto®*,https://www.amazon.it/dp/B0F8VZBRWL?tag=offertissimes-21,12.49,16.86,25.9,12.49,"Alimentari, Caffè e Bevande","Alimentari, Caffè e Bevande",Amazon Choice,B0F8VZBRWL,1,40,88
"ALPRO BARISTA, QUESTO È VEGETALE, Bevanda all'AVENA - 8X1L | IL GUSTO CHE TI PIACE MA NATURALMENTE SENZA LATTOSIO E 100% VEGE",https://www.amazon.it/dp/B0F1G1PM7R?tag=offertissimes-21,26.0,35.1,25.9,26.0,"Alimentari, Caffè e Bevande","Alimentari, Caffè e Bevande",ALPRO,B0F1G1PM7R,1,40,88
NESCAFÉ DOLCE GUSTO Cortado Espresso Macchiato Caffè 96 Capsule | Caffè solubile e latte per preparazione di espresso macchia,https://www.amazon.it/dp/B01JLU6GTS?tag=offertissimes-21,28.77,38.84,25.9,28.77,"Alimentari, Caffè e Bevande","Alimentari, Caffè e Bevande",Amazon Choice,B01JLU6GTS,1,40,88
Gimoka - 64 Capsule Compatibili con Macchinetta Caffè Nescafé®* Dolce Gusto®* - Gusto Cremoso – Intensità 10 - 4 Confezioni d,https://www.amazon.it/dp/B087GSF1L1?tag=offertissimes-21,15.96,21.55,25.9,15.96,"Alimentari, Caffè e Bevande","Alimentari, Caffè e Bevande",Gimoka,B087GSF1L1,1,40,88
"illy, Caffè in Capsule Iperespresso CLASSICO, 108 Capsule Totali | 100% Arabica con Note di Fiori d'Arancio e Gelsomino, Gust",https://www.amazon.it/dp/B07M8S1B64?tag=offertissimes-21,65.9,88.97,25.9,65.9,"Alimentari, Caffè e Bevande","Alimentari, Caffè e Bevande",illy,B07M8S1B64,1,40,88
"ALPRO SENZA ZUCCHERI, Bevanda all'AVENA - 8x1L | NATURALMENTE SENZA LATTOSIO E 100% VEGETALE, Senza Glutine, con Vitamine B2,",https://www.amazon.it/dp/B08V287D3P?tag=offertissimes-21,21.52,29.05,25.9,21.52,"Alimentari, Caffè e Bevande","Alimentari, Caffè e Bevande",ALPRO,B08V287D3P,1,40,88
"Scottonelle Carta Igienica, Morbida e Resistente, Senza Profumo, 84 Rotoli​ | Scottonelle carta igienica, Soffice sulla pelle",https://www.amazon.it/dp/B07Q6Y5SC7?tag=offertissimes-21,17.99,24.29,25.9,17.99,"Salute, Igiene e Integratori","Salute, Igiene e Integratori",Scottonelle,B07Q6Y5SC7,1,40,88
"Omino Bianco Detersivo Lavatrice, Muschio Bianco, 2000 ml x 3 + Omaggio | Pulisce in profondità, rimuove le macchie, dona un",https://www.amazon.it/dp/B0FMYTVQ5X?tag=offertissimes-21,22.85,30.85,25.9,22.85,"Salute, Igiene e Integratori","Salute, Igiene e Integratori",Omino,B0FMYTVQ5X,1,40,88
"Oral-B Testine di Ricambio iO Ultimate Clean, Nere, 4 Ricambi | 4 Testine di Ricambio per Spazzolino Elettrico, Rotonde Origi",https://www.amazon.it/dp/B0976YC7BM?tag=offertissimes-21,86.89,117.3,25.9,86.89,"Salute, Igiene e Integratori","Salute, Igiene e Integratori",Oral-B,B0976YC7BM,1,40,88
"Oral-B Testine di Ricambio iO Ultimate Clean, Nere, 8 Ricambi | 8 Testine di Ricambio per Spazzolino Elettrico, Rotonde Origi",https://www.amazon.it/dp/B0DQLVR8SD?tag=offertissimes-21,27.8,37.53,25.9,27.8,"Salute, Igiene e Integratori","Salute, Igiene e Integratori",Oral-B,B0DQLVR8SD,1,40,88
"Tempo Fazzoletti Tascabili, 4 Veli, 144 Pacchetti | 144 Pacchetti da 9 Fazzoletti, 4 Veli, Formato Scorta, Confezioni Individ",https://www.amazon.it/dp/B0BG53RQ9P?tag=offertissimes-21,62.0,83.7,25.9,62.0,"Salute, Igiene e Integratori","Salute, Igiene e Integratori",Tempo,B0BG53RQ9P,1,40,88
"Fairy Platinum Plus Pastiglie Lavastoviglie Tutto in Uno, 192 Caps, Limone | Detersivo in Capsule, Stoviglie Brillanti, Rimuo",https://www.amazon.it/dp/B0F7M3TM7P?tag=offertissimes-21,24.75,33.41,25.9,24.75,"Salute, Igiene e Integratori","Salute, Igiene e Integratori",Fairy,B0F7M3TM7P,1,40,88
"Finish Powergel Gel Detersivo per Lavastoviglie Liquido, Multiazione, Poteri Sgrassanti, Gel Lavastoglie al Limone, 120 Lavag",https://www.amazon.it/dp/B095K2L6YW?tag=offertissimes-21,14.89,20.1,25.9,14.89,"Salute, Igiene e Integratori","Salute, Igiene e Integratori",Finish,B095K2L6YW,1,40,88
"Lenor Ammorbidente Lavatrice Concentrato 216Lavaggi (8X27), Risveglio Primaverile, Lenzuola Che Profumano Di Pulito Fino A 1",https://www.amazon.it/dp/B0FGJ2VT8W?tag=offertissimes-21,38.52,52.0,25.9,38.52,"Salute, Igiene e Integratori","Salute, Igiene e Integratori",Lenor,B0FGJ2VT8W,1,40,88
"Oral-B Testine di Ricambio Pro Precision Clean, Bianche, 16 Ricambi | 16 Testine di Ricambio per Spazzolino Elettrico, Autent",https://www.amazon.it/dp/B0GNN2W5S4?tag=offertissimes-21,55.64,75.11,25.9,55.64,"Salute, Igiene e Integratori","Salute, Igiene e Integratori",Oral-B,B0GNN2W5S4,1,40,88
"Philips OneBlade Original 360 lame, compatibili con tutti i modelli OneBlade e Pro, 5 pezzi (modello QP450/50)",https://www.amazon.it/dp/B0GMHCMVCP?tag=offertissimes-21,81.52,110.05,25.9,81.52,"Salute, Igiene e Integratori","Salute, Igiene e Integratori",Philips,B0GMHCMVCP,1,40,88
"Oral-B iO 3 Spazzolino Elettrico, con 1 Testina di Ricambio, Nero | 1 Testine di Ricambio per Spazzolino Elettrico Ricaricabi",https://www.amazon.it/dp/B0F2J7HL3M?tag=offertissimes-21,18.2,24.57,25.9,18.2,"Salute, Igiene e Integratori","Salute, Igiene e Integratori",Oral-B,B0F2J7HL3M,1,40,88
"Nicky Elite - 12 Rotoli di Carta Igienica a 3 Veli | 170 Soffici Fogli, Morbida e Resistente a Contatto con la Pelle, Dermato",https://www.amazon.it/dp/B00WQ0Y92W?tag=offertissimes-21,9.89,13.35,25.9,9.89,"Salute, Igiene e Integratori","Salute, Igiene e Integratori",Nicky,B00WQ0Y92W,1,40,88
"Finish Curalavastoviglie, Additivo Lavastoviglie, 3 Prodotti da 250 ml, Cura Lavastoglie al Limone",https://www.amazon.it/dp/B07G9N1Q43?tag=offertissimes-21,36.3,49.01,25.9,36.3,"Salute, Igiene e Integratori","Salute, Igiene e Integratori",Finish,B07G9N1Q43,1,40,88
"Genkent Testine Compatibili Braun Oral-B Spazzolino Elettrico, 20 Pezzi | Testina di Ricambio, Pro/Advance Power/Smart/Vitali",https://www.amazon.it/dp/B00RCK2JAU?tag=offertissimes-21,38.0,51.3,25.9,38.0,"Salute, Igiene e Integratori","Salute, Igiene e Integratori",Genkent,B00RCK2JAU,1,40,88
"Philips OneBlade 360 Autentico Regolabarba Elettrico per Viso e Corpo, Rasoio e Spazzola, 3x 360 Lame, 3x Pettine per Barba (",https://www.amazon.it/dp/B0DXLBZF4Q?tag=offertissimes-21,7.45,10.06,25.9,7.45,"Salute, Igiene e Integratori","Salute, Igiene e Integratori",Philips,B0DXLBZF4Q,1,40,88
Foxy Mega | Carta igienica 36 rotoli| 480 strappi| Decorata |100% Energia elettrica rinnovabile| Confezione prodotta con plas,https://www.amazon.it/dp/B0B5H2ZGZG?tag=offertissimes-21,42.72,57.67,25.9,42.72,"Salute, Igiene e Integratori","Salute, Igiene e Integratori",Foxy,B0B5H2ZGZG,1,40,88
"ACE Gentile Candeggina Delicata, Fresco Profumo, Igienizzante, 2x2,3 Litri | ACE Candeggina Delicata Per Capi Colorati, Con O",https://www.amazon.it/dp/B0GSS7RMF3?tag=offertissimes-21,36.88,49.79,25.9,36.88,"Salute, Igiene e Integratori","Salute, Igiene e Integratori",ACE,B0GSS7RMF3,1,40,88
"Fairy Platinum Pastiglie Lavastoviglie Tutto in Uno, 140 Caps, Limone | Detersivo in Capsule, Efficace su Grasso e Sporco Ost",https://www.amazon.it/dp/B0F2N529Z1?tag=offertissimes-21,19.59,26.45,25.9,19.59,"Salute, Igiene e Integratori","Salute, Igiene e Integratori",Fairy,B0F2N529Z1,1,40,88
"Regina Rotoloni, 42 Maxi Rotoli di Carta Igienica a 2 Veli | 500 Fogli, Lunghi Più del Doppio dei Normali Rotoli, Carta Certi",https://www.amazon.it/dp/B07JYZ68YT?tag=offertissimes-21,27.99,37.79,25.9,27.99,"Salute, Igiene e Integratori","Salute, Igiene e Integratori",Regina,B07JYZ68YT,1,40,88
"Oral-B Spazzolino Elettrico Vitality Pro, Nero, 1 Testina | Ricaricabile, Testina di Ricambio per Spazzolino Elettrico, 3 Mod",https://www.amazon.it/dp/B0B4SCYCLS?tag=offertissimes-21,29.9,40.37,25.9,29.9,"Salute, Igiene e Integratori","Salute, Igiene e Integratori",Oral-B,B0B4SCYCLS,1,40,88
"Omega 3 IFOS 5 Stelle 90 cps - Olio di Pesce Omega 3 1000mg - Ricco di EPA e DHA - Senza Retrogusto, Facile da Digerire, Priv",https://www.amazon.it/dp/B07L2GK84G?tag=offertissimes-21,27.64,37.31,25.9,27.64,"Salute, Igiene e Integratori","Salute, Igiene e Integratori",Omega,B07L2GK84G,1,40,88
Whey Protein | Proteina Whey pura con Collagene + Magnesio | Migliora i tuoi allenamenti | Protegge e aumenta la massa muscol,https://www.amazon.it/dp/B07Q31N9D4?tag=offertissimes-21,44.0,59.4,25.9,44.0,"Salute, Igiene e Integratori","Salute, Igiene e Integratori",Whey,B07Q31N9D4,1,40,88
"Dixan Liquido Color Detersivo lavatrice formato scorta, 76 lavaggi | In formula liquida, Per colori vivaci, Pulizia profonda",https://www.amazon.it/dp/B0D634W2FW?tag=offertissimes-21,24.58,33.18,25.9,24.58,"Salute, Igiene e Integratori","Salute, Igiene e Integratori",Dixan,B0D634W2FW,1,40,88
"Finish Ultimate Infinity Shine Pastiglie Lavastoviglie, 160 Capsule Lavastoviglie al Limone, Pastiglie per Lavastoviglie cont",https://www.amazon.it/dp/B09HV58YR5?tag=offertissimes-21,12.23,16.51,25.9,12.23,"Salute, Igiene e Integratori","Salute, Igiene e Integratori",Finish,B09HV58YR5,1,40,88
"Regina di Cuori, 30 Rotoli di Carta Cucina a 2 Veli | 50 Fogli per Rotolo, Grande Assorbenza, Spessa e Resistente, 100% certi",https://www.amazon.it/dp/B07JYZ68YV?tag=offertissimes-21,54.16,73.12,25.9,54.16,"Salute, Igiene e Integratori","Salute, Igiene e Integratori",Regina,B07JYZ68YV,1,40,88
Lines Seta ASSORBENTI GIORNO LINES SETA ULTRA CON ALI - INCASTRO PERFETTO - PACCO SCORTA 80 PEZZI,https://www.amazon.it/dp/B0BQJTJFZ3?tag=offertissimes-21,16.39,22.13,25.9,16.39,"Salute, Igiene e Integratori","Salute, Igiene e Integratori",Lines,B0BQJTJFZ3,1,40,88
"Dash Pods Detersivo Lavatrice In Capsule, 150 Lavaggi (3x50), Classico, Rimuove Le Macchie, Igienizza, Brillantezza Per I Cap",https://www.amazon.it/dp/B0GSWDNY8J?tag=offertissimes-21,14.99,20.24,25.9,14.99,"Salute, Igiene e Integratori","Salute, Igiene e Integratori",Dash,B0GSWDNY8J,1,40,88
"Colgate Max White Purple Serum 40ml, Booster Sbiancante Denti istantaneo, Sbianca istantaneamente, Formula a doppia azione pe",https://www.amazon.it/dp/B0FR9RDLWM?tag=offertissimes-21,19.99,26.99,25.9,19.99,"Salute, Igiene e Integratori","Salute, Igiene e Integratori",Colgate,B0FR9RDLWM,1,40,88
Magnesio Bisglicinato 1500 mg con Vitamina B6 | 90 Capsule | Nutrimea | Forma Chelata | Stanchezza e Affaticamento | Sistema,https://www.amazon.it/dp/B07LH73GZ9?tag=offertissimes-21,19.99,26.99,25.9,19.99,"Salute, Igiene e Integratori","Salute, Igiene e Integratori",Magnesio,B07LH73GZ9,1,40,88
"Swiffer Duster, Ricariche Piumini Catturapolvere, 54 Panni Profumati | Cattura 3 Volte Più Polvere e Peli/Capelli Rispetto al",https://www.amazon.it/dp/B0DW4BRR6H?tag=offertissimes-21,51.56,69.61,25.9,51.56,"Casa, Cucina ed Elettrodomestici","Casa, Cucina ed Elettrodomestici",Swiffer,B0DW4BRR6H,0,40,88
Yankee Candle Candela profumata in giara grande | Magia natalizia | Durata Fino a 150 Ore | Regali perfetti per le donne,https://www.amazon.it/dp/B06XFS8NFB?tag=offertissimes-21,34.99,47.24,25.9,34.99,"Casa, Cucina ed Elettrodomestici","Casa, Cucina ed Elettrodomestici",Yankee,B06XFS8NFB,0,40,88
BRITA Filtro acqua rubinetto MAXTRA PRO Pure Performance - 6 pezzi | Filtri per acqua originali compatibile con caraffe filtr,https://www.amazon.it/dp/B0BXPN4JDD?tag=offertissimes-21,24.51,33.09,25.9,24.51,"Casa, Cucina ed Elettrodomestici","Casa, Cucina ed Elettrodomestici",BRITA,B0BXPN4JDD,0,40,88
Yankee Candle Candela profumata in giara grande | Dolce casa | Durata Fino a 150 Ore | Regali per donne,https://www.amazon.it/dp/B0030KN2Q6?tag=offertissimes-21,28.68,38.72,25.9,28.68,"Casa, Cucina ed Elettrodomestici","Casa, Cucina ed Elettrodomestici",Yankee,B0030KN2Q6,0,40,88
"ECOVACS T90 PRO OMNI Care Kit Robot Aspirapolvere Lavapavimenti 30000 Pa | Ricarica PowerBoost, OZMO ROLLER Generation 3.0, I",https://www.amazon.it/dp/B0GKZP4QTV?tag=offertissimes-21,249.98,337.47,25.9,249.98,"Casa, Cucina ed Elettrodomestici","Casa, Cucina ed Elettrodomestici",ECOVACS,B0GKZP4QTV,0,40,88
"Swiffer Dry, Ricariche Microfibra Catturapolvere, 216 Panni Profumati | Cattura 3 Volte Più Polvere e Peli di Animali/Capelli",https://www.amazon.it/dp/B0DWNGD34L?tag=offertissimes-21,39.93,53.91,25.9,39.93,"Casa, Cucina ed Elettrodomestici","Casa, Cucina ed Elettrodomestici",Swiffer,B0DWNGD34L,0,40,88
"Tineco Floor ONE i6 Stretch Aspirapolvere e Lavapavimenti, 20.000Pa | Design piatto a 180°, Fino a 40 minuti di autonomia, An",https://www.amazon.it/dp/B0F8QPWPL7?tag=offertissimes-21,179.0,241.65,25.9,179.0,"Casa, Cucina ed Elettrodomestici","Casa, Cucina ed Elettrodomestici",Tineco,B0F8QPWPL7,0,40,88
"Tineco Floor ONE S7 Stretch Ultra Lavapavimenti aspirapolvere senza fili | Fino a 50 minuti di autonomia, MHCBS, FlashDry",https://www.amazon.it/dp/B0DPPLWYGX?tag=offertissimes-21,299.0,403.65,25.9,299.0,"Casa, Cucina ed Elettrodomestici","Casa, Cucina ed Elettrodomestici",Tineco,B0DPPLWYGX,0,40,88
"Nespresso Inissia EN80.B Macchina per Caffè Espresso, Black",https://www.amazon.it/dp/B00G5YOVZA?tag=offertissimes-21,74.7,100.85,25.9,74.7,"Casa, Cucina ed Elettrodomestici","Casa, Cucina ed Elettrodomestici",Nespresso,B00G5YOVZA,0,40,88
"Amazon Basics Filtri per acqua, confezione da 12, adatto e compatibile con tutte le caraffe BRITA, incluse le caraffe Perfect",https://www.amazon.it/dp/B084H8YHW8?tag=offertissimes-21,26.84,36.23,25.9,26.84,"Casa, Cucina ed Elettrodomestici","Casa, Cucina ed Elettrodomestici",Amazon,B084H8YHW8,0,40,88
"Lagostina Ramata, Padella Antiaderente Ø 20 cm, Effetto Rame | In Alluminio con Rivestimento Titanium Easy, Thermo-Signal, Ma",https://www.amazon.it/dp/B081WSHJVX?tag=offertissimes-21,15.74,21.25,25.9,15.74,"Casa, Cucina ed Elettrodomestici","Casa, Cucina ed Elettrodomestici",Lagostina,B081WSHJVX,0,40,88
"LAICA bi-flux 12 Filtri Acqua - Riduce Cloro, Calcare e Metalli Pesanti | Preserva sali minerali, riduce sostanze indesiderat",https://www.amazon.it/dp/B01D1CUOB8?tag=offertissimes-21,49.9,67.37,25.9,49.9,"Casa, Cucina ed Elettrodomestici","Casa, Cucina ed Elettrodomestici",LAICA,B01D1CUOB8,0,40,88
"dreame H12 Pro FlexReach Aspirapolvere Lavapavimenti, Design Piatto a 180° | 18.000 Pa, 5 min di Asciugatura, Pulizia a Caldo",https://www.amazon.it/dp/B0DV5RRL9F?tag=offertissimes-21,146.72,198.07,25.9,146.72,"Casa, Cucina ed Elettrodomestici","Casa, Cucina ed Elettrodomestici",dreame,B0DV5RRL9F,0,40,88
"ECOVACS T50 PRO OMNI Gen3 Robot Aspirapolvere Lavapavimenti 25000 Pa | AIVI 3D 3.0, Lavaggio a 75 °C, ZeroTangle Generation 3",https://www.amazon.it/dp/B0GQTFHB2N?tag=offertissimes-21,449.0,606.15,25.9,449.0,"Casa, Cucina ed Elettrodomestici","Casa, Cucina ed Elettrodomestici",ECOVACS,B0GQTFHB2N,0,40,88
"Swiffer Duster, Ricariche Piumini Catturapolvere, 92 Panni Profumati | Cattura 3 Volte Più Polvere e Peli/Capelli Rispetto al",https://www.amazon.it/dp/B0F8J9S2WW?tag=offertissimes-21,53.88,72.74,25.9,53.88,"Casa, Cucina ed Elettrodomestici","Casa, Cucina ed Elettrodomestici",Swiffer,B0F8J9S2WW,0,40,88
"Bialetti Caffettiera Fiammetta Induction, 2 Tazze (100 ml), Adatta a Tutti i Piani Cottura, Design Elegante, Rosso",https://www.amazon.it/dp/B0BHHCHHFY?tag=offertissimes-21,23.14,31.24,25.9,23.14,"Casa, Cucina ed Elettrodomestici","Casa, Cucina ed Elettrodomestici",Bialetti,B0BHHCHHFY,0,40,88
Coprimaterasso Matrimoniale Impermeabile 160x190 cm Lenzuolo con Angoli Bianco in Cotone e Microfibra Protezione per Letto Sa,https://www.amazon.it/dp/B0C5N4B7B1?tag=offertissimes-21,14.39,19.43,25.9,14.39,"Casa, Cucina ed Elettrodomestici","Casa, Cucina ed Elettrodomestici",Coprimaterasso,B0C5N4B7B1,0,40,88
"PURIVITA® Decalcificante Universale Macchina Caffè e Bollitore, 500ml | Decalcificante anticalcare per macchine da caffè, cia",https://www.amazon.it/dp/B0C4FHBPRT?tag=offertissimes-21,4.91,6.63,25.9,4.91,"Casa, Cucina ed Elettrodomestici","Casa, Cucina ed Elettrodomestici",PURIVITA,B0C4FHBPRT,0,40,88
Yankee Candle Scented Candle | Candela in giara grande della Ghirlanda Autunnale | Candele a lunga combustione: fino a 150 or,https://www.amazon.it/dp/B0FB43L6ZQ?tag=offertissimes-21,28.68,38.72,25.9,28.68,"Casa, Cucina ed Elettrodomestici","Casa, Cucina ed Elettrodomestici",Yankee,B0FB43L6ZQ,0,40,88
"De'Longhi EcoDecalk Decalcificante DLSC500, 5 Dosi di Decalcificazione, Accessorio Manutenzione Macchina da Caffè, Ingredient",https://www.amazon.it/dp/B008YETL18?tag=offertissimes-21,11.22,15.15,25.9,11.22,"Casa, Cucina ed Elettrodomestici","Casa, Cucina ed Elettrodomestici",De'Longhi,B008YETL18,0,40,88
"Omino Bianco Additivo Igienizzante Liquido per Bucato, 900 ml | Elimina batteri e cattivi odori dal bucato, con tecnologia De",https://www.amazon.it/dp/B00XI8XC6U?tag=offertissimes-21,4.89,6.6,25.9,4.89,"Casa, Cucina ed Elettrodomestici","Casa, Cucina ed Elettrodomestici",Omino,B00XI8XC6U,0,40,88
"Bialetti Caffettiera Moka Express, Manico anti scottatura, Non adatta a induzione, 1 Tazze (60 ml), Alluminio",https://www.amazon.it/dp/B0000AN3QH?tag=offertissimes-21,12.63,17.05,25.9,12.63,"Casa, Cucina ed Elettrodomestici","Casa, Cucina ed Elettrodomestici",Bialetti,B0000AN3QH,0,40,88
"Coprimaterasso Impermeabile 160 x 200 cm, Altezza 30 cm",https://www.amazon.it/dp/B077SWXDS5?tag=offertissimes-21,19.99,26.99,25.9,19.99,"Casa, Cucina ed Elettrodomestici","Casa, Cucina ed Elettrodomestici",Coprimaterasso,B077SWXDS5,0,40,88
"TrendPlain Spruzzino Olio per Friggitrice Aria 470ml, Dosatore Olio 2 in 1, Oliera Spray per Cucina, Insalata e Aceto, Access",https://www.amazon.it/dp/B0G3927BNL?tag=offertissimes-21,11.99,16.19,25.9,11.99,"Casa, Cucina ed Elettrodomestici","Casa, Cucina ed Elettrodomestici",TrendPlain,B0G3927BNL,0,40,88
Yankee Candle Candela profumata | Candela in giara grande della Balsamo & Cedro | Candele a lunga combustione: fino a 150 ore,https://www.amazon.it/dp/B017KPIFL8?tag=offertissimes-21,28.68,38.72,25.9,28.68,"Casa, Cucina ed Elettrodomestici","Casa, Cucina ed Elettrodomestici",Yankee,B017KPIFL8,0,40,88
"Amazon Basics Sacchetti sottovuoto con Pompa a Mano, Cerniera, Misura Grande, Confezione da 5, Trasparente",https://www.amazon.it/dp/B07RSCPH4N?tag=offertissimes-21,8.52,11.5,25.9,8.52,"Casa, Cucina ed Elettrodomestici","Casa, Cucina ed Elettrodomestici",Amazon,B07RSCPH4N,0,40,88
"Utopia Bedding Set Lenzuola Letto 4 Pezzi, 180x200cm, Grigio | Lenzuolo con Angoli, Lenzuolo Piatto e 2 Federe 50x75 - Matrim",https://www.amazon.it/dp/B07J4H3MBJ?tag=offertissimes-21,21.88,29.54,25.9,21.88,"Casa, Cucina ed Elettrodomestici","Casa, Cucina ed Elettrodomestici",Utopia,B07J4H3MBJ,0,40,88
"BISSELL SpotClean ProHeat Lavatappeti 330W 36988 | Pulitore macchie con tecnologia HeatWave, lava tappezzeria per tappeti, au",https://www.amazon.it/dp/B07GXS35PG?tag=offertissimes-21,122.94,165.97,25.9,122.94,"Casa, Cucina ed Elettrodomestici","Casa, Cucina ed Elettrodomestici",BISSELL,B07GXS35PG,0,40,88
"Ninja FlexDrawer, Friggitrice ad Aria XL, Doppia Zona, 10,4L, Nero/Rame | 7 Funzioni, Separatore Rimovibile, Piastre, Cestell",https://www.amazon.it/dp/B0CJVNGMFL?tag=offertissimes-21,177.06,239.03,25.9,177.06,"Casa, Cucina ed Elettrodomestici","Casa, Cucina ed Elettrodomestici",Ninja,B0CJVNGMFL,0,40,88
"Echo Dot (Ultimo modello) | Altoparlante intelligente Wi-Fi e Bluetooth, suono più potente e dinamico | Anthracite, con Acces",https://www.amazon.it/dp/B09B8X9RGM?tag=offertissimes-21,29.99,40.49,25.9,29.99,"Elettronica, Accessori e Gadget Smart","Elettronica, Accessori e Gadget Smart",Echo,B09B8X9RGM,0,40,88
"Amazon Fire TV Stick HD (ultimo modello), TV gratuita e in diretta, telecomando vocale Alexa, alimentazione tramite TV, confi",https://www.amazon.it/dp/B0DJGCX6Q2?tag=offertissimes-21,25.99,35.09,25.9,25.99,"Elettronica, Accessori e Gadget Smart","Elettronica, Accessori e Gadget Smart",Amazon,B0DJGCX6Q2,0,40,88
"Amazon Basics, 36 batterie alcaline AAA ad alte prestazioni, 1,5 Volt, durata di 10 anni",https://www.amazon.it/dp/B00LH3DMUO?tag=offertissimes-21,7.5,10.12,25.9,7.5,"Elettronica, Accessori e Gadget Smart","Elettronica, Accessori e Gadget Smart",Amazon,B00LH3DMUO,0,40,88
"NEW'C Pellicola Vetro per iPhone 17/17 Pro/16 Pro, in Vetro Temperato | 3 Pezzi, HD Trasparente, 6,3 Pollici, Kit Installazio",https://www.amazon.it/dp/B0F8VZ7QVX?tag=offertissimes-21,8.19,11.06,25.9,8.19,"Elettronica, Accessori e Gadget Smart","Elettronica, Accessori e Gadget Smart",NEW'C,B0F8VZ7QVX,0,40,88
"Fire TV Stick 4K Plus di Amazon, dispositivo per lo streaming con supporto per Wi-Fi 6, Dolby Vision/Atmos e HDR10+, trova se",https://www.amazon.it/dp/B0F7ZFWVTC?tag=offertissimes-21,37.99,51.29,25.9,37.99,"Elettronica, Accessori e Gadget Smart","Elettronica, Accessori e Gadget Smart",Fire,B0F7ZFWVTC,0,40,88
"Soundcore P31i di Anker Cuffie Bluetooth con Cancellazione Adattiva Rumore | Audio Hi-Res, Auricolari con Funzione di Traduzi",https://www.amazon.it/dp/B0FNWCYLZN?tag=offertissimes-21,21.59,29.15,25.9,21.59,"Elettronica, Accessori e Gadget Smart","Elettronica, Accessori e Gadget Smart",Soundcore,B0FNWCYLZN,0,40,88
"Amazon Fire TV Stick 4K Select - Trasmetti in streaming in 4K centinaia di migliaia di film ed episodi TV, e la TV in diretta",https://www.amazon.it/dp/B0CN41GMDK?tag=offertissimes-21,27.99,37.79,25.9,27.99,"Elettronica, Accessori e Gadget Smart","Elettronica, Accessori e Gadget Smart",Amazon,B0CN41GMDK,0,40,88
"Videocamera Blink Outdoor 4 con videocamera Mini 2K+ Blink (Bianco), Modulo di sincronizzazione di base incluso",https://www.amazon.it/dp/B0FTSQR5CX?tag=offertissimes-21,24.99,33.74,25.9,24.99,"Elettronica, Accessori e Gadget Smart","Elettronica, Accessori e Gadget Smart",Videocamera,B0FTSQR5CX,0,40,88
"Amazon Kindle 16 GB (modello 2024), leggero e compatto, con cambi di pagina rapidi e contrasto elevato - Con pubblicità - Ner",https://www.amazon.it/dp/B0CP31T5M6?tag=offertissimes-21,12.98,17.52,25.9,12.98,"Elettronica, Accessori e Gadget Smart","Elettronica, Accessori e Gadget Smart",Amazon,B0CP31T5M6,0,40,88
"JBES Cuffie Bluetooth, Auricolari Bluetooth 5.4 In Ear Stereo con 4 Microfono ENC, 60 Ore Cuffiette Wireless Cancellazione Ru",https://www.amazon.it/dp/B0GJS1MTH9?tag=offertissimes-21,28.81,38.89,25.9,28.81,"Elettronica, Accessori e Gadget Smart","Elettronica, Accessori e Gadget Smart",JBES,B0GJS1MTH9,0,40,88
"HP 305 Nero e Tricromia, Confezione da 2 Cartucce Inchiostro Originali | Compatibile con HP DeskJet serie 2700, 4100, HP Envy",https://www.amazon.it/dp/B08T1HR5CS?tag=offertissimes-21,9.21,12.43,25.9,9.21,"Elettronica, Accessori e Gadget Smart","Elettronica, Accessori e Gadget Smart",HP,B08T1HR5CS,0,40,88
"DURACELL AAA Batterie Alcaline Plus (Confezione da 12) 1.5V, LR03 | Fino al 100% di durata extra con Power Boost Actives - Af",https://www.amazon.it/dp/B093LT2N4Q?tag=offertissimes-21,14.34,19.36,25.9,14.34,"Elettronica, Accessori e Gadget Smart","Elettronica, Accessori e Gadget Smart",DURACELL,B093LT2N4Q,0,40,88
"HP 305 Nero, Cartuccia Inchiostro Originale | Compatibile con HP DeskJet serie 2700, 4100, HP Envy serie 6020, 6030, 6420, 64",https://www.amazon.it/dp/B087DJ43K3?tag=offertissimes-21,13.59,18.35,25.9,13.59,"Elettronica, Accessori e Gadget Smart","Elettronica, Accessori e Gadget Smart",HP,B087DJ43K3,0,40,88
"ESR Classic Hybrid Cover per iPhone 18 Pro/17 Pro, Trasparente | Anti-ingiallimento a lunga durata, Ultrasottile, Compatibile",https://www.amazon.it/dp/B0FCY6C8LP?tag=offertissimes-21,8.99,12.14,25.9,8.99,"Elettronica, Accessori e Gadget Smart","Elettronica, Accessori e Gadget Smart",ESR,B0FCY6C8LP,0,40,88
"JETech Pellicola Protettiva per iPhone 18 Pro/17 Pro, 3 Pezzi | Vetro Temperato 9H, HD Trasparente, Protezione Antigraffio, S",https://www.amazon.it/dp/B0FJL2V7XR?tag=offertissimes-21,59.99,80.99,25.9,59.99,"Elettronica, Accessori e Gadget Smart","Elettronica, Accessori e Gadget Smart",JETech,B0FJL2V7XR,0,40,88
Echo Show 5 (Ultimo modello) | Schermo touch intelligente e compatto: controllo della Casa Intelligente e molto altro | Bianc,https://www.amazon.it/dp/B09B2TH45G?tag=offertissimes-21,25.45,34.36,25.9,25.45,"Elettronica, Accessori e Gadget Smart","Elettronica, Accessori e Gadget Smart",Echo,B09B2TH45G,0,40,88
SanDisk 128GB Ultra scheda microSDXC + adattatore SD fino a 140 MB/s con prestazioni app A1 UHS-I Class 10 U1,https://www.amazon.it/dp/B0B7NTY2S6?tag=offertissimes-21,14.67,19.8,25.9,14.67,"Elettronica, Accessori e Gadget Smart","Elettronica, Accessori e Gadget Smart",SanDisk,B0B7NTY2S6,0,40,88
"Fujifilm 16386016 Instax Mini Film Pellicola Istantanea per Fotocamere Instax Mini, Formato 46x62 mm, Confezione da 20 Foto",https://www.amazon.it/dp/B0000C73CQ?tag=offertissimes-21,33.99,45.89,25.9,33.99,"Elettronica, Accessori e Gadget Smart","Elettronica, Accessori e Gadget Smart",Fujifilm,B0000C73CQ,0,40,88
"Soundcore Q20i di Anker, Cuffie Bluetooth Over-Ear con Cancellazione Rumore | ANC ibrida, 40 ore con ANC, audio Hi-Res, bassi",https://www.amazon.it/dp/B0C3HCD34R?tag=offertissimes-21,4.37,5.9,25.9,4.37,"Elettronica, Accessori e Gadget Smart","Elettronica, Accessori e Gadget Smart",Soundcore,B0C3HCD34R,0,40,88
"Amazon Basics, 6 batterie a bottone al litio CR2032, 3 Volt, lunga durata, senza mercurio",https://www.amazon.it/dp/B08J4QR18R?tag=offertissimes-21,10.76,14.53,25.9,10.76,"Elettronica, Accessori e Gadget Smart","Elettronica, Accessori e Gadget Smart",Amazon,B08J4QR18R,0,40,88
"DURACELL 2032 Batterie a moneta al litio (Confezione da 8) 3V, CR2032 | Fino a +70% di durata - Tecnologia Baby Secure - Per",https://www.amazon.it/dp/B06VW5BH2K?tag=offertissimes-21,49.99,67.49,25.9,49.99,"Elettronica, Accessori e Gadget Smart","Elettronica, Accessori e Gadget Smart",DURACELL,B06VW5BH2K,0,40,88
"Amazon Echo Spot (modello 2024) | Sveglia intelligente con audio di qualità | Nero, con Accesso Anticipato ad Alexa+",https://www.amazon.it/dp/B0C2S2J7JP?tag=offertissimes-21,30.32,40.93,25.9,30.32,"Elettronica, Accessori e Gadget Smart","Elettronica, Accessori e Gadget Smart",Amazon,B0C2S2J7JP,0,40,88
"INIU Power Bank, Piccolo 20000mAh 45W Ricarica Rapida Caricatore Portatile | Cavo USB C Integrati, Sicuro in Aereo, Essenzial",https://www.amazon.it/dp/B0DCYR5VNR?tag=offertissimes-21,30.99,41.84,25.9,30.99,"Elettronica, Accessori e Gadget Smart","Elettronica, Accessori e Gadget Smart",INIU,B0DCYR5VNR,0,40,88
"Ring Intercom Audio | Rendi il tuo citofono più intelligente | Audio in streaming, chiavi virtuali e accesso remoto | Configu",https://www.amazon.it/dp/B0CKGQ5913?tag=offertissimes-21,10.99,14.84,25.9,10.99,"Elettronica, Accessori e Gadget Smart","Elettronica, Accessori e Gadget Smart",Ring,B0CKGQ5913,0,40,88
"Oududianzi-Cover per iPhone 18 Pro / 17 Pro Magsafe Case, Bordeaux | Custodia Traslucida Posteriore PC Silicone TPU Bumper, P",https://www.amazon.it/dp/B0FLJYNTH8?tag=offertissimes-21,154.99,209.24,25.9,154.99,"Elettronica, Accessori e Gadget Smart","Elettronica, Accessori e Gadget Smart",Oududianzi-Cover,B0FLJYNTH8,0,40,88
"Amazon Echo Show 11 (ultimo modello) - Schermo Full HD da 11"" con colori vibranti, area di visione più ampia, audio spaziale,",https://www.amazon.it/dp/B0DTQCWJBR?tag=offertissimes-21,113.93,153.81,25.9,113.93,"Elettronica, Accessori e Gadget Smart","Elettronica, Accessori e Gadget Smart",Amazon,B0DTQCWJBR,0,40,88
"XIAOMI TV F 32 2025, 32 pollici (81 cm), HD, Smart TV, Fire TV,Triple Tuner DVB-C/S/S2/T/T2, Dolby Audio, DTS Virtual:X, DTS-",https://www.amazon.it/dp/B0F4548TCQ?tag=offertissimes-21,26.15,35.3,25.9,26.15,"Elettronica, Accessori e Gadget Smart","Elettronica, Accessori e Gadget Smart",XIAOMI,B0F4548TCQ,0,40,88
"Apple AirTag (seconda generazione): utile per localizzare portachiavi, portafogli e molto altro; funziona emettendo un suono;",https://www.amazon.it/dp/B0GJTFY58R?tag=offertissimes-21,64.98,87.72,25.9,64.98,"Elettronica, Accessori e Gadget Smart","Elettronica, Accessori e Gadget Smart",Apple,B0GJTFY58R,0,40,88
"Videocamera esterna 2K+ Blink con Videocitofono 2K+ a pile Blink (ultimo modello), Bianco, Modulo di sincronizzazione di base",https://www.amazon.it/dp/B0GZR5VMMF?tag=offertissimes-21,19.99,26.99,25.9,19.99,"Elettronica, Accessori e Gadget Smart","Elettronica, Accessori e Gadget Smart",Videocamera,B0GZR5VMMF,0,40,88
Amazon Basics Coppia di manubri in neoprene,https://www.amazon.it/dp/B078XXP3RH?tag=offertissimes-21,11.43,15.43,25.9,11.43,"Sport, Fitness e Attrezzatura","Sport, Fitness e Attrezzatura",Amazon,B078XXP3RH,0,40,88
"XIAOMI Smart Band 10, Fitness Tracker Uomo Donna, Batteria 21gg, Nero | Ricarica rapida, monitoraggio sonno professionale, 15",https://www.amazon.it/dp/B0DYF82545?tag=offertissimes-21,29.09,39.27,25.9,29.09,"Sport, Fitness e Attrezzatura","Sport, Fitness e Attrezzatura",XIAOMI,B0DYF82545,0,40,88
"LEONE 1947 AB705 - Bendaggi, Unisex – Adulto",https://www.amazon.it/dp/B00CYL77WC?tag=offertissimes-21,5.09,6.87,25.9,5.09,"Sport, Fitness e Attrezzatura","Sport, Fitness e Attrezzatura",LEONE,B00CYL77WC,0,40,88
Elastico Fitness Pilates - Fasce Elastiche Fitness Fisioterapia e Yoga - Elastici Palestra per Forza - Set Elastici Fitness c,https://www.amazon.it/dp/B0785YDT2G?tag=offertissimes-21,7.99,10.79,25.9,7.99,"Sport, Fitness e Attrezzatura","Sport, Fitness e Attrezzatura",Elastico,B0785YDT2G,0,40,88
"LA MENTE ES MARAVILLOSA - Tappetino Yoga e Pilates TPE, 183x61 cm | Spessore 6 mm, Antiscivolo per Fitness e Palestra in Casa",https://www.amazon.it/dp/B0D84CLKDD?tag=offertissimes-21,16.9,22.82,25.9,16.9,"Sport, Fitness e Attrezzatura","Sport, Fitness e Attrezzatura",LA,B0D84CLKDD,0,40,88
"Fokky Elastici Fitness[Set di 4], 1.5M/1.8M Elastico Palestra | 4 Livelli di Resistenza, Elastici Palestra con Borsa da Trasp",https://www.amazon.it/dp/B0DD7KJXG3?tag=offertissimes-21,7.99,10.79,25.9,7.99,"Sport, Fitness e Attrezzatura","Sport, Fitness e Attrezzatura",Fokky,B0DD7KJXG3,0,40,88
"GRIFEMA GA1201-12 Lucchetto antifurto per bicicletta con chiave, lucchetto a catena per biciclette, moto, scooter, 120 cm, ne",https://www.amazon.it/dp/B0C3YMHJ3R?tag=offertissimes-21,9.83,13.27,25.9,9.83,"Sport, Fitness e Attrezzatura","Sport, Fitness e Attrezzatura",GRIFEMA,B0C3YMHJ3R,0,40,88
ARENA Unisex Classico Silicone Cuffia da Nuoto,https://www.amazon.it/dp/B0079JHHOW?tag=offertissimes-21,6.55,8.84,25.9,6.55,"Sport, Fitness e Attrezzatura","Sport, Fitness e Attrezzatura",ARENA,B0079JHHOW,0,40,88
"Fokky Elastici Fitness (Set di 5), Elastico Palestra in Lattice Naturale | Borsa da Trasporto, Fasce Elastiche Fitness per Cr",https://www.amazon.it/dp/B09CTVQWK8?tag=offertissimes-21,7.99,10.79,25.9,7.99,"Sport, Fitness e Attrezzatura","Sport, Fitness e Attrezzatura",Fokky,B09CTVQWK8,0,40,88
Fitgriff® Straps Palestra - Fascette Sollevamento Pesi - Cinghie Stacchi,https://www.amazon.it/dp/B01F2OGJQM?tag=offertissimes-21,9.99,13.49,25.9,9.99,"Sport, Fitness e Attrezzatura","Sport, Fitness e Attrezzatura",Fitgriff,B01F2OGJQM,0,40,88
"LEONE 1947, TOP GUARD Paradenti, Unisex – Adulto (12 anni +), Taglia Unica",https://www.amazon.it/dp/B075VWTVSP?tag=offertissimes-21,10.65,14.38,25.9,10.65,"Sport, Fitness e Attrezzatura","Sport, Fitness e Attrezzatura",LEONE,B075VWTVSP,0,40,88
"Blukar Torcia Frontale LED, 2000 Lumen Lampada Frontale con Sensore | 8 Modalità, Super Luminosa, Dimmerabile Continuo, IPX5",https://www.amazon.it/dp/B0CBPHGWJ2?tag=offertissimes-21,15.99,21.59,25.9,15.99,"Sport, Fitness e Attrezzatura","Sport, Fitness e Attrezzatura",Blukar,B0CBPHGWJ2,0,40,88
"Arena Zoom X-Fit Occhialini Nuoto Anti-Appannamento Unisex Adulto, Occhialini Piscina con Ampie Lenti, Protezione UV, Ponte N",https://www.amazon.it/dp/B0079JI4EY?tag=offertissimes-21,6.6,8.91,25.9,6.6,"Sport, Fitness e Attrezzatura","Sport, Fitness e Attrezzatura",Arena,B0079JI4EY,0,40,88
Fitgriff® Guanti Palestra Uomo e Donna (Imbottiti) - Guanti da Fitness Antiscivolo per Allenamento - Accessori Sollevamento P,https://www.amazon.it/dp/B0CFYF44HN?tag=offertissimes-21,10.99,14.84,25.9,10.99,"Sport, Fitness e Attrezzatura","Sport, Fitness e Attrezzatura",Fitgriff,B0CFYF44HN,0,40,88
"Fitgriff® Marsupio Running - Porta Cellulare Corsa (per Ogni Telefono) per Uomo e Donna - Cintura Jogging per Sportivo, Cammi",https://www.amazon.it/dp/B07WH7JH6W?tag=offertissimes-21,13.95,18.83,25.9,13.95,"Sport, Fitness e Attrezzatura","Sport, Fitness e Attrezzatura",Fitgriff,B07WH7JH6W,0,40,88
"Sparrow Borraccia Sportiva 500ml/750ml/1L - Senza BPA - Tritan Bottiglia | Plastica Borraccia Acqua, Anti Perdita, Leggera, L",https://www.amazon.it/dp/B07PS39FKZ?tag=offertissimes-21,12.78,17.25,25.9,12.78,"Sport, Fitness e Attrezzatura","Sport, Fitness e Attrezzatura",Sparrow,B07PS39FKZ,0,40,88
"unycos - Foam Roller EVA per Massaggio Muscolare, 33x14 cm, Nero | Rullo per Gambe, Schiena e Braccia, Leggero per Trigger Po",https://www.amazon.it/dp/B0BT7Z7S5F?tag=offertissimes-21,14.7,19.84,25.9,14.7,"Sport, Fitness e Attrezzatura","Sport, Fitness e Attrezzatura",unycos,B0BT7Z7S5F,0,40,88
"Arena, Cobra Ultra Swipe MR",https://www.amazon.it/dp/B0C4M2CJ2N?tag=offertissimes-21,38.11,51.45,25.9,38.11,"Sport, Fitness e Attrezzatura","Sport, Fitness e Attrezzatura",Arena,B0C4M2CJ2N,0,40,88
"ZUAPEV® Telo Copri Bicicletta da Esterno Impermeabile, Telo Copribicicletta | Copertura Biciclette 210D, Copribici Pioggia Cu",https://www.amazon.it/dp/B0CQKXR1WT?tag=offertissimes-21,17.99,24.29,25.9,17.99,"Sport, Fitness e Attrezzatura","Sport, Fitness e Attrezzatura",ZUAPEV,B0CQKXR1WT,0,40,88
Favoto Telo Copri Bicicletta da Esterno Impermeabile per 1-2 Bici | Copertura Biciclette Tessuto Oxford Antipioggia Antisole,https://www.amazon.it/dp/B09WTT3R66?tag=offertissimes-21,10.44,14.09,25.9,10.44,"Sport, Fitness e Attrezzatura","Sport, Fitness e Attrezzatura",Favoto,B09WTT3R66,0,40,88
Flash,https://www.amazon.it/dp/B014YK778O?tag=offertissimes-21,25.96,35.05,25.9,25.96,"Sport, Fitness e Attrezzatura","Sport, Fitness e Attrezzatura",Flash,B014YK778O,0,40,88
"Fjbottle Borraccia Termica con Tappo magnetico 1500ML, Bottiglia Termica per Bambini - Senza BPA/Senza Perdite Borracce accia",https://www.amazon.it/dp/B0CQP4CK86?tag=offertissimes-21,27.99,37.79,25.9,27.99,"Sport, Fitness e Attrezzatura","Sport, Fitness e Attrezzatura",Fjbottle,B0CQP4CK86,0,40,88
"VLFit 2 Pezzi Blocchi Yoga - Eva Schiuma Supporto Blocco per Yoga, Pilates e Stretching",https://www.amazon.it/dp/B0711RVQKR?tag=offertissimes-21,11.99,16.19,25.9,11.99,"Sport, Fitness e Attrezzatura","Sport, Fitness e Attrezzatura",VLFit,B0711RVQKR,0,40,88
"Suright Elastici Fitness, Fasce Elastico Palestra in Tessuto | 3 Livelli di Resistenza, Bande Elastiche Fitness Antiscivoli p",https://www.amazon.it/dp/B09N6QDPNK?tag=offertissimes-21,10.77,14.54,25.9,10.77,"Sport, Fitness e Attrezzatura","Sport, Fitness e Attrezzatura",Suright,B09N6QDPNK,0,40,88
bemaxx Tappeto Palestra Tappetino Fitness da Ginnastica a Puzzle EVA | Pavimento Protettivo Incastro Tatami Allenamento Prote,https://www.amazon.it/dp/B019DZDM3O?tag=offertissimes-21,24.99,33.74,25.9,24.99,"Sport, Fitness e Attrezzatura","Sport, Fitness e Attrezzatura",bemaxx,B019DZDM3O,0,40,88
"Amazon Basics Palla Piccola da Pilates, 22,9 cm, Antiscoppio, Palla da Yoga, Allenamento del Core, Ginnastica, Acqua",https://www.amazon.it/dp/B0DN5JJ1RC?tag=offertissimes-21,8.25,11.14,25.9,8.25,"Sport, Fitness e Attrezzatura","Sport, Fitness e Attrezzatura",Amazon,B0DN5JJ1RC,0,40,88
New Era 9forty York Yankees Uomo cap Berretto Verde,https://www.amazon.it/dp/B07BK6XGLS?tag=offertissimes-21,13.93,18.81,25.9,13.93,"Sport, Fitness e Attrezzatura","Sport, Fitness e Attrezzatura",New,B07BK6XGLS,0,40,88
LEONE 1947 Safe Guard Paradenti,https://www.amazon.it/dp/B075VW7922?tag=offertissimes-21,4.91,6.63,25.9,4.91,"Sport, Fitness e Attrezzatura","Sport, Fitness e Attrezzatura",LEONE,B075VW7922,0,40,88
GOURMET Gold Cibo Umido per Gatti Adulti Mousse con Pesce Dell'Oceano 24 Lattine da 85g,https://www.amazon.it/dp/B01MG4A511?tag=offertissimes-21,15.36,20.74,25.9,15.36,Animali Domestici (Pet Care),Animali Domestici (Pet Care),GOURMET,B01MG4A511,1,40,88
"Amazon Basics Tappetini per l'addestramento di Cani e Cuccioli, Design a 5 Strati a Prova di perdite con Superficie ad Asciug",https://www.amazon.it/dp/B00MW8G62E?tag=offertissimes-21,16.16,21.82,25.9,16.16,Animali Domestici (Pet Care),Animali Domestici (Pet Care),Amazon,B00MW8G62E,1,40,88
"FELIX Le Ghiottonerie Cibo Umido per Gatti Adulti, 80 Bustine da 85g, Pesce | Bocconcini in Gelatina con Tonno Salmone Merluz",https://www.amazon.it/dp/B0BJVFXMWV?tag=offertissimes-21,29.99,40.49,25.9,29.99,Animali Domestici (Pet Care),Animali Domestici (Pet Care),FELIX,B0BJVFXMWV,1,40,88
"Frontline Combo Gatti x6 Antiparassitario Contro Pulci, Zecche E Pidocchi | Lunga Durata, Protegge da Pulci, Zecche, Uova, La",https://www.amazon.it/dp/B07Z28RS3J?tag=offertissimes-21,32.49,43.86,25.9,32.49,Animali Domestici (Pet Care),Animali Domestici (Pet Care),Frontline,B07Z28RS3J,1,40,88
"Amazon Basics Sacchetti igienici per cani con dispenser e clip per guinzaglio, inodori, Senza profumazione, 900 pezzi (60 con",https://www.amazon.it/dp/B00NABTGY2?tag=offertissimes-21,16.29,21.99,25.9,16.29,Animali Domestici (Pet Care),Animali Domestici (Pet Care),Amazon,B00NABTGY2,1,40,88
"Trainer Natural Sterilised Adult con Salmone e Fibra di Pisello 3 Kg, 3000 Gr",https://www.amazon.it/dp/B016RNIBXG?tag=offertissimes-21,19.29,26.04,25.9,19.29,Animali Domestici (Pet Care),Animali Domestici (Pet Care),Trainer,B016RNIBXG,1,40,88
"FELIX Le Ghiottonerie Cibo Umido per Gatti Adulti, 120 Bustine da 85g, Mix | Bocconcini in Gelatina con Manzo Pollo Salmone e",https://www.amazon.it/dp/B08HP5GW4F?tag=offertissimes-21,44.49,60.06,25.9,44.49,Animali Domestici (Pet Care),Animali Domestici (Pet Care),FELIX,B08HP5GW4F,1,40,88
Frontline Tri-Act x6 Antiparassitario Cani Contro la Leishmaniosi (20-40Kg) | Antiparassitario Per Cani E Cuccioli. Protegge,https://www.amazon.it/dp/B073V5QWM4?tag=offertissimes-21,40.0,54.0,25.9,40.0,Animali Domestici (Pet Care),Animali Domestici (Pet Care),Frontline,B073V5QWM4,1,40,88
"Videocamera Mini 2K+ Blink (ultimo modello) | Videocamera di sicurezza domestica con alimentatore plug-in, risoluzione video",https://www.amazon.it/dp/B0F3BDBWK2?tag=offertissimes-21,19.99,26.99,25.9,19.99,Animali Domestici (Pet Care),Animali Domestici (Pet Care),Videocamera,B0F3BDBWK2,1,40,88
"FELIX Le Ghiottonerie Cibo Umido per Gatti Adulti, 48 Bustine da 85g | Bocconcini in Gelatina con Manzo e Pollo per Gatti Adu",https://www.amazon.it/dp/B08YDNJBFX?tag=offertissimes-21,21.0,28.35,25.9,21.0,Animali Domestici (Pet Care),Animali Domestici (Pet Care),FELIX,B08YDNJBFX,1,40,88
"AdTab Compresse Masticabili per gatti >2,0-8,0 Kg - 3 compresse",https://www.amazon.it/dp/B0CTKLD2MN?tag=offertissimes-21,18.8,25.38,25.9,18.8,Animali Domestici (Pet Care),Animali Domestici (Pet Care),AdTab,B0CTKLD2MN,1,40,88
PURINA GOURMET Gold Cibo Umido Gatto Adulto con Tonno | Confezione 24x85g,https://www.amazon.it/dp/B078YTDY63?tag=offertissimes-21,36.0,48.6,25.9,36.0,Animali Domestici (Pet Care),Animali Domestici (Pet Care),PURINA,B078YTDY63,1,40,88
"by Amazon Lettiera per Gatti Agglomerante al Mais, 10L (Confezione da 1) (in Precedenza un Marchio Lifelong, Stesso Prodotto)",https://www.amazon.it/dp/B083VBYDM1?tag=offertissimes-21,7.29,9.84,25.9,7.29,Animali Domestici (Pet Care),Animali Domestici (Pet Care),by,B083VBYDM1,1,40,88
"Natural Trainer Cibo Umido per Gatti Adulti Sterilizzati, Multipack Tonno e Manzo 12 x 85 g",https://www.amazon.it/dp/B0CJNLLMK3?tag=offertissimes-21,7.83,10.57,25.9,7.83,Animali Domestici (Pet Care),Animali Domestici (Pet Care),Natural,B0CJNLLMK3,1,40,88
"PURINA ONE Bifensis Sterilcat Crocchette Gatti Adulti, Sacco da 2,8 kg | Crocchette per Gatti Sterilizzati con Pollo, Formula",https://www.amazon.it/dp/B01M6B5PGR?tag=offertissimes-21,13.89,18.75,25.9,13.89,Animali Domestici (Pet Care),Animali Domestici (Pet Care),PURINA,B01M6B5PGR,1,40,88
"Trainer Sensitive No Gluten mm Adult Con Salmone E Cereali Integrali, 12 kg",https://www.amazon.it/dp/B07V5B8QHB?tag=offertissimes-21,70.4,95.04,25.9,70.4,Animali Domestici (Pet Care),Animali Domestici (Pet Care),Trainer,B07V5B8QHB,1,40,88
"Catisfactions Snack Croccanti per Gatto con Irresistibile Erba Gatta, Fuori Croccante e Dentro Morbido, 6 Confezioni da 60 g,",https://www.amazon.it/dp/B09SHZM5F8?tag=offertissimes-21,8.28,11.18,25.9,8.28,Animali Domestici (Pet Care),Animali Domestici (Pet Care),Catisfactions,B09SHZM5F8,1,40,88
GOURMET Gold Delizie in Salsa Cibo Umido per Gatti Adulti Filettini con Tonno 24 Lattine da 85g,https://www.amazon.it/dp/B0871K8RR7?tag=offertissimes-21,16.56,22.36,25.9,16.56,Animali Domestici (Pet Care),Animali Domestici (Pet Care),GOURMET,B0871K8RR7,1,40,88
"Vitakraft Liquid snack per gatti, snack gatto in formato mega pack, consistenza cremosa, con manzo, con pollo, con salmone, 1",https://www.amazon.it/dp/B0F7LY2FSZ?tag=offertissimes-21,39.58,53.43,25.9,39.58,Animali Domestici (Pet Care),Animali Domestici (Pet Care),Vitakraft,B0F7LY2FSZ,1,40,88
Natural Trainer Medium Cibo per Cani Adulti con Manzo - 12kg,https://www.amazon.it/dp/B074S2V6FH?tag=offertissimes-21,38.5,51.98,25.9,38.5,Animali Domestici (Pet Care),Animali Domestici (Pet Care),Natural,B074S2V6FH,1,40,88
"FRONTPRO x3 Compresse Masticabili Per Cani Contro Pulci E Zecche (4-10Kg) | Protegge da Pulci e Zecche, Antipulci in Confezio",https://www.amazon.it/dp/B0BSL7B334?tag=offertissimes-21,24.86,33.56,25.9,24.86,Animali Domestici (Pet Care),Animali Domestici (Pet Care),FRONTPRO,B0BSL7B334,1,40,88
"Amazon Basics Tappetini al carbone con controllo degli odori per l'addestramento di cani e cuccioli,prova di perdite con supe",https://www.amazon.it/dp/B071S81VYX?tag=offertissimes-21,24.79,33.47,25.9,24.79,Animali Domestici (Pet Care),Animali Domestici (Pet Care),Amazon,B071S81VYX,1,40,88
"Amazon Basics Pannolini USA e Getta per Cani Maschi, Misura S, Confezione da 50, Bianco",https://www.amazon.it/dp/B08HSGCB58?tag=offertissimes-21,39.22,52.95,25.9,39.22,Animali Domestici (Pet Care),Animali Domestici (Pet Care),Amazon,B08HSGCB58,1,40,88
"Pedigree Dentastix Snack per la Igiene Orale (Cane Grande +25 kg), 270 g 105 Pezzi - 15 Confezioni da 7 Pezzi (105 Pezzi tota",https://www.amazon.it/dp/B083SVXRHQ?tag=offertissimes-21,56.9,76.81,25.9,56.9,Animali Domestici (Pet Care),Animali Domestici (Pet Care),Pedigree,B083SVXRHQ,1,40,88
"Advantix® Spot-on antiparassitario per Cani da 25 kg a 40 Kg, 4 pipette da 4,0 ml. Elimina zecche, pulci, pidocchi in casa. P",https://www.amazon.it/dp/B007RQPTN8?tag=offertissimes-21,35.0,47.25,25.9,35.0,Animali Domestici (Pet Care),Animali Domestici (Pet Care),Advantix,B007RQPTN8,1,40,88
"Pampers Progressi Maxi, Taglia 4 (7-18 kg), 126 Pannolini Bambino | Formato Scorta, Indicatore di Bagnato, Pelli Delicate, Li",https://www.amazon.it/dp/B0D9QT7MPK?tag=offertissimes-21,48.67,65.7,25.9,48.67,Prima Infanzia e Maternità,Prima Infanzia e Maternità,Pampers,B0D9QT7MPK,1,40,88
"Pampers Baby-Dry Salviette Umidificate Neonato/Bambino, 840 Unità | 12 Confezioni, Formato Scorta, Con Aloe Vera, Ripristina",https://www.amazon.it/dp/B07GBRCCG7?tag=offertissimes-21,21.96,29.65,25.9,21.96,Prima Infanzia e Maternità,Prima Infanzia e Maternità,Pampers,B07GBRCCG7,1,40,88
"WaterWipes Sensitive+ Newborn & Baby Wipes, 12 Confezioni | 720 salviette 3 in 1 che detergono, proteggono e si prendono cura",https://www.amazon.it/dp/B08MXSBRSB?tag=offertissimes-21,30.93,41.76,25.9,30.93,Prima Infanzia e Maternità,Prima Infanzia e Maternità,WaterWipes,B08MXSBRSB,1,40,88
"Pampers Baby Dry Mutandino Maxi, Taglia 4 (8-15 kg), 138 Pannolini Bambino | Formato Scorta, Barriera Stop&Protect, Anti-Fuor",https://www.amazon.it/dp/B0DJPSGKWH?tag=offertissimes-21,41.17,55.58,25.9,41.17,Prima Infanzia e Maternità,Prima Infanzia e Maternità,Pampers,B0DJPSGKWH,1,40,88
"Libenar Soluzione Isotonica│Adatto a Neonati e Bambini│85 Flaconcini da 5ml | Soluzione salina sterile isotonica 0,9% per l'i",https://www.amazon.it/dp/B0D3JC9CRV?tag=offertissimes-21,17.99,24.29,25.9,17.99,Prima Infanzia e Maternità,Prima Infanzia e Maternità,Libenar,B0D3JC9CRV,1,40,88
"Bepanthenol Pasta Lenitiva Neonato, Crema Cambio Pannolino, Pantenolo, 100g | Idratazione e Rigenerazione Pelle, Protezione N",https://www.amazon.it/dp/B00D3HUJH6?tag=offertissimes-21,23.9,32.27,25.9,23.9,Prima Infanzia e Maternità,Prima Infanzia e Maternità,Bepanthenol,B00D3HUJH6,1,40,88
"Huggies Extra Care Neonato, 28 Pannolini, Taglia 1 (2-5Kg) | Pannolini Taglia 1, Alta Assorbenza, Con Bande elastiche, Materi",https://www.amazon.it/dp/B00ZM0KDS2?tag=offertissimes-21,5.17,6.98,25.9,5.17,Prima Infanzia e Maternità,Prima Infanzia e Maternità,Huggies,B00ZM0KDS2,1,40,88
"Fria Easy Baby Salviette per Cambio Pannolino, con Aloe Vera ed Estratto di Miele ad Effetto Idratante sulla Pelle, Dermatolo",https://www.amazon.it/dp/B09JCPKS9Q?tag=offertissimes-21,4.34,5.86,25.9,4.34,Prima Infanzia e Maternità,Prima Infanzia e Maternità,Fria,B09JCPKS9Q,1,40,88
"Chicco Salviette Neonato Megapack da 864 Salviette, Detergenti Multiuso Con Clip, Senza Alcool, Profumate, Adatte per Pelli S",https://www.amazon.it/dp/B0CWVKTZQW?tag=offertissimes-21,29.96,40.45,25.9,29.96,Prima Infanzia e Maternità,Prima Infanzia e Maternità,Chicco,B0CWVKTZQW,1,40,88
"Huggies Little Movers, 126 Pannolini, Taglia 5 (11-25 Kg), Pacco Scorta | Pannolini Taglia 5, Doppie Fasce Laterali, Per Prot",https://www.amazon.it/dp/B0C45THRVR?tag=offertissimes-21,32.57,43.97,25.9,32.57,Prima Infanzia e Maternità,Prima Infanzia e Maternità,Huggies,B0C45THRVR,1,40,88
"Foppapedretti Sponda da Letto Hoplà 150 cm, per bambini da 18 mesi a 5 anni, Fissaggio sotto materasso, Pieghevole e Trasport",https://www.amazon.it/dp/B01LZ2X6P5?tag=offertissimes-21,28.61,38.62,25.9,28.61,Prima Infanzia e Maternità,Prima Infanzia e Maternità,Foppapedretti,B01LZ2X6P5,1,40,88
"Medela Purelan Crema alla Lanolina per Capezzoli, Sollievo Rapido per Capezzoli Dolenti e Pelle Secca, a Base di Ingredienti",https://www.amazon.it/dp/B08HDGKR5B?tag=offertissimes-21,8.34,11.26,25.9,8.34,Prima Infanzia e Maternità,Prima Infanzia e Maternità,Medela,B08HDGKR5B,1,40,88
"Narhinel Ricambi Morbidi per Aspiratore Nasale, Neonati e Bambini, 60 Pezzi | Ricambi Usa e Getta",https://www.amazon.it/dp/B0CR68NP6N?tag=offertissimes-21,20.46,27.62,25.9,20.46,Prima Infanzia e Maternità,Prima Infanzia e Maternità,Narhinel,B0CR68NP6N,1,40,88
"My Happy Nappy 16 Ricariche Mangiapannolini 4,5 Metri Profumate Anti-Odore | Sacchetti per Ricariche Compatibili con Tommee T",https://www.amazon.it/dp/B0FPGH786W?tag=offertissimes-21,19.99,26.99,25.9,19.99,Prima Infanzia e Maternità,Prima Infanzia e Maternità,My,B0FPGH786W,1,40,88
"MAM Biberon Anticolica Easy Start 260 ml (Set da 2), Tettarella 2, Rosa | Da 2+ mesi, Valvola anticolica, Riduce bolle d'aria",https://www.amazon.it/dp/B0CPJ94RWZ?tag=offertissimes-21,16.39,22.13,25.9,16.39,Prima Infanzia e Maternità,Prima Infanzia e Maternità,MAM,B0CPJ94RWZ,1,40,88
"Tommee Tippee Mangiapannolini Twist & Click, Confezione Esclusiva con 2 Ricariche (1 Precaricata, 1 di Riserva), Protezione A",https://www.amazon.it/dp/B0D5CZ1XGQ?tag=offertissimes-21,28.68,38.72,25.9,28.68,Prima Infanzia e Maternità,Prima Infanzia e Maternità,Tommee,B0D5CZ1XGQ,1,40,88
"Pannolini LILLYDOO, taglia 3 (6+ kg), 87 pz, delicati sulla pelle | Extra morbidi, 0% profumi e lozioni, dermatologicamente t",https://www.amazon.it/dp/B0F4RMPSN2?tag=offertissimes-21,24.15,32.6,25.9,24.15,Prima Infanzia e Maternità,Prima Infanzia e Maternità,Pannolini,B0F4RMPSN2,1,40,88
Euphidra AmidoMio Dermo Detergente 0-5 anni delicato pelle sensibile – 400 ml,https://www.amazon.it/dp/B01MYX4VM6?tag=offertissimes-21,5.11,6.9,25.9,5.11,Prima Infanzia e Maternità,Prima Infanzia e Maternità,Euphidra,B01MYX4VM6,1,40,88
By Amazon Pannolini Ultra Dry - Taglia 3 (4-9kg) - 172 Pezzi (2 Confezioni da 86),https://www.amazon.it/dp/B084N3M28P?tag=offertissimes-21,25.84,34.88,25.9,25.84,Prima Infanzia e Maternità,Prima Infanzia e Maternità,By,B084N3M28P,1,40,88
"Foppapedretti Mangiapannolini Maialino, Bidoncino Getta Pannolini, 1 Ricarica inclusa (fino a 180 pannolini), trattiene catti",https://www.amazon.it/dp/B004QJ2MU2?tag=offertissimes-21,19.26,26.0,25.9,19.26,Prima Infanzia e Maternità,Prima Infanzia e Maternità,Foppapedretti,B004QJ2MU2,1,40,88
"Tommee Tippee Ricariche originali per mangiapannolini Twist & Click | confezione esclusiva da 16 ricariche di 10, 5 metri l’u",https://www.amazon.it/dp/B0D5CZ1ZR6?tag=offertissimes-21,68.02,91.83,25.9,68.02,Prima Infanzia e Maternità,Prima Infanzia e Maternità,Tommee,B0D5CZ1ZR6,1,40,88
"8 Bustine Corredino Neonato Ospedale Teddy Bear in 2 Dimensioni Diverse | Indispensabili per una Borsa Parto Più Ordinata, Ri",https://www.amazon.it/dp/B0CCZ1NFS1?tag=offertissimes-21,9.99,13.49,25.9,9.99,Prima Infanzia e Maternità,Prima Infanzia e Maternità,8,B0CCZ1NFS1,1,40,88
"Air Liquide Healthcare, RINOWASH, Doccia Nasale Micronizzata | Per Terapia Aerosolica delle Vie Aeree Superiori, Adatto ad Ad",https://www.amazon.it/dp/B00BFCPAVQ?tag=offertissimes-21,20.46,27.62,25.9,20.46,Prima Infanzia e Maternità,Prima Infanzia e Maternità,Air,B00BFCPAVQ,1,40,88
"MAM Tettarella Misura X (Set da 2), Per l'allattamento dai 6+ mesi | Forma piatta e simmetrica, Silicone SkinSoft, Flusso ext",https://www.amazon.it/dp/B0931KWDB3?tag=offertissimes-21,8.19,11.06,25.9,8.19,Prima Infanzia e Maternità,Prima Infanzia e Maternità,MAM,B0931KWDB3,1,40,88
"Mustela detergente delicato corpo e capelli per tutta la famiglia, 750 ml",https://www.amazon.it/dp/B08MKNH3B4?tag=offertissimes-21,29.79,40.22,25.9,29.79,Prima Infanzia e Maternità,Prima Infanzia e Maternità,Mustela,B08MKNH3B4,1,40,88
"Medela Coppette Assorbilatte Ultratraspiranti, Altamente Assorbenti, Design Discreto per Uso Confortevole, Confezione da 120",https://www.amazon.it/dp/B0CYQCV5RL?tag=offertissimes-21,10.57,14.27,25.9,10.57,Prima Infanzia e Maternità,Prima Infanzia e Maternità,Medela,B0CYQCV5RL,1,40,88
"Huggies Little Movers, 150 Pannolini, Taglia 4 (7-18 Kg), Pacco Scorta | Pannolini Taglia 4, Doppie Fasce Laterali, Per Prote",https://www.amazon.it/dp/B0C468T3TM?tag=offertissimes-21,42.64,57.56,25.9,42.64,Prima Infanzia e Maternità,Prima Infanzia e Maternità,Huggies,B0C468T3TM,1,40,88
"Weleda Baby Crema Protettiva Calendula, per cambio pannolino, lenisce e protegge, con estratti di calendula e ossido di zinco",https://www.amazon.it/dp/B00BN8JUCC?tag=offertissimes-21,9.0,12.15,25.9,9.0,Prima Infanzia e Maternità,Prima Infanzia e Maternità,Weleda,B00BN8JUCC,1,40,88
"Legami - Set Halloween, 1 Erasable Pen Blind Box, 2 Penne Lovely Friends | 1 Blind Box con 1 Penna cancellabile a Sorpresa, n",https://www.amazon.it/dp/B0H8Y1QYDF?tag=offertissimes-21,10.2,13.77,25.9,10.2,"Cancelleria, Ufficio e Spedizioni","Cancelleria, Ufficio e Spedizioni",Legami,B0H8Y1QYDF,0,40,88
"Casio Fx-570Es Plus 2 Calcolatrice Scientifica Con 417 Funzioni, Nero",https://www.amazon.it/dp/B082FT7L5B?tag=offertissimes-21,15.49,20.91,25.9,15.49,"Cancelleria, Ufficio e Spedizioni","Cancelleria, Ufficio e Spedizioni",Casio,B082FT7L5B,0,40,88
"STABILO - Evidenziatore - BOSS ORIGINAL Pastel | Desk-Set, 15 Evidenziatori Pastel",https://www.amazon.it/dp/B08S76ZLVJ?tag=offertissimes-21,15.98,21.57,25.9,15.98,"Cancelleria, Ufficio e Spedizioni","Cancelleria, Ufficio e Spedizioni",STABILO,B08S76ZLVJ,0,40,88
BM OFFICE Carta A4 per Stampante 80gr - Confezione da 5 risme da 500 Fogli l'una - tot. 2.500 fogli - ideale per tutte le Sta,https://www.amazon.it/dp/B0FNDC2892?tag=offertissimes-21,24.5,33.08,25.9,24.5,"Cancelleria, Ufficio e Spedizioni","Cancelleria, Ufficio e Spedizioni",BM,B0FNDC2892,0,40,88
"Amazon Basics - Lavagna Bianca Magnetica Cancellabile a Secco, Cornice in Alluminio, Bacheca Magnetica, Montaggio a Parete Ad",https://www.amazon.it/dp/B085PH6Z51?tag=offertissimes-21,13.48,18.2,25.9,13.48,"Cancelleria, Ufficio e Spedizioni","Cancelleria, Ufficio e Spedizioni",Amazon,B085PH6Z51,0,40,88
"Plaud Note Pro Registratore Vocale AI Trascrizione Riepiloghi per Riunioni | Plaud Intelligence, Riepiloghi AI, 64GB, Fino a",https://www.amazon.it/dp/B0FXL8WZQN?tag=offertissimes-21,189.0,255.15,25.9,189.0,"Cancelleria, Ufficio e Spedizioni","Cancelleria, Ufficio e Spedizioni",Plaud,B0FXL8WZQN,0,40,88
"STAEDTLER Noris 550 Set compasso metallo – mine & prolunga, Ø 395 mm | Compasso di precisione a regolazione rapida, robusto –",https://www.amazon.it/dp/B000WH0XBC?tag=offertissimes-21,10.57,14.27,25.9,10.57,"Cancelleria, Ufficio e Spedizioni","Cancelleria, Ufficio e Spedizioni",STAEDTLER,B000WH0XBC,0,40,88
PILOT - 12 Ricariche FriXion Ball - Cancellabile - Blu - Punta Media | Inchiostro Gel Cancellabile - Compatibili FriXion Ball,https://www.amazon.it/dp/B07SHSTQTS?tag=offertissimes-21,17.61,23.77,25.9,17.61,"Cancelleria, Ufficio e Spedizioni","Cancelleria, Ufficio e Spedizioni",PILOT,B07SHSTQTS,0,40,88
"Scotch Nastro Adesivo Trasparente 508, 10 Rotoli, 15 mm x 33 m | Nastro Adesivo Trasparente Multiuso per Scuola, Casa e Uffic",https://www.amazon.it/dp/B000KJPAZ6?tag=offertissimes-21,2.94,3.97,25.9,2.94,"Cancelleria, Ufficio e Spedizioni","Cancelleria, Ufficio e Spedizioni",Scotch,B000KJPAZ6,0,40,88
"STABILO - Marcatore - OHPen universal Permanente | Tratto Fine (0,7 mm), Confezione da 10, Nero",https://www.amazon.it/dp/B004L1AWBG?tag=offertissimes-21,10.66,14.39,25.9,10.66,"Cancelleria, Ufficio e Spedizioni","Cancelleria, Ufficio e Spedizioni",STABILO,B004L1AWBG,0,40,88
"Giotto Stilnovo Astuccio Da 24 Matite A Pastello Colorate, 3.3Mm, Multicolore, ‎24 Unità (Confezione da 1)",https://www.amazon.it/dp/B0026J2LQO?tag=offertissimes-21,6.08,8.21,25.9,6.08,"Cancelleria, Ufficio e Spedizioni","Cancelleria, Ufficio e Spedizioni",Giotto,B0026J2LQO,0,40,88
"Amazon Basics, Carta Multiuso per Stampante e Fotocopiatrice, Formato A4, 75g/m2, 2500 Fogli (Confezione da 5 Risme), Colore",https://www.amazon.it/dp/B0FQNP9YTN?tag=offertissimes-21,23.35,31.52,25.9,23.35,"Cancelleria, Ufficio e Spedizioni","Cancelleria, Ufficio e Spedizioni",Amazon,B0FQNP9YTN,0,40,88
"One Color - Set da 5 Maxi Quaderni A4 - Tinta Unita 5M Quadretti 5mm | Blasetti: carta FSC 80gr per scrittura fluida, coperti",https://www.amazon.it/dp/B0GKPB7JGN?tag=offertissimes-21,5.32,7.18,25.9,5.32,"Cancelleria, Ufficio e Spedizioni","Cancelleria, Ufficio e Spedizioni",One,B0GKPB7JGN,0,40,88
"Rapesco 1382 SP-64 Cucitrice a Pinza e 1000 Punti Tipo 21/4 mm, Fucsia | Capacità 12 Fogli",https://www.amazon.it/dp/B01MZBXGPW?tag=offertissimes-21,8.19,11.06,25.9,8.19,"Cancelleria, Ufficio e Spedizioni","Cancelleria, Ufficio e Spedizioni",Rapesco,B01MZBXGPW,0,40,88
RAGO® Buste per Spedizioni Vinted I Set da 30 pezzi - S-10 pezzi I M-10 pezzi I L-10 pezzi I Sacchetti Spedizione I Buste Pla,https://www.amazon.it/dp/B0DMT5QXYJ?tag=offertissimes-21,8.79,11.87,25.9,8.79,"Cancelleria, Ufficio e Spedizioni","Cancelleria, Ufficio e Spedizioni",RAGO,B0DMT5QXYJ,0,40,88
Calendario Geniale 2027. Il Primo e L'Originale. 365 giorni di Frasi Filosofiche. Ricambio 10x14 cm formato A6 da tavolo. Bon,https://www.amazon.it/dp/B0G69LYTH5?tag=offertissimes-21,10.82,14.61,25.9,10.82,"Cancelleria, Ufficio e Spedizioni","Cancelleria, Ufficio e Spedizioni",Calendario,B0G69LYTH5,0,40,88
"IMBALLAGGI 2000 - Scatole Trasloco a Doppia Onda 60x40x40, Pack da 15 Scatole Cartone Resistenti e Durevoli, Scatoloni per Tr",https://www.amazon.it/dp/B01ITXHENA?tag=offertissimes-21,28.99,39.14,25.9,28.99,"Cancelleria, Ufficio e Spedizioni","Cancelleria, Ufficio e Spedizioni",IMBALLAGGI,B01ITXHENA,0,40,88
"Agenda 2027 Settimanale A5 Smart Panda – Diario, Intervalli di 30 min | Design semplice, più produttività, pianificazione gio",https://www.amazon.it/dp/B0GV43LDQT?tag=offertissimes-21,9.95,13.43,25.9,9.95,"Cancelleria, Ufficio e Spedizioni","Cancelleria, Ufficio e Spedizioni",Agenda,B0GV43LDQT,0,40,88
Favorit Buste Perforate Lucide Alto Spessore 22x30cm 100 Pezzi Trasparenti,https://www.amazon.it/dp/B09M7C6YWN?tag=offertissimes-21,12.54,16.93,25.9,12.54,"Cancelleria, Ufficio e Spedizioni","Cancelleria, Ufficio e Spedizioni",Favorit,B09M7C6YWN,0,40,88
"Blasetti - confezione da 20 fogli protocollo - rigo 1R | Blasetti: fogli protocollo A4 60gr, bicolor, per scuola, ufficio e s",https://www.amazon.it/dp/B004APAGJG?tag=offertissimes-21,1.26,1.7,25.9,1.26,"Cancelleria, Ufficio e Spedizioni","Cancelleria, Ufficio e Spedizioni",Blasetti,B004APAGJG,0,40,88
EMBALLAX - 30 Buste per Spedizioni Vinted CON TASCA PER BOLLETTINO - Taglie S/M/L - NON TRANSPARENTI/ULTRA-RESISTENTI - Sacch,https://www.amazon.it/dp/B0DP7J1Q6Y?tag=offertissimes-21,10.79,14.57,25.9,10.79,"Cancelleria, Ufficio e Spedizioni","Cancelleria, Ufficio e Spedizioni",EMBALLAX,B0DP7J1Q6Y,0,40,88
"Pigna - Confezione 10 Quaderno Maxi A4 MONOCROMO THE ORIGINAL,5M | Copertina in cartoncino - 80 pagine - risguardo personaliz",https://www.amazon.it/dp/B07GR9LQSK?tag=offertissimes-21,10.12,13.66,25.9,10.12,"Cancelleria, Ufficio e Spedizioni","Cancelleria, Ufficio e Spedizioni",Pigna,B07GR9LQSK,0,40,88
"IMBALLAGGI 2000- Risma Carta A4 per Stampante, 5 Risme da 500 Fogli di Alta Qualità, Indispensabile in Ufficio, Pack 5x500 Fo",https://www.amazon.it/dp/B07G4FZVCF?tag=offertissimes-21,27.99,37.79,25.9,27.99,"Cancelleria, Ufficio e Spedizioni","Cancelleria, Ufficio e Spedizioni",IMBALLAGGI,B07G4FZVCF,0,40,88
PILOT - 4 G2 Plus - Penna Roller Gel Retrattile e Ricaricabile - Nero | Roller Gel Retrattile - Tratto Fluido e Preciso - Ecc,https://www.amazon.it/dp/B07KM3LJX6?tag=offertissimes-21,6.95,9.38,25.9,6.95,"Cancelleria, Ufficio e Spedizioni","Cancelleria, Ufficio e Spedizioni",PILOT,B07KM3LJX6,0,40,88
"Amazon Basics Notebook classico A5, blocco notes diario per scrittura e presa di appunti in ufficio, a scuola e a casa, a pag",https://www.amazon.it/dp/B01DN8TB5U?tag=offertissimes-21,5.63,7.6,25.9,5.63,"Cancelleria, Ufficio e Spedizioni","Cancelleria, Ufficio e Spedizioni",Amazon,B01DN8TB5U,0,40,88
100x Plastificatrici Albyco A4 2x80 Mic | Protezione brillante e pro | Pochettini Albyco lucidi: protezione duratura e finitu,https://www.amazon.it/dp/B09GS6RMTL?tag=offertissimes-21,7.37,9.95,25.9,7.37,"Cancelleria, Ufficio e Spedizioni","Cancelleria, Ufficio e Spedizioni",100x,B09GS6RMTL,0,40,88
"Pigna Colours, Quaderno Formato A4, Rigatura 5M, Quadretti 5 mm per 2° e 3° Elementare, Carta 80G/Mq, Pacco da 10 Pezzi, 0230",https://www.amazon.it/dp/B08DG258XQ?tag=offertissimes-21,4.26,5.75,25.9,4.26,"Cancelleria, Ufficio e Spedizioni","Cancelleria, Ufficio e Spedizioni",Pigna,B08DG258XQ,0,40,88
"LEGO Speed Champions Auto da corsa F1 Ferrari SF-24-77242 | Giochi per bambini da 10 anni, macchina giocattolo da collezione,",https://www.amazon.it/dp/B0DHSBBV6R?tag=offertissimes-21,24.29,32.79,25.9,24.29,"Giochi, Hobbies e Tempo Libero","Giochi, Hobbies e Tempo Libero",LEGO,B0DHSBBV6R,0,40,88
"Asmodee - Dixit - Gioco da Tavolo di Immaginazione e Fantasia, 3-8 Giocatori, 8+ Anni, Edizione in Italiano",https://www.amazon.it/dp/B08XWJJQVC?tag=offertissimes-21,19.66,26.54,25.9,19.66,"Giochi, Hobbies e Tempo Libero","Giochi, Hobbies e Tempo Libero",Asmodee,B08XWJJQVC,0,40,88
"LEGO Editions Casco di Charles Leclerc Scuderia Ferrari HP 43014 | Giochi per ragazzi e ragazze da 14 anni, modello da esposi",https://www.amazon.it/dp/B0FPXFDFV8?tag=offertissimes-21,84.99,114.74,25.9,84.99,"Giochi, Hobbies e Tempo Libero","Giochi, Hobbies e Tempo Libero",LEGO,B0FPXFDFV8,0,40,88
"Asmodee – DOBBLE – Carte da Gioco per Famiglie, Bambini e Amici | Gioco da Tavolo Rapido e Divertente in Versione da Viaggio",https://www.amazon.it/dp/B0CL4PR63X?tag=offertissimes-21,11.47,15.48,25.9,11.47,"Giochi, Hobbies e Tempo Libero","Giochi, Hobbies e Tempo Libero",Asmodee,B0CL4PR63X,0,40,88
"LEGO Botanicals Mini-orchidea 10343 | Set per adulti, con vaso, fiori finti, bocciolo e foglie artificiali, decorazione per c",https://www.amazon.it/dp/B01N6CJ1QW?tag=offertissimes-21,17.2,23.22,25.9,17.2,"Giochi, Hobbies e Tempo Libero","Giochi, Hobbies e Tempo Libero",LEGO,B01N6CJ1QW,0,40,88
"Asmodee - Exploding Kittens - Gioco di Carte, Party Game, 2-5 Giocatori, 7+ Anni, Edizione in Italiano",https://www.amazon.it/dp/B077L3RV2B?tag=offertissimes-21,12.29,16.59,25.9,12.29,"Giochi, Hobbies e Tempo Libero","Giochi, Hobbies e Tempo Libero",Asmodee,B077L3RV2B,0,40,88
"Pokémon: miniscatola da collezione Moltres dell’espansione 30° Anniversario del GCC Pokémon (1 foglio di adesivi, 1 carta con",https://www.amazon.it/dp/B0H9HL5WDR?tag=offertissimes-21,12.63,17.05,25.9,12.63,"Giochi, Hobbies e Tempo Libero","Giochi, Hobbies e Tempo Libero",Amazon Choice,B0H9HL5WDR,0,40,88
"Pokémon: miniscatola da collezione Mew dell’espansione 30° Anniversario del GCC Pokémon (1 foglio di adesivi, 1 carta con l’i",https://www.amazon.it/dp/B0H9HS8885?tag=offertissimes-21,12.29,16.59,25.9,12.29,"Giochi, Hobbies e Tempo Libero","Giochi, Hobbies e Tempo Libero",Amazon Choice,B0H9HS8885,0,40,88
"Pokémon: miniscatola da collezione Espeon dell’espansione 30° Anniversario del GCC Pokémon (1 foglio di adesivi, 1 carta con",https://www.amazon.it/dp/B0H9HMCHSP?tag=offertissimes-21,12.71,17.16,25.9,12.71,"Giochi, Hobbies e Tempo Libero","Giochi, Hobbies e Tempo Libero",Amazon Choice,B0H9HMCHSP,0,40,88
"Paw Patrol, Quad di Ryder, Veicolo Giocattolo con Action Figure da Collezione, Giocattoli orientati alla sostenibilità per Ba",https://www.amazon.it/dp/B0DCBXNSRS?tag=offertissimes-21,17.62,23.79,25.9,17.62,"Giochi, Hobbies e Tempo Libero","Giochi, Hobbies e Tempo Libero",Paw,B0DCBXNSRS,0,40,88
"FABA Personaggio Sonoro – Musica Maestro! | Musiche canzoni e suoni per bambini 1+ anni, Ascoltabile con FABA Raccontastorie",https://www.amazon.it/dp/B092VMXB7G?tag=offertissimes-21,11.06,14.93,25.9,11.06,"Giochi, Hobbies e Tempo Libero","Giochi, Hobbies e Tempo Libero",FABA,B092VMXB7G,0,40,88
"LEGO ONE PIECE La nave pirata Going Merry 75639 | Giochi per bambini da 10 anni, barca giocattolo da esposizione, 5 minifigur",https://www.amazon.it/dp/B0DWDQYB87?tag=offertissimes-21,89.17,120.38,25.9,89.17,"Giochi, Hobbies e Tempo Libero","Giochi, Hobbies e Tempo Libero",LEGO,B0DWDQYB87,0,40,88
"Pokémon: miniscatola da collezione Umbreon dell’espansione 30° Anniversario del GCC Pokémon (1 foglio di adesivi, 1 carta con",https://www.amazon.it/dp/B0H9HQN4DB?tag=offertissimes-21,12.34,16.66,25.9,12.34,"Giochi, Hobbies e Tempo Libero","Giochi, Hobbies e Tempo Libero",Amazon Choice,B0H9HQN4DB,0,40,88
"Pokémon: miniscatola da collezione Pikachu dell’espansione 30° Anniversario del GCC Pokémon (1 foglio di adesivi, 1 carta con",https://www.amazon.it/dp/B0H9HQWVDR?tag=offertissimes-21,14.99,20.24,25.9,14.99,"Giochi, Hobbies e Tempo Libero","Giochi, Hobbies e Tempo Libero",Amazon Choice,B0H9HQWVDR,0,40,88
Blocchi magnetici (45 pezzi) – Blocchi magnetici per bambini a partire dai 3 anni – Giocattolo magnetico educativo – Gioco ma,https://www.amazon.it/dp/B0G1CMKDR7?tag=offertissimes-21,29.9,40.37,25.9,29.9,"Giochi, Hobbies e Tempo Libero","Giochi, Hobbies e Tempo Libero",Blocchi,B0G1CMKDR7,0,40,88
"Pokémon: miniscatola da collezione Greninja dell’espansione 30° Anniversario del GCC Pokémon (1 foglio di adesivi, 1 carta co",https://www.amazon.it/dp/B0H9HLSC2F?tag=offertissimes-21,12.93,17.46,25.9,12.93,"Giochi, Hobbies e Tempo Libero","Giochi, Hobbies e Tempo Libero",Amazon Choice,B0H9HLSC2F,0,40,88
"LEGO Editions Cristiano Ronaldo – Highlights calcistici 43012 | Giochi per bambini da 10 anni, giocattolo con minifigure da c",https://www.amazon.it/dp/B0FPXGJL6H?tag=offertissimes-21,23.95,32.33,25.9,23.95,"Giochi, Hobbies e Tempo Libero","Giochi, Hobbies e Tempo Libero",LEGO,B0FPXGJL6H,0,40,88
"Pokémon: miniscatola da collezione Mewtwo dell’espansione 30° Anniversario del GCC Pokémon (1 foglio di adesivi, 1 carta con",https://www.amazon.it/dp/B0H9HR8BC7?tag=offertissimes-21,12.29,16.59,25.9,12.29,"Giochi, Hobbies e Tempo Libero","Giochi, Hobbies e Tempo Libero",Amazon Choice,B0H9HR8BC7,0,40,88
"LEGO Botanicals Margherite 11508 | Giochi per bambine da 9 anni, con fiori finti e lavanda artificiale, decorazione cameretta",https://www.amazon.it/dp/B0FPXDY3X2?tag=offertissimes-21,15.29,20.64,25.9,15.29,"Giochi, Hobbies e Tempo Libero","Giochi, Hobbies e Tempo Libero",LEGO,B0FPXDY3X2,0,40,88
"Pokémon: confezione di buste dell’espansione 30° Anniversario del GCC Pokémon (6 buste di espansione), Edizione in Italiano",https://www.amazon.it/dp/B0H9HJFH89?tag=offertissimes-21,29.51,39.84,25.9,29.51,"Giochi, Hobbies e Tempo Libero","Giochi, Hobbies e Tempo Libero",Amazon Choice,B0H9HJFH89,0,40,88
"FABA+ Raccontastorie interattivo con audio per bambini 0-10 anni, Italiano | Cassa audio con Personaggio Sonoro Faba•Me, Luce",https://www.amazon.it/dp/B0DCKF4BFW?tag=offertissimes-21,57.3,77.36,25.9,57.3,"Giochi, Hobbies e Tempo Libero","Giochi, Hobbies e Tempo Libero",FABA,B0DCKF4BFW,0,40,88
"Bright Starts, Oball Classic, Palla Morbido e Flessibile Facile da Maneggiare, Giocattolo di attività Sensoriale per Bambini",https://www.amazon.it/dp/B00ZRD99C0?tag=offertissimes-21,10.46,14.12,25.9,10.46,"Giochi, Hobbies e Tempo Libero","Giochi, Hobbies e Tempo Libero",Bright,B00ZRD99C0,0,40,88
"Pokémon: miniscatola da collezione Pikachu dell’espansione 30° Anniversario del GCC Pokémon (1 foglio di adesivi, 1 carta con",https://www.amazon.it/dp/B0H9HK5DBP?tag=offertissimes-21,12.29,16.59,25.9,12.29,"Giochi, Hobbies e Tempo Libero","Giochi, Hobbies e Tempo Libero",Amazon Choice,B0H9HK5DBP,0,40,88
"Bontempi Tastiera Digitale 37 Tasti 3700 15 41x15,5x4 cm | con Tastiera 37 Tasti, Passo 1,5 cm, Jack per Cuffie, Strisce Pent",https://www.amazon.it/dp/B0CW3SLV8R?tag=offertissimes-21,30.0,40.5,25.9,30.0,"Giochi, Hobbies e Tempo Libero","Giochi, Hobbies e Tempo Libero",Bontempi,B0CW3SLV8R,0,40,88
"LEGO Creator 3 in 1 Simpatico criceto con fiore 31376 | Giochi creativi per bambine da 7 anni, animale giocattolo ricostruibi",https://www.amazon.it/dp/B0FPXD4D4B?tag=offertissimes-21,9.19,12.41,25.9,9.19,"Giochi, Hobbies e Tempo Libero","Giochi, Hobbies e Tempo Libero",LEGO,B0FPXD4D4B,0,40,88
Play-Doh – 24 pots de Pate à Modeler de couleurs - 84 g chacun multicolor,https://www.amazon.it/dp/B0797GCR6W?tag=offertissimes-21,37.09,50.07,25.9,37.09,"Giochi, Hobbies e Tempo Libero","Giochi, Hobbies e Tempo Libero",Play-Doh,B0797GCR6W,0,40,88
POP Premium: One Piece - Monkey D. Luffy | Gadget Ufficiale Anime - Personaggio in Vinile da Collezione - Idea Regalo Complea,https://www.amazon.it/dp/B0FLQG3BL5?tag=offertissimes-21,14.95,20.18,25.9,14.95,"Giochi, Hobbies e Tempo Libero","Giochi, Hobbies e Tempo Libero",POP,B0FLQG3BL5,0,40,88
"LEGO ONE PIECE TonyTony Chopper 75643 | Giochi per bambini da 9 anni, action figure giocattolo da collezione, accessori come",https://www.amazon.it/dp/B0GGSR7NW9?tag=offertissimes-21,48.5,65.48,25.9,48.5,"Giochi, Hobbies e Tempo Libero","Giochi, Hobbies e Tempo Libero",LEGO,B0GGSR7NW9,0,40,88
Miss Kappa da ridere,https://www.amazon.it/dp/8867908359?tag=offertissimes-21,14.15,19.1,25.9,14.15,"Libri, Agende e Self-Help","Libri, Agende e Self-Help",Miss,8867908359,0,40,88
Il mio primo dizionario. Nuovo MIOT,https://www.amazon.it/dp/8809898052?tag=offertissimes-21,9.04,12.2,25.9,9.04,"Libri, Agende e Self-Help","Libri, Agende e Self-Help",Il,8809898052,0,40,88
"Perché non dimagrisco? Il metodo certificato che unisce nutrizione, sport e psicologia",https://www.amazon.it/dp/B0H4HSXGX4?tag=offertissimes-21,16.35,22.07,25.9,16.35,"Libri, Agende e Self-Help","Libri, Agende e Self-Help",Amazon Choice,B0H4HSXGX4,0,40,88
One piece (Vol. 114),https://www.amazon.it/dp/8822668545?tag=offertissimes-21,5.38,7.26,25.9,5.38,"Libri, Agende e Self-Help","Libri, Agende e Self-Help",One,8822668545,0,40,88
Nessuno ci insegna a cadere,https://www.amazon.it/dp/8817200093?tag=offertissimes-21,15.53,20.97,25.9,15.53,"Libri, Agende e Self-Help","Libri, Agende e Self-Help",Nessuno,8817200093,0,40,88
Il ladro di zucche. Ediz. a colori,https://www.amazon.it/dp/8829608955?tag=offertissimes-21,13.61,18.37,25.9,13.61,"Libri, Agende e Self-Help","Libri, Agende e Self-Help",Il,8829608955,0,40,88
A Dictionary of Color Combinations,https://www.amazon.it/dp/4861522471?tag=offertissimes-21,21.9,29.57,25.9,21.9,"Libri, Agende e Self-Help","Libri, Agende e Self-Help",A,4861522471,0,40,88
Influenzare le masse: Le tecniche psicologiche con cui poche persone hanno imparato a guidarne miliardi,https://www.amazon.it/dp/B0H1GSP4CK?tag=offertissimes-21,19.21,25.93,25.9,19.21,"Libri, Agende e Self-Help","Libri, Agende e Self-Help",Influenzare,B0H1GSP4CK,0,40,88
One piece. Limited edition. Con booklet One piece mini magazine “Legend & next”. Con illustration card (Vol. 114),https://www.amazon.it/dp/8822669541?tag=offertissimes-21,7.21,9.73,25.9,7.21,"Libri, Agende e Self-Help","Libri, Agende e Self-Help",One,8822669541,0,40,88
"Canto del cigno. Diana, mia sorella",https://www.amazon.it/dp/8804817186?tag=offertissimes-21,22.84,30.83,25.9,22.84,"Libri, Agende e Self-Help","Libri, Agende e Self-Help",Canto,8804817186,0,40,88
Threshing day. Ediz. italiana,https://www.amazon.it/dp/882008662X?tag=offertissimes-21,19.18,25.89,25.9,19.18,"Libri, Agende e Self-Help","Libri, Agende e Self-Help",Threshing,882008662X,0,40,88
Murdoku. 80 omicidi misteriosi da risolvere con la logica. Il primo libro che unisce crime e sudoku (Vol. 1),https://www.amazon.it/dp/B0GXH5YXTN?tag=offertissimes-21,11.6,15.66,25.9,11.6,"Libri, Agende e Self-Help","Libri, Agende e Self-Help",Murdoku,B0GXH5YXTN,0,40,88
Quando l'Italia rinacque. Il nostro Rinascimento,https://www.amazon.it/dp/B0GZ11JZWW?tag=offertissimes-21,17.81,24.04,25.9,17.81,"Libri, Agende e Self-Help","Libri, Agende e Self-Help",Quando,B0GZ11JZWW,0,40,88
LE CREPE SONO FATTE PER L'ORO: Storie giapponesi per riparare ció che la vita ha rotto,https://www.amazon.it/dp/B0G6SVYP5N?tag=offertissimes-21,19.18,25.89,25.9,19.18,"Libri, Agende e Self-Help","Libri, Agende e Self-Help",LE,B0G6SVYP5N,0,40,88
Nonna Gruffalò. Ediz. a colori,https://www.amazon.it/dp/8829608491?tag=offertissimes-21,13.61,18.37,25.9,13.61,"Libri, Agende e Self-Help","Libri, Agende e Self-Help",Nonna,8829608491,0,40,88
Dandadan (Vol. 23),https://www.amazon.it/dp/8834947223?tag=offertissimes-21,5.94,8.02,25.9,5.94,"Libri, Agende e Self-Help","Libri, Agende e Self-Help",Dandadan,8834947223,0,40,88
"Zuppe in tavola. Dai pranzi veloci alle cene speciali, ricette da gustare un cucchiaio alla volta",https://www.amazon.it/dp/8891848506?tag=offertissimes-21,22.74,30.7,25.9,22.74,"Libri, Agende e Self-Help","Libri, Agende e Self-Help",Zuppe,8891848506,0,40,88
Il mio primo dizionario. Nuovo MIOT,https://www.amazon.it/dp/8809885139?tag=offertissimes-21,11.78,15.9,25.9,11.78,"Libri, Agende e Self-Help","Libri, Agende e Self-Help",Il,8809885139,0,40,88
Liberi tutti: Con cartolina illustrata in omaggio,https://www.amazon.it/dp/8807037351?tag=offertissimes-21,16.44,22.19,25.9,16.44,"Libri, Agende e Self-Help","Libri, Agende e Self-Help",Liberi,8807037351,0,40,88
Geocuriosità. Il mondo in 141 fatti insoliti che (forse) non conoscevi,https://www.amazon.it/dp/8891847569?tag=offertissimes-21,22.74,30.7,25.9,22.74,"Libri, Agende e Self-Help","Libri, Agende e Self-Help",Amazon Choice,8891847569,0,40,88
Concorso INPS 1695 funzionari PECS. Prova scritta. Manuale + Quesiti,https://www.amazon.it/dp/8891446386?tag=offertissimes-21,29.23,39.46,25.9,29.23,"Libri, Agende e Self-Help","Libri, Agende e Self-Help",Concorso,8891446386,0,40,88
La teoria di lasciare andare. The let them theory,https://www.amazon.it/dp/8822795385?tag=offertissimes-21,11.78,15.9,25.9,11.78,"Libri, Agende e Self-Help","Libri, Agende e Self-Help",La,8822795385,0,40,88
Succede sempre qualcosa di meraviglioso,https://www.amazon.it/dp/880472904X?tag=offertissimes-21,17.36,23.44,25.9,17.36,"Libri, Agende e Self-Help","Libri, Agende e Self-Help",Succede,880472904X,0,40,88
Eravamo comunisti,https://www.amazon.it/dp/8807175460?tag=offertissimes-21,18.27,24.66,25.9,18.27,"Libri, Agende e Self-Help","Libri, Agende e Self-Help",Eravamo,8807175460,0,40,88
The steps. Come sono diventato Rocky Balboa,https://www.amazon.it/dp/8817190314?tag=offertissimes-21,21.01,28.36,25.9,21.01,"Libri, Agende e Self-Help","Libri, Agende e Self-Help",The,8817190314,0,40,88
"Argento vivo. Longevità, la rivoluzione incompresa del nostro tempo",https://www.amazon.it/dp/8804802359?tag=offertissimes-21,18.27,24.66,25.9,18.27,"Libri, Agende e Self-Help","Libri, Agende e Self-Help",Argento,8804802359,0,40,88
Manuale di diritto privato,https://www.amazon.it/dp/8828869267?tag=offertissimes-21,65.77,88.79,25.9,65.77,"Libri, Agende e Self-Help","Libri, Agende e Self-Help",Manuale,8828869267,0,40,88
L'immensa distrazione,https://www.amazon.it/dp/8806255673?tag=offertissimes-21,17.81,24.04,25.9,17.81,"Libri, Agende e Self-Help","Libri, Agende e Self-Help",L'immensa,8806255673,0,40,88
Lo svezzamento è vostro! (edizione ampliata),https://www.amazon.it/dp/8872241235?tag=offertissimes-21,16.44,22.19,25.9,16.44,"Libri, Agende e Self-Help","Libri, Agende e Self-Help",Lo,8872241235,0,40,88
NATO. L'espansione verso la Russia. Dalla caduta del muro di Berlino alla guerra in Ucraina,https://www.amazon.it/dp/B0GP2J4PKW?tag=offertissimes-21,17.36,23.44,25.9,17.36,"Libri, Agende e Self-Help","Libri, Agende e Self-Help",NATO,B0GP2J4PKW,0,40,88
PlayStation Store Gift Card 10 EUR | PSN Account italiano | PS5/PS4 Codice download,https://www.amazon.it/dp/B07JH83GHR?tag=offertissimes-21,10.0,13.5,25.9,10.0,"Elettronica, Accessori e Gadget Smart","Elettronica, Accessori e Gadget Smart",PlayStation,B07JH83GHR,0,40,88
God of War Laufey™,https://www.amazon.it/dp/B0HL9TZPP5?tag=offertissimes-21,57.37,77.45,25.9,57.37,"Elettronica, Accessori e Gadget Smart","Elettronica, Accessori e Gadget Smart",God,B0HL9TZPP5,0,40,88
EA SPORTS FC 27 Edizione Standard PlayStation 5 | Disco | Videogiochi | Italiano,https://www.amazon.it/dp/B0H7R8YC44?tag=offertissimes-21,64.75,87.41,25.9,64.75,"Elettronica, Accessori e Gadget Smart","Elettronica, Accessori e Gadget Smart",EA,B0H7R8YC44,0,40,88
Sony PlayStation®5 - DualSense™ Wireless Controller White,https://www.amazon.it/dp/B08H99BPJN?tag=offertissimes-21,56.55,76.34,25.9,56.55,"Elettronica, Accessori e Gadget Smart","Elettronica, Accessori e Gadget Smart",Sony,B08H99BPJN,0,40,88
Xbox Wireless Controller - Carbon Black - cavo USB-C,https://www.amazon.it/dp/B0F2Q8S4HN?tag=offertissimes-21,47.12,63.61,25.9,47.12,"Elettronica, Accessori e Gadget Smart","Elettronica, Accessori e Gadget Smart",Xbox,B0F2Q8S4HN,0,40,88
Controller wireless DualSense® – Chroma Teal,https://www.amazon.it/dp/B0DJ1VG6DW?tag=offertissimes-21,57.55,77.69,25.9,57.55,"Elettronica, Accessori e Gadget Smart","Elettronica, Accessori e Gadget Smart",Controller,B0DJ1VG6DW,0,40,88
"Logitech MK295 Silent Wireless Combo tastiera e mouse | Tecnologia SilentTouch, tastierino numerico, tracciamento ottico, wir",https://www.amazon.it/dp/B07W5JK4LF?tag=offertissimes-21,26.59,35.9,25.9,26.59,"Elettronica, Accessori e Gadget Smart","Elettronica, Accessori e Gadget Smart",Logitech,B07W5JK4LF,0,40,88
Playstation®5 Edizione Digitale – 825GB,https://www.amazon.it/dp/B0FN7ZG39D?tag=offertissimes-21,482.79,651.77,25.9,482.79,"Elettronica, Accessori e Gadget Smart","Elettronica, Accessori e Gadget Smart",Playstation,B0FN7ZG39D,0,40,88
Carta regalo digitale Roblox: 800 Robux [Include un articolo virtuale esclusivo] [Codice di gioco online],https://www.amazon.it/dp/B081KHWHP8?tag=offertissimes-21,10.0,13.5,25.9,10.0,"Elettronica, Accessori e Gadget Smart","Elettronica, Accessori e Gadget Smart",Carta,B081KHWHP8,0,40,88
Luna Premium,https://www.amazon.it/dp/B085TRCCT6?tag=offertissimes-21,9.99,13.49,25.9,9.99,"Elettronica, Accessori e Gadget Smart","Elettronica, Accessori e Gadget Smart",Luna,B085TRCCT6,0,40,88
"GXTrust Forta Cuffie PS5 Cablate Licenza Ufficiale PlayStation 5, Bianco | Driver 50 mm, Audio 3D, Jack Audio 3.5 mm, Cavo da",https://www.amazon.it/dp/B0BX722HFN?tag=offertissimes-21,26.95,36.38,25.9,26.95,"Elettronica, Accessori e Gadget Smart","Elettronica, Accessori e Gadget Smart",GXTrust,B0BX722HFN,0,40,88
"GXTrust Azor Tastiera Gaming USB Layout Italiano QWERTY, Nero | Tastiera Retroilluminata LED RGB, Anti-ghosting, PC Computer",https://www.amazon.it/dp/B0851CN3GC?tag=offertissimes-21,13.93,18.81,25.9,13.93,"Elettronica, Accessori e Gadget Smart","Elettronica, Accessori e Gadget Smart",GXTrust,B0851CN3GC,0,40,88
"GXTrust Rayne Cuffie Gaming Leggere Illuminazione LED Alimentata via USB | per PC / Console / Computer Portatile, Driver da 5",https://www.amazon.it/dp/B0DGTDBSJ2?tag=offertissimes-21,8.19,11.06,25.9,8.19,"Elettronica, Accessori e Gadget Smart","Elettronica, Accessori e Gadget Smart",GXTrust,B0DGTDBSJ2,0,40,88
The Legend of Zelda: Ocarina of Time - Nintendo Switch 2 - Ed. Italiana - Versione su scheda,https://www.amazon.it/dp/B0HJ8LFQY2?tag=offertissimes-21,57.37,77.45,25.9,57.37,"Elettronica, Accessori e Gadget Smart","Elettronica, Accessori e Gadget Smart",The,B0HJ8LFQY2,0,40,88
"10€ PlayStation Store Gift Card per PlayStation Plus, Account italiano [Codice per email]",https://www.amazon.it/dp/B0B27M2G6G?tag=offertissimes-21,10.0,13.5,25.9,10.0,"Elettronica, Accessori e Gadget Smart","Elettronica, Accessori e Gadget Smart",10,B0B27M2G6G,0,40,88
"Logitech G G305 LIGHTSPEED Mouse Gaming Wireless - Nero | Sensore 12K HERO, 12.000 DPI, Design Leggero, 6 Pulsanti Programmab",https://www.amazon.it/dp/B07CGPZ3ZQ?tag=offertissimes-21,25.48,34.4,25.9,25.48,"Elettronica, Accessori e Gadget Smart","Elettronica, Accessori e Gadget Smart",Logitech,B07CGPZ3ZQ,0,40,88
"Logitech G G502 HERO Mouse Gaming Prestazioni Elevate | Sensore HERO 25K, 25.600 DPI, RGB, Pesi Regolabili, 11 Pulsanti Progr",https://www.amazon.it/dp/B07GS6ZB7T?tag=offertissimes-21,32.18,43.44,25.9,32.18,"Elettronica, Accessori e Gadget Smart","Elettronica, Accessori e Gadget Smart",Logitech,B07GS6ZB7T,0,40,88
"VARTA Pile AA, confezione da 40, Industrial Pro, Batterie Alcaline, 1,5V, pacco di stoccaggio, Made in Germany [Esclusivo su",https://www.amazon.it/dp/B00LN803LE?tag=offertissimes-21,9.83,13.27,25.9,9.83,"Elettronica, Accessori e Gadget Smart","Elettronica, Accessori e Gadget Smart",VARTA,B00LN803LE,0,40,88
Nintendo Console Switch 2,https://www.amazon.it/dp/B0F2J4SYJ2?tag=offertissimes-21,428.64,578.66,25.9,428.64,"Elettronica, Accessori e Gadget Smart","Elettronica, Accessori e Gadget Smart",Nintendo,B0F2J4SYJ2,0,40,88
"GXTrust Vylax Mouse Gaming Wireless Ricaricabile 800-4800 DPI, Nero | 80 Ore di Autonomia, Illuminazione LED, Ricevitore USB",https://www.amazon.it/dp/B0F63WRQCX?tag=offertissimes-21,11.47,15.48,25.9,11.47,"Elettronica, Accessori e Gadget Smart","Elettronica, Accessori e Gadget Smart",GXTrust,B0F63WRQCX,0,40,88
"Logitech G Pro X SE con microfono Cuffie da gioco cablate | Mic staccabile, DTS Headphone:X 7.1, PC, Xbox One, Xbox Series X|",https://www.amazon.it/dp/B0CYJF4KG7?tag=offertissimes-21,57.56,77.71,25.9,57.56,"Elettronica, Accessori e Gadget Smart","Elettronica, Accessori e Gadget Smart",Logitech,B0CYJF4KG7,0,40,88
"Razer Basilisk V3 - Mouse da Gioco Personalizzabile Cablato (10+1 Pulsanti Programmabili, Rotellina Inclinabile HyperScroll,",https://www.amazon.it/dp/B097F8H1MC?tag=offertissimes-21,47.52,64.15,25.9,47.52,"Elettronica, Accessori e Gadget Smart","Elettronica, Accessori e Gadget Smart",Razer,B097F8H1MC,0,40,88
"Logitech G G29 Driving Force volante da corsa per PS5, PS4, PC, Mac - Noir | Pedali con ritorno di forza dinamico reale, leve",https://www.amazon.it/dp/B00YUIM2J0?tag=offertissimes-21,176.38,238.11,25.9,176.38,"Elettronica, Accessori e Gadget Smart","Elettronica, Accessori e Gadget Smart",Logitech,B00YUIM2J0,0,40,88
TITANWOLF - Tappetino per mouse XXL 900x400 mm - XXL Speed Gaming Mousepad – Mouse Pad 90x40 cm – Sottomano grande dimensione,https://www.amazon.it/dp/B07H37NQNQ?tag=offertissimes-21,10.46,14.12,25.9,10.46,"Elettronica, Accessori e Gadget Smart","Elettronica, Accessori e Gadget Smart",TITANWOLF,B07H37NQNQ,0,40,88
Meta Quest 3S 128 GB | Visore di realtà virtuale senza cavi - Bundle Gorilla Tag Cardboard Monkenaut - Esclusiva Amazon,https://www.amazon.it/dp/B09MJRPRR4?tag=offertissimes-21,288.11,388.95,25.9,288.11,"Elettronica, Accessori e Gadget Smart","Elettronica, Accessori e Gadget Smart",Meta,B09MJRPRR4,0,40,88
Marvel's Wolverine PS5,https://www.amazon.it/dp/B0H3C3HWKD?tag=offertissimes-21,57.73,77.94,25.9,57.73,"Elettronica, Accessori e Gadget Smart","Elettronica, Accessori e Gadget Smart",Marvel's,B0H3C3HWKD,0,40,88
Mario Kart 8 Deluxe - Videogioco Nintendo - Ed. Italiana - Versione su scheda,https://www.amazon.it/dp/B01MS894C1?tag=offertissimes-21,38.97,52.61,25.9,38.97,"Elettronica, Accessori e Gadget Smart","Elettronica, Accessori e Gadget Smart",Mario,B01MS894C1,0,40,88
"Logitech G G203 LIGHTSYNC Mouse Gaming con Illuminazione RGB - Nero | Personalizzabile, 6 Pulsanti Programmabili, Sensore per",https://www.amazon.it/dp/B07W5JKFQC?tag=offertissimes-21,18.49,24.96,25.9,18.49,"Elettronica, Accessori e Gadget Smart","Elettronica, Accessori e Gadget Smart",Logitech,B07W5JKFQC,0,40,88
"Sony INZONE H5 - Cuffie gaming wireless, Suono spaziale a 360 gradi per il gaming, Vestibilità comoda, Durata della batteria",https://www.amazon.it/dp/B0CJ3D6Q6C?tag=offertissimes-21,82.62,111.54,25.9,82.62,"Elettronica, Accessori e Gadget Smart","Elettronica, Accessori e Gadget Smart",Sony,B0CJ3D6Q6C,0,40,88
"Brother DCPL2620DW, Multifunzione Laser Monocromatica (B/N), 32 ppm | Brother DCPL2620DW, Multifunzione Laser Monocromatica (",https://www.amazon.it/dp/B0CK2TN13B?tag=offertissimes-21,139.34,188.11,25.9,139.34,"Elettronica, Accessori e Gadget Smart","Elettronica, Accessori e Gadget Smart",Brother,B0CK2TN13B,0,40,88
"Candy Smart Pro Asciugatrice a Pompa di Calore 9 Kg, Classe D, Bianca | Snap&Dry, Woolmark, EasyCase, Wi-Fi, App hOn, Bluetoo",https://www.amazon.it/dp/B0FQK144SP?tag=offertissimes-21,824.39,1112.93,25.9,824.39,"Casa, Cucina ed Elettrodomestici","Casa, Cucina ed Elettrodomestici",Candy,B0FQK144SP,0,40,88
"Candy ProWash 300 Lavatrice 10 Kg, 1400 Giri, Classe A-20%, Bianca [Classe di efficienza energetica A]",https://www.amazon.it/dp/B0FVLQF1WF?tag=offertissimes-21,280.55,378.74,25.9,280.55,"Casa, Cucina ed Elettrodomestici","Casa, Cucina ed Elettrodomestici",Candy,B0FVLQF1WF,0,40,88
"Meliconi Torre Basic L60, Kit di Sovrapposizione Lavatrice Asciugatrice | Supporto Asciugatrice Premontato, Cinghia di Sicure",https://www.amazon.it/dp/B08SJ7CBLD?tag=offertissimes-21,44.07,59.49,25.9,44.07,"Casa, Cucina ed Elettrodomestici","Casa, Cucina ed Elettrodomestici",Meliconi,B08SJ7CBLD,0,40,88
"Electrolux Forno da Incasso 68 L Classe A+ EOH2H044K | Capacità 68 L, Classe A+, pulizia a vapore, funzione Pizza, cottura un",https://www.amazon.it/dp/B0CZXR3Y9C?tag=offertissimes-21,183.61,247.87,25.9,183.61,"Casa, Cucina ed Elettrodomestici","Casa, Cucina ed Elettrodomestici",Electrolux,B0CZXR3Y9C,0,40,88
"NIUXX Kit di Accatastamento per Lavatrici,Kit di Sovrapposizione Universale | con Cinghie Cricchetto, Kit di Impilamento Slim",https://www.amazon.it/dp/B0DB5KDB38?tag=offertissimes-21,32.49,43.86,25.9,32.49,"Casa, Cucina ed Elettrodomestici","Casa, Cucina ed Elettrodomestici",NIUXX,B0DB5KDB38,0,40,88
"Bosch SMV2HVX02E Serie 2 Lavastoviglie incasso a scomparsa totale | Lavastoviglie a scomparsa totale, Smart, Puntatore a pavi",https://www.amazon.it/dp/B0CGM691F4?tag=offertissimes-21,300.66,405.89,25.9,300.66,"Casa, Cucina ed Elettrodomestici","Casa, Cucina ed Elettrodomestici",Bosch,B0CGM691F4,0,40,88
"Samsung Asciugatrice Crystal EcoDry DV90DG52A0TE, 9 kg, Wifi, Pompa di Calore, Optimal Dry Sensor, Display Led, Filtro 2 in 1",https://www.amazon.it/dp/B0DT9SM62M?tag=offertissimes-21,593.23,800.86,25.9,593.23,"Casa, Cucina ed Elettrodomestici","Casa, Cucina ed Elettrodomestici",Samsung,B0DT9SM62M,0,40,88
"Samsung Lavatrice Crystal Clean WW90CGC04DTEET Libera installazione, 9 Kg, Wifi, Ecobubble, Vapore, Carica Frontale, 60l x 85",https://www.amazon.it/dp/B0CCS7S9D9?tag=offertissimes-21,429.0,579.15,25.9,429.0,"Casa, Cucina ed Elettrodomestici","Casa, Cucina ed Elettrodomestici",Samsung,B0CCS7S9D9,0,40,88
"Electrolux Serie 300 Piano Cottura a Induzione da Incasso EIB60424CK, 4 Fuochi Rapidi, Comandi SliderTouch, Sicuro e Facile d",https://www.amazon.it/dp/B0BVRQCQ72?tag=offertissimes-21,191.8,258.93,25.9,191.8,"Casa, Cucina ed Elettrodomestici","Casa, Cucina ed Elettrodomestici",Electrolux,B0BVRQCQ72,0,40,88
"Samsung Asciugatrice AI Control DV90DG6845LB/U3, 9 kg, Pompa di Calore, Wifi, QuickDrive, AI Dry, Sensore Optimal Dry, Displa",https://www.amazon.it/dp/B0DWT9DTBW?tag=offertissimes-21,629.0,849.15,25.9,629.0,"Casa, Cucina ed Elettrodomestici","Casa, Cucina ed Elettrodomestici",Samsung,B0DWT9DTBW,0,40,88
"Bosch WQG245D0IT Serie 6 Asciugatrice a pompa di calore 9kg Bianco | Asciugatrice con condensatore autopulente, Sistema asciu",https://www.amazon.it/dp/B0CHMP42R9?tag=offertissimes-21,759.0,1024.65,25.9,759.0,"Casa, Cucina ed Elettrodomestici","Casa, Cucina ed Elettrodomestici",Bosch,B0CHMP42R9,0,40,88
"Hisense HCF100E NUOVO Congelatore a Pozzetto con capacità 97 litri, Silenzioso MAX 40 dB, Bianco",https://www.amazon.it/dp/B0H3VYWL4W?tag=offertissimes-21,219.0,295.65,25.9,219.0,"Casa, Cucina ed Elettrodomestici","Casa, Cucina ed Elettrodomestici",Hisense,B0H3VYWL4W,0,40,88
Filtro per asciugatrice Miele T1 – sostituisce 9164761 | Filtro antipelucchi per asciugatrici a pompa di calore serie T1 · ri,https://www.amazon.it/dp/B0BGQM7K51?tag=offertissimes-21,10.99,14.84,25.9,10.99,"Casa, Cucina ed Elettrodomestici","Casa, Cucina ed Elettrodomestici",Filtro,B0BGQM7K51,0,40,88
"Bosch PUE611BB5J Serie 4 Piano cottura a induzione 60 cm 4 zone standard | Piano a induzione con controlli touch, Riscaldamen",https://www.amazon.it/dp/B09V8C4H7T?tag=offertissimes-21,204.1,275.54,25.9,204.1,"Casa, Cucina ed Elettrodomestici","Casa, Cucina ed Elettrodomestici",Bosch,B09V8C4H7T,0,40,88
"Bosch WGG244Z0IT Serie 6 Lavatrice 9kg 1400 giri/min bianco | Lavatrice con vapore, Sitema di riconoscimento del carico, Sist",https://www.amazon.it/dp/B0DFPYK211?tag=offertissimes-21,365.4,493.29,25.9,365.4,"Casa, Cucina ed Elettrodomestici","Casa, Cucina ed Elettrodomestici",Bosch,B0DFPYK211,0,40,88
"Bosch SMV8YCX02E Serie 8 Lavastoviglie incasso a scomparsa totale | Lavastoviglie a scomparsa totale, Smart, Zeolite, Zona pu",https://www.amazon.it/dp/B0CSPH4P7K?tag=offertissimes-21,828.99,1119.14,25.9,828.99,"Casa, Cucina ed Elettrodomestici","Casa, Cucina ed Elettrodomestici",Bosch,B0CSPH4P7K,0,40,88
"Calgon Power Gel Anticalcare Lavatrice 4 in 1, Anticalcare per Lavatrici, Additivo Anticalcare per Capi Morbidi, 1.5l di Addi",https://www.amazon.it/dp/B0BWKDJLXS?tag=offertissimes-21,9.95,13.43,25.9,9.95,"Casa, Cucina ed Elettrodomestici","Casa, Cucina ed Elettrodomestici",Calgon,B0BWKDJLXS,0,40,88
"Samsung Lavasciuga Crystal WiFi WD90DG5B15BEET, 9+6 kg, Wifi, AI Ecobubble, Vapore Igienizzante, AI Energy Mode, Carica Front",https://www.amazon.it/dp/B0D7HYKVJZ?tag=offertissimes-21,472.29,637.59,25.9,472.29,"Casa, Cucina ed Elettrodomestici","Casa, Cucina ed Elettrodomestici",Samsung,B0D7HYKVJZ,0,40,88
"WUSY Kit di Sovrapposizione per Lavatrice e Asciugatrice,Supporto Bianco(M) | Slimline Appoggio universale per impilare asciu",https://www.amazon.it/dp/B0F82WTQV3?tag=offertissimes-21,35.99,48.59,25.9,35.99,"Casa, Cucina ed Elettrodomestici","Casa, Cucina ed Elettrodomestici",WUSY,B0F82WTQV3,0,40,88
"GRIFEMA Porta Affettati Frigorifero 3 Pezzi Contenitore Alimenti | Scatola Salumi Senza BPA, Impilabile per Prosciutto e Form",https://www.amazon.it/dp/B0F6ND4KG2?tag=offertissimes-21,6.55,8.84,25.9,6.55,"Casa, Cucina ed Elettrodomestici","Casa, Cucina ed Elettrodomestici",GRIFEMA,B0F6ND4KG2,0,40,88
"Hisense MUR48092E Frigorifero Monoporta, Classe Efficienza Energetica E, Bianco, 94 Litri",https://www.amazon.it/dp/B0DCP74QTM?tag=offertissimes-21,238.61,322.12,25.9,238.61,"Casa, Cucina ed Elettrodomestici","Casa, Cucina ed Elettrodomestici",Hisense,B0DCP74QTM,0,40,88
"Hisense WF1I7022BWJ NUOVA Lavatrice Slim 7 kg, 1200 RPM, 15 Programmi, Display Touch, Motore Inverter, Fine Programmata, Auto",https://www.amazon.it/dp/B0GT63SB3H?tag=offertissimes-21,288.11,388.95,25.9,288.11,"Casa, Cucina ed Elettrodomestici","Casa, Cucina ed Elettrodomestici",Hisense,B0GT63SB3H,0,40,88
"Hisense O65226AXS Forno Elettrico da Incasso Multifunzione con Vapore, Cavità 77 litri, 11 Funzioni di Cottura, Pizza 300°C,",https://www.amazon.it/dp/B0BZSZ2Q8C?tag=offertissimes-21,214.82,290.01,25.9,214.82,"Casa, Cucina ed Elettrodomestici","Casa, Cucina ed Elettrodomestici",Hisense,B0BZSZ2Q8C,0,40,88
"COMFEE' Lavatrice Ultra Slim 7 kg 40 cm Classe A-10% Motore BLDC | Vapore Igienizzante, Baby Care e 16 Programmi per Piccole",https://www.amazon.it/dp/B0GXL691F1?tag=offertissimes-21,352.17,475.43,25.9,352.17,"Casa, Cucina ed Elettrodomestici","Casa, Cucina ed Elettrodomestici",COMFEE,B0GXL691F1,0,40,88
"Hisense DHQE800BW2 Asciugatrice A Pompa Di Calore, 8 Kg, Classe D, Oblò Nero, Big Display, 16 programmi, Refresh",https://www.amazon.it/dp/B0DCB9C26S?tag=offertissimes-21,301.02,406.38,25.9,301.02,"Casa, Cucina ed Elettrodomestici","Casa, Cucina ed Elettrodomestici",Hisense,B0DCB9C26S,0,40,88
"Hisense HV16B, Lavastoviglie Incasso, Classe B, 16 coperti, 40 dB, 8 programmi, controllo touch, apertura automatica porta, 9",https://www.amazon.it/dp/B0FBS8XL95?tag=offertissimes-21,79.99,107.99,25.9,79.99,"Casa, Cucina ed Elettrodomestici","Casa, Cucina ed Elettrodomestici",Hisense,B0FBS8XL95,0,40,88
"Candy Idea Piano Cottura a Gas 4 Fuochi, Inox | Sicurezza Gas, Griglie Smaltate, Manopole Laterali, Acciaio Inox, Facile da P",https://www.amazon.it/dp/B07HNYG4V4?tag=offertissimes-21,177.35,239.42,25.9,177.35,"Casa, Cucina ed Elettrodomestici","Casa, Cucina ed Elettrodomestici",Candy,B07HNYG4V4,0,40,88
"Hisense MTM55205SE Frigorifero Doppia Porta a Libera Installazione Modello 2022, 206 L, Silver, 143.4 x‎ 54.2 x 55 cm",https://www.amazon.it/dp/B0C836V2NM?tag=offertissimes-21,899.0,1213.65,25.9,899.0,"Casa, Cucina ed Elettrodomestici","Casa, Cucina ed Elettrodomestici",Hisense,B0C836V2NM,0,40,88
"Samsung Lavatrice AI Control WW90DG6U85LB/U3 Libera installazione, 9 Kg, 1400 RPM, Wifi, Ecodosatore, Vapore, Carica Frontale",https://www.amazon.it/dp/B0CSDNDST1?tag=offertissimes-21,19.99,26.99,25.9,19.99,"Casa, Cucina ed Elettrodomestici","Casa, Cucina ed Elettrodomestici",Samsung,B0CSDNDST1,0,40,88
"NYX Professional Makeup The Brow Glue Crazy Lift Gel Sopracciglia, Sopracciglia Effetto Laminazione e Fissate, Fino a 24h di",https://www.amazon.it/dp/B0F2TLPT18?tag=offertissimes-21,7.62,10.29,25.9,7.62,Bellezza e Cura della Persona,Bellezza e Cura della Persona,NYX,B0F2TLPT18,1,40,88
"FELCE AZZURRA BAGNO SALI MARINI 650 ML | Bagnoschiuma ai sali marini, detergente delicato per una pelle morbida e rigenerata",https://www.amazon.it/dp/B07V5JNCLM?tag=offertissimes-21,1.89,2.55,25.9,1.89,Bellezza e Cura della Persona,Bellezza e Cura della Persona,FELCE,B07V5JNCLM,1,40,88
"BIODANCE Jelly Serum Mist al Collagene Peptidico – Spray Viso Idratante Effetto ""Glass Skin"", Anti-Age Rimpolpante, Hydrogel",https://www.amazon.it/dp/B0GF86QJK7?tag=offertissimes-21,11.89,16.05,25.9,11.89,Bellezza e Cura della Persona,Bellezza e Cura della Persona,BIODANCE,B0GF86QJK7,1,40,88
"medicube Zero Pore Blackhead Deep Cleansing Oil | Struccante per Tutti i Tipi di Pelle, Detergente Viso Idratante Quotidiano",https://www.amazon.it/dp/B0DPJR1N27?tag=offertissimes-21,27.6,37.26,25.9,27.6,Bellezza e Cura della Persona,Bellezza e Cura della Persona,medicube,B0DPJR1N27,1,40,88
"Dr.Althea 345 Relief Cream | Con PDRN e niacinamide per lenire, favorire il recupero e trattare le imperfezioni | Prodotto co",https://www.amazon.it/dp/B0FKGJYFC8?tag=offertissimes-21,24.25,32.74,25.9,24.25,Bellezza e Cura della Persona,Bellezza e Cura della Persona,Dr.Althea,B0FKGJYFC8,1,40,88
"Borotalco, Kit 3 Bagnodoccia Tripla Azione, 3 x 500 ml | Setificante, Rigenerante e Rilassante, Vaniglia, Ambra Speziata e La",https://www.amazon.it/dp/B0GX2DWPJ1?tag=offertissimes-21,12.29,16.59,25.9,12.29,Bellezza e Cura della Persona,Bellezza e Cura della Persona,Borotalco,B0GX2DWPJ1,1,40,88
KIKO Milano Creamy Colour Comfort Lip Liner - Tonalità 21 Cinnamon Honey | Matita Labbra | Colore Intenso | Contorno Preciso,https://www.amazon.it/dp/B0B8C63BFV?tag=offertissimes-21,8.19,11.06,25.9,8.19,Bellezza e Cura della Persona,Bellezza e Cura della Persona,KIKO,B0B8C63BFV,1,40,88
Remescar Crema Borse e Occhiaie 8ml – Trattamento Istantaneo Contorno Occhi – Crema Defaticante Uomo Donna con 180 Applicazio,https://www.amazon.it/dp/B0BN5WKTHF?tag=offertissimes-21,28.6,38.61,25.9,28.6,Bellezza e Cura della Persona,Bellezza e Cura della Persona,Remescar,B0BN5WKTHF,1,40,88
"Rilastil Detergente Viso Aqua | Idratante, riequilibrante, emolliente, pulisce senza seccare, tutti i tipi di pelle, comfort,",https://www.amazon.it/dp/B001ABYRVQ?tag=offertissimes-21,9.26,12.5,25.9,9.26,Bellezza e Cura della Persona,Bellezza e Cura della Persona,Rilastil,B001ABYRVQ,1,40,88
"Rilastil Xerolact Olio Detergente Protettivo Pelli Secche, Special Price, 1000 ml",https://www.amazon.it/dp/B0CBKDC7JY?tag=offertissimes-21,12.59,17.0,25.9,12.59,Bellezza e Cura della Persona,Bellezza e Cura della Persona,Rilastil,B0CBKDC7JY,1,40,88
"medicube Retinol Boosting Serum | Rassodante & Volumizzante con Retinolo, Peptidi, Affina i Pori Per Una Pelle Liscia e Lumin",https://www.amazon.it/dp/B0FPFDSC7X?tag=offertissimes-21,16.6,22.41,25.9,16.6,Bellezza e Cura della Persona,Bellezza e Cura della Persona,medicube,B0FPFDSC7X,1,40,88
"La Roche-Posay Effaclar Duo+M Trattamento Tripla Correzione, 40 ml | Per Pelli Grasse a Tendenza Acneica, Effetto Anti-Ricomp",https://www.amazon.it/dp/B0CGJLC8G9?tag=offertissimes-21,15.55,20.99,25.9,15.55,Bellezza e Cura della Persona,Bellezza e Cura della Persona,La,B0CGJLC8G9,1,40,88
Cetaphil Crema Idratante Viso e Corpo 450g + Emulsione Detergente 29ml,https://www.amazon.it/dp/B0C23HGXSZ?tag=offertissimes-21,25.9,34.97,25.9,25.9,Bellezza e Cura della Persona,Bellezza e Cura della Persona,Cetaphil,B0C23HGXSZ,1,40,88
BIONOBLE Olio di Rosmarino per Capelli Bio - Stimola la Crescita - 50ml | 100% Naturale e Puro - Olio Rosmarino Capelli Cresc,https://www.amazon.it/dp/B0F2TQW9QD?tag=offertissimes-21,11.46,15.47,25.9,11.46,Bellezza e Cura della Persona,Bellezza e Cura della Persona,BIONOBLE,B0F2TQW9QD,1,40,88
"Borotalco, Kit 4 Deodoranti Spray e Deo-Salviette, 4 x 150 ml | Con Talco Vegetale e Molecole Anti-Odore, Azione Deodorante e",https://www.amazon.it/dp/B0GX2D2NX4?tag=offertissimes-21,19.99,26.99,25.9,19.99,Bellezza e Cura della Persona,Bellezza e Cura della Persona,Borotalco,B0GX2D2NX4,1,40,88
"Kérastase, Genesis, Siero Fortificante Anti-Caduta, Trattamento Senza Risciacquo, Per Capelli Fini & Indeboliti, Anti-Chute F",https://www.amazon.it/dp/B083JKPCFB?tag=offertissimes-21,39.9,53.87,25.9,39.9,Bellezza e Cura della Persona,Bellezza e Cura della Persona,Amazon Choice,B083JKPCFB,1,40,88
"Rilastil Progression(+) Crema Ricca Antirughe Riempitiva e Rimpolpante, Trattamento Rughe Marcate, Antiaging, Rimpolpante per",https://www.amazon.it/dp/B0BH2VHSZY?tag=offertissimes-21,25.8,34.83,25.9,25.8,Bellezza e Cura della Persona,Bellezza e Cura della Persona,Rilastil,B0BH2VHSZY,1,40,88
"medicube PDRN Pink Peptide Ampoule Sheet Mask 6EA | Maschera in Tessuto per Pelle Non Uniforme, Glow e Idratazione, Skincare",https://www.amazon.it/dp/B0G11L8F7C?tag=offertissimes-21,9.79,13.22,25.9,9.79,Bellezza e Cura della Persona,Bellezza e Cura della Persona,medicube,B0G11L8F7C,1,40,88
"Mixa Crema Idratante Anti-Macchie per Pelle Secca e Spenta, 400 ml | Niacinamide Bright, Pelle Idratata per 48H, Incarnato Lu",https://www.amazon.it/dp/B0DQLMXW1C?tag=offertissimes-21,5.66,7.64,25.9,5.66,Bellezza e Cura della Persona,Bellezza e Cura della Persona,Mixa,B0DQLMXW1C,1,40,88
"Rilastil Hydrotenseur Siero Antirughe Ristrutturante, Azione Elasticizzante con Acido Ialuronico, Texture Setosa per Tutti i",https://www.amazon.it/dp/B09H7DTTQM?tag=offertissimes-21,39.0,52.65,25.9,39.0,Bellezza e Cura della Persona,Bellezza e Cura della Persona,Rilastil,B09H7DTTQM,1,40,88
"L'Oréal Paris Accord Parfait Fondotinta Liquido Naturale, 3D/W Warm Dorè | Con Acido Ialuronico, Incarnato Uniforme e Illumin",https://www.amazon.it/dp/B00SXKWB42?tag=offertissimes-21,11.93,16.11,25.9,11.93,Bellezza e Cura della Persona,Bellezza e Cura della Persona,L',B00SXKWB42,1,40,88
"medicube Zero Pore One-Day Cream, Moisturizer for Pore & Oily Skin | Migliora i Pori Visibili e Sebo in Eccesso, Con Pantenol",https://www.amazon.it/dp/B0BCK9G74Q?tag=offertissimes-21,17.7,23.89,25.9,17.7,Bellezza e Cura della Persona,Bellezza e Cura della Persona,medicube,B0BCK9G74Q,1,40,88
"La Roche-Posay Cicaplast Baume B5+ Balsamo Viso e Corpo Riparatore, 40 ml | Adatto a Pelli Secche e Sensibili, Azione Anti-ro",https://www.amazon.it/dp/B00ST2GSRK?tag=offertissimes-21,9.07,12.24,25.9,9.07,Bellezza e Cura della Persona,Bellezza e Cura della Persona,La,B00ST2GSRK,1,40,88
"Dermafresh Iper-Sudorazione 72H Deodorante Antitraspirante Roll-On, 50 ml | Protezione Contro Sudorazione e Cattivi Odori. Se",https://www.amazon.it/dp/B0FRW2NK31?tag=offertissimes-21,5.89,7.95,25.9,5.89,Bellezza e Cura della Persona,Bellezza e Cura della Persona,Dermafresh,B0FRW2NK31,1,40,88
"Neutro Roberts, Deodorante Spray Fresco Classico, Zero Sali di Alluminio, Zero Macchie, con Puro Olio di Glicerina, Deodorant",https://www.amazon.it/dp/B0CS6XD1F1?tag=offertissimes-21,24.95,33.68,25.9,24.95,Bellezza e Cura della Persona,Bellezza e Cura della Persona,Neutro,B0CS6XD1F1,1,40,88
"Elizabeth Arden - Green Tea Honey Drops, Crema Corpo al Tè Verde e Gocce di Miele, Rivitalizza e Idrata la Pelle, Rinfresca e",https://www.amazon.it/dp/B002SSDHUW?tag=offertissimes-21,26.9,36.31,25.9,26.9,Bellezza e Cura della Persona,Bellezza e Cura della Persona,Elizabeth,B002SSDHUW,1,40,88
"Dove Deodorante Spray Advanced Care Go Fresh Pera e Aloe Vera, con Formula Idratante e Delicata sulla Pelle, Senza Alcol, Pel",https://www.amazon.it/dp/B0CNPX22CV?tag=offertissimes-21,13.55,18.29,25.9,13.55,Bellezza e Cura della Persona,Bellezza e Cura della Persona,Dove,B0CNPX22CV,1,40,88
"Rilastil Crema Smagliature, Trattamento Contro le Smagliature, Emolliente, Idratante ed Elasticizzante per pelli sensibili,Co",https://www.amazon.it/dp/B00VXE32PM?tag=offertissimes-21,27.0,36.45,25.9,27.0,Bellezza e Cura della Persona,Bellezza e Cura della Persona,Rilastil,B00VXE32PM,1,40,88
"Mixa Ceramide Protect Crema Idratante Rinforzante, Senza Profumo, 400 ml | Per Pelli Sensibili e Molto Secche, Pelle Idratata",https://www.amazon.it/dp/B0D45LZBML?tag=offertissimes-21,5.66,7.64,25.9,5.66,Bellezza e Cura della Persona,Bellezza e Cura della Persona,Mixa,B0D45LZBML,1,40,88
"Equilibra Olio di Mandorle Dolci Puro, Nutriente ed Elasticizzante, 250 ml | Aiuta a Prevenire le Smagliature in Gravidanza o",https://www.amazon.it/dp/B0FHW77PXF?tag=offertissimes-21,4.47,6.03,25.9,4.47,Bellezza e Cura della Persona,Bellezza e Cura della Persona,Equilibra,B0FHW77PXF,1,40,88
"Tesori d'Oriente - Doccia Crema Fiore del Dragone e Pitaya, dalle Note di Fiori Bianchi, Deterge Delicatamente la Pelle Donan",https://www.amazon.it/dp/B0036K0NBC?tag=offertissimes-21,1.43,1.93,25.9,1.43,Bellezza e Cura della Persona,Bellezza e Cura della Persona,Tesori,B0036K0NBC,1,40,88
"Felce Azzurra, Bagnoschiuma Profumato Fresco Bergamotto, 650 ml | Detergente delicato e idratante per pelle morbida, note eso",https://www.amazon.it/dp/B074DZZCX9?tag=offertissimes-21,1.43,1.93,25.9,1.43,Bellezza e Cura della Persona,Bellezza e Cura della Persona,Felce,B074DZZCX9,1,40,88
"Dermafresh Iper-Sudorazione 72H Deodorante Antitraspirante Spray, 100 ml | Protezione Contro Sudorazione e Cattivi Odori. Sen",https://www.amazon.it/dp/B0FRVSJQ5G?tag=offertissimes-21,9.07,12.24,25.9,9.07,Bellezza e Cura della Persona,Bellezza e Cura della Persona,Dermafresh,B0FRVSJQ5G,1,40,88
"Aveeno Daily Moisturising Bagnodoccia, Lenitivo e Idratante, 500 ml | Con Avena, Per pelli normali, secche, sensibili, Senza",https://www.amazon.it/dp/B075JNGSQW?tag=offertissimes-21,9.24,12.47,25.9,9.24,Bellezza e Cura della Persona,Bellezza e Cura della Persona,Aveeno,B075JNGSQW,1,40,88
"Borotalco, Kit 3 Bagnodoccia Originale, 3 x 500 ml | Rinfrescante e Defaticante, Menta Marina e Fiori Aromatici, per la Routi",https://www.amazon.it/dp/B0GX2JDPV9?tag=offertissimes-21,9.01,12.16,25.9,9.01,Bellezza e Cura della Persona,Bellezza e Cura della Persona,Borotalco,B0GX2JDPV9,1,40,88
"CeraVe Crema Idratante Viso e Corpo, Pelli da Secche a Molto Secche, 542 g | Azione Protettiva e Ripristino della Barriera Cu",https://www.amazon.it/dp/B0CBKWWHY9?tag=offertissimes-21,24.32,32.83,25.9,24.32,Bellezza e Cura della Persona,Bellezza e Cura della Persona,CeraVe,B0CBKWWHY9,1,40,88
"CeraVe Lozione Idratante Viso e Corpo, Per Pelli da Normali a Secche, Idratazione Profonda e Duratura, Con Acido Ialuronico e",https://www.amazon.it/dp/B0DVLBWB8Z?tag=offertissimes-21,26.1,35.24,25.9,26.1,Bellezza e Cura della Persona,Bellezza e Cura della Persona,CeraVe,B0DVLBWB8Z,1,40,88
"Mixa Panthenol Comfort Crema Lenitiva Protettiva per Pelli Atopiche, 400ml | Per Pelli a Tendenza Atopica, Pelle Lenita e Idr",https://www.amazon.it/dp/B0D45M26KD?tag=offertissimes-21,15.0,20.25,25.9,15.0,Bellezza e Cura della Persona,Bellezza e Cura della Persona,Mixa,B0D45M26KD,1,40,88
"Bio-Oil Olio Classico 125ml, Anti Smagliature e Cicatrici | Per la Cura della Pelle, Azione Idratante, Cicatrizzante, Nascond",https://www.amazon.it/dp/B00I2QCU7U?tag=offertissimes-21,15.81,21.34,25.9,15.81,Bellezza e Cura della Persona,Bellezza e Cura della Persona,Bio-Oil,B00I2QCU7U,1,40,88
"Rilastil Crema Smagliature, Trattamento Contro le Smagliature, Emolliente, Idratante ed Elasticizzante, Confezione da 75 ml",https://www.amazon.it/dp/B09TB2HKN3?tag=offertissimes-21,50.0,67.5,25.9,50.0,Bellezza e Cura della Persona,Bellezza e Cura della Persona,Rilastil,B09TB2HKN3,1,40,88
"Kanzy Tea Tree Oil 60ml Olio di Albero Del Tè per Viso, Corpo, Unghie, Capelli e Aromaterapia Diffusore, Olio Essenziale Tea",https://www.amazon.it/dp/B06VT4G8BD?tag=offertissimes-21,9.99,13.49,25.9,9.99,Bellezza e Cura della Persona,Bellezza e Cura della Persona,Kanzy,B06VT4G8BD,1,40,88
"Dove, Deodorante Roll On Advanced Care Pera e Aloe, Deodorante Antitraspirante, Formula Delicata Con Tripla Azione Idratante,",https://www.amazon.it/dp/B0BQRT251K?tag=offertissimes-21,13.93,18.81,25.9,13.93,Bellezza e Cura della Persona,Bellezza e Cura della Persona,Dove,B0BQRT251K,1,40,88
"Dove Deodorante Spray Advanced Care Original, con Formula Idratante e Delicata sulla Pelle, Senza Alcol, Pelle Asciutta Fino",https://www.amazon.it/dp/B0F851HH7V?tag=offertissimes-21,19.02,25.68,25.9,19.02,Bellezza e Cura della Persona,Bellezza e Cura della Persona,Dove,B0F851HH7V,1,40,88
"Biotherm Lait Corporel, Latte corpo idratante intensivo, Azione anti-secchezza per tutti i tipi di pelle, Arricchito con estr",https://www.amazon.it/dp/B00017Y63O?tag=offertissimes-21,14.1,19.04,25.9,14.1,Bellezza e Cura della Persona,Bellezza e Cura della Persona,Biotherm,B00017Y63O,1,40,88
"Dove Docciaschiuma Dragon Fruit & Crema di Cocco, Uomo e Donna, 6x225ml | Gel Doccia Idratante con Pro-Ceramide, Detergente C",https://www.amazon.it/dp/B0F32ZKCRT?tag=offertissimes-21,12.25,16.54,25.9,12.25,Bellezza e Cura della Persona,Bellezza e Cura della Persona,Dove,B0F32ZKCRT,1,40,88
"Rilastil Crema Viso e Corpo, Trattamento delle Cicatrici, Emolliente ed Idratante per Pelli Sensibili, 200ml",https://www.amazon.it/dp/B08ZKBWQ5F?tag=offertissimes-21,28.07,37.89,25.9,28.07,Bellezza e Cura della Persona,Bellezza e Cura della Persona,Rilastil,B08ZKBWQ5F,1,40,88
"Dove, Doccia Dove Men+Care Cool Fresh, Docciaschiuma Uomo 3 in 1 Idratante Corpo, Viso e Capelli, con Tecnologia MicroMoistur",https://www.amazon.it/dp/B0D6ZJ4YGN?tag=offertissimes-21,8.75,11.81,25.9,8.75,Bellezza e Cura della Persona,Bellezza e Cura della Persona,Dove,B0D6ZJ4YGN,1,40,88
"Neutro Roberts, Sapone Liquido Antibatterico, 6 x 200 ml",https://www.amazon.it/dp/B08R6ZQF5R?tag=offertissimes-21,6.74,9.1,25.9,6.74,Bellezza e Cura della Persona,Bellezza e Cura della Persona,Neutro,B08R6ZQF5R,1,40,88
"CeraVe Lozione idratante, viso e corpo, per pelli secche e molto secche, 236 ml",https://www.amazon.it/dp/B07CG2TD9F?tag=offertissimes-21,21.73,29.34,25.9,21.73,Bellezza e Cura della Persona,Bellezza e Cura della Persona,CeraVe,B07CG2TD9F,1,40,88
Wild Deodorante Naturale Ricaricabile | Senza Alluminio Varie Ricariche | Compatibili con custodia Wild | Protezione 24 ore |,https://www.amazon.it/dp/B0D6BTFKSR?tag=offertissimes-21,22.0,29.7,25.9,22.0,Bellezza e Cura della Persona,Bellezza e Cura della Persona,Wild,B0D6BTFKSR,1,40,88
"Equilibra Scrub Salino Corpo Rimodellante Esfoliante, 600g, Esfolia e Nutre | con Sale di Sicilia Purissimo ad Azione Antiacq",https://www.amazon.it/dp/B09SQR3828?tag=offertissimes-21,6.52,8.8,25.9,6.52,Bellezza e Cura della Persona,Bellezza e Cura della Persona,Equilibra,B09SQR3828,1,40,88
"Eucerin Aquaphor Trattamento Riparatore 45 ml, Crema idratante corpo e viso per favorire il processo di guarigione,, Crema co",https://www.amazon.it/dp/B011OJ4RJK?tag=offertissimes-21,16.92,22.84,25.9,16.92,Bellezza e Cura della Persona,Bellezza e Cura della Persona,Eucerin,B011OJ4RJK,1,40,88
Calvin Klein Unisex Hair & Body Perfume Mist 236ml,https://www.amazon.it/dp/B0FCYZ8MYN?tag=offertissimes-21,19.99,26.99,25.9,19.99,Bellezza e Cura della Persona,Bellezza e Cura della Persona,Calvin,B0FCYZ8MYN,1,40,88
"Rilastil Olio Smagliature, Emolliente, Lenitivo e Protettivo con Oli di Mandorle Dolci, Rosa Balsamina, Tutti i Tipi di Pelle",https://www.amazon.it/dp/B09LD6YBMJ?tag=offertissimes-21,12.99,17.54,25.9,12.99,Bellezza e Cura della Persona,Bellezza e Cura della Persona,Rilastil,B09LD6YBMJ,1,40,88
"BIOTHERM Deo Pure, Deodorante Antitraspirante, Per Tutti i Tipi di Pelle, Sensazione di Morbidezza e Freschezza Dopo l'Uso, C",https://www.amazon.it/dp/B079MH3V55?tag=offertissimes-21,15.08,20.36,25.9,15.08,Bellezza e Cura della Persona,Bellezza e Cura della Persona,BIOTHERM,B079MH3V55,1,40,88
"La Roche-Posay Lipikar AP+Max Balsamo Tripla Azione, Atopica, 400ml | Effetto Lenitivo Anti-Irritazioni, Pelle Protetta Per 7",https://www.amazon.it/dp/B0FTFQB5YF?tag=offertissimes-21,21.89,29.55,25.9,21.89,Bellezza e Cura della Persona,Bellezza e Cura della Persona,La,B0FTFQB5YF,1,40,88
"La Roche-Posay Lipikar Gel Doccia Lenitivo Protettivo, Pelle Idratata, 1L | Per Pelli Sensibili e Secche, Pelle Delicatamente",https://www.amazon.it/dp/B0DJPBRNDF?tag=offertissimes-21,12.0,16.2,25.9,12.0,Bellezza e Cura della Persona,Bellezza e Cura della Persona,La,B0DJPBRNDF,1,40,88
"Collistar Crema Rassodante Tonificante Intensiva, Trattamento Corpo Rassodante Forte, Rimodellante, Migliora l’Elasticità del",https://www.amazon.it/dp/B0GSG351N1?tag=offertissimes-21,34.99,47.24,25.9,34.99,Bellezza e Cura della Persona,Bellezza e Cura della Persona,Collistar,B0GSG351N1,1,40,88
"by Amazon, Sapone per le mani al latte e miele, 4 x 500 ml",https://www.amazon.it/dp/B0CS6FFLSS?tag=offertissimes-21,4.37,5.9,25.9,4.37,Bellezza e Cura della Persona,Bellezza e Cura della Persona,by,B0CS6FFLSS,1,40,88
"Borotalco, Deodorante Uomo Spray Asciutto Ambrato, 4 x 150 ml | Senza Alcool, con Talco Assoluto, Assorbe il Sudore, Profumo",https://www.amazon.it/dp/B0CWLNCP2D?tag=offertissimes-21,15.6,21.06,25.9,15.6,Bellezza e Cura della Persona,Bellezza e Cura della Persona,Borotalco,B0CWLNCP2D,1,40,88
"Jean & Len Sapone mani Bergamot & Cedarwood, deterge le mani affaticate, adatto all'uso quotidiano, sapone liquido nel dosato",https://www.amazon.it/dp/B0DMFM92B6?tag=offertissimes-21,4.34,5.86,25.9,4.34,Bellezza e Cura della Persona,Bellezza e Cura della Persona,Jean,B0DMFM92B6,1,40,88
"NIVEA Q10 Crema Corpo Rassodante + Rigenerante, 400 ml | Crema Corpo Idratante e Rassodante con Q10, Acido Ialuronico e Burro",https://www.amazon.it/dp/B0F2B623TL?tag=offertissimes-21,9.01,12.16,25.9,9.01,Bellezza e Cura della Persona,Bellezza e Cura della Persona,NIVEA,B0F2B623TL,1,40,88
"Mantovani - Sapone Liquido Mani Neutro Ipoallergenico, Fragranza Gardenia, con Vitamina E e Collagene Vegetale, Ecoricarica 7",https://www.amazon.it/dp/B00XQCNB8C?tag=offertissimes-21,1.46,1.97,25.9,1.46,Bellezza e Cura della Persona,Bellezza e Cura della Persona,Mantovani,B00XQCNB8C,1,40,88
"Dove Men+Care Deodorante Roll On Advanced Care Sport Fresh, Deodorante Uomo Antitraspirante Senza Alcol, con 1/4 di Crema Idr",https://www.amazon.it/dp/B0BQRQXD6V?tag=offertissimes-21,12.54,16.93,25.9,12.54,Bellezza e Cura della Persona,Bellezza e Cura della Persona,Dove,B0BQRQXD6V,1,40,88
"NIVEA Crema Corpo Nutriente al Burro di Cacao, 400 ml | Crema Corpo Idratante con Burro di Cacao e Acido Ialuronico, Idratazi",https://www.amazon.it/dp/B0DLBMDQFY?tag=offertissimes-21,4.3,5.8,25.9,4.3,Bellezza e Cura della Persona,Bellezza e Cura della Persona,NIVEA,B0DLBMDQFY,1,40,88
Olio Idratante Huile Prodigieuse® Nuxe 100ml,https://www.amazon.it/dp/B01ATJESD6?tag=offertissimes-21,32.1,43.34,25.9,32.1,Bellezza e Cura della Persona,Bellezza e Cura della Persona,Olio,B01ATJESD6,1,40,88
"Chicco Baby Moments Quadrotti Morbido Cotone, Pulisce Delicatamente e Accarezza Morbidamente, Baby Skin, Bianco, 60 Pezzi, 0+",https://www.amazon.it/dp/B07DBNWPBN?tag=offertissimes-21,2.37,3.2,25.9,2.37,Bellezza e Cura della Persona,Bellezza e Cura della Persona,Chicco,B07DBNWPBN,1,40,88
"VEGCOO 640 Pezzi Ciglia Finte Extension Ciglia, 30D-40D-50D-60D Curl Ciglia Finte Ciuffetti, 8-16mm Kit di Extension per Cigl",https://www.amazon.it/dp/B0FQC3MF3Q?tag=offertissimes-21,11.99,16.19,25.9,11.99,Bellezza e Cura della Persona,Bellezza e Cura della Persona,VEGCOO,B0FQC3MF3Q,1,40,88
"medicube Booster Pro X2™ | Dispositivo Beauty 7-1, Glow, Pori, Compattezza & Radiosità, Modalità Personalizzate & per Mascher",https://www.amazon.it/dp/B0GS8YKMN3?tag=offertissimes-21,281.72,380.32,25.9,281.72,Bellezza e Cura della Persona,Bellezza e Cura della Persona,medicube,B0GS8YKMN3,1,40,88
CLEAN GIRL Press&Go - Ciuffetti Ciglia Finte Senza Colla Leggere - Refill | Extension Ciglia Adesive 3D Vegan e Dermatologica,https://www.amazon.it/dp/B0H5C8BKRP?tag=offertissimes-21,24.99,33.74,25.9,24.99,Bellezza e Cura della Persona,Bellezza e Cura della Persona,CLEAN,B0H5C8BKRP,1,40,88
"NYX Professional Makeup Brow Glue Gel Sopracciglia, Confezione da 2, Clear | A Lunga Tenuta, Con Applicatore Spoolie e Pro St",https://www.amazon.it/dp/B0BF2WZ38Y?tag=offertissimes-21,13.44,18.14,25.9,13.44,Bellezza e Cura della Persona,Bellezza e Cura della Persona,NYX,B0BF2WZ38Y,1,40,88
"CB12 Colluttorio, Combatte Alito Cattivo, Effetto 16 Ore, 250 ml | Senza Alcol, con Fluoruro, Formula Quotidiana per Alito Fr",https://www.amazon.it/dp/B00A2L3WUW?tag=offertissimes-21,8.14,10.99,25.9,8.14,Bellezza e Cura della Persona,Bellezza e Cura della Persona,CB12,B00A2L3WUW,1,40,88
"Alyvisun 4 Pezzi Flaconi da Viaggio in Silicone, [Ricaricabili & Anti-Perdita] Contenitori Viaggio Liquidi, Boccette da Viagg",https://www.amazon.it/dp/B0CLQR944C?tag=offertissimes-21,6.55,8.84,25.9,6.55,Bellezza e Cura della Persona,Bellezza e Cura della Persona,Alyvisun,B0CLQR944C,1,40,88
"essence Pennello PENNELLO VISO MAKE UP BUFFER vegano (1pcs) | Blush, Setole morbide, Manico soft-touch",https://www.amazon.it/dp/B0CQKFW1ZQ?tag=offertissimes-21,3.44,4.64,25.9,3.44,Bellezza e Cura della Persona,Bellezza e Cura della Persona,essence,B0CQKFW1ZQ,1,40,88
"Demak'up Expert Dischetti Struccanti in Cotone, Maxi Formato, 280 Pezzi | 4 Confezioni da 70 Dischetti, 280 Pezzi Totali, Eff",https://www.amazon.it/dp/B07MHVGV1N?tag=offertissimes-21,6.72,9.07,25.9,6.72,Bellezza e Cura della Persona,Bellezza e Cura della Persona,Demak'up,B07MHVGV1N,1,40,88
"Wet n Wild, Makeup Brush, Pennello per Blush, Ideale per Applicazione sulle Guance, Facili da Usare, per Makeup & Accessori",https://www.amazon.it/dp/B07CZL6Z7Z?tag=offertissimes-21,1.8,2.43,25.9,1.8,Bellezza e Cura della Persona,Bellezza e Cura della Persona,Wet,B07CZL6Z7Z,1,40,88
"Sixstarhair Ciuffetti Ciglia Finte kit 544 Pezzi Volume 60-80-100D 10-16mm | Extension Ciglia Kit con Adesivo e Rimovitore, L",https://www.amazon.it/dp/B0F5PXZNB6?tag=offertissimes-21,11.99,16.19,25.9,11.99,Bellezza e Cura della Persona,Bellezza e Cura della Persona,Sixstarhair,B0F5PXZNB6,1,40,88
LAUBESS Colla Ciglia Finte Waterproof Bond and Seal Lashes Glue Ciuffetti Ciglia Finte Colla Extension Ciglia Fai Da Te Kit E,https://www.amazon.it/dp/B0CGNJ9W37?tag=offertissimes-21,9.97,13.46,25.9,9.97,Bellezza e Cura della Persona,Bellezza e Cura della Persona,LAUBESS,B0CGNJ9W37,1,40,88
Colla Ciglia Finte Waterproof LAUBESS DIY Colla Extension Ciglia Bond E Seal Ciglia Colla Ciglia Finte Ciuffetti Durata 48-72,https://www.amazon.it/dp/B0FNWP2NBH?tag=offertissimes-21,9.99,13.49,25.9,9.99,Bellezza e Cura della Persona,Bellezza e Cura della Persona,Colla,B0FNWP2NBH,1,40,88
"Real Techniques Pennello da trucco per viso Expert, per fondotinta liquido e in crema, fard e bronzer,1 confezione",https://www.amazon.it/dp/B007O7AZBG?tag=offertissimes-21,7.23,9.76,25.9,7.23,Bellezza e Cura della Persona,Bellezza e Cura della Persona,Real,B007O7AZBG,1,40,88
"VEGCOO 570 Pezzi Ciglia Finte Ciuffetti, 30-40-50-60-80-100D Kit Extension Ciglia, Curl Ciglia Finte Ciuffetti 8-16mm, DIY Ey",https://www.amazon.it/dp/B0FHKC3RS2?tag=offertissimes-21,11.88,16.04,25.9,11.88,Bellezza e Cura della Persona,Bellezza e Cura della Persona,VEGCOO,B0FHKC3RS2,1,40,88
PLANTIFIQUE Gua Sha Viso Giada - Jade Guasha Pietra Massaggiatore Antirughe | Kit Skincare Face Massager - Idea Regalo Comple,https://www.amazon.it/dp/B0B3RJPM4L?tag=offertissimes-21,13.95,18.83,25.9,13.95,Bellezza e Cura della Persona,Bellezza e Cura della Persona,PLANTIFIQUE,B0B3RJPM4L,1,40,88
"VEGCOO 560 Pezzi Ciglia Finte Ciuffetti Kit, 60-100-120-150D Curl Ciglia Finte Naturali Russian Eyelashes Extensions, Cluster",https://www.amazon.it/dp/B0FWBLVRPR?tag=offertissimes-21,11.99,16.19,25.9,11.99,Bellezza e Cura della Persona,Bellezza e Cura della Persona,VEGCOO,B0FWBLVRPR,1,40,88
"Real Techniques Mini pennello da trucco multiuso, per fard, bronzer e cipria, pennello per il viso con setole sintetiche tagl",https://www.amazon.it/dp/B07B7S82X3?tag=offertissimes-21,3.95,5.33,25.9,3.95,Bellezza e Cura della Persona,Bellezza e Cura della Persona,Real,B07B7S82X3,1,40,88
"e.l.f. Camo Liquid Bronzer & Contour Duo Brush, Pennello Doppio per il Viso, Per un Effetto Sun Kissed Definito, Setole Sinte",https://www.amazon.it/dp/B0DMTP4XG8?tag=offertissimes-21,8.2,11.07,25.9,8.2,Bellezza e Cura della Persona,Bellezza e Cura della Persona,e.l.f,B0DMTP4XG8,1,40,88
"Pennello Fondotinta Liquido Trucco Cipria - Pennello Flat Top Kabuki Viso | Perfetto Per Foundation, Crema Minerale, Polvere",https://www.amazon.it/dp/B01E73VF0E?tag=offertissimes-21,13.99,18.89,25.9,13.99,Bellezza e Cura della Persona,Bellezza e Cura della Persona,Pennello,B01E73VF0E,1,40,88
"Demak'up Cocoon Dischetti Struccanti in Cotone, 425 Unità | Maxi Formato, 5 Confezioni da 85 Pezzi, 425 Dischetti Totali, Mor",https://www.amazon.it/dp/B0D96K7R37?tag=offertissimes-21,9.18,12.39,25.9,9.18,Bellezza e Cura della Persona,Bellezza e Cura della Persona,Demak'up,B0D96K7R37,1,40,88
"AiQInu Beauty Case da Viaggio, Borsa da toilette da viaggio per Donna Uomo,impermeabile Beauty Case con Gancio per Appendere",https://www.amazon.it/dp/B0D17M1WDR?tag=offertissimes-21,8.19,11.06,25.9,8.19,Bellezza e Cura della Persona,Bellezza e Cura della Persona,AiQInu,B0D17M1WDR,1,40,88
"VEGCOO 560 Pezzi Ciglia Finte Extension Ciglia, 60/80/100D Curl Ciglia Finte Ciuffetti, 8-16mm Kit di Extension per Ciglia, C",https://www.amazon.it/dp/B0GLF4YDNM?tag=offertissimes-21,10.99,14.84,25.9,10.99,Bellezza e Cura della Persona,Bellezza e Cura della Persona,VEGCOO,B0GLF4YDNM,1,40,88
"Garnier Vitamina C Fresh and Bright, Crema Sorbetto Idratante Anti-Macchie, Texture Fresca e Ultra Leggera, Con Niacinamide e",https://www.amazon.it/dp/B0FXGC8H4K?tag=offertissimes-21,4.17,5.63,25.9,4.17,Bellezza e Cura della Persona,Bellezza e Cura della Persona,Garnier,B0FXGC8H4K,1,40,88
"CeraVe Detergente Controllo Imperfezioni, Per Pelle Grassa Acneica",https://www.amazon.it/dp/B0B7RQ46LD?tag=offertissimes-21,23.94,32.32,25.9,23.94,Bellezza e Cura della Persona,Bellezza e Cura della Persona,CeraVe,B0B7RQ46LD,1,40,88
"medicube PDRN Toner Salmon DNA PDRN CICA Soothing Toner | Tonico leggero con PDRN, Niacinamide e Peptidi, Per Pelle Non Unifo",https://www.amazon.it/dp/B0DK3111J9?tag=offertissimes-21,21.97,29.66,25.9,21.97,Bellezza e Cura della Persona,Bellezza e Cura della Persona,medicube,B0DK3111J9,1,40,88
La Roche Posay Effaclar,https://www.amazon.it/dp/B003JSEGNC?tag=offertissimes-21,13.8,18.63,25.9,13.8,Bellezza e Cura della Persona,Bellezza e Cura della Persona,La,B003JSEGNC,1,40,88
"L'Oréal Paris Siero Revitalift Filler HA + PDRN Vegano, Rimpolpante, 30 ml​ | Azione Rimpolpante, Idratante e Anti-Rughe, Pel",https://www.amazon.it/dp/B082XRRXZH?tag=offertissimes-21,12.62,17.04,25.9,12.62,Bellezza e Cura della Persona,Bellezza e Cura della Persona,L',B082XRRXZH,1,40,88
"Rilastil Xerolact Olio Detergente Viso e Corpo per Neonati, Bambini e Adulti, Idratante, Relipidante, per Pelli Secche, Irrit",https://www.amazon.it/dp/B0DVM1G1B3?tag=offertissimes-21,13.15,17.75,25.9,13.15,Bellezza e Cura della Persona,Bellezza e Cura della Persona,Rilastil,B0DVM1G1B3,1,40,88
"medicube PDRN Jelly to Foam Cleanser, Gentle Low pH Hydrating Cleanser | Detergente Viso Idratante Quotidiano con PDRN, Colla",https://www.amazon.it/dp/B0F83N244B?tag=offertissimes-21,35.61,48.07,25.9,35.61,Bellezza e Cura della Persona,Bellezza e Cura della Persona,medicube,B0F83N244B,1,40,88
"Garnier Siero Viso Vitamina C Anti-Macchie, Illuminante e Rimpolpante, Arricchito con Vitamina C, Niacinamide e Acido Salicil",https://www.amazon.it/dp/B09BD7L35V?tag=offertissimes-21,11.79,15.92,25.9,11.79,Bellezza e Cura della Persona,Bellezza e Cura della Persona,Garnier,B09BD7L35V,1,40,88
"ghd bodyguard, Spray Termoprotettore | Formula leggera invisibile, strato protettivo termico, aiuta a prevenire il sollevamen",https://www.amazon.it/dp/B017NHI25M?tag=offertissimes-21,26.0,35.1,25.9,26.0,Bellezza e Cura della Persona,Bellezza e Cura della Persona,ghd,B017NHI25M,1,40,88
"Revlon Professional UniqOne Classic, Trattamento per Capelli Senza Risciaquo, All in One, Idrata, Protegge e Ripara (150ml)",https://www.amazon.it/dp/B00M9B66BU?tag=offertissimes-21,13.9,18.77,25.9,13.9,Bellezza e Cura della Persona,Bellezza e Cura della Persona,Revlon,B00M9B66BU,1,40,88
"Head & Shoulders Shampoo Antiprurito Menthol Fresh 6X250ml Uso Quotidiano | Fino al 100% Protezione dalla Forfora, Uso Quotid",https://www.amazon.it/dp/B0CRYZC6ZP?tag=offertissimes-21,13.11,17.7,25.9,13.11,Bellezza e Cura della Persona,Bellezza e Cura della Persona,Head,B0CRYZC6ZP,1,40,88
"ghd Gold, Piastra Professionale 26 mm, spina EU, tutti i tipi di capelli",https://www.amazon.it/dp/B0CCYPDLCQ?tag=offertissimes-21,159.22,214.95,25.9,159.22,Bellezza e Cura della Persona,Bellezza e Cura della Persona,ghd,B0CCYPDLCQ,1,40,88
"RestivOil Fisiologico Shampoo Nutriente per Capelli, Olio Fisiologico con Azione Idratante Protettiva e Riparatrice, per Cape",https://www.amazon.it/dp/B07R6JV6FP?tag=offertissimes-21,10.57,14.27,25.9,10.57,Bellezza e Cura della Persona,Bellezza e Cura della Persona,RestivOil,B07R6JV6FP,1,40,88
"BIOTINA CAPELLI - Formula di Ricrescita 360°, Integratori per capelli | Biotina, Selenio e Zinco. Vitamine capeli, 360 cpr pe",https://www.amazon.it/dp/B0D987NJV6?tag=offertissimes-21,11.97,16.16,25.9,11.97,Bellezza e Cura della Persona,Bellezza e Cura della Persona,BIOTINA,B0D987NJV6,1,40,88
"Wella Professionals COLOR FRESH MASK, Maschera Colorata Capelli, Per capelli castani, Tintura Semipermanente, Colore Temporan",https://www.amazon.it/dp/B0BM4TWB1D?tag=offertissimes-21,13.2,17.82,25.9,13.2,Bellezza e Cura della Persona,Bellezza e Cura della Persona,Wella,B0BM4TWB1D,1,40,88
"Remington Asciugacapelli 2000W - Pieghevole e Potente - Asciugacapelli da Viaggio, Bacchetta e Diffusore per styling, 2 livel",https://www.amazon.it/dp/B01N39SZ87?tag=offertissimes-21,12.29,16.59,25.9,12.29,Bellezza e Cura della Persona,Bellezza e Cura della Persona,Remington,B01N39SZ87,1,40,88
"Syoss Colorazione Permanente 4-1 Castano con Cheratina | Colorazione Capelli Permanente con Cheratina, Tinta Capelli Nero blu",https://www.amazon.it/dp/B0DYZH19CV?tag=offertissimes-21,18.23,24.61,25.9,18.23,Bellezza e Cura della Persona,Bellezza e Cura della Persona,Syoss,B0DYZH19CV,1,40,88
"RestivOil Antiforfora Per Capelli da Normali a Grassi, Olio Shampoo, 400 ml | Azione Antiseborroica, Anti Prurito, Per Cute S",https://www.amazon.it/dp/B097ZTJN2D?tag=offertissimes-21,12.68,17.12,25.9,12.68,Bellezza e Cura della Persona,Bellezza e Cura della Persona,RestivOil,B097ZTJN2D,1,40,88
Tangle Teezer Ultimate Detangler - Districa i capelli bagnati e asciutti - Anti-rottura e scioglinodi. Design con setole a do,https://www.amazon.it/dp/B07D395945?tag=offertissimes-21,12.54,16.93,25.9,12.54,Bellezza e Cura della Persona,Bellezza e Cura della Persona,Tangle,B07D395945,1,40,88
"Kérastase, Genesis, Shampoo Professionale Fortificante per Capelli Indeboliti, Capelli Sani e Forti, Con Cellule Native di St",https://www.amazon.it/dp/B083JJHLT4?tag=offertissimes-21,34.87,47.07,25.9,34.87,Bellezza e Cura della Persona,Bellezza e Cura della Persona,Amazon Choice,B083JJHLT4,1,40,88
"ghd platinum+, Piastra per Capelli Intelligente 26 mm | Styler Intelligente con Predictive Technology, 75% di luminosità in p",https://www.amazon.it/dp/B0CCYNPK3L?tag=offertissimes-21,189.96,256.45,25.9,189.96,Bellezza e Cura della Persona,Bellezza e Cura della Persona,ghd,B0CCYNPK3L,1,40,88
"Vichy Dercos Shampoo Energizzante, 400 ml | Con Aminexil e Niacinamide, per Tutti i Tipi di Capelli, Azione Anticaduta, Capel",https://www.amazon.it/dp/B004SBLR4U?tag=offertissimes-21,11.14,15.04,25.9,11.14,Bellezza e Cura della Persona,Bellezza e Cura della Persona,Vichy,B004SBLR4U,1,40,88
"American Crew Matte Clay, Cera Capelli Uomo, Tenuta Medio/Alta & Finish Opaco, Dona Texture e Controllo, 85g",https://www.amazon.it/dp/B07R4CNDRM?tag=offertissimes-21,23.78,32.1,25.9,23.78,Bellezza e Cura della Persona,Bellezza e Cura della Persona,American,B07R4CNDRM,1,40,88
Wella Professionals Fusion Shampoo - Tecnologia Wella Professionals per capelli setosi - Shampoo professionale per capelli co,https://www.amazon.it/dp/B0CB6T1ZP6?tag=offertissimes-21,10.58,14.28,25.9,10.58,Bellezza e Cura della Persona,Bellezza e Cura della Persona,Wella,B0CB6T1ZP6,1,40,88
"Biopoint Styling - Spray Termoprotettore Capelli, Protezione fino a 230° dal Calore di Phon, Piastra e Arricciacapelli, con F",https://www.amazon.it/dp/B079KG1PGZ?tag=offertissimes-21,6.26,8.45,25.9,6.26,Bellezza e Cura della Persona,Bellezza e Cura della Persona,Biopoint,B079KG1PGZ,1,40,88
Olaplex No. 4 Shampoo Bond Maintenance,https://www.amazon.it/dp/B07D37PQGL?tag=offertissimes-21,17.5,23.62,25.9,17.5,Bellezza e Cura della Persona,Bellezza e Cura della Persona,Olaplex,B07D37PQGL,1,40,88
"Just For Men Control GX, Shampoo Colorante Uomo, Colore E Tinta Per Capelli, Riduce Gradualmente Il Grigio, Per Un Look Natur",https://www.amazon.it/dp/B08Z15Q8VV?tag=offertissimes-21,8.19,11.06,25.9,8.19,Bellezza e Cura della Persona,Bellezza e Cura della Persona,Just,B08Z15Q8VV,1,40,88
"Asciugacapelli agli ioni di litio, 1500 W, motore AC, ad asciugatura rapida, asciugacapelli professionale, pulsante aria fred",https://www.amazon.it/dp/B07Z3TBQTN?tag=offertissimes-21,28.1,37.94,25.9,28.1,Bellezza e Cura della Persona,Bellezza e Cura della Persona,Asciugacapelli,B07Z3TBQTN,1,40,88
Fanola Maschera Nutri Care Restructuring,https://www.amazon.it/dp/B00CGPMLDG?tag=offertissimes-21,19.99,26.99,25.9,19.99,Bellezza e Cura della Persona,Bellezza e Cura della Persona,Fanola,B00CGPMLDG,1,40,88
"L'Oréal Paris Elvive Glycolic Gloss Trattamento Laminazione, 200 ml | Per Capelli Spenti e Porosi, Capelli Setosi, Con Acido",https://www.amazon.it/dp/B0CQ8LCNKZ?tag=offertissimes-21,5.68,7.67,25.9,5.68,Bellezza e Cura della Persona,Bellezza e Cura della Persona,L',B0CQ8LCNKZ,1,40,88
"equilibra Capelli, Shampoo Anti-Caduta Fortificante, Deterge Delicatamente i Capelli Fragili, Evita Che Cadano o Si Spezzino,",https://www.amazon.it/dp/B08LF644G2?tag=offertissimes-21,4.09,5.52,25.9,4.09,Bellezza e Cura della Persona,Bellezza e Cura della Persona,equilibra,B08LF644G2,1,40,88
"L'Oréal Paris Elvive Dream Long Spray Termoprotettore Capelli, 150 ml | Protezione Calore 230 Gradi, Effetto Anti Umidità, Se",https://www.amazon.it/dp/B0FDKZVCZ1?tag=offertissimes-21,4.71,6.36,25.9,4.71,Bellezza e Cura della Persona,Bellezza e Cura della Persona,L',B0FDKZVCZ1,1,40,88
"Sunsilk, Balsamo Liscio Perfetto, Balsamo Lisciante Anticrespo per Capelli Lisci e Disciplinati, Formula Arricchita con 6% Li",https://www.amazon.it/dp/B0FYQ5Z981?tag=offertissimes-21,2.15,2.9,25.9,2.15,Bellezza e Cura della Persona,Bellezza e Cura della Persona,Sunsilk,B0FYQ5Z981,1,40,88
"Rowenta CV5930 Powerline Asciugacapelli con Booster Ionico, Phon per Capelli 2100W, Tecnologia Effiwatts, Thermo Control, 1 D",https://www.amazon.it/dp/B08DYGN5W7?tag=offertissimes-21,25.82,34.86,25.9,25.82,Bellezza e Cura della Persona,Bellezza e Cura della Persona,Rowenta,B08DYGN5W7,1,40,88
Bellissima Imetec K9 2300 – Phon ionico 2300W con diffusore | 8 combinazioni aria/temperatura | Colpo aria fredda | Diffusore,https://www.amazon.it/dp/B082WSYYCX?tag=offertissimes-21,27.04,36.5,25.9,27.04,Bellezza e Cura della Persona,Bellezza e Cura della Persona,Bellissima,B082WSYYCX,1,40,88
"Bed Head by TIGI Resurrection Set Shampoo e Balsamo, 2x 750ml | Per capelli secchi e danneggiati, riparazione idratante inten",https://www.amazon.it/dp/B01AC34TS8?tag=offertissimes-21,19.59,26.45,25.9,19.59,Bellezza e Cura della Persona,Bellezza e Cura della Persona,Bed,B01AC34TS8,1,40,88
"Sunsilk, Crema Modellante e Districante Ricci da Sogno, Senza Risciacquo per Ricci Definiti e Elastici, con 11% NUTRI ELASTI",https://www.amazon.it/dp/B0G83HRMB7?tag=offertissimes-21,12.9,17.42,25.9,12.9,Bellezza e Cura della Persona,Bellezza e Cura della Persona,Sunsilk,B0G83HRMB7,1,40,88
REVLON PROFESSIONAL EQUAVE KIDS PRINCESS,https://www.amazon.it/dp/B01L2FIUO4?tag=offertissimes-21,9.0,12.15,25.9,9.0,Bellezza e Cura della Persona,Bellezza e Cura della Persona,REVLON,B01L2FIUO4,1,40,88
"Paranix Extra Forte Shampoo, Tratta e Previene, 200 ml | Tratta in 5 minuti e previene fino a 72 ore, Trattamento Contro Pido",https://www.amazon.it/dp/B0892Q7DB6?tag=offertissimes-21,13.93,18.81,25.9,13.93,Bellezza e Cura della Persona,Bellezza e Cura della Persona,Paranix,B0892Q7DB6,1,40,88
Remington Piastra per Capelli - Keratin: Rivestimento Ceramico di alta qualità con Cheratina e olio di mandorle - Display LCD,https://www.amazon.it/dp/B073ZG6J9N?tag=offertissimes-21,23.76,32.08,25.9,23.76,Bellezza e Cura della Persona,Bellezza e Cura della Persona,Remington,B073ZG6J9N,1,40,88
DUCRAY Kelual DS ORIGINAL - Anti-forfora shampoo trattante - 100ml | Forfora severa - Elimina la forfora a lungo e dona solli,https://www.amazon.it/dp/B07TT7VMFD?tag=offertissimes-21,11.79,15.92,25.9,11.79,Bellezza e Cura della Persona,Bellezza e Cura della Persona,DUCRAY,B07TT7VMFD,1,40,88
OLAPLEX No. 5 Bond Maintenance balsamo per capelli,https://www.amazon.it/dp/B08TWV3S41?tag=offertissimes-21,14.9,20.12,25.9,14.9,Bellezza e Cura della Persona,Bellezza e Cura della Persona,OLAPLEX,B08TWV3S41,1,40,88
"Polvere per capelli IMPERIO - Correttore per infoltimento capelli per donna e uomo, mascara per capelli waterproof per nascon",https://www.amazon.it/dp/B07YYLNFK7?tag=offertissimes-21,14.99,20.24,25.9,14.99,Bellezza e Cura della Persona,Bellezza e Cura della Persona,Polvere,B07YYLNFK7,1,40,88
"Vichy Dercos, Shampoo Anti-Forfora DS, Per Capelli da Normali a Grassi, Azione Riequilibrante, Effetto Anti-Ricomparsa, Arric",https://www.amazon.it/dp/B00WN2BY7G?tag=offertissimes-21,11.39,15.38,25.9,11.39,Bellezza e Cura della Persona,Bellezza e Cura della Persona,Vichy,B00WN2BY7G,1,40,88
"Herbatint Gel Colorante Permanente per Capelli 4N Castano - 170 ml | Senza Ammoniaca, 100% Copertura Capelli Bianchi | per Pe",https://www.amazon.it/dp/B0DGTZJBJS?tag=offertissimes-21,18.0,24.3,25.9,18.0,Bellezza e Cura della Persona,Bellezza e Cura della Persona,Herbatint,B0DGTZJBJS,1,40,88
"Garnier Fructis Siero Termoprotettore, Per Capelli Lisci e Lucenti a Lungo, Resistenti all'Umidità, Trattamento Lisciante all",https://www.amazon.it/dp/B0DPMYGBM8?tag=offertissimes-21,7.99,10.79,25.9,7.99,Bellezza e Cura della Persona,Bellezza e Cura della Persona,Garnier,B0DPMYGBM8,1,40,88
"Euphidra - ColorPro XD 400, Castano, Colorazione Permanente con Acido Ialuronico, Idrata Profondamente e Riequiibra la Strutt",https://www.amazon.it/dp/B07239YDMC?tag=offertissimes-21,39.96,53.95,25.9,39.96,Bellezza e Cura della Persona,Bellezza e Cura della Persona,Euphidra,B07239YDMC,1,40,88
"Vichy Dercos Aminexil Clinical R.E.G.E.N. Booster, Siero Capillare, 90 ml | Rinnovatore, Per Tutti i Tipi di Cuoio Capelluto,",https://www.amazon.it/dp/B0FH5FKY2W?tag=offertissimes-21,21.72,29.32,25.9,21.72,Bellezza e Cura della Persona,Bellezza e Cura della Persona,Vichy,B0FH5FKY2W,1,40,88
"Bed Head by TIGI Recovery Shampoo & Conditioner Set, 2x 750ml | Idratazione profonda per capelli secchi e danneggiati dal cal",https://www.amazon.it/dp/B00AYXV5W0?tag=offertissimes-21,7.21,9.73,25.9,7.21,Bellezza e Cura della Persona,Bellezza e Cura della Persona,Bed,B00AYXV5W0,1,40,88
"Bed Head For Men by TIGI Matte Separation, Cera Capelli, 85g | Prodotto styling a tenuta forte con cera d'api per capelli cor",https://www.amazon.it/dp/B002N5MI2S?tag=offertissimes-21,17.94,24.22,25.9,17.94,Bellezza e Cura della Persona,Bellezza e Cura della Persona,Bed,B002N5MI2S,1,40,88
FANOLA No Yellow Shampoo Antigiallo per Capelli,https://www.amazon.it/dp/B08DFY5V5H?tag=offertissimes-21,11.47,15.48,25.9,11.47,Bellezza e Cura della Persona,Bellezza e Cura della Persona,FANOLA,B08DFY5V5H,1,40,88
"Pantene Pro-V Rigenera E Protegge Balsamo 1000ml per Capelli Deboli, Secchi | Balsamo Quotidiano Leggero, Non Unge, con Pro-V",https://www.amazon.it/dp/B0DN1NJZBF?tag=offertissimes-21,13.0,17.55,25.9,13.0,Bellezza e Cura della Persona,Bellezza e Cura della Persona,Pantene,B0DN1NJZBF,1,40,88
"La Roche-Posay Kerium Gel Physiologique Doux Extreme Shampoo - 400 ml | Per Cuoio Capelluto Sensibile, Effetto Calmante e Len",https://www.amazon.it/dp/B00IVIMVFK?tag=offertissimes-21,12.5,16.88,25.9,12.5,Bellezza e Cura della Persona,Bellezza e Cura della Persona,La,B00IVIMVFK,1,40,88
"Helan, Occhio Al Pidocchio, Lozione Preventiva, Trattamento Pidocchi E Lendini Forte, Spray No Gas per Prevenzione Quotidiana",https://www.amazon.it/dp/B01M7V73CK?tag=offertissimes-21,2.97,4.01,25.9,2.97,Bellezza e Cura della Persona,Bellezza e Cura della Persona,Helan,B01M7V73CK,1,40,88
"Equilibra Rosmarino Ialuronico Dermo Shampoo Rinforzante, 265 ml | con Acido Ialuronico, Olio Essenziale di Rosmarino, Tè Ver",https://www.amazon.it/dp/B0FV338LY8?tag=offertissimes-21,19.99,26.99,25.9,19.99,Bellezza e Cura della Persona,Bellezza e Cura della Persona,Equilibra,B0FV338LY8,1,40,88
"Rimmel 60 Seconds Super Shine Smalto, Smalto asciugatura rapida, Colore vibrante, A lunga tenuta, 8 ml, 108 Cameo Rose",https://www.amazon.it/dp/B0FCMSP2P3?tag=offertissimes-21,2.0,2.7,25.9,2.0,Bellezza e Cura della Persona,Bellezza e Cura della Persona,Rimmel,B0FCMSP2P3,1,40,88
"Essie Smalto Top Coat, Per Unghie Effetto Gel dal Risultato Professionale, Finish Ultra Brillante, Lunga Durata Fino a 15 Gio",https://www.amazon.it/dp/B07BBQ6K84?tag=offertissimes-21,25.14,33.94,25.9,25.14,Bellezza e Cura della Persona,Bellezza e Cura della Persona,Essie,B07BBQ6K84,1,40,88
"Essie Smalto per Unghie, Gel Riparatore, Cura e Fortifica le Unghie Danneggiate, Finish Naturale e Lucido, Con Cheratina e Ce",https://www.amazon.it/dp/B0DHY5C7RZ?tag=offertissimes-21,13.85,18.7,25.9,13.85,Bellezza e Cura della Persona,Bellezza e Cura della Persona,Essie,B0DHY5C7RZ,1,40,88
"Dr. Scholl's Crema Talloni Screpolati Active Repair K+, 25% Urea, Crema Piedi con Cheratina, Idratazione Intensa, Assorbiment",https://www.amazon.it/dp/B0GPD73L2M?tag=offertissimes-21,4.09,5.52,25.9,4.09,Bellezza e Cura della Persona,Bellezza e Cura della Persona,Dr,B0GPD73L2M,1,40,88
Sally Hansen - Rimuovi Cuticole Instantaneo Instant Cuticle Remover - Formula Sciogli Cuticole ad Azione Rapida - 30 ml,https://www.amazon.it/dp/B0046MK34G?tag=offertissimes-21,6.48,8.75,25.9,6.48,Bellezza e Cura della Persona,Bellezza e Cura della Persona,Sally,B0046MK34G,1,40,88
"Vishine smalto gel semipermanente, 4 colori, trasparente, bianco latte, rosa, smalto naturale, gel di cristallo, asciugatura",https://www.amazon.it/dp/B07Z1SFVL3?tag=offertissimes-21,9.99,13.49,25.9,9.99,Bellezza e Cura della Persona,Bellezza e Cura della Persona,Vishine,B07Z1SFVL3,1,40,88
"Xoali Fresa per Unghie 25000RPM, 12 in 1 Lima Elettrica per Unghie Professionale Portatile, Levigatrice per Unghie con Punta",https://www.amazon.it/dp/B0B3Y81RN2?tag=offertissimes-21,16.99,22.94,25.9,16.99,Bellezza e Cura della Persona,Bellezza e Cura della Persona,Xoali,B0B3Y81RN2,1,40,88
"Breosic Fresa per Unghie Professionale Lima Elettrica per Unghie, Viola | 35000 Giri 9 Velocità Regolabile, 12 in 1 Frese per",https://www.amazon.it/dp/B0FX4GCZJL?tag=offertissimes-21,24.99,33.74,25.9,24.99,Bellezza e Cura della Persona,Bellezza e Cura della Persona,Breosic,B0FX4GCZJL,1,40,88
"JODSONE 15ML x 4 Base e Top Coat Semipermanente, Disidratatore per Unghie Primer per Unghie, Scintilla Asciugatura Rapida Dur",https://www.amazon.it/dp/B0C7JVKYZB?tag=offertissimes-21,11.99,16.19,25.9,11.99,Bellezza e Cura della Persona,Bellezza e Cura della Persona,JODSONE,B0C7JVKYZB,1,40,88
"Mylee Smalto Semipermanente 8ml [Diva] Gel Unghie Rosso UV/LED per | Manicure, Pedicure e Nail Art Professionale, Lunga Durat",https://www.amazon.it/dp/B0DSLH4336?tag=offertissimes-21,9.99,13.49,25.9,9.99,Bellezza e Cura della Persona,Bellezza e Cura della Persona,Mylee,B0DSLH4336,1,40,88
"Dr. Scholl’s Lima per Piedi in Vetro Nano – Rimuove all'istante la Pelle Secca su Piedi Bagnati o Asciutti, Impermeabile, Ant",https://www.amazon.it/dp/B0BZDDVB4Z?tag=offertissimes-21,8.11,10.95,25.9,8.11,Bellezza e Cura della Persona,Bellezza e Cura della Persona,Dr,B0BZDDVB4Z,1,40,88
"MYGEL by Mylee Magic Extender Gel 60g – Gel extension per unghie, Nail Art | Lunga durata, effetto naturale, per principianti",https://www.amazon.it/dp/B0B6CQJFP2?tag=offertissimes-21,14.99,20.24,25.9,14.99,Bellezza e Cura della Persona,Bellezza e Cura della Persona,MYGEL,B0B6CQJFP2,1,40,88
Dermovitamina - Micoblock 3in1Onicomicosi 7ml - Micosi Unghie Piedi | Smalto Curativo - Tratta le Infezioni Fungine - Contro,https://www.amazon.it/dp/B00D3HXY4G?tag=offertissimes-21,12.72,17.17,25.9,12.72,Bellezza e Cura della Persona,Bellezza e Cura della Persona,Dermovitamina,B00D3HXY4G,1,40,88
"La Roche-Posay Cicaplast, Crema Riparatrice, Unisex, Pelle delle Mani Lenita, Morbida e Protetta, Con Glicerina e Niacinamide",https://www.amazon.it/dp/B08NY971RZ?tag=offertissimes-21,9.79,13.22,25.9,9.79,Bellezza e Cura della Persona,Bellezza e Cura della Persona,La,B08NY971RZ,1,40,88
"Eucerin Urea Repair Crema Mani Rigenerante 5% 75 ml, Crema mani riparatrice e idratante 48h, Formula con Urea al 5% e Ceramid",https://www.amazon.it/dp/B01M0TG9FH?tag=offertissimes-21,17.21,23.23,25.9,17.21,Bellezza e Cura della Persona,Bellezza e Cura della Persona,Eucerin,B01M0TG9FH,1,40,88
"Deborah Milano - Smalto Trattamento Rafforzatore per Unghie Deboli e Sfaldate, con Calcio, Cheratina e Olio di Avocado, Ripar",https://www.amazon.it/dp/B091B5TYYY?tag=offertissimes-21,17.7,23.89,25.9,17.7,Bellezza e Cura della Persona,Bellezza e Cura della Persona,Deborah,B091B5TYYY,1,40,88
"Eucerin Urea Repair Crema Piedi, 100 ml | Crema Piedi con 10% di Urea e Ceramidi, 48 Ore di Idratazione per Piedi Secchi e Mo",https://www.amazon.it/dp/B01LYQQYHW?tag=offertissimes-21,15.88,21.44,25.9,15.88,Bellezza e Cura della Persona,Bellezza e Cura della Persona,Eucerin,B01LYQQYHW,1,40,88
"Dr. Scholl's Maschera Piedi con Miele di Manuka per Talloni Screpolati e Secchi, Calzini Idratanti per Piedi più Morbidi e Li",https://www.amazon.it/dp/B0DTV48HD1?tag=offertissimes-21,11.39,15.38,25.9,11.39,Bellezza e Cura della Persona,Bellezza e Cura della Persona,Dr,B0DTV48HD1,1,40,88
"Dr. Scholl’s Lima Piedi Elettrica Rimuovi Calli - Pedicure Professionale, Rimuove Pelle Dura e Callosità, Piedi Lisci e Morbi",https://www.amazon.it/dp/B0G6K6FV2Q?tag=offertissimes-21,12.29,16.59,25.9,12.29,Bellezza e Cura della Persona,Bellezza e Cura della Persona,Dr,B0G6K6FV2Q,1,40,88
"Fresa per unghie professionale, Limetta portatile per gel acrilico, Kit fresa per unghie ricaricabile a batteria 40000 giri a",https://www.amazon.it/dp/B0D7TCGTRQ?tag=offertissimes-21,41.99,56.69,25.9,41.99,Bellezza e Cura della Persona,Bellezza e Cura della Persona,Fresa,B0D7TCGTRQ,1,40,88
"BEZOX Set di 2 tagliaunghie ben fatti, tagliaunghie con apertura a ganascia larga per unghie e piedi, tagliaunghie affilato e",https://www.amazon.it/dp/B0BXX1FJNK?tag=offertissimes-21,7.99,10.79,25.9,7.99,Bellezza e Cura della Persona,Bellezza e Cura della Persona,BEZOX,B0BXX1FJNK,1,40,88
"Neutrogena Formula Norvegese Crema Mani Assorbimento Rapido, 150 ml | Ripara, lenisce ed idrata, Per pelle secca, sensibile e",https://www.amazon.it/dp/B09MWKVYTS?tag=offertissimes-21,3.24,4.37,25.9,3.24,Bellezza e Cura della Persona,Bellezza e Cura della Persona,Neutrogena,B09MWKVYTS,1,40,88
"LALILL Nail Cleaner 500 ml – Sgrassatore Unghie UV Gel – Pulitore per Smalto Semipermanente, Gel, Acrilico e Pennelli – Solve",https://www.amazon.it/dp/B0C85FDYMR?tag=offertissimes-21,8.99,12.14,25.9,8.99,Bellezza e Cura della Persona,Bellezza e Cura della Persona,LALILL,B0C85FDYMR,1,40,88
"PODERM Smalto per Unghie Curativo al Tea Tree - Nude Blush 8 ML, Swiss Lab | Purifica, Chiarisce e Nutre Unghie Gialle e Dann",https://www.amazon.it/dp/B0CXF6FD5X?tag=offertissimes-21,16.5,22.28,25.9,16.5,Bellezza e Cura della Persona,Bellezza e Cura della Persona,PODERM,B0CXF6FD5X,1,40,88
Essie Smalto - 54 gr,https://www.amazon.it/dp/B00A3B2DOW?tag=offertissimes-21,9.89,13.35,25.9,9.89,Bellezza e Cura della Persona,Bellezza e Cura della Persona,Essie,B00A3B2DOW,1,40,88
"Prep, Crema Deodorante Piedi, Crema per i Piedi Antiodore con Attivo Antibatterico, a Base di Talco, Olio di Crusca di Riso,",https://www.amazon.it/dp/B09544LPFZ?tag=offertissimes-21,3.8,5.13,25.9,3.8,Bellezza e Cura della Persona,Bellezza e Cura della Persona,Prep,B09544LPFZ,1,40,88
Nail Store - Gel UV LED Costruttore Monofasico Cover Beige – Builder Camouflage - Media Densità - Autolivellante – Facile Lav,https://www.amazon.it/dp/B08RJK8863?tag=offertissimes-21,16.99,22.94,25.9,16.99,Bellezza e Cura della Persona,Bellezza e Cura della Persona,Nail,B08RJK8863,1,40,88
"Vishine Smalto gel semipermanente ultra lucido, finitura lucida, 2 x 16 ml, top coat no wipe",https://www.amazon.it/dp/B09HR1FGKJ?tag=offertissimes-21,21.37,28.85,25.9,21.37,Bellezza e Cura della Persona,Bellezza e Cura della Persona,Vishine,B09HR1FGKJ,1,40,88
BEZOX Professionale Lima Per Piedi - Calli Remover Pedicure Per Callosità - Ammorbidisce Dry Talloni Screpolati la Pelle - Ac,https://www.amazon.it/dp/B06X94VLYK?tag=offertissimes-21,9.99,13.49,25.9,9.99,Bellezza e Cura della Persona,Bellezza e Cura della Persona,BEZOX,B06X94VLYK,1,40,88
"Rimmel London, Top Coat Ultra Shine, Top Coat ultra brillante e a lunga tenuta, Protegge il Colore, Formula Vegana, 12ml",https://www.amazon.it/dp/B0CPFV652C?tag=offertissimes-21,2.6,3.51,25.9,2.6,Bellezza e Cura della Persona,Bellezza e Cura della Persona,Rimmel,B0CPFV652C,1,40,88
"Essy Lima per Piedi Elettrica Ricaricabile con 5 Rulli di Ricambio (Bianco) | Per Donne e Uomini, Piedi Lisci, Impermeabile,",https://www.amazon.it/dp/B0CB6HJVVS?tag=offertissimes-21,27.97,37.76,25.9,27.97,Bellezza e Cura della Persona,Bellezza e Cura della Persona,Essy,B0CB6HJVVS,1,40,88
"Scholl Crema Nutriente Intensiva, Crema Piedi Arricchita con Urea, Vitamina E e Complesso Provitaminico B5 per Levigare la Pe",https://www.amazon.it/dp/B0CW1VGLX9?tag=offertissimes-21,4.84,6.53,25.9,4.84,Bellezza e Cura della Persona,Bellezza e Cura della Persona,Scholl,B0CW1VGLX9,1,40,88
"elzle 10 Lime Unghie 100/180 Doppia Faccia, Mezza Luna, Bianco | Lime Professionali Lavabili, Strumenti Cura Unghie, Set per",https://www.amazon.it/dp/B0FVS5XGXM?tag=offertissimes-21,4.09,5.52,25.9,4.09,Bellezza e Cura della Persona,Bellezza e Cura della Persona,elzle,B0FVS5XGXM,1,40,88
"Essie Hard to Resist Advanced, Smalto per Unghie Rinforzante, Per Unghie più Forti e Brillanti, 13,5 ml",https://www.amazon.it/dp/B0BMGLVF6Z?tag=offertissimes-21,11.09,14.97,25.9,11.09,Bellezza e Cura della Persona,Bellezza e Cura della Persona,Essie,B0BMGLVF6Z,1,40,88
"Dermovitamina - Micoblock 3in1 Crema Piede d'Atleta 30ml - Senza Acetone | Contro Prurito, Macerazione e Cattivo Odore - Trat",https://www.amazon.it/dp/B00LOPXPQ6?tag=offertissimes-21,10.25,13.84,25.9,10.25,Bellezza e Cura della Persona,Bellezza e Cura della Persona,Dermovitamina,B00LOPXPQ6,1,40,88
"Set di 6 pezzi in acciaio inox verde scuro, tagliaunghie, strumenti per unghie, cucchiai, tagliaorecchie, set facile da trasp",https://www.amazon.it/dp/B0FJDJW5QF?tag=offertissimes-21,3.98,5.37,25.9,3.98,Bellezza e Cura della Persona,Bellezza e Cura della Persona,Set,B0FJDJW5QF,1,40,88
JODSONE 4 Bottiglie 10ML Primer per unghie Base Coat Top Coat Lucido ad asciugatura rapida durevole DIY Nail Art Design Regal,https://www.amazon.it/dp/B0DGPPMGSZ?tag=offertissimes-21,11.99,16.19,25.9,11.99,Bellezza e Cura della Persona,Bellezza e Cura della Persona,JODSONE,B0DGPPMGSZ,1,40,88
PODERM Smalto Rinforzante Unghie - Rosa cipria | Ripara e Rinforza le Unghie Danneggiate e Indebolite da Smalti Semipermanent,https://www.amazon.it/dp/B0CYLWQ2PG?tag=offertissimes-21,16.5,22.28,25.9,16.5,Bellezza e Cura della Persona,Bellezza e Cura della Persona,PODERM,B0CYLWQ2PG,1,40,88
"LALILL Olio per Cuticole e Unghie 75ml – Lampone – Flacone con Pipetta – Idratante, Rigenerante – Uso Professionale e Domesti",https://www.amazon.it/dp/B0BW173ND8?tag=offertissimes-21,6.15,8.3,25.9,6.15,Bellezza e Cura della Persona,Bellezza e Cura della Persona,LALILL,B0BW173ND8,1,40,88
"Vishine Gel Costruttore Per Unghie, 8-in-1 Gel Bianco Latte Rinforzante Per Unghie Gel Bianco Costruttore Per Unghie Gel Duro",https://www.amazon.it/dp/B0DYK7W4PW?tag=offertissimes-21,8.99,12.14,25.9,8.99,Bellezza e Cura della Persona,Bellezza e Cura della Persona,Vishine,B0DYK7W4PW,1,40,88
"Prep, Crema Rigenera Talloni, Idratante per Talloni Screpolati, 75 ml | Ammorbidisce e Nutre la Pelle, A Base di Burro di Kar",https://www.amazon.it/dp/B09545B8C1?tag=offertissimes-21,3.95,5.33,25.9,3.95,Bellezza e Cura della Persona,Bellezza e Cura della Persona,Prep,B09545B8C1,1,40,88
"sularpek 2 Pezzi Solvente per Smalto(15ml), Remover Semipermanente Unghie, Magic Nail Polish Remover, Rimuove Facilmente e Ra",https://www.amazon.it/dp/B0CZJHFLZJ?tag=offertissimes-21,12.99,17.54,25.9,12.99,Bellezza e Cura della Persona,Bellezza e Cura della Persona,sularpek,B0CZJHFLZJ,1,40,88
"AiQInu Lampada UV LED Unghie, 3W Lampada Unghie Regolabile, Lampada UV Portatile per Gel con Clip, con USB (Nero)",https://www.amazon.it/dp/B0CZ9629XK?tag=offertissimes-21,7.37,9.95,25.9,7.37,Bellezza e Cura della Persona,Bellezza e Cura della Persona,AiQInu,B0CZ9629XK,1,40,88
"NÉONAIL Smalto Semipermanente Unghie 7,2 ml Smalto Rosso Mysterious Tale Gel Per Unghie UV Led Nail Polish NÉONAIL Colori Sma",https://www.amazon.it/dp/B0FKN3RLMG?tag=offertissimes-21,9.99,13.49,25.9,9.99,Bellezza e Cura della Persona,Bellezza e Cura della Persona,Amazon Choice,B0FKN3RLMG,1,40,88
"Neutrogena Formula Norvegese Crema Mani Concentrata Profumata, 75 ml | Ripara, lenisce ed idrata 24h, Per mani secche, sensib",https://www.amazon.it/dp/B072C7JZ84?tag=offertissimes-21,3.61,4.87,25.9,3.61,Bellezza e Cura della Persona,Bellezza e Cura della Persona,Neutrogena,B072C7JZ84,1,40,88
Calvin Klein CK One Eau de Toilette Unisex,https://www.amazon.it/dp/B00S2WDIGG?tag=offertissimes-21,37.0,49.95,25.9,37.0,Bellezza e Cura della Persona,Bellezza e Cura della Persona,Calvin,B00S2WDIGG,1,40,88
"Elizabeth Arden - Green Tea Eau Parfum, Profumo Femminile con Essenze Naturali di Tè Verde e Bergamotto, Rinfrescante, Florea",https://www.amazon.it/dp/B0009OAI40?tag=offertissimes-21,12.5,16.88,25.9,12.5,Bellezza e Cura della Persona,Bellezza e Cura della Persona,Elizabeth,B0009OAI40,1,40,88
"Millefiori Milano – Fragranza Ricarica per Diffusore a Bastoncini 500 ml, Mela & Cannella – Profumatore Ambiente Raffinato co",https://www.amazon.it/dp/B00A0LKH66?tag=offertissimes-21,24.74,33.4,25.9,24.74,Bellezza e Cura della Persona,Bellezza e Cura della Persona,Millefiori,B00A0LKH66,1,40,88
"ENYORLI Olio Essenziale Vaniglia 100ml con Pipetta Graduata per Diffusore | Aroma dolce e caldo di vaniglia per ambiente, sap",https://www.amazon.it/dp/B0F7XYZ9KG?tag=offertissimes-21,9.29,12.54,25.9,9.29,Bellezza e Cura della Persona,Bellezza e Cura della Persona,ENYORLI,B0F7XYZ9KG,1,40,88
"Chanson d'Eau Les Eaux du Monde Vanilla Profumo Spray Corpo e Capelli Donna, Profumo ambrato gourmand, 75 ml",https://www.amazon.it/dp/B0F494WJVG?tag=offertissimes-21,4.0,5.4,25.9,4.0,Bellezza e Cura della Persona,Bellezza e Cura della Persona,Chanson,B0F494WJVG,1,40,88
Calvin Klein Ck Be Eau De Toilette,https://www.amazon.it/dp/B0001YOGL4?tag=offertissimes-21,16.5,22.28,25.9,16.5,Bellezza e Cura della Persona,Bellezza e Cura della Persona,Calvin,B0001YOGL4,1,40,88
Afnan 9 PM Night Out Extrait de Parfum Unisex 100 ml,https://www.amazon.it/dp/B0G449WC83?tag=offertissimes-21,45.99,62.09,25.9,45.99,Bellezza e Cura della Persona,Bellezza e Cura della Persona,Afnan,B0G449WC83,1,40,88
"MUGLER Alien Eau de Parfum per Donna, Ambrato, Legnoso e Floreale, Casherman, Ambra e Gelsomino, Fragranza Straordinaria, Mis",https://www.amazon.it/dp/B0B3XDDQRD?tag=offertissimes-21,82.99,112.04,25.9,82.99,Bellezza e Cura della Persona,Bellezza e Cura della Persona,MUGLER,B0B3XDDQRD,1,40,88
"iap PHARMA PARFUMS Nº 66, Profumo da Uomo, 150 Ml",https://www.amazon.it/dp/B07DM835DN?tag=offertissimes-21,15.95,21.53,25.9,15.95,Bellezza e Cura della Persona,Bellezza e Cura della Persona,iap,B07DM835DN,1,40,88
"Laura Biagiotti Roma Uomo 75 ml, Eau de Toilette | Fragranza Orientale Legnosa, Note Seducenti e Speziate, Iconico Flacone Is",https://www.amazon.it/dp/B000RO2ZUM?tag=offertissimes-21,52.0,70.2,25.9,52.0,Bellezza e Cura della Persona,Bellezza e Cura della Persona,Laura,B000RO2ZUM,1,40,88
"Ambi Pur 3Volution Profumatore Elettrico, Diffusore + 4 Ricariche Risveglio | Deodorante per Casa, Durata Fino a 90 Giorni pe",https://www.amazon.it/dp/B0CMDKPKGL?tag=offertissimes-21,11.99,16.19,25.9,11.99,Bellezza e Cura della Persona,Bellezza e Cura della Persona,Ambi,B0CMDKPKGL,1,40,88
"Iceberg Twice Man 125 ml, Eau de Toilette Uomo | Profumo dalle Note Fougère Aromatiche, Lussuoso Flacone in Vetro Trasparente",https://www.amazon.it/dp/B099KKM5GH?tag=offertissimes-21,31.01,41.86,25.9,31.01,Bellezza e Cura della Persona,Bellezza e Cura della Persona,Iceberg,B099KKM5GH,1,40,88
"Air Wick Diffusore Elettrico di Oli Essenziali, 6 Ricariche per Diffusore Elettrico alla Fragranza Dolce Vaniglia e Burro di",https://www.amazon.it/dp/B0FD557B2L?tag=offertissimes-21,32.5,43.88,25.9,32.5,Bellezza e Cura della Persona,Bellezza e Cura della Persona,Air,B0FD557B2L,1,40,88
LPDO La Nuit Blanche 100ml EDPI,https://www.amazon.it/dp/B0CV9RXHDJ?tag=offertissimes-21,27.95,37.73,25.9,27.95,Bellezza e Cura della Persona,Bellezza e Cura della Persona,LPDO,B0CV9RXHDJ,1,40,88
Calvin Klein Obsession Eau de Toilette For Men,https://www.amazon.it/dp/B002HFU5WE?tag=offertissimes-21,24.5,33.08,25.9,24.5,Bellezza e Cura della Persona,Bellezza e Cura della Persona,Calvin,B002HFU5WE,1,40,88
"Air Wick Diffusore Elettrico di Oli Essenziali, 2 Ricariche per Diffusore alla Fragranza Peonia Bianca e Gelsomino, Profumato",https://www.amazon.it/dp/B0FD4VQ9B7?tag=offertissimes-21,14.8,19.98,25.9,14.8,Bellezza e Cura della Persona,Bellezza e Cura della Persona,Air,B0FD4VQ9B7,1,40,88
Afnan 9 PM Elixir Extrait de Parfum Unisex 100 ml,https://www.amazon.it/dp/B0F59P85YF?tag=offertissimes-21,36.2,48.87,25.9,36.2,Bellezza e Cura della Persona,Bellezza e Cura della Persona,Afnan,B0F59P85YF,1,40,88
Naturando Tea Tree Oil 10 ML Puro Olio 100% di Melaleuca Alternifolia,https://www.amazon.it/dp/B00VXDTY3C?tag=offertissimes-21,8.11,10.95,25.9,8.11,Bellezza e Cura della Persona,Bellezza e Cura della Persona,Naturando,B00VXDTY3C,1,40,88
"AESHORY Set di Oli Essenziali per Diffusori 6 x 10ML, 100% Puri Naturali Olio Essenziale Profumate per Aromaterapia, SPA, Mas",https://www.amazon.it/dp/B0C7ZR2XQ4?tag=offertissimes-21,9.99,13.49,25.9,9.99,Bellezza e Cura della Persona,Bellezza e Cura della Persona,AESHORY,B0C7ZR2XQ4,1,40,88
Armaf Club de Nuit Intense Man Eau de Toilette (uomo) 105 ml,https://www.amazon.it/dp/B00M3IFUMK?tag=offertissimes-21,34.9,47.12,25.9,34.9,Bellezza e Cura della Persona,Bellezza e Cura della Persona,Armaf,B00M3IFUMK,1,40,88
"NIVEA Creme Eau de Toilette Acqua Profumata, 30 ml | Eau de Toilette Spray Acqua Profumata, Vibranti Note Agrumate, Note Flor",https://www.amazon.it/dp/B08GBLSDCZ?tag=offertissimes-21,34.94,47.17,25.9,34.94,Bellezza e Cura della Persona,Bellezza e Cura della Persona,NIVEA,B08GBLSDCZ,1,40,88
"GUESS Seductive, Acqua Profumata, Fragranza Floreale Fruttata, 250 ml",https://www.amazon.it/dp/B07V25CN6C?tag=offertissimes-21,7.99,10.79,25.9,7.99,Bellezza e Cura della Persona,Bellezza e Cura della Persona,GUESS,B07V25CN6C,1,40,88
Lattafa Khamrah Eau de Parfum 100 ml,https://www.amazon.it/dp/B0BLGJHQLJ?tag=offertissimes-21,31.0,41.85,25.9,31.0,Bellezza e Cura della Persona,Bellezza e Cura della Persona,Lattafa,B0BLGJHQLJ,1,40,88
"GUESS Set Donna, 4 Mini EDT Seductive, Red, Blue, Noir, 7.5 ml",https://www.amazon.it/dp/B0FJGQHDTH?tag=offertissimes-21,16.9,22.82,25.9,16.9,Bellezza e Cura della Persona,Bellezza e Cura della Persona,GUESS,B0FJGQHDTH,1,40,88
"NABLA Cupid's Arrow Longwear Stylo, Brown| Matita stylo a lunga tenuta e alta pigmentazione | Liner, ombretto o rossetto mult",https://www.amazon.it/dp/B08L8BF17Q?tag=offertissimes-21,12.79,17.27,25.9,12.79,Bellezza e Cura della Persona,Bellezza e Cura della Persona,NABLA,B08L8BF17Q,1,40,88
"Garnier SkinActive Acqua Micellare Tutto in 1, Per Pelli Sensibili, 100% del Trucco Rimosso, Pelle Detersa e Idratata per 12H",https://www.amazon.it/dp/B00YBYMQN0?tag=offertissimes-21,2.75,3.71,25.9,2.75,Bellezza e Cura della Persona,Bellezza e Cura della Persona,Garnier,B00YBYMQN0,1,40,88
"NYX Professional Makeup Buttermelt Powder Blush fino a 12 ore, miscelazione senza cuciture, resistente allo sbiadimento e al",https://www.amazon.it/dp/B0CZ5HLDK9?tag=offertissimes-21,7.38,9.96,25.9,7.38,Bellezza e Cura della Persona,Bellezza e Cura della Persona,NYX,B0CZ5HLDK9,1,40,88
"NYX Professional Makeup The Brow Glue, Gel Trasparente per Sopracciglia Effetto Laminazione, Per Ciglia Scolpite dal Finish N",https://www.amazon.it/dp/B08M58SWB1?tag=offertissimes-21,6.74,9.1,25.9,6.74,Bellezza e Cura della Persona,Bellezza e Cura della Persona,NYX,B08M58SWB1,1,40,88
"Maybelline New York Rossetto Matte SuperStay Matte Ink, Tinta Labbra a Lunga Tenuta, Colore Intenso e Vibrante, No Transfer,",https://www.amazon.it/dp/B077N513Z1?tag=offertissimes-21,12.76,17.23,25.9,12.76,Bellezza e Cura della Persona,Bellezza e Cura della Persona,Maybelline,B077N513Z1,1,40,88
"NYX Professional Makeup Bronzer, Per un Look Abbronzato e Luminoso, Tenuta fino a 12h, Resiste alle Sbavature, No Transfer, B",https://www.amazon.it/dp/B0CRSKLX2L?tag=offertissimes-21,8.19,11.06,25.9,8.19,Bellezza e Cura della Persona,Bellezza e Cura della Persona,NYX,B0CRSKLX2L,1,40,88
"Maybelline New York Matita Labbra, Labbra Rimpolpate, Liftate e con Contorni Definiti, Texture Cremosa e Idratante, Con Acido",https://www.amazon.it/dp/B0D23234TG?tag=offertissimes-21,4.87,6.57,25.9,4.87,Bellezza e Cura della Persona,Bellezza e Cura della Persona,Maybelline,B0D23234TG,1,40,88
Erborian - CC Crème alla Centella Asiatica - Crema Viso Illuminante ad Alta Definizione e Trucco - Protezione Solare SPF 30 -,https://www.amazon.it/dp/B0FHBJXX9M?tag=offertissimes-21,19.12,25.81,25.9,19.12,Bellezza e Cura della Persona,Bellezza e Cura della Persona,Erborian,B0FHBJXX9M,1,40,88
"essence Cipria viso compatta effetto opacizzante finish opaco (12g) | Effetto opacizzante, Cipria, Finish naturale",https://www.amazon.it/dp/B00VP4HREM?tag=offertissimes-21,9.82,13.26,25.9,9.82,Bellezza e Cura della Persona,Bellezza e Cura della Persona,essence,B00VP4HREM,1,40,88
"essence brow lift & freeze glue Gel Sopracciglia 01 Clear Control | Gel Trasparente, Texture Cerosa, Tenuta Ultra-Forte fino",https://www.amazon.it/dp/B0FK5KHFBC?tag=offertissimes-21,3.89,5.25,25.9,3.89,Bellezza e Cura della Persona,Bellezza e Cura della Persona,essence,B0FK5KHFBC,1,40,88
"GRIFEMA Spruzzatore bianco 200 ml a nebbia fine | Flacone spray riutilizzabile, design antigoccia, per capelli, piante, viso",https://www.amazon.it/dp/B0DXTLWVBL?tag=offertissimes-21,6.14,8.29,25.9,6.14,Bellezza e Cura della Persona,Bellezza e Cura della Persona,GRIFEMA,B0DXTLWVBL,1,40,88
"Beltom® Lettino da Massaggio 2 Zone in Legno 185X60 CM - Portatile PESA Solo 11,6 kg + Pannello Reiki + Angoli ARROTONDATI E",https://www.amazon.it/dp/B0CQRJTKN6?tag=offertissimes-21,70.99,95.84,25.9,70.99,Bellezza e Cura della Persona,Bellezza e Cura della Persona,Beltom,B0CQRJTKN6,1,40,88
Wery Shop Lavatesta Portatile per Parrucchieri Professionale - Lavacapelli da Viaggio Pieghevole,https://www.amazon.it/dp/B0CG3CHCBQ?tag=offertissimes-21,8.99,12.14,25.9,8.99,Bellezza e Cura della Persona,Bellezza e Cura della Persona,Wery,B0CG3CHCBQ,1,40,88
Termix spazzola termica,https://www.amazon.it/dp/B001SJKUNY?tag=offertissimes-21,8.2,11.07,25.9,8.2,Bellezza e Cura della Persona,Bellezza e Cura della Persona,Termix,B001SJKUNY,1,40,88
"Beltom® Lettino Massaggio Smart 3 Zone in Legno - Dimensione 180x56 CM - con Borsa - PESA Solo 13,2KG - Angoli ARROTONDATI E",https://www.amazon.it/dp/B07HMJG4BZ?tag=offertissimes-21,79.99,107.99,25.9,79.99,Bellezza e Cura della Persona,Bellezza e Cura della Persona,Beltom,B07HMJG4BZ,1,40,88
"aashta® mantella parrucchiere taglio capelli, mantella barbiere leggera, mantella taglio parrucchiere professionale chiusura",https://www.amazon.it/dp/B086C5SXD7?tag=offertissimes-21,7.99,10.79,25.9,7.99,Bellezza e Cura della Persona,Bellezza e Cura della Persona,aashta,B086C5SXD7,1,40,88
App Life Lavatesta Portatile per Parrucchieri - Altezza Regolabile e Tubo di Scarico Retraibile - Dispositivo Medico di Class,https://www.amazon.it/dp/B09FKL3WR4?tag=offertissimes-21,39.99,53.99,25.9,39.99,Bellezza e Cura della Persona,Bellezza e Cura della Persona,App,B09FKL3WR4,1,40,88
"MIYADIVA Specchio con Ingrandimento 40X, Specchietto per Trucco, Doppia Faccia con Ingrandimento 40X/1X, Essenziale da Viaggi",https://www.amazon.it/dp/B0FNM4MP46?tag=offertissimes-21,11.99,16.19,25.9,11.99,Bellezza e Cura della Persona,Bellezza e Cura della Persona,MIYADIVA,B0FNM4MP46,1,40,88
"tectake® Lettino da Massaggio a 3 Zone, Telaio in Alluminio, Pieghevole | Pieghevole e Regolabile in Altezza, Larghezza 78 cm",https://www.amazon.it/dp/B0DPJ8JY91?tag=offertissimes-21,135.9,183.47,25.9,135.9,Bellezza e Cura della Persona,Bellezza e Cura della Persona,tectake,B0DPJ8JY91,1,40,88
PORTENTUM Spruzzatore acqua 200 ml – Vaporizzatore ricaricabile a nebbia fine con spruzzo continuo – Design ergonomico – Spru,https://www.amazon.it/dp/B0GSLBQ955?tag=offertissimes-21,5.24,7.07,25.9,5.24,Bellezza e Cura della Persona,Bellezza e Cura della Persona,PORTENTUM,B0GSLBQ955,1,40,88
"TEPENAR Cappello Asciugacapelli per Asciugacapelli a Mano - Morbido e regolabile, asciugatura rapida, ideale per capelli ricc",https://www.amazon.it/dp/B0DXJZ76K6?tag=offertissimes-21,21.99,29.69,25.9,21.99,Bellezza e Cura della Persona,Bellezza e Cura della Persona,TEPENAR,B0DXJZ76K6,1,40,88
"Testa per Parrucchieri, TopDirect 75cm Testina per Acconciatura, Marrone | Testa Studio Manichini con Capelli 100% Fibra Sint",https://www.amazon.it/dp/B0CDWKWQHG?tag=offertissimes-21,29.99,40.49,25.9,29.99,Bellezza e Cura della Persona,Bellezza e Cura della Persona,Testa,B0CDWKWQHG,1,40,88
"Beautyou Lavatesta Portatile Professionale Regolabile 82-118 cm con Snodo Inclinabile, Tubo di Scarico Allungabile e Base a 5",https://www.amazon.it/dp/B0H69PY32Z?tag=offertissimes-21,35.9,48.47,25.9,35.9,Bellezza e Cura della Persona,Bellezza e Cura della Persona,Beautyou,B0H69PY32Z,1,40,88
Beltom® Sgabello SGABELLI Pedicure Manicure Massaggio per CASA Salotto Studio Estetista Massaggi Tatuaggi Tattoo Fisioterapia,https://www.amazon.it/dp/B01ERHKCW2?tag=offertissimes-21,32.45,43.81,25.9,32.45,Bellezza e Cura della Persona,Bellezza e Cura della Persona,Beltom,B01ERHKCW2,1,40,88
"tectake® Lettino da Massaggio a 2 Zone, Pieghevole, Alluminio, 205 x 82 cm | Telaio in Alluminio, Regolabile in Altezza 63-89",https://www.amazon.it/dp/B07R3Y4CC7?tag=offertissimes-21,84.99,114.74,25.9,84.99,Bellezza e Cura della Persona,Bellezza e Cura della Persona,tectake,B07R3Y4CC7,1,40,88
Beltom® Lettino per Massaggi 3 Zone Alluminio 195x70 Cm Portatile Pieghevole Angoli Arrotondati Rinforzati Nero,https://www.amazon.it/dp/B01EJPDV7K?tag=offertissimes-21,94.99,128.24,25.9,94.99,Bellezza e Cura della Persona,Bellezza e Cura della Persona,Beltom,B01EJPDV7K,1,40,88
"Beltom® Lente 5 DIOTTRIE Lampada d'Ingrandimento con STATIVO, Luce Fredda Bianca per Estetista, ESTETICA, Laboratorio E LAVOR",https://www.amazon.it/dp/B01EPY27IE?tag=offertissimes-21,57.99,78.29,25.9,57.99,Bellezza e Cura della Persona,Bellezza e Cura della Persona,Beltom,B01EPY27IE,1,40,88
"URAQT Spruzzatore acqua parrucchiere 200 ml, flacone spray riutilizzabile, sottile nebbia continua per capelli, flacone spray",https://www.amazon.it/dp/B0CFVJ6MTT?tag=offertissimes-21,7.99,10.79,25.9,7.99,Bellezza e Cura della Persona,Bellezza e Cura della Persona,URAQT,B0CFVJ6MTT,1,40,88
"HOMCOM Casco Asciugacapelli ad Altezza Regolabile 65x65x115-165 cm Bianco | 1180W, Timer 60 Minuti, Ruote Girevoli, Casco per",https://www.amazon.it/dp/B0DFGSJHWR?tag=offertissimes-21,125.95,170.03,25.9,125.95,Bellezza e Cura della Persona,Bellezza e Cura della Persona,HOMCOM,B0DFGSJHWR,1,40,88
"Yaheetech Lettino da Massaggio 3 Zone Pieghevole Portatile Alluminio,Nero | Altezza Regolabile Poggiatesta e Braccioli Stacca",https://www.amazon.it/dp/B0856QJRHW?tag=offertissimes-21,112.99,152.54,25.9,112.99,Bellezza e Cura della Persona,Bellezza e Cura della Persona,Yaheetech,B0856QJRHW,1,40,88
"MNYXIS 1 Pezzo Mantellina Parrucchiere, Telo Barba, Mantellina Barbiere, Mantello per Taglio Capelli Grigio Argento, Per Fami",https://www.amazon.it/dp/B0GS5733P2?tag=offertissimes-21,8.49,11.46,25.9,8.49,Bellezza e Cura della Persona,Bellezza e Cura della Persona,MNYXIS,B0GS5733P2,1,40,88
"Rotolo Lenzuolino Carta 2 Veli Micro-Incollato in Pura Cellulosa, H. 60 cm. X 70 mt.",https://www.amazon.it/dp/B0117B83WW?tag=offertissimes-21,8.99,12.14,25.9,8.99,Bellezza e Cura della Persona,Bellezza e Cura della Persona,Rotolo,B0117B83WW,1,40,88
"CASDUCT Cavalletto per parrucca 160 cm Regolabile, supporto per testa di manichino in metallo rinforzato per formazione in co",https://www.amazon.it/dp/B0FBRYYZVM?tag=offertissimes-21,21.99,29.69,25.9,21.99,Bellezza e Cura della Persona,Bellezza e Cura della Persona,CASDUCT,B0FBRYYZVM,1,40,88
"SQUADO - Casco per Asciugatura Cuffia Asciugacapelli con Elastico per Attacco a Phon,",https://www.amazon.it/dp/B0CZFVLBH1?tag=offertissimes-21,7.99,10.79,25.9,7.99,Bellezza e Cura della Persona,Bellezza e Cura della Persona,SQUADO,B0CZFVLBH1,1,40,88
"TopDirect 18"" 100% veri capelli Testina Parrucchiere Testa Studio Parrucchiere Manichino Cosmetologia Formazione Parrucchiere",https://www.amazon.it/dp/B07L67VD26?tag=offertissimes-21,52.99,71.54,25.9,52.99,Bellezza e Cura della Persona,Bellezza e Cura della Persona,TopDirect,B07L67VD26,1,40,88
"Oulesvte 3 Flaconi Spray in Vetro Marrone, 50 ml, Ricaricabili | con Imbuto, Ugelli, Nebulizzatore Portatile, Piccola Bottigl",https://www.amazon.it/dp/B0C2HGDLPW?tag=offertissimes-21,7.99,10.79,25.9,7.99,Bellezza e Cura della Persona,Bellezza e Cura della Persona,Oulesvte,B0C2HGDLPW,1,40,88
"App Life Lavatesta Gonfiabile Portatile per Allettati, Anziani e Disabili | Per lavaggio capelli a letto e assistenza domicil",https://www.amazon.it/dp/B0D31PQMBD?tag=offertissimes-21,7.89,10.65,25.9,7.89,Bellezza e Cura della Persona,Bellezza e Cura della Persona,App,B0D31PQMBD,1,40,88
"HOMCOM Lettino Massaggio Portatile Altezza Regolabile 186x60x58-81cm Nero | Lettino da Massaggio, Borsa, Maniglia, Cuscino Ri",https://www.amazon.it/dp/B0D8WCK9D3?tag=offertissimes-21,102.95,138.98,25.9,102.95,Bellezza e Cura della Persona,Bellezza e Cura della Persona,HOMCOM,B0D8WCK9D3,1,40,88
"Pure Ease Cuffia Shampoo per Allettati - Lavaggio Capelli per Disabili con Salviette Capelli, Ideale per Anziani e Persone Al",https://www.amazon.it/dp/B0DDJTB8LN?tag=offertissimes-21,24.99,33.74,25.9,24.99,Bellezza e Cura della Persona,Bellezza e Cura della Persona,Pure,B0DDJTB8LN,1,40,88
"Milukon Bottiglia Spray, Bottiglia Spray a Nebbia Fine per Capelli, Bottiglia Spray Continua Ultra-Fine per Cura della Pelle,",https://www.amazon.it/dp/B0DGTN65JY?tag=offertissimes-21,13.99,18.89,25.9,13.99,Bellezza e Cura della Persona,Bellezza e Cura della Persona,Milukon,B0DGTN65JY,1,40,88
"Simliving 2 Pezzi Bottiglia Spray Continua, nebulizzatore continuo ultra fine, ricaricabili e riutilizzabili, con testina spr",https://www.amazon.it/dp/B0HC6XF1SS?tag=offertissimes-21,36.84,49.73,25.9,36.84,Bellezza e Cura della Persona,Bellezza e Cura della Persona,Simliving,B0HC6XF1SS,1,40,88
"Yaheetech Sgabello a Sella con Ruote Regolabile in Altezza Sedia Estetista | Ergonomico e Professionale,per Parrucchieri, Est",https://www.amazon.it/dp/B07S49GDTG?tag=offertissimes-21,12.99,17.54,25.9,12.99,Bellezza e Cura della Persona,Bellezza e Cura della Persona,Yaheetech,B07S49GDTG,1,40,88
"MIYADIVA Specchio con Ingrandimento 40X, Specchietto per Trucco, Doppia Faccia con Ingrandimento 40X/1X, Essenziale da Viaggi",https://www.amazon.it/dp/B0FNM6RTW6?tag=offertissimes-21,5.88,7.94,25.9,5.88,Bellezza e Cura della Persona,Bellezza e Cura della Persona,MIYADIVA,B0FNM6RTW6,1,40,88
"Brushworks Fine Mist Mini Spray Bottle – Refillable 80ml Travel Sized Sprayer for Hair Care, Styling, Curls, Skin Hydration,",https://www.amazon.it/dp/B0GN2MMKD6?tag=offertissimes-21,48.99,66.14,25.9,48.99,Bellezza e Cura della Persona,Bellezza e Cura della Persona,Brushworks,B0GN2MMKD6,1,40,88
"FENIXSHOP24 LETTINO MASSAGGIO IN LEGNO 2 ZONE - LETTINO MASSAGGI,LETTINO ESTETISTA FISIOTERAPIA,TATTOO,PORTATILE RICHIUDIBILE",https://www.amazon.it/dp/B09J8SWH27?tag=offertissimes-21,47.99,64.79,25.9,47.99,Bellezza e Cura della Persona,Bellezza e Cura della Persona,FENIXSHOP24,B09J8SWH27,1,40,88
"Testa Parrucchiere Capelli Veri, TopDirect 22""/55cm 100% Veri Capelli Testina Parrucchieri per Acconciature Manichino Cosmeto",https://www.amazon.it/dp/B0GVSRX5DR?tag=offertissimes-21,8.99,12.14,25.9,8.99,Bellezza e Cura della Persona,Bellezza e Cura della Persona,Testa,B0GVSRX5DR,1,40,88
BLOMBLAUM Casco per asciugatura cuffia asciugacapelli elastico attacco a phon grigio portatile professionale capelli ricci,https://www.amazon.it/dp/B0CLDV5WX2?tag=offertissimes-21,5.0,6.75,25.9,5.0,Bellezza e Cura della Persona,Bellezza e Cura della Persona,BLOMBLAUM,B0CLDV5WX2,1,40,88
Roial Mantella monouso conf.30 pz,https://www.amazon.it/dp/B01892FRN0?tag=offertissimes-21,199.99,269.99,25.9,199.99,Bellezza e Cura della Persona,Bellezza e Cura della Persona,Roial,B01892FRN0,1,40,88
CO-Z Sedia da Parrucchiere Sedia da Barbiere Professionale con Girevole a 360° Altezza Regolabile 15 cm Poltrona da Parrucchi,https://www.amazon.it/dp/B09R4F3QKL?tag=offertissimes-21,14.49,19.56,25.9,14.49,Bellezza e Cura della Persona,Bellezza e Cura della Persona,CO-Z,B09R4F3QKL,1,40,88
"Asciugamani monouso 40 x 80 cm, in spunlace, 100 unità, per parrucchieri ed estetiste, colore bianco",https://www.amazon.it/dp/B09GPYC8X8?tag=offertissimes-21,8.72,11.77,25.9,8.72,Bellezza e Cura della Persona,Bellezza e Cura della Persona,Asciugamani,B09GPYC8X8,1,40,88
SPRUZZINO PER ACQUA SPRAY IN PLASTICA CAPACITA' 300 ml (370.298),https://www.amazon.it/dp/B089QJKLGP?tag=offertissimes-21,59.99,80.99,25.9,59.99,Bellezza e Cura della Persona,Bellezza e Cura della Persona,SPRUZZINO,B089QJKLGP,1,40,88
FENIXSHOP24 LETTINO MASSAGGIO PROFESSIONALE 3 ZONE IN ALLUMINIO PERFETTO PER ESTETISTA PORTATILE E RICHIUDIBILE COD-010 (180x,https://www.amazon.it/dp/B09HQQWRW7?tag=offertissimes-21,58.99,79.64,25.9,58.99,Bellezza e Cura della Persona,Bellezza e Cura della Persona,FENIXSHOP24,B09HQQWRW7,1,40,88
"Bonnlo Sgabello con Ruote, Sgabello a Sella Regolabile in Altezza 48-63cm, Sgabello Girevole Estetista Ergonomico per Spa, Os",https://www.amazon.it/dp/B0HFMVFFSC?tag=offertissimes-21,34.17,46.13,25.9,34.17,Bellezza e Cura della Persona,Bellezza e Cura della Persona,Bonnlo,B0HFMVFFSC,1,40,88
"AGDLLYD Lavatesta portatile gonfiabile,Semplifica il lavaggio dei capelli,Vassoio per lavare capelli in lavandino,ottimo per",https://www.amazon.it/dp/B07XDWSCMM?tag=offertissimes-21,53.99,72.89,25.9,53.99,Bellezza e Cura della Persona,Bellezza e Cura della Persona,AGDLLYD,B07XDWSCMM,1,40,88
"FENIXSHOP24 LETTINO MASSAGGIO PROFESSIONALE 2 ZONE IN ALLUMINIO PORTATILE E RICHIUDIBILE IDEALE PER ESTETISTA FISIOTERAPIA,TA",https://www.amazon.it/dp/B09HQVF8PZ?tag=offertissimes-21,78.68,106.22,25.9,78.68,Bellezza e Cura della Persona,Bellezza e Cura della Persona,FENIXSHOP24,B09HQVF8PZ,1,40,88
"Yaheetech Lettino Massaggio Portatile Pieghevole 2 Zone Altezza Regolabile | in Legno di Faggio,Truttura a Due Zone e Braccio",https://www.amazon.it/dp/B0B9R76HDJ?tag=offertissimes-21,89.85,121.3,25.9,89.85,Bellezza e Cura della Persona,Bellezza e Cura della Persona,Yaheetech,B0B9R76HDJ,1,40,88
Xanitalia Pro Luxory Square Lavatesta - 3800 g,https://www.amazon.it/dp/B07N96DMLV?tag=offertissimes-21,38.99,52.64,25.9,38.99,Bellezza e Cura della Persona,Bellezza e Cura della Persona,Xanitalia,B07N96DMLV,1,40,88
"Yaheetech Sgabello con Ruote, Regolabile in Altezza,Sedia Rotondo Estetista | Rotelle Girevole,per Salone Toeletta Trucco Par",https://www.amazon.it/dp/B0FPQZ78BR?tag=offertissimes-21,29.95,40.43,25.9,29.95,Bellezza e Cura della Persona,Bellezza e Cura della Persona,Yaheetech,B0FPQZ78BR,1,40,88
TESTAFIT Testa manichino uomo espositore per cappelli caschi gioielli e accessori – supporto elegante per vetrine conservazio,https://www.amazon.it/dp/B0D37RL258?tag=offertissimes-21,15.19,20.51,25.9,15.19,Bellezza e Cura della Persona,Bellezza e Cura della Persona,TESTAFIT,B0D37RL258,1,40,88
"Specchio Ingranditore 40X, Specchio per Il Trucco Da 15 Cm, Tricolore, Specchio Cosmetico Regolabile Con Supporto Da Tavolo G",https://www.amazon.it/dp/B0G2BGWGD4?tag=offertissimes-21,44.5,60.08,25.9,44.5,Bellezza e Cura della Persona,Bellezza e Cura della Persona,Specchio,B0G2BGWGD4,1,40,88
"WUNZILO Barbiere Collo Spazzola, Spazzola Barba, Pennello da Parrucchiere per Salone per il barbiere, per la pulizia dei cape",https://www.amazon.it/dp/B0H3TQZ53X?tag=offertissimes-21,54.99,74.24,25.9,54.99,Bellezza e Cura della Persona,Bellezza e Cura della Persona,WUNZILO,B0H3TQZ53X,1,40,88
"Altéax Lavatesta Portatile Per Parrucchieri, Regolabile in Altezza e Inclinazione – Dal Design Ergonomico può Essere Utilizza",https://www.amazon.it/dp/B0DGXDNZ8G?tag=offertissimes-21,7.77,10.49,25.9,7.77,Bellezza e Cura della Persona,Bellezza e Cura della Persona,Amazon Choice,B0DGXDNZ8G,1,40,88
"WOLTU Sgabello per Toeletta Trucco, con Schienale, in Velluto Rosa | Sedia da Trucco Alta, Altezza Regolabile, 38-49.5cm, Gir",https://www.amazon.it/dp/B094V6TTGN?tag=offertissimes-21,3.21,4.33,25.9,3.21,Bellezza e Cura della Persona,Bellezza e Cura della Persona,WOLTU,B094V6TTGN,1,40,88
"Voarge Lavatesta Portatile per Parrucchieri, Poggiatesta per Lavare Capelli Lavandino Casa, Lavabo Gonfiabile per Capelli, La",https://www.amazon.it/dp/B0D8B6CC6C?tag=offertissimes-21,19.99,26.99,25.9,19.99,Bellezza e Cura della Persona,Bellezza e Cura della Persona,Voarge,B0D8B6CC6C,1,40,88
90 Pezzi Mantella Monouso Bianca per Parrucchiere 90x115 (3 Confezioni da 30 Pezzi),https://www.amazon.it/dp/B089B84YZQ?tag=offertissimes-21,19.99,26.99,25.9,19.99,Bellezza e Cura della Persona,Bellezza e Cura della Persona,90,B089B84YZQ,1,40,88
"FITNESS Cioccolato Fondente Barrette Cereali Integrali 24 barrette 23,5g | Con frumento e avena 100% integrali fonte di fibre",https://www.amazon.it/dp/B01CP84IQG?tag=offertissimes-21,11.96,16.15,25.9,11.96,"Alimentari, Caffè e Bevande","Alimentari, Caffè e Bevande",FITNESS,B01CP84IQG,1,40,88
"Monster Energy Ultra White – 24 Lattine da 500 ml, Energy Drink Zero Zuccheri e poche Calorie, Bevanda Energetica dal Gusto L",https://www.amazon.it/dp/B08BM7T75M?tag=offertissimes-21,31.99,43.19,25.9,31.99,"Alimentari, Caffè e Bevande","Alimentari, Caffè e Bevande",Monster,B08BM7T75M,1,40,88
"Coca-Cola Zero Zuccheri Zero Calorie - 4 Bottiglie da 1,5 L",https://www.amazon.it/dp/B017T4HARU?tag=offertissimes-21,3.94,5.32,25.9,3.94,"Alimentari, Caffè e Bevande","Alimentari, Caffè e Bevande",Coca-Cola,B017T4HARU,1,40,88
"Capsule Caffè Originali Lavazza Espresso Point, Crema&Aroma - 100 capsule",https://www.amazon.it/dp/B018B4UBB4?tag=offertissimes-21,27.06,36.53,25.9,27.06,"Alimentari, Caffè e Bevande","Alimentari, Caffè e Bevande",Capsule,B018B4UBB4,1,40,88
"Bialetti Caffè d'Italia Napoli Espresso Bar, Intensità 10, Confezione da 16",https://www.amazon.it/dp/B00CASNFSE?tag=offertissimes-21,12.9,17.42,25.9,12.9,"Alimentari, Caffè e Bevande","Alimentari, Caffè e Bevande",Bialetti,B00CASNFSE,1,40,88
"Lavazza, Espresso Barista Intenso, Caffè in Grani Tostati a Tamburo, Ideali per Macchine da Caffè Espresso, Note Aromatiche d",https://www.amazon.it/dp/B084B9C169?tag=offertissimes-21,36.71,49.56,25.9,36.71,"Alimentari, Caffè e Bevande","Alimentari, Caffè e Bevande",Lavazza,B084B9C169,1,40,88
"Haribo Frizzi Mix, Caramelle Gommose Frizzanti, Gusto Frutta, 175gr | Ideali per feste e relax",https://www.amazon.it/dp/B08KX8CJJN?tag=offertissimes-21,1.29,1.74,25.9,1.29,"Alimentari, Caffè e Bevande","Alimentari, Caffè e Bevande",Haribo,B08KX8CJJN,1,40,88
"Vigorsol Air Action, Chewing Gum, Gusto Menta, Senza Zucchero, Senza Glutine, Barattolo da 100 Gomme da Masticare, Ideale per",https://www.amazon.it/dp/B07BT6SVB6?tag=offertissimes-21,5.49,7.41,25.9,5.49,"Alimentari, Caffè e Bevande","Alimentari, Caffè e Bevande",Vigorsol,B07BT6SVB6,1,40,88
"NESCAFÉ DOLCE GUSTO Espresso Milano Caffè 96 Capsule | Caffè espresso, intensità 7. Caffè torrefatto e macinato. 96 Capsule C",https://www.amazon.it/dp/B07MZYR5GJ?tag=offertissimes-21,28.2,38.07,25.9,28.2,"Alimentari, Caffè e Bevande","Alimentari, Caffè e Bevande",Amazon Choice,B07MZYR5GJ,1,40,88
"ALPRO SENZA ZUCCHERI, Bevanda alla MANDORLA, Naturalmente Senza Lattosio, con Vitamine B2, B12, D2, E - 8 confezioni x 500 ml",https://www.amazon.it/dp/B0D62X9CTT?tag=offertissimes-21,11.12,15.01,25.9,11.12,"Alimentari, Caffè e Bevande","Alimentari, Caffè e Bevande",ALPRO,B0D62X9CTT,1,40,88
"Splendid Capsule Caffè Espresso Classico - 100 Capsule - Intensità 10 | 10 confezioni da 10, in Alluminio, Compatibili con ma",https://www.amazon.it/dp/B07BWFG93Y?tag=offertissimes-21,24.8,33.48,25.9,24.8,"Alimentari, Caffè e Bevande","Alimentari, Caffè e Bevande",Splendid,B07BWFG93Y,1,40,88
"Note D'Espresso Caffè Qualità Oro, Capsule Compatibili con Sistema NESPRESSO, 100 Caps",https://www.amazon.it/dp/B07WVCKRXP?tag=offertissimes-21,15.65,21.13,25.9,15.65,"Alimentari, Caffè e Bevande","Alimentari, Caffè e Bevande",Note,B07WVCKRXP,1,40,88
"CAPSULE NESPRESSO ORIGINALI - Selezione Ispirazione Italiana da 100 Capsule Nespresso Caffè, Intensità da 6 a 13 (su 13), Lin",https://www.amazon.it/dp/B08KHQYZWX?tag=offertissimes-21,47.0,63.45,25.9,47.0,"Alimentari, Caffè e Bevande","Alimentari, Caffè e Bevande",CAPSULE,B08KHQYZWX,1,40,88
"by Amazon - Olio di cocco vergine biologico, 950 ml",https://www.amazon.it/dp/B07W8PPQQM?tag=offertissimes-21,11.5,15.53,25.9,11.5,"Alimentari, Caffè e Bevande","Alimentari, Caffè e Bevande",by,B07W8PPQQM,1,40,88
"ALPRO PROTEIN 50g, Bevanda alla SOIA al gusto CIOCCOLATO - 8x1L | NATURALMENTE SENZA LATTOSIO E 100% VEGETALE, Alto Contenuto",https://www.amazon.it/dp/B09GVHN99N?tag=offertissimes-21,23.92,32.29,25.9,23.92,"Alimentari, Caffè e Bevande","Alimentari, Caffè e Bevande",ALPRO,B09GVHN99N,1,40,88
"Bonomelli Camomilla Solubile con Melatonina e Magnesio 16 Bustine, Contro Stanchezza e Affaticamento, Infuso Rilassante, Senz",https://www.amazon.it/dp/B085G1K2LP?tag=offertissimes-21,6.0,8.1,25.9,6.0,"Alimentari, Caffè e Bevande","Alimentari, Caffè e Bevande",Bonomelli,B085G1K2LP,1,40,88
NESCAFÉ DOLCE GUSTO Espresso Decaffeinato Caffè 96 Capsule | Caffè espresso decaffeinato 100% Arabica intensità 5. Caffè torr,https://www.amazon.it/dp/B01J5XHV90?tag=offertissimes-21,30.6,41.31,25.9,30.6,"Alimentari, Caffè e Bevande","Alimentari, Caffè e Bevande",Amazon Choice,B01J5XHV90,1,40,88
"by Amazon Naturale semi di chia, 350 g",https://www.amazon.it/dp/B0CCTYMCFS?tag=offertissimes-21,4.32,5.83,25.9,4.32,"Alimentari, Caffè e Bevande","Alimentari, Caffè e Bevande",by,B0CCTYMCFS,1,40,88
"NESCAFÉ DOLCE GUSTO Espresso Ardenza Caffè 96 Capsule | Caffè espresso gusto avvolgente, intensità 11. Caffè torrefatto e mac",https://www.amazon.it/dp/B00XCEK6D2?tag=offertissimes-21,33.79,45.62,25.9,33.79,"Alimentari, Caffè e Bevande","Alimentari, Caffè e Bevande",Amazon Choice,B00XCEK6D2,1,40,88
by Amazon Cocco Essiccato - 200g,https://www.amazon.it/dp/B0FCMV4J28?tag=offertissimes-21,2.2,2.97,25.9,2.2,"Alimentari, Caffè e Bevande","Alimentari, Caffè e Bevande",by,B0FCMV4J28,1,40,88
"Raw Farm - Datteri medjool freschi crudi con pietra 1 kg - Grandi dimensioni, naturalmente dolce e succoso, senza zuccheri ag",https://www.amazon.it/dp/B08JWSVH8C?tag=offertissimes-21,21.9,29.57,25.9,21.9,"Alimentari, Caffè e Bevande","Alimentari, Caffè e Bevande",Raw,B08JWSVH8C,1,40,88
Patate Innamorate© | Regalo Romantico | Idea per la Coppia | San Valentino Compleanno Matrimonio Nozze | Ti Amo | Ricordo di,https://www.amazon.it/dp/B0DWX88YWV?tag=offertissimes-21,13.99,18.89,25.9,13.99,"Alimentari, Caffè e Bevande","Alimentari, Caffè e Bevande",Patate,B0DWX88YWV,1,40,88
"by Amazon Uva Passa, 500g",https://www.amazon.it/dp/B0F8KGGN9J?tag=offertissimes-21,3.83,5.17,25.9,3.83,"Alimentari, Caffè e Bevande","Alimentari, Caffè e Bevande",by,B0F8KGGN9J,1,40,88
Fiori di ibisco interi secchi 1000g | gusto leggermente acido-fruttato | fiori di ibisco commestibili | tè dolce-aromatico al,https://www.amazon.it/dp/B013Y7FTLU?tag=offertissimes-21,17.95,24.23,25.9,17.95,"Alimentari, Caffè e Bevande","Alimentari, Caffè e Bevande",Fiori,B013Y7FTLU,1,40,88
"Bacche di Goji BIO 1kg | Himalaya, Senza Zuccheri Aggiunti | 100% Naturali | Bacche intere essiccate | Morbide e naturalmente",https://www.amazon.it/dp/B0CN1N2Z49?tag=offertissimes-21,24.99,33.74,25.9,24.99,"Alimentari, Caffè e Bevande","Alimentari, Caffè e Bevande",Bacche,B0CN1N2Z49,1,40,88
Aglio Nero Fermentato Biologico in Spicchi - Qualità Premium - 200g - Prodotto Alimentare Naturale dal Gusto Dolce e Balsamic,https://www.amazon.it/dp/B0BGLTG2H7?tag=offertissimes-21,19.99,26.99,25.9,19.99,"Alimentari, Caffè e Bevande","Alimentari, Caffè e Bevande",Aglio,B0BGLTG2H7,1,40,88
"IDDA Herbal Funghi Shiitake Secchi BIO 100g, Funghi Shiitake Biologici Interi per Cucinare",https://www.amazon.it/dp/B0B4KSSFJ9?tag=offertissimes-21,14.99,20.24,25.9,14.99,"Alimentari, Caffè e Bevande","Alimentari, Caffè e Bevande",IDDA,B0B4KSSFJ9,1,40,88
"Biojoy BIO Datteri Medjool d'Israele, essiccati, interi, Large, 1 kg | Datteri, con nocciolo, non solforati, senza zuccheri a",https://www.amazon.it/dp/B07JLR2B4J?tag=offertissimes-21,25.99,35.09,25.9,25.99,"Alimentari, Caffè e Bevande","Alimentari, Caffè e Bevande",Biojoy,B07JLR2B4J,1,40,88
Umami Prugne Umeboshi Intere 150g - Fermentate con Foglie di Shiso - Gusto Acido e Salato - Superfood Alcalinizzante per Macr,https://www.amazon.it/dp/B0DWT5X768?tag=offertissimes-21,9.99,13.49,25.9,9.99,"Alimentari, Caffè e Bevande","Alimentari, Caffè e Bevande",Umami,B0DWT5X768,1,40,88
Chef biologico Piselli lessati - Pisellini verdi in acqua - Perfetti per cucinare - 400 g,https://www.amazon.it/dp/B0761R2M5W?tag=offertissimes-21,2.35,3.17,25.9,2.35,"Alimentari, Caffè e Bevande","Alimentari, Caffè e Bevande",Chef,B0761R2M5W,1,40,88
"Miscela di Fiori Primaverili - Petali di rosa, fiordaliso e calendula commestibili - Fiori essiccati per tè, torte, bevande e",https://www.amazon.it/dp/B07BLKHH2P?tag=offertissimes-21,9.99,13.49,25.9,9.99,"Alimentari, Caffè e Bevande","Alimentari, Caffè e Bevande",Miscela,B07BLKHH2P,1,40,88
Decora 0201012 Confezione da 2 G Fiori Eduli Colori D'Estate,https://www.amazon.it/dp/B09T76SQ39?tag=offertissimes-21,9.85,13.3,25.9,9.85,"Alimentari, Caffè e Bevande","Alimentari, Caffè e Bevande",Decora,B09T76SQ39,1,40,88
Pierucci Agricoltura Aglione Della Val Di Chiana - 1 Kg,https://www.amazon.it/dp/B09DTF6G1K?tag=offertissimes-21,27.0,36.45,25.9,27.0,"Alimentari, Caffè e Bevande","Alimentari, Caffè e Bevande",Pierucci,B09DTF6G1K,1,40,88
"Chef organic, Lenticchie lessate bio, 400g (Confezione da 2)",https://www.amazon.it/dp/B0DRXYSWKY?tag=offertissimes-21,3.44,4.64,25.9,3.44,"Alimentari, Caffè e Bevande","Alimentari, Caffè e Bevande",Chef,B0DRXYSWKY,1,40,88
"Nature Diet Bacche di Goji Essiccate, 500 g, Superfood Naturalmente Dolce | Ricche di Fibre, Antiossidanti e Proteine Vegetal",https://www.amazon.it/dp/B0F1NH9936?tag=offertissimes-21,10.91,14.73,25.9,10.91,"Alimentari, Caffè e Bevande","Alimentari, Caffè e Bevande",Nature,B0F1NH9936,1,40,88
"Italpepe, Fragola Liofilizzata, Alto contenuto di Vitamina C, Ideale da Aggiungere su Gelati e Yogurt, Ottimi per Creare Frul",https://www.amazon.it/dp/B0BN57JDL6?tag=offertissimes-21,3.2,4.32,25.9,3.2,"Alimentari, Caffè e Bevande","Alimentari, Caffè e Bevande",Italpepe,B0BN57JDL6,1,40,88
TRS Mung Dal - Fagioli Mung Decorticati Spezzati 1 kg | Fagioli mungo gialli spezzati - ricchi di proteine vegetali - ideali,https://www.amazon.it/dp/B009A7W7NM?tag=offertissimes-21,4.51,6.09,25.9,4.51,"Alimentari, Caffè e Bevande","Alimentari, Caffè e Bevande",TRS,B009A7W7NM,1,40,88
"Mountains Funghi Neri Secchi - 100 gr Qualità Superiore | Funghi neri autentici da Cina, essiccati naturalmente, perfetti per",https://www.amazon.it/dp/B07XB7GHX8?tag=offertissimes-21,3.06,4.13,25.9,3.06,"Alimentari, Caffè e Bevande","Alimentari, Caffè e Bevande",Mountains,B07XB7GHX8,1,40,88
"NERO FERMENTO NV Aglio Nero prodotto con Aglio di Voghiera D.O.P. 120 gr (3-4 bulbi), Made in Italy,Senza Conservanti, Ideale",https://www.amazon.it/dp/B086C99SR7?tag=offertissimes-21,18.02,24.33,25.9,18.02,"Alimentari, Caffè e Bevande","Alimentari, Caffè e Bevande",NERO,B086C99SR7,1,40,88
"CiboCrudo Datteri Medjoul Bio Crudi, Datteri Freschi, Datteri Giganti Raw Organic – 500gr – Categoria Giant Supreme, Grosso C",https://www.amazon.it/dp/B01ETNTC5C?tag=offertissimes-21,12.99,17.54,25.9,12.99,"Alimentari, Caffè e Bevande","Alimentari, Caffè e Bevande",CiboCrudo,B01ETNTC5C,1,40,88
"Datteri Medjoul Bio - Qualità Premium - 250g. Datteri Freschi, Giganti Secch, Biologici e Naturali. Prodotto al Naturale Ricc",https://www.amazon.it/dp/B01ETNTBNA?tag=offertissimes-21,19.99,26.99,25.9,19.99,"Alimentari, Caffè e Bevande","Alimentari, Caffè e Bevande",Datteri,B01ETNTBNA,1,40,88
Mirtilli Neri Biologici Essiccati e Crudi - 200g. Mirtillo Nero Senza Zucchero Aggiunto. Mirtilli Secchi Disidratati Selvatic,https://www.amazon.it/dp/B018MHJWIS?tag=offertissimes-21,29.99,40.49,25.9,29.99,"Alimentari, Caffè e Bevande","Alimentari, Caffè e Bevande",Mirtilli,B018MHJWIS,1,40,88
"Pariani - Uvetta Sultanina, 1Kg",https://www.amazon.it/dp/B087S694VJ?tag=offertissimes-21,16.65,22.48,25.9,16.65,"Alimentari, Caffè e Bevande","Alimentari, Caffè e Bevande",Pariani,B087S694VJ,1,40,88
Tofu Morbido - Mori Nu Tofu Soft 350g,https://www.amazon.it/dp/B0001H1RJU?tag=offertissimes-21,7.99,10.79,25.9,7.99,"Alimentari, Caffè e Bevande","Alimentari, Caffè e Bevande",Tofu,B0001H1RJU,1,40,88
Sunnah Shop® Jumbo Medjool Datteri dalla Palestina 2 x 1 kg Medjoul Datteri Delight | Datteri reali del raccolto fresco | sap,https://www.amazon.it/dp/B08GL1C46Q?tag=offertissimes-21,34.9,47.12,25.9,34.9,"Alimentari, Caffè e Bevande","Alimentari, Caffè e Bevande",Sunnah,B08GL1C46Q,1,40,88
"Carpaccio di Tartufo 190g | Tartufo a Fette Pronto all'Uso | Senza Glutine, Artigianale, Made in Italy | Perfetto per Brusche",https://www.amazon.it/dp/B08ZNWZMKC?tag=offertissimes-21,33.0,44.55,25.9,33.0,"Alimentari, Caffè e Bevande","Alimentari, Caffè e Bevande",Carpaccio,B08ZNWZMKC,1,40,88
Aglione della Valdichiana Bio 20 spicchi – Aglio Dolce Toscano a Spicchi (20 Bulbi),https://www.amazon.it/dp/B0HHXKPKH6?tag=offertissimes-21,26.9,36.31,25.9,26.9,"Alimentari, Caffè e Bevande","Alimentari, Caffè e Bevande",Aglione,B0HHXKPKH6,1,40,88
Cous Cous di Mais e Riso Biologico e Crudo - 500g. 70% Mais e 30% Riso. Cous Cous Naturalmente Senza Glutine. Ricco di Carboi,https://www.amazon.it/dp/B07W5HTZ92?tag=offertissimes-21,9.99,13.49,25.9,9.99,"Alimentari, Caffè e Bevande","Alimentari, Caffè e Bevande",Cous,B07W5HTZ92,1,40,88
LIMONI NON TRATTATI e GARANTITI BUCCIA EDIBILE - 9 KG - CALIBRO MISTO - Giardino Digitale - Prodotti in Calabria - ITALIA,https://www.amazon.it/dp/B0DGV4Y5MC?tag=offertissimes-21,25.99,35.09,25.9,25.99,"Alimentari, Caffè e Bevande","Alimentari, Caffè e Bevande",LIMONI,B0DGV4Y5MC,1,40,88
PEDON - I Pronti Mix Risi Edamame con Verdure alla Salsa di Soia 220 g x 6 | Insalata di cereali e legumi con verdure e spezi,https://www.amazon.it/dp/B0H95QVY52?tag=offertissimes-21,8.99,12.14,25.9,8.99,"Alimentari, Caffè e Bevande","Alimentari, Caffè e Bevande",PEDON,B0H95QVY52,1,40,88
Tempeh Starter - Peso netto: 20g - Spore di Rhizopus per la produzione di tempeh a fermentazione casalinga - Ingredienti: far,https://www.amazon.it/dp/B0CZ7JFMJ8?tag=offertissimes-21,19.9,26.86,25.9,19.9,"Alimentari, Caffè e Bevande","Alimentari, Caffè e Bevande",Tempeh,B0CZ7JFMJ8,1,40,88
"Spartacus Truffle Tartufo nero intero in olio d'oliva, 35g | Da affettare su pasta, risotto, uova, patate e carne",https://www.amazon.it/dp/B0BZYLQ7L5?tag=offertissimes-21,29.0,39.15,25.9,29.0,"Alimentari, Caffè e Bevande","Alimentari, Caffè e Bevande",Spartacus,B0BZYLQ7L5,1,40,88
KoRo - Spezzatino proteico di piselli e fave 1 kg - Alternativa vegetale alla carne a base di proteine di piselli - Alto cont,https://www.amazon.it/dp/B0C5CL9WWK?tag=offertissimes-21,32.76,44.23,25.9,32.76,"Alimentari, Caffè e Bevande","Alimentari, Caffè e Bevande",KoRo,B0C5CL9WWK,1,40,88
Stefania Calugi - Petali di Tartufo Estivo Disidratato - Macinello Pronto all’Uso 15g - Gourmet - Tartufo a Fette - Made in I,https://www.amazon.it/dp/B09GS3TRD3?tag=offertissimes-21,19.99,26.99,25.9,19.99,"Alimentari, Caffè e Bevande","Alimentari, Caffè e Bevande",Stefania,B09GS3TRD3,1,40,88
"IDDA Herbal Datteri BIO Denocciolati Secchi Deglet Nour 1kg, Datteri Biologici senza Zucchero, Snack di Frutta",https://www.amazon.it/dp/B09JHRK9JY?tag=offertissimes-21,4.74,6.4,25.9,4.74,"Alimentari, Caffè e Bevande","Alimentari, Caffè e Bevande",IDDA,B09JHRK9JY,1,40,88
"Cereal terra, Capperi sotto sale bio, 120g",https://www.amazon.it/dp/B07C3P1PQM?tag=offertissimes-21,16.9,22.82,25.9,16.9,"Alimentari, Caffè e Bevande","Alimentari, Caffè e Bevande",Cereal,B07C3P1PQM,1,40,88
PME Ciliegie Maraschino Rosse con Gambo (225g) (Confezione da 2),https://www.amazon.it/dp/B0GDW6TD7B?tag=offertissimes-21,9.95,13.43,25.9,9.95,"Alimentari, Caffè e Bevande","Alimentari, Caffè e Bevande",PME,B0GDW6TD7B,1,40,88
Cumino dei Prati Intero 500g - Semi di Carvi delicatamente essiccati ideali per la Cucina - Semi aromatici e deliziosi perfet,https://www.amazon.it/dp/B0D9MBX3CZ?tag=offertissimes-21,8.99,12.14,25.9,8.99,"Alimentari, Caffè e Bevande","Alimentari, Caffè e Bevande",Cumino,B0D9MBX3CZ,1,40,88
"Detox Organica Pinguino Portafortuna, Pupazzo positivo Italiano | Regalo Originale e Divertente per Natale, Compleanno (Pingu",https://www.amazon.it/dp/B0FNKDXP63?tag=offertissimes-21,19.99,26.99,25.9,19.99,"Alimentari, Caffè e Bevande","Alimentari, Caffè e Bevande",Detox,B0FNKDXP63,1,40,88
"Italpepe, Pepe Nero Macinato, Ideale per Dare una Nota Leggermente Piccante ai Tuoi Piatti, Ottimi per Piatti a Base di Salum",https://www.amazon.it/dp/B0BS6ZVX3D?tag=offertissimes-21,24.99,33.74,25.9,24.99,"Alimentari, Caffè e Bevande","Alimentari, Caffè e Bevande",Italpepe,B0BS6ZVX3D,1,40,88
"NaturaleBio Bacche di Goji Bio Essiccate come Snack | 950 g. Bacche di goji essiccate, ricche di fibre per smoothie, bowl, do",https://www.amazon.it/dp/B07F19D5MH?tag=offertissimes-21,2.69,3.63,25.9,2.69,"Alimentari, Caffè e Bevande","Alimentari, Caffè e Bevande",NaturaleBio,B07F19D5MH,1,40,88
"Madama Oliva Olive Verdi Denocciolate Greche 140g, Varietà Halkidiki, Gusto Arancia e Rosmarino, Lavorazione Castelvetrano, C",https://www.amazon.it/dp/B0DYNVSYZ5?tag=offertissimes-21,28.49,38.46,25.9,28.49,"Alimentari, Caffè e Bevande","Alimentari, Caffè e Bevande",Madama,B0DYNVSYZ5,1,40,88
"Datteri Ajwa Premium 1kg — SANYEH | Da Madinah, Arabia Saudita | Semi-Secchi, Polpa Compatta, Dolcezza Raffinata | Senza Cons",https://www.amazon.it/dp/B0FTZHZ5XQ?tag=offertissimes-21,13.02,17.58,25.9,13.02,"Alimentari, Caffè e Bevande","Alimentari, Caffè e Bevande",Datteri,B0FTZHZ5XQ,1,40,88
"Iswari Risveglio di Buddha Proteine della Canapa, 360g",https://www.amazon.it/dp/B010FP5C34?tag=offertissimes-21,10.0,13.5,25.9,10.0,"Alimentari, Caffè e Bevande","Alimentari, Caffè e Bevande",Iswari,B010FP5C34,1,40,88
More Liofilizzate Senza Zucchero | 100% Naturale Topping Frutti di Bosco Disidratati I Frutti Rossi Freeze Dried Fruit Blackb,https://www.amazon.it/dp/B08THX6GK8?tag=offertissimes-21,19.99,26.99,25.9,19.99,"Alimentari, Caffè e Bevande","Alimentari, Caffè e Bevande",More,B08THX6GK8,1,40,88
"1 kg Medjool Datteri Naturale Fresco, Dimensione Medio, Scatola di Cartone",https://www.amazon.it/dp/B07DB5B6KK?tag=offertissimes-21,13.19,17.81,25.9,13.19,"Alimentari, Caffè e Bevande","Alimentari, Caffè e Bevande",1,B07DB5B6KK,1,40,88
"Datteri Saqai Premium 500g — SANYEH | Al-Qassim, Arabia Saudita | Doppia Texture Unica, Punta Croccante e Corpo Morbido | Sen",https://www.amazon.it/dp/B0F6YRBHDZ?tag=offertissimes-21,22.7,30.64,25.9,22.7,"Alimentari, Caffè e Bevande","Alimentari, Caffè e Bevande",Datteri,B0F6YRBHDZ,1,40,88
Pierucci Agricoltura 1 Capo di AGLIONE della Val di Chiana *gr.i 250* in Sacchetto SALVAFRESCHEZZA,https://www.amazon.it/dp/B09G3JGLSC?tag=offertissimes-21,19.99,26.99,25.9,19.99,"Alimentari, Caffè e Bevande","Alimentari, Caffè e Bevande",Pierucci,B09G3JGLSC,1,40,88
"Nostromo - Tonno al naturale, 6 lattine da 70gr. Meno dell'1% di grassi, senza conservanti",https://www.amazon.it/dp/B09WW2P3K7?tag=offertissimes-21,5.49,7.41,25.9,5.49,"Alimentari, Caffè e Bevande","Alimentari, Caffè e Bevande",Nostromo,B09WW2P3K7,1,40,88
"Nostromo - Tonno al naturale, 3 lattine da 65 gr. Zero grassi, già sgocciolato, pronto da gustare.",https://www.amazon.it/dp/B08CZSXYNT?tag=offertissimes-21,2.83,3.82,25.9,2.83,"Alimentari, Caffè e Bevande","Alimentari, Caffè e Bevande",Nostromo,B08CZSXYNT,1,40,88
"Delicius Scatola Filetti di Sgombro Grigliato o/oliva 90g, Lavorati a Mano, Pesce Azzurro, Ricco di Omega 3",https://www.amazon.it/dp/B0FC9SRRHC?tag=offertissimes-21,2.61,3.52,25.9,2.61,"Alimentari, Caffè e Bevande","Alimentari, Caffè e Bevande",Delicius,B0FC9SRRHC,1,40,88
"JARMINO Brodo di Ossa Biologico Concentrato, Bone Broth di Manzo da Allevamento al Pascolo e Nutrito a Erba, Brodo Liquido co",https://www.amazon.it/dp/B0DNNBSDGH?tag=offertissimes-21,39.99,53.99,25.9,39.99,"Alimentari, Caffè e Bevande","Alimentari, Caffè e Bevande",JARMINO,B0DNNBSDGH,1,40,88
"by Amazon MSC Tonno A Pinne Gialle Intero All'olio D'oliva, 6x80g",https://www.amazon.it/dp/B0CB1VPBWW?tag=offertissimes-21,5.47,7.38,25.9,5.47,"Alimentari, Caffè e Bevande","Alimentari, Caffè e Bevande",by,B0CB1VPBWW,1,40,88
Umami Shiro Miso Giapponese 500g - Pasta di Miso Bianco Artigianale - Prodotto in Giappone con Soia Locale - Ideale per Zuppa,https://www.amazon.it/dp/B09S6NV55J?tag=offertissimes-21,9.99,13.49,25.9,9.99,"Alimentari, Caffè e Bevande","Alimentari, Caffè e Bevande",Umami,B09S6NV55J,1,40,88
"by Amazon Pomodori Pelati Interi Italiani, 400g",https://www.amazon.it/dp/B08T72ZKNW?tag=offertissimes-21,0.6,0.81,25.9,0.6,"Alimentari, Caffè e Bevande","Alimentari, Caffè e Bevande",by,B08T72ZKNW,1,40,88
"Nostromo - Filetti di tonno all'olio di oliva, 6 vasetti da 180gr. Qualità superiore, lavorati a mano, fonte di Omega 3.",https://www.amazon.it/dp/B09S3V73RG?tag=offertissimes-21,25.98,35.07,25.9,25.98,"Alimentari, Caffè e Bevande","Alimentari, Caffè e Bevande",Nostromo,B09S3V73RG,1,40,88
"Nostromo - Filetti di tonno al naturale, 6 vasetti da 180gr. Qualità superiore, lavorati a mano, fonte di Omega 3",https://www.amazon.it/dp/B09S3THTKR?tag=offertissimes-21,23.9,32.27,25.9,23.9,"Alimentari, Caffè e Bevande","Alimentari, Caffè e Bevande",Nostromo,B09S3THTKR,1,40,88
Delicius Sardine In Olio Di Oliva 120g,https://www.amazon.it/dp/B09LM1XW8Z?tag=offertissimes-21,1.95,2.63,25.9,1.95,"Alimentari, Caffè e Bevande","Alimentari, Caffè e Bevande",Delicius,B09LM1XW8Z,1,40,88
MAGGI Saucy Noodles Pollo e Sesamo Noodles Istantanei 8 Cup 75g | Noodles con condimento al gusto teriyaki. Pronti in 5 minut,https://www.amazon.it/dp/B0D1CVBSZ8?tag=offertissimes-21,18.9,25.52,25.9,18.9,"Alimentari, Caffè e Bevande","Alimentari, Caffè e Bevande",MAGGI,B0D1CVBSZ8,1,40,88
"DIALBRODO Classico Insaporitore Vegetale con Ortaggi Freschi, 1 kg",https://www.amazon.it/dp/B00D3HWEGU?tag=offertissimes-21,8.6,11.61,25.9,8.6,"Alimentari, Caffè e Bevande","Alimentari, Caffè e Bevande",DIALBRODO,B00D3HWEGU,1,40,88
"Unica Sgombro al Naturale Filetti - 425 g Proteico | Filetti teneri di sgombro ricchi di Omega-3, senza conservanti artificia",https://www.amazon.it/dp/B07J63399M?tag=offertissimes-21,2.15,2.9,25.9,2.15,"Alimentari, Caffè e Bevande","Alimentari, Caffè e Bevande",Unica,B07J63399M,1,40,88
Amarena Fabbri 600g | Amarene in Sciroppo,https://www.amazon.it/dp/B004TT44RI?tag=offertissimes-21,12.79,17.27,25.9,12.79,"Alimentari, Caffè e Bevande","Alimentari, Caffè e Bevande",Amarena,B004TT44RI,1,40,88
JONGGA Confezione di tappeti Kimchi 1 x 160 gr 160 g (Confezione da 2),https://www.amazon.it/dp/B0H3XGM6YM?tag=offertissimes-21,5.48,7.4,25.9,5.48,"Alimentari, Caffè e Bevande","Alimentari, Caffè e Bevande",JONGGA,B0H3XGM6YM,1,40,88
Apicoltura Casentinese Solofrutta Bio Fragola 295 g,https://www.amazon.it/dp/B0F7M5N39K?tag=offertissimes-21,4.29,5.79,25.9,4.29,"Alimentari, Caffè e Bevande","Alimentari, Caffè e Bevande",Apicoltura,B0F7M5N39K,1,40,88
"Purea di Zucca Concentrata 450 gr – Italiana, Naturalmente senza glutine e vegano",https://www.amazon.it/dp/B0H7CWVBY8?tag=offertissimes-21,12.9,17.42,25.9,12.9,"Alimentari, Caffè e Bevande","Alimentari, Caffè e Bevande",Purea,B0H7CWVBY8,1,40,88
"Knorr Risotto Milanese, cremoso e gustoso pronto in 12 minuti, 175g | Con 100% riso italiano, senza conservanti e coloranti;",https://www.amazon.it/dp/B09LVFN67V?tag=offertissimes-21,1.29,1.74,25.9,1.29,"Alimentari, Caffè e Bevande","Alimentari, Caffè e Bevande",Knorr,B09LVFN67V,1,40,88
"MADAMA OLIVA, Olive Castelvetrano Dolci Verdi, Sapore Unico e Fruttato, Snack Ideali per Antipasti a Base di Formaggi e Salum",https://www.amazon.it/dp/B0756DY6J7?tag=offertissimes-21,3.49,4.71,25.9,3.49,"Alimentari, Caffè e Bevande","Alimentari, Caffè e Bevande",MADAMA,B0756DY6J7,1,40,88
Polvere di Barbabietola Rossa Bio e Cruda - 100g. Radice di Barbabietola in Polvere Fonte di Vitamine e Fibre per Vegani Senz,https://www.amazon.it/dp/B0CBV6MP51?tag=offertissimes-21,9.99,13.49,25.9,9.99,"Alimentari, Caffè e Bevande","Alimentari, Caffè e Bevande",Polvere,B0CBV6MP51,1,40,88
Pescantina Sardine In Olio Extravergine D'Oliva - 30 g,https://www.amazon.it/dp/B08HK4ZXXC?tag=offertissimes-21,4.27,5.76,25.9,4.27,"Alimentari, Caffè e Bevande","Alimentari, Caffè e Bevande",Pescantina,B08HK4ZXXC,1,40,88
"Amarena Fabbri 400 g – Amarene Semicandite in Sciroppo, Denocciolate",https://www.amazon.it/dp/B082VTGBB4?tag=offertissimes-21,6.77,9.14,25.9,6.77,"Alimentari, Caffè e Bevande","Alimentari, Caffè e Bevande",Amarena,B082VTGBB4,1,40,88
"Mellin Brodo Verdure, 10 x 8g (Confezione da 3)",https://www.amazon.it/dp/B0CG5B27Y3?tag=offertissimes-21,10.35,13.97,25.9,10.35,"Alimentari, Caffè e Bevande","Alimentari, Caffè e Bevande",Mellin,B0CG5B27Y3,1,40,88
"STAR Il Mio Brodo di Verdure, 1L, brodo liquido pronto Vegetale, 100% naturale, senza conservanti, senza glutine e senza glut",https://www.amazon.it/dp/B01DLE1794?tag=offertissimes-21,2.09,2.82,25.9,2.09,"Alimentari, Caffè e Bevande","Alimentari, Caffè e Bevande",STAR,B01DLE1794,1,40,88
Tonno Auriga all'olio di oliva 600gr. Formato Magnum.Fonte di proteine. Senza conservanti.,https://www.amazon.it/dp/B0CP836YQ6?tag=offertissimes-21,8.39,11.33,25.9,8.39,"Alimentari, Caffè e Bevande","Alimentari, Caffè e Bevande",Tonno,B0CP836YQ6,1,40,88
"Nostromo - Filetti di Tonno all'Olio di Oliva, Qualità Superiore, Lavorati a Mano, 1 Vasetto in Vetro da 180 gr",https://www.amazon.it/dp/B07D6SJ1Z2?tag=offertissimes-21,5.89,7.95,25.9,5.89,"Alimentari, Caffè e Bevande","Alimentari, Caffè e Bevande",Nostromo,B07D6SJ1Z2,1,40,88
Sc. Cuore di Sgombro all'Olio di Oliva 80 g x 2,https://www.amazon.it/dp/B0G72MBGW5?tag=offertissimes-21,2.54,3.43,25.9,2.54,"Alimentari, Caffè e Bevande","Alimentari, Caffè e Bevande",Sc,B0G72MBGW5,1,40,88
"MUTTI - Passata di Pomodoro, 800g, Confezione da 6 unità",https://www.amazon.it/dp/B0DLH61G48?tag=offertissimes-21,13.65,18.43,25.9,13.65,"Alimentari, Caffè e Bevande","Alimentari, Caffè e Bevande",MUTTI,B0DLH61G48,1,40,88
JARMINO brodo biologico di ossa da bovini (4x 350ml) | brodo di manzo da bovini da pascolo | acido ialuronico e collagene nat,https://www.amazon.it/dp/B01N59S42I?tag=offertissimes-21,29.99,40.49,25.9,29.99,"Alimentari, Caffè e Bevande","Alimentari, Caffè e Bevande",JARMINO,B01N59S42I,1,40,88
"ProLon – Kit Dieta Mima Digiuno – Programma Nutrizionale di 5 Giorni – Autofagia - Made in Italy – Varietà 2 (Zucca, Fagioli,",https://www.amazon.it/dp/B08CN6XF79?tag=offertissimes-21,159.0,214.65,25.9,159.0,"Alimentari, Caffè e Bevande","Alimentari, Caffè e Bevande",ProLon,B08CN6XF79,1,40,88
"Valsugana, Polenta con Funghi, Facile e Veloce, Confezione da 80g, Preparato per Polenta Rapida, Pronta in 5 Minuti, Senza Gl",https://www.amazon.it/dp/B09NQGM1PK?tag=offertissimes-21,1.69,2.28,25.9,1.69,"Alimentari, Caffè e Bevande","Alimentari, Caffè e Bevande",Valsugana,B09NQGM1PK,1,40,88
FITNESS Granola Cioccolato con Avena e Cereali Integrali 300g | Croccanti granola con 46% di avena integrale e golose pepite,https://www.amazon.it/dp/B01MRDCGH0?tag=offertissimes-21,2.75,3.71,25.9,2.75,"Alimentari, Caffè e Bevande","Alimentari, Caffè e Bevande",FITNESS,B01MRDCGH0,1,40,88
NÄTOO Farina di Avena Aromatizzata 1 Kg Instant Oats Farina Di Avena Istantanea Ideale come Preparato Per Pancake Proteici Po,https://www.amazon.it/dp/B07HCDX6L2?tag=offertissimes-21,15.9,21.47,25.9,15.9,"Alimentari, Caffè e Bevande","Alimentari, Caffè e Bevande",Amazon Choice,B07HCDX6L2,1,40,88
"Bulk Avena istantanea, Cioccolato, 2.5kg | 50 porzioni",https://www.amazon.it/dp/B0CG6RF48M?tag=offertissimes-21,9.99,13.49,25.9,9.99,"Alimentari, Caffè e Bevande","Alimentari, Caffè e Bevande",Bulk,B0CG6RF48M,1,40,88
"Fior di Loto Farina Integrale di Avena Biologico, 500g",https://www.amazon.it/dp/B07YSG7CP5?tag=offertissimes-21,3.55,4.79,25.9,3.55,"Alimentari, Caffè e Bevande","Alimentari, Caffè e Bevande",Fior,B07YSG7CP5,1,40,88
Kellogg's Extra Granola Cereali Cioccolato e Nocciole 800g,https://www.amazon.it/dp/B0DC5QZTBR?tag=offertissimes-21,6.38,8.61,25.9,6.38,"Alimentari, Caffè e Bevande","Alimentari, Caffè e Bevande",Kellogg's,B0DC5QZTBR,1,40,88
"Weider Gourmet Oat Flour (1,9kg) Sapore Cioccolate Bianco, Farina d'Avena Intera, fonte di proteine, Elevato contenuto di fib",https://www.amazon.it/dp/B08NWXPJBZ?tag=offertissimes-21,12.2,16.47,25.9,12.2,"Alimentari, Caffè e Bevande","Alimentari, Caffè e Bevande",Weider,B08NWXPJBZ,1,40,88
Kellogg's Special K | Gusto Cioccolato Fondente | Croccanti Fiocchi Multicereali e Deliziosi Riccioli di Cioccolato | Confezi,https://www.amazon.it/dp/B07PBX3ZDC?tag=offertissimes-21,2.49,3.36,25.9,2.49,"Alimentari, Caffè e Bevande","Alimentari, Caffè e Bevande",Kellogg's,B07PBX3ZDC,1,40,88
Kellogg's Rice Krispies Cereali Riso Soffiato 360g,https://www.amazon.it/dp/B0CBJFRP9S?tag=offertissimes-21,3.12,4.21,25.9,3.12,"Alimentari, Caffè e Bevande","Alimentari, Caffè e Bevande",Kellogg's,B0CBJFRP9S,1,40,88
PROZIS OATMEAL 1 KG - FARINA AVENA INTEGRALE SOLUBILE - gusti a scelta (torta limone),https://www.amazon.it/dp/B0D227VVSH?tag=offertissimes-21,10.99,14.84,25.9,10.99,"Alimentari, Caffè e Bevande","Alimentari, Caffè e Bevande",PROZIS,B0D227VVSH,1,40,88
"Cameo Vitalis Porridge Gusto Classico con Fiocchi Integrali di Avena e Delicata Vaniglia Bourbon, Preparato Istantaneo, Porri",https://www.amazon.it/dp/B0CG1SDYMP?tag=offertissimes-21,1.29,1.74,25.9,1.29,"Alimentari, Caffè e Bevande","Alimentari, Caffè e Bevande",Cameo,B0CG1SDYMP,1,40,88
"Misura Dolcesenza Cereali Frumento Integrale, Riso e Avena | Senza Zuccheri Aggiunti, Ricchi di Fibre, Fonte di Proteine, con",https://www.amazon.it/dp/B074LVYZYY?tag=offertissimes-21,3.49,4.71,25.9,3.49,"Alimentari, Caffè e Bevande","Alimentari, Caffè e Bevande",Misura,B074LVYZYY,1,40,88
"Kellogg's Cereali Integrali Extra, con Cioccolato al Latte, 500 G (Confezione da 2)",https://www.amazon.it/dp/B0DJNRNBYC?tag=offertissimes-21,7.98,10.77,25.9,7.98,"Alimentari, Caffè e Bevande","Alimentari, Caffè e Bevande",Kellogg's,B0DJNRNBYC,1,40,88
"by Amazon Fiocchi Di Mais, 500g",https://www.amazon.it/dp/B0DCGF8TKG?tag=offertissimes-21,2.2,2.97,25.9,2.2,"Alimentari, Caffè e Bevande","Alimentari, Caffè e Bevande",by,B0DCGF8TKG,1,40,88
"Misura Protein Cereali Frumento Integrale e Avena, Ricchi di Proteine | Proteine 21 g, Cereali da Colazione, Ricchi di Fibre,",https://www.amazon.it/dp/B08XGZ5N9D?tag=offertissimes-21,3.49,4.71,25.9,3.49,"Alimentari, Caffè e Bevande","Alimentari, Caffè e Bevande",Misura,B08XGZ5N9D,1,40,88
"NATTURA PROTEIN SPORT Mini Fiocchi d'Avena Istantanei, Avena 100% Integrale, Ideale per la Preparazione del Porridge Istantan",https://www.amazon.it/dp/B09VH8BVF8?tag=offertissimes-21,3.29,4.44,25.9,3.29,"Alimentari, Caffè e Bevande","Alimentari, Caffè e Bevande",NATTURA,B09VH8BVF8,1,40,88
Kellogg's Coco Pops Risetti al Cioccolato 400g,https://www.amazon.it/dp/B0DC5QXCLD?tag=offertissimes-21,3.98,5.37,25.9,3.98,"Alimentari, Caffè e Bevande","Alimentari, Caffè e Bevande",Kellogg's,B0DC5QXCLD,1,40,88
"Prozis Avena Istantanea in Polvere - 1000 gr, multi gusti a scelta (1000 gr, biscotto e crema)",https://www.amazon.it/dp/B0FF3FG5SR?tag=offertissimes-21,16.98,22.92,25.9,16.98,"Alimentari, Caffè e Bevande","Alimentari, Caffè e Bevande",Prozis,B0FF3FG5SR,1,40,88
"by Amazon Barrette Di Cereali Alla Nocciola, 138g (6 x 23g)",https://www.amazon.it/dp/B0FYRPHKSD?tag=offertissimes-21,2.69,3.63,25.9,2.69,"Alimentari, Caffè e Bevande","Alimentari, Caffè e Bevande",by,B0FYRPHKSD,1,40,88
"la FINESTRA sul CIELO Fiocchi di Avena Integrale Bio, 2000g (Confezione da 2)",https://www.amazon.it/dp/B0H7LPXBTB?tag=offertissimes-21,13.44,18.14,25.9,13.44,"Alimentari, Caffè e Bevande","Alimentari, Caffè e Bevande",la,B0H7LPXBTB,1,40,88
"Barilla Mix 5 Cereali con Riso Rosso, Fonte di Fibre, 400g",https://www.amazon.it/dp/B073WFF3NT?tag=offertissimes-21,5.1,6.88,25.9,5.1,"Alimentari, Caffè e Bevande","Alimentari, Caffè e Bevande",Barilla,B073WFF3NT,1,40,88
"Quaker Cruesli Fiocchi di Cereali Croccanti con Cioccolato, 375g",https://www.amazon.it/dp/B0189C0WWG?tag=offertissimes-21,3.49,4.71,25.9,3.49,"Alimentari, Caffè e Bevande","Alimentari, Caffè e Bevande",Quaker,B0189C0WWG,1,40,88
All Bran Fiocchi 500g,https://www.amazon.it/dp/B0D1VWVMJJ?tag=offertissimes-21,2.89,3.9,25.9,2.89,"Alimentari, Caffè e Bevande","Alimentari, Caffè e Bevande",All,B0D1VWVMJJ,1,40,88
Bpr Nutrition Fiocco D'Avena Aromatizzato Noccioloso - 1 Kg,https://www.amazon.it/dp/B072C637SM?tag=offertissimes-21,11.89,16.05,25.9,11.89,"Alimentari, Caffè e Bevande","Alimentari, Caffè e Bevande",Bpr,B072C637SM,1,40,88
"Baule Volante, Cornflakes al naturale bio, senza zuccheri, 200g",https://www.amazon.it/dp/B01HGQD21E?tag=offertissimes-21,3.66,4.94,25.9,3.66,"Alimentari, Caffè e Bevande","Alimentari, Caffè e Bevande",Baule,B01HGQD21E,1,40,88
Choco Krave Cioccolato e Nocciola 600g,https://www.amazon.it/dp/B07C944LN4?tag=offertissimes-21,3.8,5.13,25.9,3.8,"Alimentari, Caffè e Bevande","Alimentari, Caffè e Bevande",Choco,B07C944LN4,1,40,88
FITNESS Original Cereali Integrali 625g,https://www.amazon.it/dp/B008NVDI0C?tag=offertissimes-21,4.72,6.37,25.9,4.72,"Alimentari, Caffè e Bevande","Alimentari, Caffè e Bevande",FITNESS,B008NVDI0C,1,40,88
"by Amazon Muesli di Frutta e Frutta a Guscio, 750g",https://www.amazon.it/dp/B0GKP6XPRT?tag=offertissimes-21,5.23,7.06,25.9,5.23,"Alimentari, Caffè e Bevande","Alimentari, Caffè e Bevande",by,B0GKP6XPRT,1,40,88
"Buona BBmilk 0-12 Liquido, Latte Bio per Neonati 12x500ml, Indicato dalla Nascita fino ai 12 mesi, Qualora l’Allattamento non",https://www.amazon.it/dp/B082T3PRDS?tag=offertissimes-21,42.0,56.7,25.9,42.0,"Alimentari, Caffè e Bevande","Alimentari, Caffè e Bevande",Buona,B082T3PRDS,1,40,88
Plasmon Omogeneizzato Salmone 2x80g,https://www.amazon.it/dp/B003UMI7NW?tag=offertissimes-21,2.35,3.17,25.9,2.35,"Alimentari, Caffè e Bevande","Alimentari, Caffè e Bevande",Plasmon,B003UMI7NW,1,40,88
"APTAMIL PROFUTURA Duobiotik 3, Latte di Crescita in Polvere -4x800g (3200g) | Dal 12° mese compiuto, La Miglior Formula Aptam",https://www.amazon.it/dp/B0BJ2MH4DY?tag=offertissimes-21,87.96,118.75,25.9,87.96,"Alimentari, Caffè e Bevande","Alimentari, Caffè e Bevande",APTAMIL,B0BJ2MH4DY,1,40,88
Mellin Omogeneizzato di Prosciutto 100% Naturale – 24 Vasetti da 80 gr,https://www.amazon.it/dp/B06XP2BJTC?tag=offertissimes-21,18.0,24.3,25.9,18.0,"Alimentari, Caffè e Bevande","Alimentari, Caffè e Bevande",Mellin,B06XP2BJTC,1,40,88
"Mellin Crema Multicereali, Con Vitamina B1, Formato Convenienza 400g | Per Bambini dal 4° Mese Compiuto",https://www.amazon.it/dp/B0CX9CM32F?tag=offertissimes-21,3.98,5.37,25.9,3.98,"Alimentari, Caffè e Bevande","Alimentari, Caffè e Bevande",Mellin,B0CX9CM32F,1,40,88
"Mellin Merenda Disney Re Leone, Simba, Frutta Mista, 6x110g | 100% Frutta Mista (Mela, Pera, Banana e Albicocca) con Vitamina",https://www.amazon.it/dp/B07XJ6MBPH?tag=offertissimes-21,7.8,10.53,25.9,7.8,"Alimentari, Caffè e Bevande","Alimentari, Caffè e Bevande",Mellin,B07XJ6MBPH,1,40,88
Plasmon La Pappa - Pollo e Verdure 200g (6 confezioni),https://www.amazon.it/dp/B0D84C3DGM?tag=offertissimes-21,11.94,16.12,25.9,11.94,"Alimentari, Caffè e Bevande","Alimentari, Caffè e Bevande",Plasmon,B0D84C3DGM,1,40,88
MIO Merenda al Latte con Cacao 6+ Mesi 4 Vasetti 100g | Pratico vasetto monoporzione da portare sempre con sé per accompagnar,https://www.amazon.it/dp/B00VXEA5L6?tag=offertissimes-21,2.86,3.86,25.9,2.86,"Alimentari, Caffè e Bevande","Alimentari, Caffè e Bevande",MIO,B00VXEA5L6,1,40,88
"Aptamil Nutribiotik TABS 2, Latte di Proseguimento - 21 Bustine (105 Tabs) | In Tabs Pre-Dosate, Dal 6° Mese Compiuto al 12°",https://www.amazon.it/dp/B0C1H8RQ3G?tag=offertissimes-21,14.9,20.12,25.9,14.9,"Alimentari, Caffè e Bevande","Alimentari, Caffè e Bevande",Aptamil,B0C1H8RQ3G,1,40,88
"MIO Latte di Crescita Liquido con Biscotto 1-3 anni 12 brick 500ml | Latte liquido pronto da bere con biscotto, vitamine e mi",https://www.amazon.it/dp/B0CCJTXHG7?tag=offertissimes-21,21.66,29.24,25.9,21.66,"Alimentari, Caffè e Bevande","Alimentari, Caffè e Bevande",MIO,B0CCJTXHG7,1,40,88
"Buona BBmilk DG Liquido 500ml Pack da 12, BB Milk 0 12 Liquido Pronto all’Uso per Coliche Neonato, Stitichezza e Distensione",https://www.amazon.it/dp/B0FJHHZN1T?tag=offertissimes-21,44.0,59.4,25.9,44.0,"Alimentari, Caffè e Bevande","Alimentari, Caffè e Bevande",Buona,B0FJHHZN1T,1,40,88
Plasmon Merenda Frutta Mista e Cereali 2x120g (12 Confezioni),https://www.amazon.it/dp/B07ND6933X?tag=offertissimes-21,19.8,26.73,25.9,19.8,"Alimentari, Caffè e Bevande","Alimentari, Caffè e Bevande",Plasmon,B07ND6933X,1,40,88
"APTAMIL Nutribiotik 4, Latte di Crescita in Polvere - 4x830g (3320g) | Dal 24° mese compiuto, Specificamente Formulato per l'",https://www.amazon.it/dp/B0BML4QPCX?tag=offertissimes-21,43.16,58.27,25.9,43.16,"Alimentari, Caffè e Bevande","Alimentari, Caffè e Bevande",APTAMIL,B0BML4QPCX,1,40,88
Plasmon La Pappa - Tonno e Verdure 200g (6 confezioni),https://www.amazon.it/dp/B0D84D2LFC?tag=offertissimes-21,11.94,16.12,25.9,11.94,"Alimentari, Caffè e Bevande","Alimentari, Caffè e Bevande",Plasmon,B0D84D2LFC,1,40,88
"Mellin Merenda Disney Mickey Mouse, Topolino, Pera, 6x110g | 100% Frutta con Vitamina C, Indicato a partire dal 9° mese",https://www.amazon.it/dp/B07XMLWLM6?tag=offertissimes-21,7.78,10.5,25.9,7.78,"Alimentari, Caffè e Bevande","Alimentari, Caffè e Bevande",Mellin,B07XMLWLM6,1,40,88
Plasmon Omogeneizzato Formaggino Fuso e Parmigiano Reggiano 2x80g (12 Confezioni),https://www.amazon.it/dp/B01MYNPLO7?tag=offertissimes-21,31.08,41.96,25.9,31.08,"Alimentari, Caffè e Bevande","Alimentari, Caffè e Bevande",Plasmon,B01MYNPLO7,1,40,88
"Aptamil Nutribiotik TABS 1, Latte di Proseguimento - 21 Bustine (105 Tabs) | In Tabs Pre-Dosate, Dalla Nascita al 6° Mese",https://www.amazon.it/dp/B0C2PX2DGQ?tag=offertissimes-21,18.9,25.52,25.9,18.9,"Alimentari, Caffè e Bevande","Alimentari, Caffè e Bevande",Aptamil,B0C2PX2DGQ,1,40,88
"NUTRICIA FORTINI Polvere, Supplemento Ipercalorico, Gusto Neutro, 400gr | Per lo Sviluppo e la Crescita dei bambini dopo l'an",https://www.amazon.it/dp/B07FXRCHWX?tag=offertissimes-21,13.83,18.67,25.9,13.83,"Alimentari, Caffè e Bevande","Alimentari, Caffè e Bevande",NUTRICIA,B07FXRCHWX,1,40,88
"Mellin Rotelle di Piselli e Mais, Disney Stitch, Snack Biologico, 6x20g | Per Bambini dal 12° Mese Compiuto",https://www.amazon.it/dp/B08L3972KS?tag=offertissimes-21,7.74,10.45,25.9,7.74,"Alimentari, Caffè e Bevande","Alimentari, Caffè e Bevande",Mellin,B08L3972KS,1,40,88
"Pediasure Crescita e Sviluppo Drink, Integratore Bambini con Vitamine, Minerali, Proteine, per Difese Immunitarie, Concentraz",https://www.amazon.it/dp/B0CCK1VFN2?tag=offertissimes-21,12.14,16.39,25.9,12.14,"Alimentari, Caffè e Bevande","Alimentari, Caffè e Bevande",Pediasure,B0CCK1VFN2,1,40,88
Plasmon Nutrimune Liquido 12-36 mesi (6x1L),https://www.amazon.it/dp/B0CKTQLSBH?tag=offertissimes-21,14.98,20.22,25.9,14.98,"Alimentari, Caffè e Bevande","Alimentari, Caffè e Bevande",Plasmon,B0CKTQLSBH,1,40,88
Plasmon Biscottino Biberon 600g,https://www.amazon.it/dp/B00D3HXWES?tag=offertissimes-21,6.25,8.44,25.9,6.25,"Alimentari, Caffè e Bevande","Alimentari, Caffè e Bevande",Plasmon,B00D3HXWES,1,40,88
Plasmon BIO Paff al Miglio 15g (5 Pezzi),https://www.amazon.it/dp/B0D8HDPBML?tag=offertissimes-21,7.25,9.79,25.9,7.25,"Alimentari, Caffè e Bevande","Alimentari, Caffè e Bevande",Plasmon,B0D8HDPBML,1,40,88
"NIDINA OPTIPRO 4 Latte di Crescita Liquido da 24 Mesi 4 brick 1l | Formula per bambini da 2 anni, liquida pronta all'uso con",https://www.amazon.it/dp/B087VDWS98?tag=offertissimes-21,10.76,14.53,25.9,10.76,"Alimentari, Caffè e Bevande","Alimentari, Caffè e Bevande",NIDINA,B087VDWS98,1,40,88
"APTAMIL Nutribiotik 3, Latte di Crescita in Polvere - 3x1200g (3600g) | Dal 12° mese compiuto, FORMATO CONVENIENZA",https://www.amazon.it/dp/B07DNP8F3G?tag=offertissimes-21,49.64,67.01,25.9,49.64,"Alimentari, Caffè e Bevande","Alimentari, Caffè e Bevande",APTAMIL,B07DNP8F3G,1,40,88
"MELLIN 4, Latte di Crescita in Polvere - 4x770g (3080g) | Dal 2° Anno Compiuto al 3° Anno,",https://www.amazon.it/dp/B0DKFH9N3M?tag=offertissimes-21,33.32,44.98,25.9,33.32,"Alimentari, Caffè e Bevande","Alimentari, Caffè e Bevande",MELLIN,B0DKFH9N3M,1,40,88
Cannella in Polvere Bio Macinata - 200g. Cannella di Ceylon in Polvere Biologica e Vegana Senza Additivi ne Conservanti. Cinn,https://www.amazon.it/dp/B0CBV6K623?tag=offertissimes-21,9.99,13.49,25.9,9.99,"Alimentari, Caffè e Bevande","Alimentari, Caffè e Bevande",Cannella,B0CBV6K623,1,40,88
Pumpkin Spice Monte Nativo (250 g) – Zucca Spezia – Ideale per il latte Pumpkin Spice – Condimenti delicatamente essiccati e,https://www.amazon.it/dp/B0DQR6WBQV?tag=offertissimes-21,9.99,13.49,25.9,9.99,"Alimentari, Caffè e Bevande","Alimentari, Caffè e Bevande",Pumpkin,B0DQR6WBQV,1,40,88
"Alpi Nature Chiodi di Garofano Interi 125g, Chiodi di Garofano Essiccati, Spezie per Cucina",https://www.amazon.it/dp/B097339QXN?tag=offertissimes-21,9.99,13.49,25.9,9.99,"Alimentari, Caffè e Bevande","Alimentari, Caffè e Bevande",Alpi,B097339QXN,1,40,88
10 Baccelli XXL • Vaniglia Bourbon BIO Madagascar • GRAND CRU • FreshZIP,https://www.amazon.it/dp/B0949LGX4T?tag=offertissimes-21,15.9,21.47,25.9,15.9,"Alimentari, Caffè e Bevande","Alimentari, Caffè e Bevande",10,B0949LGX4T,1,40,88
"Pumpkin Spice Bembo 270 g – Spezie per Torta di Zucca | Pumpkin Spice Latte, Dolci, Biscotti e Cappuccino",https://www.amazon.it/dp/B0HJQZHFRC?tag=offertissimes-21,9.99,13.49,25.9,9.99,"Alimentari, Caffè e Bevande","Alimentari, Caffè e Bevande",Pumpkin,B0HJQZHFRC,1,40,88
SALE DI SICILIA 500 Bustine Monodose di Sale Fino Iodato da 1 g in Bustone di Plastica,https://www.amazon.it/dp/B0DJC9N69V?tag=offertissimes-21,9.25,12.49,25.9,9.25,"Alimentari, Caffè e Bevande","Alimentari, Caffè e Bevande",SALE,B0DJC9N69V,1,40,88
"Poppamies Rub Texas Beef Rub, Marinatura a Secco e Condimento Perfetti per Manzo, Maiale - Ottimo per Griglia, BBQ, Forno, Bo",https://www.amazon.it/dp/B08WRX4SXQ?tag=offertissimes-21,9.99,13.49,25.9,9.99,"Alimentari, Caffè e Bevande","Alimentari, Caffè e Bevande",Poppamies,B08WRX4SXQ,1,40,88
7 Bacche di Vaniglia Bourbon XL 15-18 cm | Vaniglia Bourbon Madagascar | Gourmet | Baccelli Carnosi Naturali | Aroma intenso,https://www.amazon.it/dp/B0F92PZSN5?tag=offertissimes-21,9.99,13.49,25.9,9.99,"Alimentari, Caffè e Bevande","Alimentari, Caffè e Bevande",7,B0F92PZSN5,1,40,88
"Alpi Nature Cannella Stecche 250g, Cannella Bastoncini di Cassia da 60mm, Circa 75-77 per Confezione",https://www.amazon.it/dp/B09JN6R9YC?tag=offertissimes-21,11.99,16.19,25.9,11.99,"Alimentari, Caffè e Bevande","Alimentari, Caffè e Bevande",Alpi,B09JN6R9YC,1,40,88
Easy Vibes - Sale Celtico - Sale Marino Grigio Bretone Grosso (900g) | Vegan Friendly | Naturale | Ricco di Minerali | Sale m,https://www.amazon.it/dp/B0D8BDTFFD?tag=offertissimes-21,9.99,13.49,25.9,9.99,"Alimentari, Caffè e Bevande","Alimentari, Caffè e Bevande",Easy,B0D8BDTFFD,1,40,88
"Alpi Nature Chiodi di Garofano BIO Interi 125g, Chiodi di Garofano Essiccati, Spezie per Cucina",https://www.amazon.it/dp/B09SF2VLZ9?tag=offertissimes-21,11.99,16.19,25.9,11.99,"Alimentari, Caffè e Bevande","Alimentari, Caffè e Bevande",Alpi,B09SF2VLZ9,1,40,88
"Chiodi di Garofano Monte Nativo (250g) - Chiodi di Garofano interi | 100% naturale, aromatico e delizioso Garofani - Come spe",https://www.amazon.it/dp/B0CQRN3R7G?tag=offertissimes-21,12.99,17.54,25.9,12.99,"Alimentari, Caffè e Bevande","Alimentari, Caffè e Bevande",Chiodi,B0CQRN3R7G,1,40,88
La Finestra Sul Cielo Sale Rosa Himalaya Fino - Non Raffinato e Naturale Sale Rosa Himalaya - 1000 g,https://www.amazon.it/dp/B00VXDC1V4?tag=offertissimes-21,3.21,4.33,25.9,3.21,"Alimentari, Caffè e Bevande","Alimentari, Caffè e Bevande",La,B00VXDC1V4,1,40,88
"Zafferano LEPROTTO - 8 bustine da 0,16 g",https://www.amazon.it/dp/B0DSJTWL8Q?tag=offertissimes-21,10.58,14.28,25.9,10.58,"Alimentari, Caffè e Bevande","Alimentari, Caffè e Bevande",Zafferano,B0DSJTWL8Q,1,40,88
"Alpi Nature Anice Stellato Intero 125g, Baccelli Interi di Anice Stellato per Cucinare e vin Brulé",https://www.amazon.it/dp/B08LTQJG24?tag=offertissimes-21,9.99,13.49,25.9,9.99,"Alimentari, Caffè e Bevande","Alimentari, Caffè e Bevande",Alpi,B08LTQJG24,1,40,88
"Cannamela - Linea Vasi PET, Paprika Affumicata, Confezione da 400g. Ideale per carni, patate, zuppe, cereali e legumi",https://www.amazon.it/dp/B0CPFGMKJF?tag=offertissimes-21,7.6,10.26,25.9,7.6,"Alimentari, Caffè e Bevande","Alimentari, Caffè e Bevande",Cannamela,B0CPFGMKJF,1,40,88
"Maldon Sale Marino, 250 g",https://www.amazon.it/dp/B00017028M?tag=offertissimes-21,7.45,10.06,25.9,7.45,"Alimentari, Caffè e Bevande","Alimentari, Caffè e Bevande",Maldon,B00017028M,1,40,88
Pepe nero grani di Madagascar. Primissima qualità. 200g,https://www.amazon.it/dp/B06XKC6JP3?tag=offertissimes-21,9.45,12.76,25.9,9.45,"Alimentari, Caffè e Bevande","Alimentari, Caffè e Bevande",Pepe,B06XKC6JP3,1,40,88
"Cannamela, Linea Tappomacina, Pepe Nero in Grani, Confenzione da 28 g, Ideale per Carne, Pesce, Pasta, Zuppe e Risotti",https://www.amazon.it/dp/B0050BVY2C?tag=offertissimes-21,1.95,2.63,25.9,1.95,"Alimentari, Caffè e Bevande","Alimentari, Caffè e Bevande",Cannamela,B0050BVY2C,1,40,88
"Italpepe, Aglio Granulare, Ideale per Sughi, Zuppe, Pesti e Salse Speciali, per Dare un Tocco Saporito a Patate e Bruschette,",https://www.amazon.it/dp/B08N5X28F4?tag=offertissimes-21,9.49,12.81,25.9,9.49,"Alimentari, Caffè e Bevande","Alimentari, Caffè e Bevande",Italpepe,B08N5X28F4,1,40,88
"Valsapori Semi di Finocchietto Selvatico per Carni, Salsicce e Pane, 100 g | Per taralli, focacce, tisane, liquori e piatti m",https://www.amazon.it/dp/B09NSWJCYG?tag=offertissimes-21,7.99,10.79,25.9,7.99,"Alimentari, Caffè e Bevande","Alimentari, Caffè e Bevande",Valsapori,B09NSWJCYG,1,40,88
"Alpi Nature Curcuma in Polvere 500g, Radice di Curcuma Macinata per Cucina e Latte Dorato",https://www.amazon.it/dp/B07YZ91HZB?tag=offertissimes-21,19.99,26.99,25.9,19.99,"Alimentari, Caffè e Bevande","Alimentari, Caffè e Bevande",Alpi,B07YZ91HZB,1,40,88
"Alpi Nature Cumino in Polvere 250g, Cumino Semi Macinati per Cucina e Mix di Spezie",https://www.amazon.it/dp/B087Q359G5?tag=offertissimes-21,9.99,13.49,25.9,9.99,"Alimentari, Caffè e Bevande","Alimentari, Caffè e Bevande",Alpi,B087Q359G5,1,40,88
"Mumtaz Tamarindo Senza Semi - 454 g - Qualità Premium | Provenienza Thailandia, conservato a bassa temperatura <7°C, ideale p",https://www.amazon.it/dp/B00TXCIO9K?tag=offertissimes-21,2.18,2.94,25.9,2.18,"Alimentari, Caffè e Bevande","Alimentari, Caffè e Bevande",Mumtaz,B00TXCIO9K,1,40,88
"Alpi Nature Pepe Nero 250g, Grani di Pepe Nero Interi per Cucina e Miscele di Spezie",https://www.amazon.it/dp/B08LSK9ZRP?tag=offertissimes-21,8.99,12.14,25.9,8.99,"Alimentari, Caffè e Bevande","Alimentari, Caffè e Bevande",Alpi,B08LSK9ZRP,1,40,88
ZAFFERANO Vegavero ® | Con 3% Safranale e 2% Crocina | Affron®: Crocus sativus spagnolo | 120 capsule | Calmante e rilassante,https://www.amazon.it/dp/B07F1FKM3M?tag=offertissimes-21,24.99,33.74,25.9,24.99,"Alimentari, Caffè e Bevande","Alimentari, Caffè e Bevande",ZAFFERANO,B07F1FKM3M,1,40,88
"Alpi Nature Cardamomo in Polvere 100g, Cardamomo Bacche Macinati per Cucina e Pasticceria",https://www.amazon.it/dp/B084H84C18?tag=offertissimes-21,9.99,13.49,25.9,9.99,"Alimentari, Caffè e Bevande","Alimentari, Caffè e Bevande",Alpi,B084H84C18,1,40,88
"Alpi Nature Cardamomo Bacche 100g, Baccelli di Cardamomo Verde Interi con Semi per Cucina",https://www.amazon.it/dp/B084H7SM6C?tag=offertissimes-21,14.99,20.24,25.9,14.99,"Alimentari, Caffè e Bevande","Alimentari, Caffè e Bevande",Alpi,B084H7SM6C,1,40,88
"NATURA D'ORIENTE Curcuma in Polvere 1000g - Naturale 100% – Spezia di Alta Qualità Ricca di Curcumina – Ideale per Cucina, Ti",https://www.amazon.it/dp/B0924HWVFQ?tag=offertissimes-21,13.99,18.89,25.9,13.99,"Alimentari, Caffè e Bevande","Alimentari, Caffè e Bevande",NATURA,B0924HWVFQ,1,40,88
vom Achterhof Polvere di Curcuma biologica 1000g | radice finemente macinata |,https://www.amazon.it/dp/B071FNS849?tag=offertissimes-21,16.95,22.88,25.9,16.95,"Alimentari, Caffè e Bevande","Alimentari, Caffè e Bevande",vom,B071FNS849,1,40,88
"Cannamela - Linea Oro, Aneto in foglie, Confezione da 8g. Ideale per un tocco di gusto ad insalate, uova, molluschi e patate",https://www.amazon.it/dp/B0CW1RFC3P?tag=offertissimes-21,1.69,2.28,25.9,1.69,"Alimentari, Caffè e Bevande","Alimentari, Caffè e Bevande",Cannamela,B0CW1RFC3P,1,40,88
"Biojoy Cannella di Ceylon BIO in stecche, intere, ca. 30 pezzi, 150 g | Dallo Sri Lanka, lunghe 8-12 cm, ideali per infusi o",https://www.amazon.it/dp/B07Y1S27DV?tag=offertissimes-21,14.99,20.24,25.9,14.99,"Alimentari, Caffè e Bevande","Alimentari, Caffè e Bevande",Biojoy,B07Y1S27DV,1,40,88
"Cannamela - Linea Oro Mix, Drogapura, Confezione da 20g. Miscela di spezie con Noce moscata, Cannella, Chiodi di garofano, Pi",https://www.amazon.it/dp/B0CTZZDNK2?tag=offertissimes-21,1.69,2.28,25.9,1.69,"Alimentari, Caffè e Bevande","Alimentari, Caffè e Bevande",Cannamela,B0CTZZDNK2,1,40,88
Sunita Tahina Crema di Sesamo - Salsa Tahini Ricca e Cremosa per Hummus e Salse -Crema di Semi di Sesamo Biologica - 680g,https://www.amazon.it/dp/B00V6ATU0O?tag=offertissimes-21,16.81,22.69,25.9,16.81,"Alimentari, Caffè e Bevande","Alimentari, Caffè e Bevande",Sunita,B00V6ATU0O,1,40,88
Semi di finocchio interi biologici 1000g | semi di finocchio biologici | tisana al finocchio | gusto dolce e delicato | ideal,https://www.amazon.it/dp/B075HYXS19?tag=offertissimes-21,16.95,22.88,25.9,16.95,"Alimentari, Caffè e Bevande","Alimentari, Caffè e Bevande",Semi,B075HYXS19,1,40,88
"BBQ KING - Multi Pack Pitmaster Rub per Barbecue, 4 Confezioni da 70 Gr di Dry Rub Bbq, Miscela di Spezie 100% Made in Italy,",https://www.amazon.it/dp/B0D22QN9LN?tag=offertissimes-21,27.49,37.11,25.9,27.49,"Alimentari, Caffè e Bevande","Alimentari, Caffè e Bevande",BBQ,B0D22QN9LN,1,40,88
"Alpi Nature Fieno Greco Polvere 500g, Fieno Greco Semi Macinati, Methi Polvere per Cucina",https://www.amazon.it/dp/B082V9YH8Y?tag=offertissimes-21,11.99,16.19,25.9,11.99,"Alimentari, Caffè e Bevande","Alimentari, Caffè e Bevande",Alpi,B082V9YH8Y,1,40,88
Khla - Pepe Nero di Kampot Certificato Biologico 100g - Pepe di Kampot in Grani Bio - Raro e Delicato - Ingrediente Spezie Cu,https://www.amazon.it/dp/B0BJKDP42N?tag=offertissimes-21,11.99,16.19,25.9,11.99,"Alimentari, Caffè e Bevande","Alimentari, Caffè e Bevande",Khla,B0BJKDP42N,1,40,88
"Alpi Nature Paprika Affumicata Dolce in Polvere 250g, Peperoni Rossi Macinati, Paprika Dolce Affumicata",https://www.amazon.it/dp/B08QW1J95M?tag=offertissimes-21,9.99,13.49,25.9,9.99,"Alimentari, Caffè e Bevande","Alimentari, Caffè e Bevande",Alpi,B08QW1J95M,1,40,88
"BBQ KING - Chicken Rub Confezione da 270 Gr, Dry Rub Bbq per Pollame Ideale per Barbecue e Grill, Set Spezie Cucina 100% Made",https://www.amazon.it/dp/B0DBHT36Y9?tag=offertissimes-21,18.9,25.52,25.9,18.9,"Alimentari, Caffè e Bevande","Alimentari, Caffè e Bevande",BBQ,B0DBHT36Y9,1,40,88
"Alpi Nature Semi di Cumino Nero 250g, Semi di Cumino Nero Interi per Cucina e Pasticceria",https://www.amazon.it/dp/B087Q2F591?tag=offertissimes-21,8.99,12.14,25.9,8.99,"Alimentari, Caffè e Bevande","Alimentari, Caffè e Bevande",Alpi,B087Q2F591,1,40,88
"Alpi Nature Sumac Spezia in Polvere 250g, Bacche di Sumac Essiccate e Macinate con Sale",https://www.amazon.it/dp/B081LNZ9BK?tag=offertissimes-21,8.99,12.14,25.9,8.99,"Alimentari, Caffè e Bevande","Alimentari, Caffè e Bevande",Alpi,B081LNZ9BK,1,40,88
BBQ Dry Rub Ribs 200g GRIGLIARE DURO - Spezie Barbecue per Costine di Maiale - Insaporitore Pulled Pork Texas Style - Made in,https://www.amazon.it/dp/B08NXRT9G3?tag=offertissimes-21,13.9,18.77,25.9,13.9,"Alimentari, Caffè e Bevande","Alimentari, Caffè e Bevande",BBQ,B08NXRT9G3,1,40,88
"Alpi Nature Semi di Senape Bianca Gialla 500g, Semi di Senape Bianca Gialla da 1-2mm",https://www.amazon.it/dp/B07Z9LCLWP?tag=offertissimes-21,9.99,13.49,25.9,9.99,"Alimentari, Caffè e Bevande","Alimentari, Caffè e Bevande",Alpi,B07Z9LCLWP,1,40,88
Pasta Gelato alla Mandorla 250 Gr ottimo impiego in Gelateria e Pasticceria,https://www.amazon.it/dp/B08FDQMVJP?tag=offertissimes-21,16.9,22.82,25.9,16.9,"Alimentari, Caffè e Bevande","Alimentari, Caffè e Bevande",Pasta,B08FDQMVJP,1,40,88
"8X Sensofreddo Il Sorbetto con Succo di Limone di Sicilia Pronto da Gelare, Senza Glutine (Gluten Free) 200ml",https://www.amazon.it/dp/B0F922XRT9?tag=offertissimes-21,31.9,43.06,25.9,31.9,"Alimentari, Caffè e Bevande","Alimentari, Caffè e Bevande",8X,B0F922XRT9,1,40,88
Sc. Cuore di Sgombro al Naturale 80 g x 2 (Confezione da 4),https://www.amazon.it/dp/B0GW1RH4PM?tag=offertissimes-21,23.9,32.27,25.9,23.9,"Alimentari, Caffè e Bevande","Alimentari, Caffè e Bevande",Sc,B0GW1RH4PM,1,40,88
Gelatina da Bere Mix Gusti Frutta – Snack Coreano Low Calories – Jelly Drink Assortito – 5 x 150 ml,https://www.amazon.it/dp/B0GPR9ZT3T?tag=offertissimes-21,17.38,23.46,25.9,17.38,"Alimentari, Caffè e Bevande","Alimentari, Caffè e Bevande",Gelatina,B0GPR9ZT3T,1,40,88
"Akitaink Ghiaccio Istantaneo monouso, Busta sacchetto in PE POLIETILENE, Scatola di 6 unità dimensioni 14x18 cm, Made in Ital",https://www.amazon.it/dp/B0CZML37ZN?tag=offertissimes-21,39.99,53.99,25.9,39.99,"Alimentari, Caffè e Bevande","Alimentari, Caffè e Bevande",Akitaink,B0CZML37ZN,1,40,88
"Bounce24 Preparato per Gelato Soft Vaniglia 2 kg - latte intero in polvere | per gelatiera e macchina soft, basta acqua fredd",https://www.amazon.it/dp/B0H24CRQ19?tag=offertissimes-21,15.99,21.59,25.9,15.99,"Alimentari, Caffè e Bevande","Alimentari, Caffè e Bevande",Bounce24,B0H24CRQ19,1,40,88
Delverde Spaghettone Quadrato 500g,https://www.amazon.it/dp/B0HKZP9HSY?tag=offertissimes-21,20.99,28.34,25.9,20.99,"Alimentari, Caffè e Bevande","Alimentari, Caffè e Bevande",Delverde,B0HKZP9HSY,1,40,88
"BRIX Mora Liofilizzata | 100% Mora Essiccata Naturale 95 g | Frutta Disidratata con Fantastico Sapore | Non-OGM, Senza Glutin",https://www.amazon.it/dp/B06VSNZDLH?tag=offertissimes-21,29.98,40.47,25.9,29.98,"Alimentari, Caffè e Bevande","Alimentari, Caffè e Bevande",BRIX,B06VSNZDLH,1,40,88
"Cranio Testa Cubetti di Ghiaccio in Acciaio Inox, Set da 2 pezzi con Sacchetto Regalo, Pietre Refrigeranti a Testa di Teschio",https://www.amazon.it/dp/B0G6JRHX43?tag=offertissimes-21,8.89,12.0,25.9,8.89,"Alimentari, Caffè e Bevande","Alimentari, Caffè e Bevande",Cranio,B0G6JRHX43,1,40,88
LOS PEPERETES Cannolicchi Finisterre al Naturale 120 g | Frutti di Mare Galiziani Gourmet | 10–12 Pezzi | Conserva Artigianal,https://www.amazon.it/dp/B0FZBVBL88?tag=offertissimes-21,24.31,32.82,25.9,24.31,"Alimentari, Caffè e Bevande","Alimentari, Caffè e Bevande",LOS,B0FZBVBL88,1,40,88
LOS PEPERETES Calamaretti in Olio d’Oliva 120 g | Frutti di Mare Galiziani Gourmet | Conserva Artigianale Atlantica con Olio,https://www.amazon.it/dp/B0FZBYHMRS?tag=offertissimes-21,22.9,30.91,25.9,22.9,"Alimentari, Caffè e Bevande","Alimentari, Caffè e Bevande",LOS,B0FZBYHMRS,1,40,88
Stovetop Stuffing for Pork 170g …,https://www.amazon.it/dp/B0040HGFD0?tag=offertissimes-21,21.24,28.67,25.9,21.24,"Alimentari, Caffè e Bevande","Alimentari, Caffè e Bevande",Stovetop,B0040HGFD0,1,40,88
"Jzhen 12 Pezzi Ghiaccio Luminoso,Multicolore Cubo Ghiaccio LED Ice Cube Adatto per Bar, Balli, Ricevimenti, Feste, Matrimonio",https://www.amazon.it/dp/B07H7FLDZ2?tag=offertissimes-21,12.99,17.54,25.9,12.99,"Alimentari, Caffè e Bevande","Alimentari, Caffè e Bevande",Jzhen,B07H7FLDZ2,1,40,88
"Gelato 4ever - Preparato per Gelato Pronto da Mantecare, Preparazione Facile e Veloce con Macchine per Gelati Domestiche o Pr",https://www.amazon.it/dp/B07CTQN3RH?tag=offertissimes-21,22.0,29.7,25.9,22.0,"Alimentari, Caffè e Bevande","Alimentari, Caffè e Bevande",Gelato,B07CTQN3RH,1,40,88
"TSUOUKL 12 Pezzi Cubetti di Ghiaccio Riutilizzabili Unicorno – Cubi in Plastica per Bevande, Borse da Picnic e Cura del Viso",https://www.amazon.it/dp/B0H6XG2HXX?tag=offertissimes-21,27.9,37.66,25.9,27.9,"Alimentari, Caffè e Bevande","Alimentari, Caffè e Bevande",TSUOUKL,B0H6XG2HXX,1,40,88
"YETI Foglio di ghiaccio riutilizzabile per refrigeratori, si congela più velocemente, rimane freddo più a lungo, resistente a",https://www.amazon.it/dp/B0F79GMQV1?tag=offertissimes-21,20.0,27.0,25.9,20.0,"Alimentari, Caffè e Bevande","Alimentari, Caffè e Bevande",YETI,B0F79GMQV1,1,40,88
"Spam Carne di maiale e prosciutto tritato, 340 g",https://www.amazon.it/dp/B0736W39R5?tag=offertissimes-21,18.9,25.52,25.9,18.9,"Alimentari, Caffè e Bevande","Alimentari, Caffè e Bevande",Spam,B0736W39R5,1,40,88
"Il Modicano Cioccolato di Modica Fondente Extra 75% 5 x 60 g, 1 Pezzo",https://www.amazon.it/dp/B07KXC1VTZ?tag=offertissimes-21,11.2,15.12,25.9,11.2,"Alimentari, Caffè e Bevande","Alimentari, Caffè e Bevande",Il,B07KXC1VTZ,1,40,88
TS TAKE SPORT - Ghiaccio Spray | Ghiaccio Spray Istantaneo | Ghiaccio Bomboletta | Ice Spray Professionale per Sportivi (azzu,https://www.amazon.it/dp/B0F1VC3JR3?tag=offertissimes-21,21.5,29.03,25.9,21.5,"Alimentari, Caffè e Bevande","Alimentari, Caffè e Bevande",TS,B0F1VC3JR3,1,40,88
SPORTHERAPY Ghiaccio Istantaneo 250g | Buste in PE 14x18 cm | Crioterapia Professionale | Dispositivo Medico Certificato | 25,https://www.amazon.it/dp/B0DJFLN9P6?tag=offertissimes-21,11.9,16.07,25.9,11.9,"Alimentari, Caffè e Bevande","Alimentari, Caffè e Bevande",SPORTHERAPY,B0DJFLN9P6,1,40,88
Almar - Preparato Gelato Soft Frozen Yogurt Senza Glutine Senza Conservanti Cremoso e Facile da Preparare a Casa Perfetto con,https://www.amazon.it/dp/B0FH9XRYK7?tag=offertissimes-21,38.13,51.48,25.9,38.13,"Alimentari, Caffè e Bevande","Alimentari, Caffè e Bevande",Almar,B0FH9XRYK7,1,40,88
Gelato 4ever - Caffè - Gelato pronto da Mantecare - 1L,https://www.amazon.it/dp/B096L2NLXQ?tag=offertissimes-21,19.99,26.99,25.9,19.99,"Alimentari, Caffè e Bevande","Alimentari, Caffè e Bevande",Gelato,B096L2NLXQ,1,40,88
Clamato - Pomodoro Succo Cocktail 946Ml,https://www.amazon.it/dp/B000YG9006?tag=offertissimes-21,19.99,26.99,25.9,19.99,"Alimentari, Caffè e Bevande","Alimentari, Caffè e Bevande",Clamato,B000YG9006,1,40,88
"POLAR ICE Ghiaccio istantaneo in Busta, Confezione da 25 Pezzi",https://www.amazon.it/dp/B00K5M7I94?tag=offertissimes-21,19.99,26.99,25.9,19.99,"Alimentari, Caffè e Bevande","Alimentari, Caffè e Bevande",POLAR,B00K5M7I94,1,40,88
"GR 400 SCORZE di Arancio Candite Ideali per LA Decorazione E Realizzazione di Dolci, PANETTONI, CASSATE E Gelati",https://www.amazon.it/dp/B08R43T7XJ?tag=offertissimes-21,19.99,26.99,25.9,19.99,"Alimentari, Caffè e Bevande","Alimentari, Caffè e Bevande",GR,B08R43T7XJ,1,40,88
"Confezione da 50 sacchetti per il ghiaccio da 9,1 kg, resistenti con coulisse (2 mm di spessore)",https://www.amazon.it/dp/B0CB5V915M?tag=offertissimes-21,19.99,26.99,25.9,19.99,"Alimentari, Caffè e Bevande","Alimentari, Caffè e Bevande",Confezione,B0CB5V915M,1,40,88
"Pukka Calendario Avvento 2026 Tisane Biologiche Regalo, 24 Filtri | Calendario dell’Avvento senza cioccolato, 12 varietà di t",https://www.amazon.it/dp/B0F53TH82B?tag=offertissimes-21,17.99,24.29,25.9,17.99,"Alimentari, Caffè e Bevande","Alimentari, Caffè e Bevande",Pukka,B0F53TH82B,1,40,88
"NIVEA Beauty Calendario dell'Avvento 2026, 24 Regali | Calendario dell'Avvento con Prodotti e Accessori NIVEA e Labello, Viso",https://www.amazon.it/dp/B0H33JGZ8Z?tag=offertissimes-21,61.99,83.69,25.9,61.99,"Alimentari, Caffè e Bevande","Alimentari, Caffè e Bevande",NIVEA,B0H33JGZ8Z,1,40,88
"Creano Set Regalo Tisana Biologica* – 27 Bustine di Tè alle Erbe in 9 Varietà Diverse | Infusi Bio Misti 54g, Idea Regalo Ben",https://www.amazon.it/dp/B0BKT9Y94V?tag=offertissimes-21,13.99,18.89,25.9,13.99,"Alimentari, Caffè e Bevande","Alimentari, Caffè e Bevande",Creano,B0BKT9Y94V,1,40,88
"CATRICE Make-up CALENDARIO DELL'AVVENTO HOUSE OF GOLD finish lucido (1pcs) | Definizione, Effetto luminoso, Effetto curativo",https://www.amazon.it/dp/B0H343F5RD?tag=offertissimes-21,42.99,58.04,25.9,42.99,"Alimentari, Caffè e Bevande","Alimentari, Caffè e Bevande",CATRICE,B0H343F5RD,1,40,88
"Lindt LINDOR Praline di Cioccolato Latte, Extra Fondente 70% Cacao, Doppio Cioccolato, Caramello Salato, 80 Cioccolatini, in",https://www.amazon.it/dp/B0B7B3WZ64?tag=offertissimes-21,41.0,55.35,25.9,41.0,"Alimentari, Caffè e Bevande","Alimentari, Caffè e Bevande",Lindt,B0B7B3WZ64,1,40,88
"Loacker, Calendario dell'Avvento, Cofanetto Regalo con Kit Decorazione | Calendario dell'Avvento con 24 Mini Wafer e Cioccola",https://www.amazon.it/dp/B0FB4BHMMC?tag=offertissimes-21,19.99,26.99,25.9,19.99,"Alimentari, Caffè e Bevande","Alimentari, Caffè e Bevande",Loacker,B0FB4BHMMC,1,40,88
"L'Erbolario Calendario dell'Avvento 2026 Sinfonia di Fiori | Edizione Limitata, 24 Sorprese Beauty, Attesa del Natale",https://www.amazon.it/dp/B0HK86SR2Z?tag=offertissimes-21,64.9,87.62,25.9,64.9,"Alimentari, Caffè e Bevande","Alimentari, Caffè e Bevande",L'Erbolario,B0HK86SR2Z,1,40,88
"M&M's Calendario dell'Avvento con cioccolatini Twix, Mars, Snickers, M&M's, Milky Way e Bounty - 361g",https://www.amazon.it/dp/B01N97B1EQ?tag=offertissimes-21,12.49,16.86,25.9,12.49,"Alimentari, Caffè e Bevande","Alimentari, Caffè e Bevande",M,B01N97B1EQ,1,40,88
"BACI PERUGINA Cioccolatini Assortiti ripieni al Gianduia, Latta Cuore San Valentino 100g",https://www.amazon.it/dp/B09MDQ19DY?tag=offertissimes-21,8.98,12.12,25.9,8.98,"Alimentari, Caffè e Bevande","Alimentari, Caffè e Bevande",BACI,B09MDQ19DY,1,40,88
"Creano Set Regalo Tisane Biologiche Premium ""Organic Herbal Tea"" – 9x Piramidi in 9 Varietà | Infusi alle Erbe e Frutta, Conf",https://www.amazon.it/dp/B0DJM7CJWG?tag=offertissimes-21,12.99,17.54,25.9,12.99,"Alimentari, Caffè e Bevande","Alimentari, Caffè e Bevande",Creano,B0DJM7CJWG,1,40,88
Buratti Confetti Buratti Tecg100 Confetti Tenerezze Cremino - 1 Kg,https://www.amazon.it/dp/B07KQ79L7P?tag=offertissimes-21,20.0,27.0,25.9,20.0,"Alimentari, Caffè e Bevande","Alimentari, Caffè e Bevande",Buratti,B07KQ79L7P,1,40,88
Thoughtfully Harry Potter Tè Set Regalo - 48 Bustine in 6 Gusti | 48 bustine di tè verde e nero in 6 gusti con cucchiaino - u,https://www.amazon.it/dp/B0DSLWVX3V?tag=offertissimes-21,22.99,31.04,25.9,22.99,"Alimentari, Caffè e Bevande","Alimentari, Caffè e Bevande",Thoughtfully,B0DSLWVX3V,1,40,88
"W7 Beauty Blast Calendario dell'Avvento Trucchi 2026-24 Sorprese Make Up | 24 cosmetici in formato pieno e mini, uno al giorn",https://www.amazon.it/dp/B0GTRFKFV5?tag=offertissimes-21,29.99,40.49,25.9,29.99,"Alimentari, Caffè e Bevande","Alimentari, Caffè e Bevande",W7,B0GTRFKFV5,1,40,88
"Venchi - Portapenne in Latta Collezione Murrine Grandblend con 6 Cioccolatini Assortiti, 70 Gr, Senza Glutine, Senza Colorant",https://www.amazon.it/dp/B0DGV5Q9CQ?tag=offertissimes-21,8.8,11.88,25.9,8.8,"Alimentari, Caffè e Bevande","Alimentari, Caffè e Bevande",Venchi,B0DGV5Q9CQ,1,40,88
essence Calendario dell'Avvento Baked with Love,https://www.amazon.it/dp/B0HFT1NLGZ?tag=offertissimes-21,42.99,58.04,25.9,42.99,"Alimentari, Caffè e Bevande","Alimentari, Caffè e Bevande",essence,B0HFT1NLGZ,1,40,88
Creano Set Regalo Fiori di Tè – Miscela di 6 Tè Verdi con Fiori in Elegante Scatola di Legno + Teiera in Vetro 500ml,https://www.amazon.it/dp/B0B6PTKZS8?tag=offertissimes-21,28.9,39.02,25.9,28.9,"Alimentari, Caffè e Bevande","Alimentari, Caffè e Bevande",Creano,B0B6PTKZS8,1,40,88
DIBYS Pepe Set Misto | 6 Raffinate Variazioni di Pepe in Provette con Ricette Incluse | Mix di Pepe Eccitante e Variato | Con,https://www.amazon.it/dp/B0D41PL5GN?tag=offertissimes-21,24.87,33.57,25.9,24.87,"Alimentari, Caffè e Bevande","Alimentari, Caffè e Bevande",DIBYS,B0D41PL5GN,1,40,88
"Thoughtfully Alice nel Paese delle Meraviglie - Tè in 90 Bustine | Set regalo Wonder of Tea con 6 gusti di tè, citazioni e il",https://www.amazon.it/dp/B0C3SKBQ3J?tag=offertissimes-21,19.99,26.99,25.9,19.99,"Alimentari, Caffè e Bevande","Alimentari, Caffè e Bevande",Thoughtfully,B0C3SKBQ3J,1,40,88
"VAHDAM Assortimento 15 Te in Bustine Piramidali | Set degustazione con 15 tè assortiti in bustine piramidali, idea regalo per",https://www.amazon.it/dp/B01M0DB0Z3?tag=offertissimes-21,9.99,13.49,25.9,9.99,"Alimentari, Caffè e Bevande","Alimentari, Caffè e Bevande",VAHDAM,B01M0DB0Z3,1,40,88
Rituals Beauty Calendario dell'Avvento Classico 24 Giorni di regali 2026 | Calendario dell'Avvento a 24 porte | Lussi di bagn,https://www.amazon.it/dp/B0HHN4GLY9?tag=offertissimes-21,89.9,121.37,25.9,89.9,"Alimentari, Caffè e Bevande","Alimentari, Caffè e Bevande",Rituals,B0HHN4GLY9,1,40,88
Creano - Fiori di Tè Verde Set Regalo con Teiera di Vetro 500ml - 6 varietà di Tè Fiorito - con sfere che si trasformano in f,https://www.amazon.it/dp/B07YQ1Y651?tag=offertissimes-21,27.9,37.66,25.9,27.9,"Alimentari, Caffè e Bevande","Alimentari, Caffè e Bevande",Creano,B07YQ1Y651,1,40,88
Thoughtfully Gourmet Tè Set Regalo per Amanti dei Gatti - 24 Bustine | 24 bustine in 6 gusti con illustrazioni di gatti e cit,https://www.amazon.it/dp/B0BW5BDHF1?tag=offertissimes-21,19.99,26.99,25.9,19.99,"Alimentari, Caffè e Bevande","Alimentari, Caffè e Bevande",Thoughtfully,B0BW5BDHF1,1,40,88
waterdrop® Calendario avvento 2026 - Insaporitore per acqua - 25 giorni | Regalo donna - Vitamina C - Vitamina b - Senza zucc,https://www.amazon.it/dp/B0BGY852FP?tag=offertissimes-21,24.9,33.62,25.9,24.9,"Alimentari, Caffè e Bevande","Alimentari, Caffè e Bevande",waterdrop,B0BGY852FP,1,40,88
"Antica Grapperia Mazzetti Calendario Avvento, 48cl",https://www.amazon.it/dp/B0D9LJ7L4T?tag=offertissimes-21,54.71,73.86,25.9,54.71,"Alimentari, Caffè e Bevande","Alimentari, Caffè e Bevande",Antica,B0D9LJ7L4T,1,40,88
"SMARTIES Calendario Avvento 2026 Personaggi di Cioccolato al Latte 193,9g | Calendario dell'Avvento con 24 personaggi nataliz",https://www.amazon.it/dp/B09BD8B2GT?tag=offertissimes-21,12.49,16.86,25.9,12.49,"Alimentari, Caffè e Bevande","Alimentari, Caffè e Bevande",SMARTIES,B09BD8B2GT,1,40,88
"Cioccolatini Personalizzati Quadrati 35x35mm, Segnaposto per Battesimo, Comunione, Cresima, Nascita, Laurea (al Latte)",https://www.amazon.it/dp/B0FP6TNJYT?tag=offertissimes-21,18.7,25.25,25.9,18.7,"Alimentari, Caffè e Bevande","Alimentari, Caffè e Bevande",Cioccolatini,B0FP6TNJYT,1,40,88
"Alpi Nature Calendario Avvento 2026, Set Regalo di Tè di Natale | Selezione di 24 Tè Neri, Verdi, alla Frutta e alle Erbe, 24",https://www.amazon.it/dp/B0DBLQHRY5?tag=offertissimes-21,29.99,40.49,25.9,29.99,"Alimentari, Caffè e Bevande","Alimentari, Caffè e Bevande",Alpi,B0DBLQHRY5,1,40,88
"DAECHUN Sushi Nori, richiudibile, oro Grado, prodotto della Corea 50 Fogli completi",https://www.amazon.it/dp/B079Z2XFNL?tag=offertissimes-21,14.99,20.24,25.9,14.99,"Alimentari, Caffè e Bevande","Alimentari, Caffè e Bevande",DAECHUN,B079Z2XFNL,1,40,88
I miei appetiti. Ediz. a colori,https://www.amazon.it/dp/8858018559?tag=offertissimes-21,11.15,15.05,25.9,11.15,"Alimentari, Caffè e Bevande","Alimentari, Caffè e Bevande",I,8858018559,1,40,88
"VAHDAM Te Nero Darjeeling | 30 Bustine, Darjeeling First Flush | Note dolci e fruttate | Con caffeina | Busta richiudibile",https://www.amazon.it/dp/B00QRVGUNW?tag=offertissimes-21,10.99,14.84,25.9,10.99,"Alimentari, Caffè e Bevande","Alimentari, Caffè e Bevande",VAHDAM,B00QRVGUNW,1,40,88
Lily's Kitchen Biscotti per Cani - Calendario dell'avvento Natalizio per Cani Adulti 68g,https://www.amazon.it/dp/B0FN4CNWXS?tag=offertissimes-21,8.4,11.34,25.9,8.4,"Alimentari, Caffè e Bevande","Alimentari, Caffè e Bevande",Lily's,B0FN4CNWXS,1,40,88
AFTER EIGHT Calendario Avvento 2025 Personaggi di Cioccolato Fondente ripieno alla Menta 195g,https://www.amazon.it/dp/B0CC9ZT6BK?tag=offertissimes-21,19.42,26.22,25.9,19.42,"Alimentari, Caffè e Bevande","Alimentari, Caffè e Bevande",AFTER,B0CC9ZT6BK,1,40,88
"Lindt Mini Praline Dark, 163 g, Cioccolato fondente, 32 cioccolatini, Piccolo regalo di cioccolato o cioccolatini",https://www.amazon.it/dp/B09WZ55CFZ?tag=offertissimes-21,15.91,21.48,25.9,15.91,"Alimentari, Caffè e Bevande","Alimentari, Caffè e Bevande",Lindt,B09WZ55CFZ,1,40,88
Bombe da Doccia Calendario Avvento 2026 per Donna Uomo per Natale 24 Giorni,https://www.amazon.it/dp/B0H4FYGSP2?tag=offertissimes-21,27.99,37.79,25.9,27.99,"Alimentari, Caffè e Bevande","Alimentari, Caffè e Bevande",Bombe,B0H4FYGSP2,1,40,88
"X3 Kinder Joy One Piece da 3 ovetti | Confezione da 3, One Piece",https://www.amazon.it/dp/B0HHNL3Y99?tag=offertissimes-21,27.0,36.45,25.9,27.0,"Alimentari, Caffè e Bevande","Alimentari, Caffè e Bevande",X3,B0HHNL3Y99,1,40,88
"Kinder GranSorpresa Maxi Harry Potter, Uovo di Pasqua Kinder 2026 di Finissimo Cioccolato al Latte con Sorpresa Funko Pop Har",https://www.amazon.it/dp/B0G4DSWK89?tag=offertissimes-21,24.99,33.74,25.9,24.99,"Alimentari, Caffè e Bevande","Alimentari, Caffè e Bevande",Kinder,B0G4DSWK89,1,40,88
"Calendario Avvento 2026,Squishy Ravioli for Collectors，D | Calendario Avvento,Ravioli SquishyChristmas Stocking Stuffer Holid",https://www.amazon.it/dp/B0HJ2P2156?tag=offertissimes-21,11.99,16.19,25.9,11.99,"Alimentari, Caffè e Bevande","Alimentari, Caffè e Bevande",Calendario,B0HJ2P2156,1,40,88
"VAHDAM Confezione Regalo Te Chai | 5 Gusti, 15 Bustine Masala Chai | Set degustazione regalo di masala chai con 5 gusti in 15",https://www.amazon.it/dp/B0BV2Z423K?tag=offertissimes-21,29.99,40.49,25.9,29.99,"Alimentari, Caffè e Bevande","Alimentari, Caffè e Bevande",VAHDAM,B0BV2Z423K,1,40,88
"L'Oréal Paris Beauty Calendario dell'Avvento 2026, 24 prodotti di bellezza | sorprese di bellezza quotidiane, trucco, cura de",https://www.amazon.it/dp/B0H3PYG9L4?tag=offertissimes-21,49.99,67.49,25.9,49.99,"Alimentari, Caffè e Bevande","Alimentari, Caffè e Bevande",L',B0H3PYG9L4,1,40,88
"Kinder & Co - Calendario Avvento 2025, 24 Cioccolatini e Snack Assortiti Kinder & Ferrero, Edizione con Due Ricette Speciali,",https://www.amazon.it/dp/B0C6L44DF7?tag=offertissimes-21,14.39,19.43,25.9,14.39,"Alimentari, Caffè e Bevande","Alimentari, Caffè e Bevande",Kinder,B0C6L44DF7,1,40,88
"Ferrero Rocher, Flat 48 Count by Ferrero",https://www.amazon.it/dp/B0042TVKZY?tag=offertissimes-21,7.99,10.79,25.9,7.99,"Alimentari, Caffè e Bevande","Alimentari, Caffè e Bevande",Ferrero,B0042TVKZY,1,40,88
Calendario Avvento 2026 Tisane di Acorus- Calendario dell'Avvento Te – 8 gusti natalizi – 24 bustine di tè per il conto alla,https://www.amazon.it/dp/B0BCFRJWXZ?tag=offertissimes-21,5.21,7.03,25.9,5.21,"Alimentari, Caffè e Bevande","Alimentari, Caffè e Bevande",Calendario,B0BCFRJWXZ,1,40,88
"Calendario dell'Avvento da Riempire 2026 | 24 Pezzi Calendario dell'Avvento Fai da Te, Sacchetti Natalizi DIY per Bambini e A",https://www.amazon.it/dp/B0HD6KJ51R?tag=offertissimes-21,24.29,32.79,25.9,24.29,"Alimentari, Caffè e Bevande","Alimentari, Caffè e Bevande",Calendario,B0HD6KJ51R,1,40,88
"Venchi - Brutto&Buono, Lastra Artigianale di a Forma di Coniglio, Bianco Salato, 160 Gr, con ""Nocciola Piemonte IGP"", Mandorl",https://www.amazon.it/dp/B0G6FS71BD?tag=offertissimes-21,17.06,23.03,25.9,17.06,"Alimentari, Caffè e Bevande","Alimentari, Caffè e Bevande",Venchi,B0G6FS71BD,1,40,88
"Cesto regalo di frutta di marzapane Odenwald in una scatola di legno da 225 g. Contiene 15 g di frutta: banane, fragole, pere",https://www.amazon.it/dp/B0142ZGI9U?tag=offertissimes-21,29.99,40.49,25.9,29.99,"Alimentari, Caffè e Bevande","Alimentari, Caffè e Bevande",Cesto,B0142ZGI9U,1,40,88
"VAHDAM Calendario Avvento Te 2026 | 24 Bustine Assortite Pieghevole | Set regalo pieghevole in edizione limitata, calendario",https://www.amazon.it/dp/B0C8ZDBRGG?tag=offertissimes-21,44.99,60.74,25.9,44.99,"Alimentari, Caffè e Bevande","Alimentari, Caffè e Bevande",VAHDAM,B0C8ZDBRGG,1,40,88
"VAHDAM Set Regalo Te e Tisane | 20 Te, 100 Porzioni Assortite | Tè nero, verde, oolong, bianco, chai e tisane in 20 confezion",https://www.amazon.it/dp/B00Q6UN3ZM?tag=offertissimes-21,34.02,45.93,25.9,34.02,"Alimentari, Caffè e Bevande","Alimentari, Caffè e Bevande",VAHDAM,B00Q6UN3ZM,1,40,88
Cinereplicas One Piece - Calendario dell’Avvento Cappello di Chopper 2026-24 regali inclusi - Cancelleria & Piccoli Accessori,https://www.amazon.it/dp/B0GWJZX2SN?tag=offertissimes-21,36.95,49.88,25.9,36.95,"Alimentari, Caffè e Bevande","Alimentari, Caffè e Bevande",Cinereplicas,B0GWJZX2SN,1,40,88
"VAHDAM Glow Set Regalo Te Sfuso | 6 Varietà in Latta | Confezione regalo con 6 tè sfusi assortiti in latte da collezione, ide",https://www.amazon.it/dp/B015J3FXOU?tag=offertissimes-21,25.9,34.97,25.9,25.9,"Alimentari, Caffè e Bevande","Alimentari, Caffè e Bevande",VAHDAM,B015J3FXOU,1,40,88
"ONZA Kinder Box Cioccolatini - Cuore Kinder da Regalare - Idea Regalo Originale per Donna, Uomo e Coppia - Torta con Kinder B",https://www.amazon.it/dp/B09377QRVF?tag=offertissimes-21,9.89,13.35,25.9,9.89,"Alimentari, Caffè e Bevande","Alimentari, Caffè e Bevande",ONZA,B09377QRVF,1,40,88
"CANEVEL |Paquete exclusivo ""SETÀGE"" | BRUT & EXTRA DRY |Valdobbiadene Prosecco Superiore DOCG | 2 botellas",https://www.amazon.it/dp/B0F3XYC159?tag=offertissimes-21,60.0,81.0,25.9,60.0,"Alimentari, Caffè e Bevande","Alimentari, Caffè e Bevande",CANEVEL,B0F3XYC159,1,40,88
"Barattolo con versetti della Bibbia, regalo cristiano, con 90 versetti biblici colorati per la preghiera e la speranza set re",https://www.amazon.it/dp/B0H3SRDQQY?tag=offertissimes-21,9.99,13.49,25.9,9.99,"Alimentari, Caffè e Bevande","Alimentari, Caffè e Bevande",Barattolo,B0H3SRDQQY,1,40,88
Sicilia Bedda - Box Regalo Prodotti Tipici Siciliani - LINEA DOLCE - In Elegante Box Maioliche Siciliane,https://www.amazon.it/dp/B0CMM9JPJH?tag=offertissimes-21,22.9,30.91,25.9,22.9,"Alimentari, Caffè e Bevande","Alimentari, Caffè e Bevande",Sicilia,B0CMM9JPJH,1,40,88
"Calendario dell'avvento 2025, set regalo con cristalli per donne, pietre curative delle streghe, 24 pietre preziose per adult",https://www.amazon.it/dp/B0CHF6447Y?tag=offertissimes-21,13.99,18.89,25.9,13.99,"Alimentari, Caffè e Bevande","Alimentari, Caffè e Bevande",Calendario,B0CHF6447Y,1,40,88
Pompadour Calendario Avvento Infusi Assortiti 48 Filtri Invernali | Cofanetto Regalo 48 filtri. 24 gusti (2 per tipo) perfett,https://www.amazon.it/dp/B0HJHTRP2H?tag=offertissimes-21,18.48,24.95,25.9,18.48,"Alimentari, Caffè e Bevande","Alimentari, Caffè e Bevande",Pompadour,B0HJHTRP2H,1,40,88
BACI PERUGINA Assortito Fondente Cioccolatini Scatola Regalo Natale 250g | Cioccolatini fondenti e al caffè ripieni al giandu,https://www.amazon.it/dp/B0DBQR4SM5?tag=offertissimes-21,89.99,121.49,25.9,89.99,"Alimentari, Caffè e Bevande","Alimentari, Caffè e Bevande",BACI,B0DBQR4SM5,1,40,88
"GEDORE Red R49013033 Calendario dell'Avvento 2024, 33 pezzi, calendario dell'Avvento da uomo, regalo per uomini, calendario d",https://www.amazon.it/dp/B0CXY3699W?tag=offertissimes-21,19.99,26.99,25.9,19.99,"Alimentari, Caffè e Bevande","Alimentari, Caffè e Bevande",GEDORE,B0CXY3699W,1,40,88
"L'Oréal Paris Calendario Avvento 24 giorni Trucco Cura Bellezza Natale | Prodotti a grandezza naturale, confezione regalo per",https://www.amazon.it/dp/B0F9FZ6MM4?tag=offertissimes-21,19.99,26.99,25.9,19.99,"Alimentari, Caffè e Bevande","Alimentari, Caffè e Bevande",L',B0F9FZ6MM4,1,40,88
"CIOLI 1917 - Porchetta Di Ariccia Igp 3 Kg Sottovuoto, Tronchetto Di Porchetta Senza Glutine E Lattosio, Prodotto Artigianale",https://www.amazon.it/dp/B08X23VMX1?tag=offertissimes-21,75.2,101.52,25.9,75.2,"Alimentari, Caffè e Bevande","Alimentari, Caffè e Bevande",CIOLI,B08X23VMX1,1,40,88
Prosciutto Spagnolo Serrano (Spalla) Disossato Pulito Circa 1 KG - 100% Naturale con Sale Marino del Mediterraneo,https://www.amazon.it/dp/B07NXSVLBC?tag=offertissimes-21,29.99,40.49,25.9,29.99,"Alimentari, Caffè e Bevande","Alimentari, Caffè e Bevande",Prosciutto,B07NXSVLBC,1,40,88
Arrosto di Tacchino Sottovuoto Salumi Pasini® | Metà | 1.25 kg | 100% Italiano | Senza Glutine e Lattosio,https://www.amazon.it/dp/B087WYG6VX?tag=offertissimes-21,31.9,43.06,25.9,31.9,"Alimentari, Caffè e Bevande","Alimentari, Caffè e Bevande",Arrosto,B087WYG6VX,1,40,88
Prosciutto Crudo disossato Salumi Pasini® | Metà 2.5 kg | Pronto per affettamento | Senza Glutine e Senza Lattosio,https://www.amazon.it/dp/B083Z9MF3V?tag=offertissimes-21,69.9,94.37,25.9,69.9,"Alimentari, Caffè e Bevande","Alimentari, Caffè e Bevande",Prosciutto,B083Z9MF3V,1,40,88
Prosciutto Crudo Serrano Spagnolo Stagionato e Disossato Gran Riserva circa 1 Kg - Jamon Serrano - NON INCLUDE PORTA PROSCIUT,https://www.amazon.it/dp/B09H1CLH15?tag=offertissimes-21,34.99,47.24,25.9,34.99,"Alimentari, Caffè e Bevande","Alimentari, Caffè e Bevande",Prosciutto,B09H1CLH15,1,40,88
Mafalda Lardo di Colonnata IGP 500 g Made in Italy Specialità Toscana,https://www.amazon.it/dp/B0BGR5RZSW?tag=offertissimes-21,39.9,53.87,25.9,39.9,"Alimentari, Caffè e Bevande","Alimentari, Caffè e Bevande",Mafalda,B0BGR5RZSW,1,40,88
Salame di Varzi D.o.p. 700g,https://www.amazon.it/dp/B01F60KNTG?tag=offertissimes-21,29.4,39.69,25.9,29.4,"Alimentari, Caffè e Bevande","Alimentari, Caffè e Bevande",Salame,B01F60KNTG,1,40,88
Moretti® | Spianata Schiacciata Calabrese Piccante | 600g/700g Sottovuoto | Salame Stagionato Tipico Calabrese | Essiccato Ar,https://www.amazon.it/dp/B0868PMPQX?tag=offertissimes-21,21.9,29.57,25.9,21.9,"Alimentari, Caffè e Bevande","Alimentari, Caffè e Bevande",Moretti,B0868PMPQX,1,40,88
Nikou Involucro per salsicce - Involucro per salsicce essiccato commestibile a 2 strati da 8 m Commestibile non tossico per p,https://www.amazon.it/dp/B08FTCS76H?tag=offertissimes-21,20.99,28.34,25.9,20.99,"Alimentari, Caffè e Bevande","Alimentari, Caffè e Bevande",Nikou,B08FTCS76H,1,40,88
Salame Cotto al Vapore Salumi Pasini® | 1 kg | 100% Italiano | Senza Glutine e Lattosio,https://www.amazon.it/dp/B0182F0HIY?tag=offertissimes-21,21.9,29.57,25.9,21.9,"Alimentari, Caffè e Bevande","Alimentari, Caffè e Bevande",Salame,B0182F0HIY,1,40,88
Pacifici Corrado © - Budello 100% naturale di maiale per salsiccia cal.36/38 da 40 yard,https://www.amazon.it/dp/B0779HTNS3?tag=offertissimes-21,9.49,12.81,25.9,9.49,"Alimentari, Caffè e Bevande","Alimentari, Caffè e Bevande",Pacifici,B0779HTNS3,1,40,88
Prosciutto Spagnolo Pata Negra ibérico (Spalla) 4-4.5 Kg - Jamon Iberico (Paleta de Cebo),https://www.amazon.it/dp/B01M66R7OY?tag=offertissimes-21,122.99,166.04,25.9,122.99,"Alimentari, Caffè e Bevande","Alimentari, Caffè e Bevande",Prosciutto,B01M66R7OY,1,40,88
Moretti® Stinco di Maiale Precotto – 550 gr – Carni Selezionate & Cottura al Vapore – Senza Glutine e Lattosio e Senza Conser,https://www.amazon.it/dp/B0FWXTXWBP?tag=offertissimes-21,9.99,13.49,25.9,9.99,"Alimentari, Caffè e Bevande","Alimentari, Caffè e Bevande",Moretti,B0FWXTXWBP,1,40,88
"Tutto Calabria - Nduja di Spilinga Artigianale, Salame Spalmabile e Cremosa in Vasetto da 170g - Ideale per aperitivi brusche",https://www.amazon.it/dp/B0CN6XV3MF?tag=offertissimes-21,13.21,17.83,25.9,13.21,"Alimentari, Caffè e Bevande","Alimentari, Caffè e Bevande",Tutto,B0CN6XV3MF,1,40,88
Moretti® | Budello Naturale Di Bovino Per Salame Insaccato Da Essiccare | Dritti Di Bue | Protezione E Stagionatura Salumi |,https://www.amazon.it/dp/B08P7Q2PWT?tag=offertissimes-21,15.9,21.47,25.9,15.9,"Alimentari, Caffè e Bevande","Alimentari, Caffè e Bevande",Moretti,B08P7Q2PWT,1,40,88
"Monge Fresh Paté con Bocconcini per Cuccioli, ricco in Maiale con Ortaggi, Formula Grain Free, 12 Bustine da 85 g",https://www.amazon.it/dp/B0H2DKD81R?tag=offertissimes-21,18.49,24.96,25.9,18.49,"Alimentari, Caffè e Bevande","Alimentari, Caffè e Bevande",Monge,B0H2DKD81R,1,40,88
Porchetta Arrosto alle Erbe Salumi Pasini® | 3 Vaschette | 100gr cad. | Senza Glutine e Lattosio,https://www.amazon.it/dp/B07V7TB36L?tag=offertissimes-21,14.5,19.58,25.9,14.5,"Alimentari, Caffè e Bevande","Alimentari, Caffè e Bevande",Porchetta,B07V7TB36L,1,40,88
Pasta di Salsiccia Fresca Salumi Pasini® | 2 Vaschette | 250g cad. | Carne di Suino 100% Italiano | Senza Glutine e Lattosio,https://www.amazon.it/dp/B084WSMRVL?tag=offertissimes-21,11.9,16.07,25.9,11.9,"Alimentari, Caffè e Bevande","Alimentari, Caffè e Bevande",Pasta,B084WSMRVL,1,40,88
"Moretti® Fiocco di Prosciutto Artigianale da 1,7 a 2 Kg sottovuoto Cuore di Prosciutto Crudo Stagionato Gusto delicato",https://www.amazon.it/dp/B0FDG9L1GQ?tag=offertissimes-21,46.7,63.05,25.9,46.7,"Alimentari, Caffè e Bevande","Alimentari, Caffè e Bevande",Moretti,B0FDG9L1GQ,1,40,88
"Wolf, Filetto alle Erbe, Intero, Leggera Affumicatura con Legno di Faggio, Carne di Suino Accuratamente Selezionata, Senza Gl",https://www.amazon.it/dp/B0C4L5D8TH?tag=offertissimes-21,15.1,20.39,25.9,15.1,"Alimentari, Caffè e Bevande","Alimentari, Caffè e Bevande",Wolf,B0C4L5D8TH,1,40,88
Costine precotte a bassa temperatura | carni 100% italiane | Gusto Rosmarino | 420g | Pronte in pochi minuti,https://www.amazon.it/dp/B09J92PCH1?tag=offertissimes-21,14.9,20.12,25.9,14.9,"Alimentari, Caffè e Bevande","Alimentari, Caffè e Bevande",Costine,B09J92PCH1,1,40,88
ilgustonline Guanciale al Pepe Stagionato 1 kg - Sottovuoto - Prodotto 100% Artigianale ideale per Carbonara e Amatriciana,https://www.amazon.it/dp/B07JJ91VN4?tag=offertissimes-21,25.9,34.97,25.9,25.9,"Alimentari, Caffè e Bevande","Alimentari, Caffè e Bevande",ilgustonline,B07JJ91VN4,1,40,88
"Wolf, Prosciutto di Sauris IGP, Trancio, Prodotto con Tradizionale Tecnica di Affumicatura, Carne 100% Italiana, Leggera Stag",https://www.amazon.it/dp/B0BGJ11Y9D?tag=offertissimes-21,43.9,59.27,25.9,43.9,"Alimentari, Caffè e Bevande","Alimentari, Caffè e Bevande",Wolf,B0BGJ11Y9D,1,40,88
3X Fini Cotechino Precotto 100% Italiano Senza Glutine (Gluten Free) 500g,https://www.amazon.it/dp/B0BMPKD7MP?tag=offertissimes-21,19.9,26.86,25.9,19.9,"Alimentari, Caffè e Bevande","Alimentari, Caffè e Bevande",3X,B0BMPKD7MP,1,40,88
Costine precotte a bassa temperatura | carni 100% italiane | Gusto Affumicato | 420g | Pronte in pochi minuti,https://www.amazon.it/dp/B09J93DFXG?tag=offertissimes-21,14.9,20.12,25.9,14.9,"Alimentari, Caffè e Bevande","Alimentari, Caffè e Bevande",Costine,B09J93DFXG,1,40,88
Pâté D'Anatra Jensen's Leber - Set da 6 vaschette x 80g (Totale 480g) - Specialità Tedesca Gourmet con 15% Carne d'Anatra e 1,https://www.amazon.it/dp/B0GYRXKFCH?tag=offertissimes-21,29.9,40.37,25.9,29.9,"Alimentari, Caffè e Bevande","Alimentari, Caffè e Bevande",Amazon Choice,B0GYRXKFCH,1,40,88
Paté De Atún Casa Tarradellas 125gr,https://www.amazon.it/dp/B009IXKQ5O?tag=offertissimes-21,9.01,12.16,25.9,9.01,"Alimentari, Caffè e Bevande","Alimentari, Caffè e Bevande",Amazon Choice,B009IXKQ5O,1,40,88
AURICCHIO PROVOLONE GIOVANE SALAMINO 1 KG CIRCA,https://www.amazon.it/dp/B08PFWYMYD?tag=offertissimes-21,13.0,17.55,25.9,13.0,"Alimentari, Caffè e Bevande","Alimentari, Caffè e Bevande",AURICCHIO,B08PFWYMYD,1,40,88
"Spam Carne di maiale e prosciutto tritati, 340 g",https://www.amazon.it/dp/B073V34YZF?tag=offertissimes-21,19.99,26.99,25.9,19.99,"Alimentari, Caffè e Bevande","Alimentari, Caffè e Bevande",Spam,B073V34YZF,1,40,88
"PURIVITA® Detergente Lavapavimenti Concentrato Robot e Lavasciuga, 500ml | Senza aloni, asciuga in fretta, non schiumogeno e",https://www.amazon.it/dp/B0C4YT9VYS?tag=offertissimes-21,7.99,10.79,25.9,7.99,"Salute, Igiene e Integratori","Salute, Igiene e Integratori",PURIVITA,B0C4YT9VYS,1,40,88
"Magnesio Bisglicinato 1432mg per Dose con Vitamina B6, 180 Capsule, 3 Mesi | Magnesio Glicinato Vegano con Piridossina Clorid",https://www.amazon.it/dp/B0CKFHG8NQ?tag=offertissimes-21,14.99,20.24,25.9,14.99,"Salute, Igiene e Integratori","Salute, Igiene e Integratori",Magnesio,B0CKFHG8NQ,1,40,88
"Gillette Venus Comfortglide Spa Breeze Ricariche per Rasoio da Donna Venus, Confezione da 10, 3 Lame Incorporate, per una Ras",https://www.amazon.it/dp/B0BV6YLYQ5?tag=offertissimes-21,27.79,37.52,25.9,27.79,"Salute, Igiene e Integratori","Salute, Igiene e Integratori",Gillette,B0BV6YLYQ5,1,40,88
"Armolipid Plus 60 Compresse, Integratore Alimentare per Regolare il Colesterolo, con Berberis Aristata, Riso Rosso Fermentato",https://www.amazon.it/dp/B01N6H653W?tag=offertissimes-21,35.0,47.25,25.9,35.0,"Salute, Igiene e Integratori","Salute, Igiene e Integratori",Armolipid,B01N6H653W,1,40,88
Be-Total Advance B12 Integratore Alimentare 50+ stanchezza fisica e mentale | 30 Flaconcini,https://www.amazon.it/dp/B0CKF3PGDV?tag=offertissimes-21,26.19,35.36,25.9,26.19,"Salute, Igiene e Integratori","Salute, Igiene e Integratori",Be-Total,B0CKF3PGDV,1,40,88
"SWISSE Capelli Pelle Unghie - Integratori per Capelli, Pelle e Unghie con Vitamina C Biotina Cardo Mariano, 60 Compresse - Zi",https://www.amazon.it/dp/B07JP3Z8ND?tag=offertissimes-21,28.28,38.18,25.9,28.28,"Salute, Igiene e Integratori","Salute, Igiene e Integratori",SWISSE,B07JP3Z8ND,1,40,88
"Dash Power Detersivo Liquido Lavatrice, 80 Lavaggi (4x20), Freschezza Di Lenor, Risveglio Primaverile, rimuove addirittura gl",https://www.amazon.it/dp/B0DZ2XWBP7?tag=offertissimes-21,37.8,51.03,25.9,37.8,"Salute, Igiene e Integratori","Salute, Igiene e Integratori",Dash,B0DZ2XWBP7,1,40,88
"LINES INTERVALLO & GO, 176 proteggislip per piccole perdite",https://www.amazon.it/dp/B0CC36ZG7Y?tag=offertissimes-21,10.08,13.61,25.9,10.08,"Salute, Igiene e Integratori","Salute, Igiene e Integratori",LINES,B0CC36ZG7Y,1,40,88
"Rowenta Premiss 2.0, Bilancia da Bagno con Display LCD Facile da Leggere, Capacità 160Kg, Design Moderno e Funzioni Intellige",https://www.amazon.it/dp/B0FLDPZX8H?tag=offertissimes-21,9.83,13.27,25.9,9.83,"Salute, Igiene e Integratori","Salute, Igiene e Integratori",Rowenta,B0FLDPZX8H,1,40,88
Wc Net Disincrostante: Disinfettante Gel per Sanitari e Superfici 700ml x 3 | Elimina il 100% del calcare e previene nuove in,https://www.amazon.it/dp/B086VRWDNY?tag=offertissimes-21,13.9,18.77,25.9,13.9,"Salute, Igiene e Integratori","Salute, Igiene e Integratori",Wc,B086VRWDNY,1,40,88
"Grey L'Acchiappacolore Foglietti acchiappacolore, 80 fogli | Per proteggere il bucato, Per evitare incidenti di lavaggio, Per",https://www.amazon.it/dp/B0DJDCQ9TS?tag=offertissimes-21,8.19,11.06,25.9,8.19,"Salute, Igiene e Integratori","Salute, Igiene e Integratori",Grey,B0DJDCQ9TS,1,40,88
"Nutravita Omega 3 Fish Oil 2000mg - 240 Omega 3 EPA DHA Capsule, 4 Mesi | 660mg EPA e 440mg DHA - Integratori Omega3 Fish Oil",https://www.amazon.it/dp/B01K28121U?tag=offertissimes-21,22.99,31.04,25.9,22.99,"Salute, Igiene e Integratori","Salute, Igiene e Integratori",Nutravita,B01K28121U,1,40,88
"Lenor Profumatore Bucato Lavatrice, Risveglio Primaverile, 6x195gr +Omaggio | Intensificatore di profumo per bucato, maxi for",https://www.amazon.it/dp/B0HF1TB1B5?tag=offertissimes-21,41.99,56.69,25.9,41.99,"Salute, Igiene e Integratori","Salute, Igiene e Integratori",Lenor,B0HF1TB1B5,1,40,88
"Dash Pods Detersivo Lavatrice in Capsule, 132 Lavaggi, Ambra + Omaggio | Rimuove macchie, igienizza in 1 lavaggio, 3 additivi",https://www.amazon.it/dp/B0HF1FPY2S?tag=offertissimes-21,50.99,68.84,25.9,50.99,"Salute, Igiene e Integratori","Salute, Igiene e Integratori",Dash,B0HF1FPY2S,1,40,88
"Optimum Nutrition Creatina Monoidrata Micronizzata in Polvere, 634g | Non Aromatizzata, 186 Porzioni, Integratore per Support",https://www.amazon.it/dp/B00T7L20EC?tag=offertissimes-21,46.05,62.17,25.9,46.05,"Salute, Igiene e Integratori","Salute, Igiene e Integratori",Optimum,B00T7L20EC,1,40,88
"Armolipid Plus - 90 Compresse, Integratore Alimentare con Berberis Aristata, Riso Rosso Fermentato, Acido Folico, Policosanol",https://www.amazon.it/dp/B0DSJ8RQ13?tag=offertissimes-21,57.0,76.95,25.9,57.0,"Salute, Igiene e Integratori","Salute, Igiene e Integratori",Armolipid,B0DSJ8RQ13,1,40,88
"Tempo Fazzoletti Box Original, 4 Veli, 12 Confezioni da 80 | 960 Fazzoletti Totali, 12 Box da 80 Pezzi, 4 Grafiche Assortite,",https://www.amazon.it/dp/B076H6PNWH?tag=offertissimes-21,22.52,30.4,25.9,22.52,"Salute, Igiene e Integratori","Salute, Igiene e Integratori",Tempo,B076H6PNWH,1,40,88
"Enervit, Carbo Gel C2:1PRO Lime, Gel Energetico, 40g di Carboidrati, Per Attività ad Alta Intensità, +50% di Carboidrati Asso",https://www.amazon.it/dp/B0CVQS9195?tag=offertissimes-21,15.15,20.45,25.9,15.15,"Salute, Igiene e Integratori","Salute, Igiene e Integratori",Enervit,B0CVQS9195,1,40,88
"Scottex Amore di Casa Carta da Cucina, Carta Assorbente Cucina, 21 Rotoli",https://www.amazon.it/dp/B0BVMJMZY7?tag=offertissimes-21,24.58,33.18,25.9,24.58,"Salute, Igiene e Integratori","Salute, Igiene e Integratori",Scottex,B0BVMJMZY7,1,40,88
Creatine PRO Creapure© Quality integratore alimentare di creatina monoidrato qualità Creapure 150 compresse,https://www.amazon.it/dp/B01MRL741H?tag=offertissimes-21,24.82,33.51,25.9,24.82,"Salute, Igiene e Integratori","Salute, Igiene e Integratori",Creatine,B01MRL741H,1,40,88
"Bears with Benefits - Gommose Biotina 450 µg - Capelli & Unghie - 30 pezzi | Ah-Mazing Hair Routine - Con Biotina, Zinco, Vit",https://www.amazon.it/dp/B0HD6X5F3Q?tag=offertissimes-21,19.9,26.86,25.9,19.9,"Salute, Igiene e Integratori","Salute, Igiene e Integratori",Bears,B0HD6X5F3Q,1,40,88
"Colgate - Dentifricio Triple Action 12x75ml (Consegna in 48 Ore), Dentifricio Protezione contro la Carie, Denti Bianchi, Alit",https://www.amazon.it/dp/B0C5J61HYJ?tag=offertissimes-21,12.25,16.54,25.9,12.25,"Salute, Igiene e Integratori","Salute, Igiene e Integratori",Colgate,B0C5J61HYJ,1,40,88
"Gillette Fusion5 12 Lamette Fusion 5 di Ricambio per Rasoio Barba Manuale, con Striscia Lubrificante per Scorrevolezza Fluida",https://www.amazon.it/dp/B0DWXVSX62?tag=offertissimes-21,53.66,72.44,25.9,53.66,"Salute, Igiene e Integratori","Salute, Igiene e Integratori",Gillette,B0DWXVSX62,1,40,88
"Saugella Dermoliquido Detergente Intimo Quotidiano per Uso Frequente, 750 ml",https://www.amazon.it/dp/B00KSFSBRQ?tag=offertissimes-21,9.48,12.8,25.9,9.48,"Salute, Igiene e Integratori","Salute, Igiene e Integratori",Saugella,B00KSFSBRQ,1,40,88
"Spuma di Sciampagna - Ammorbidente Fresca Rugiada 1300ml 65 Lavaggi | ammorbidente concentrato, profumo intenso a lungo, con",https://www.amazon.it/dp/B09TFKB4P6?tag=offertissimes-21,2.23,3.01,25.9,2.23,"Salute, Igiene e Integratori","Salute, Igiene e Integratori",Spuma,B09TFKB4P6,1,40,88
"Vanish Oxi Action Multipower Polvere Rosa, Smacchiatore per Capi Colorati, 1 Confezione da 1,5Kg di Smacchiatore per Bucato,",https://www.amazon.it/dp/B0C8GQWV89?tag=offertissimes-21,9.79,13.22,25.9,9.79,"Salute, Igiene e Integratori","Salute, Igiene e Integratori",Vanish,B0C8GQWV89,1,40,88
"Tempo Carta Igienica Comfort, 48 Maxi Rotoli | Morbida e Resistente, Confezione da 48 Maxi Rotoli, Comfort e Qualità Superior",https://www.amazon.it/dp/B07KCPFTFZ?tag=offertissimes-21,31.96,43.15,25.9,31.96,"Salute, Igiene e Integratori","Salute, Igiene e Integratori",Tempo,B07KCPFTFZ,1,40,88
"Braun Age Precision Termometro digitale, Termometro stick digitale per utilizzo multisito, Per via orale, rettale o ascellare",https://www.amazon.it/dp/B00M35Y326?tag=offertissimes-21,18.09,24.42,25.9,18.09,"Salute, Igiene e Integratori","Salute, Igiene e Integratori",Braun,B00M35Y326,1,40,88
"Pampers Sole e Luna Maxi, Taglia 4 (7-18 kg), 136 Pannolini Bambino | Formato Scorta, Chiusura Avvolgente, Asciutto Giorno e",https://www.amazon.it/dp/B0BLHXVRPH?tag=offertissimes-21,36.4,49.14,25.9,36.4,"Salute, Igiene e Integratori","Salute, Igiene e Integratori",Pampers,B0BLHXVRPH,1,40,88
"Pampers Costumino, Taglia 4 (8-15 kg), 11 Pannolini | Doppia Barriera Laterale Anti-Fuoriuscita, Rimozione Facile, Fascia Ela",https://www.amazon.it/dp/B082VT3157?tag=offertissimes-21,5.95,8.03,25.9,5.95,"Salute, Igiene e Integratori","Salute, Igiene e Integratori",Pampers,B082VT3157,1,40,88
"Beurer FT 09 Termometro Digitale per Corpo, Display LCD, Impermeabile | Senza Mercurio E Vetro, Precisione ±0,1°C, Segnale Ac",https://www.amazon.it/dp/B0009G5BRW?tag=offertissimes-21,3.8,5.13,25.9,3.8,"Salute, Igiene e Integratori","Salute, Igiene e Integratori",Beurer,B0009G5BRW,1,40,88
"MAM Air Night Succhietto 6-16 mesi, Set da 2 ciucci, Azzurro/Verde | Si illumina al buio, Con porta ciuccio sterilizzatore, T",https://www.amazon.it/dp/B0CPJ8FSHT?tag=offertissimes-21,11.02,14.88,25.9,11.02,"Salute, Igiene e Integratori","Salute, Igiene e Integratori",MAM,B0CPJ8FSHT,1,40,88
"Mustela pasta cambio pannolino avocado, previene gli arrossamenti, 150 ml",https://www.amazon.it/dp/B00ICJ9OJO?tag=offertissimes-21,6.84,9.23,25.9,6.84,"Salute, Igiene e Integratori","Salute, Igiene e Integratori",Mustela,B00ICJ9OJO,1,40,88
"Suavinex Ciuccio Tutto in Silicone, 0/6 Mesi, Color Essence, Azzurro | Tettarella Simmetrica Sx Pro, Super Morbido e Flessibi",https://www.amazon.it/dp/B0DWFPPMTK?tag=offertissimes-21,6.68,9.02,25.9,6.68,"Salute, Igiene e Integratori","Salute, Igiene e Integratori",Suavinex,B0DWFPPMTK,1,40,88
"Huggies Extra Care Neonato, 24 Pannolini Taglia 2 (3-6Kg) | Pannolini Taglia 2, Alta Assorbenza, Con Bande elastiche, Materia",https://www.amazon.it/dp/B00ZM0KEY0?tag=offertissimes-21,4.44,5.99,25.9,4.44,"Salute, Igiene e Integratori","Salute, Igiene e Integratori",Huggies,B00ZM0KEY0,1,40,88
"Mom's Aide Ricarica compatibile con Mangiapannolini Angelcare Maialino Foppapedretti & Litter Locker II (4 ricariche), incomp",https://www.amazon.it/dp/B0872GG6GL?tag=offertissimes-21,22.99,31.04,25.9,22.99,"Salute, Igiene e Integratori","Salute, Igiene e Integratori",Mom's,B0872GG6GL,1,40,88
"Amazon 1008 Salviettine Umidificate Ultra Sensitive per Neonati, Senza Profumo, 18 Confezioni da 56",https://www.amazon.it/dp/B085LQQ6MT?tag=offertissimes-21,21.8,29.43,25.9,21.8,"Salute, Igiene e Integratori","Salute, Igiene e Integratori",Amazon,B085LQQ6MT,1,40,88
"Huggies Everyday, Salviette neonato, 560 Salviette umidificate, 99% acqua pura, Salviettine con 65% fibre assorbenti naturali",https://www.amazon.it/dp/B08CD4RS58?tag=offertissimes-21,22.0,29.7,25.9,22.0,"Salute, Igiene e Integratori","Salute, Igiene e Integratori",Huggies,B08CD4RS58,1,40,88
By Amazon Pannolini Mutandina Disney - Taglia 5 (12-17kg) - 140 Pezzi (2 Confezioni da 70),https://www.amazon.it/dp/B089T7RMZ3?tag=offertissimes-21,40.09,54.12,25.9,40.09,"Salute, Igiene e Integratori","Salute, Igiene e Integratori",By,B089T7RMZ3,1,40,88
"Oral-B Spazzolino Elettrico Kids 3+, 1 Testina, Custodia, Rosso | Disney Re Leone, Ricaricabile, 1 Testina di Ricambio per Sp",https://www.amazon.it/dp/B0D7D4XBVG?tag=offertissimes-21,25.33,34.2,25.9,25.33,"Salute, Igiene e Integratori","Salute, Igiene e Integratori",Oral-B,B0D7D4XBVG,1,40,88
"Chicco Mangiapannolini Controlla Odori, Smaltimento Pannolini, Cestino Contenitore Compatto e Salvaspazio, Nessun costo per l",https://www.amazon.it/dp/B0DKTFMHT9?tag=offertissimes-21,36.79,49.67,25.9,36.79,"Salute, Igiene e Integratori","Salute, Igiene e Integratori",Chicco,B0DKTFMHT9,1,40,88
"Pampers Protezione Pura, 76 Pannolini Ipoallergenici con 0% Profumo e lozioni, Taglia 5 11-25 Kg, Taglia 5 - Nuova versione",https://www.amazon.it/dp/B0DZD9RX9W?tag=offertissimes-21,29.09,39.27,25.9,29.09,"Salute, Igiene e Integratori","Salute, Igiene e Integratori",Pampers,B0DZD9RX9W,1,40,88
"Suavinex Ciuccio Zero Zero SX Pro 0-6 mesi Light | Tettarella simmetrica, Mini per prematuri, Ipoallergenico, Pelli sensibili",https://www.amazon.it/dp/B0CPM914M7?tag=offertissimes-21,7.74,10.45,25.9,7.74,"Salute, Igiene e Integratori","Salute, Igiene e Integratori",Suavinex,B0CPM914M7,1,40,88
"120x ARNOMED Traversine 60x40cm, Traverse letto per incontinenza usa e getta, traversine neonato fasciatoio, traverse letto a",https://www.amazon.it/dp/B0D497VQWV?tag=offertissimes-21,29.99,40.49,25.9,29.99,"Salute, Igiene e Integratori","Salute, Igiene e Integratori",120x,B0D497VQWV,1,40,88
"Babylino Sensitive Cotton Soft, Pannolini Taglia 4, Maxi (8-13kg), 150 Unità",https://www.amazon.it/dp/B0DG5X7ZCY?tag=offertissimes-21,41.81,56.44,25.9,41.81,"Salute, Igiene e Integratori","Salute, Igiene e Integratori",Babylino,B0DG5X7ZCY,1,40,88
"Huggies Extra Care, 66 Pannolini Taglia 4 (7-18 Kg), Pacco Scorta | Pannolini Taglia 4, Alta Assorbenza, Con Bande elastiche,",https://www.amazon.it/dp/B0C78KDYHP?tag=offertissimes-21,29.08,39.26,25.9,29.08,"Salute, Igiene e Integratori","Salute, Igiene e Integratori",Huggies,B0C78KDYHP,1,40,88
"Huggies Little Movers Taglia 6 (15-25 Kg) Pannolini 96 Pz | Pannolini mutandina Taglia 4, Doppie Fasce Laterali, Per Protezio",https://www.amazon.it/dp/B0C2J6MH9J?tag=offertissimes-21,37.79,51.02,25.9,37.79,"Salute, Igiene e Integratori","Salute, Igiene e Integratori",Huggies,B0C2J6MH9J,1,40,88
"Huggies Extra Care, 80 Pannolini, Taglia 3 (4-9Kg), Pacco Scorta | Pannolini Taglia 3, Alta Assorbenza, Con Bande elastiche,",https://www.amazon.it/dp/B08CYD6FYQ?tag=offertissimes-21,23.62,31.89,25.9,23.62,"Salute, Igiene e Integratori","Salute, Igiene e Integratori",Huggies,B08CYD6FYQ,1,40,88
"MAM Original Night Succhietto 2-6 mesi, Set da 2 ciucci, Azzurro | Si illumina al buio, Con porta ciuccio sterilizzatore, Tet",https://www.amazon.it/dp/B0CPJ9H9JT?tag=offertissimes-21,10.65,14.38,25.9,10.65,"Salute, Igiene e Integratori","Salute, Igiene e Integratori",MAM,B0CPJ9H9JT,1,40,88
"Pampers Il Salva Pigiamino 8-12 anni, Taglia L/XL (27-43 kg), 54 Pannolini | Formato Scorta, Enuresi Notturna, Protezione Dis",https://www.amazon.it/dp/B0BTPYFC1V?tag=offertissimes-21,29.36,39.64,25.9,29.36,"Salute, Igiene e Integratori","Salute, Igiene e Integratori",Pampers,B0BTPYFC1V,1,40,88
"Philips Avent Ultra Air Day & Night Ciuccio - Design ortodontico, per bambini dai 18 mesi in su, modello fluorescente, tettar",https://www.amazon.it/dp/B0FBWZQKBK?tag=offertissimes-21,16.39,22.13,25.9,16.39,"Salute, Igiene e Integratori","Salute, Igiene e Integratori",Philips,B0FBWZQKBK,1,40,88
"WaterWipes Sensitive+ On The Go Wipes, Salviette da Viaggio, 10 Confezioni | 100 salviette 3 in 1 che detergono, proteggono e",https://www.amazon.it/dp/B0DD7QY87R?tag=offertissimes-21,12.7,17.14,25.9,12.7,"Salute, Igiene e Integratori","Salute, Igiene e Integratori",WaterWipes,B0DD7QY87R,1,40,88
"Babylino Sensitive Cotton Soft Pannolini Mutandina Taglia 8, Pants XXL (19+ Kg), 14 Unità",https://www.amazon.it/dp/B0CQJ77P1B?tag=offertissimes-21,7.26,9.8,25.9,7.26,"Salute, Igiene e Integratori","Salute, Igiene e Integratori",Babylino,B0CQJ77P1B,1,40,88
CAJA Massaggiagengive Anello da dentizione Gioco da mordere | Realizzato in silicone e legno | Senza BPA | Favorisce la presa,https://www.amazon.it/dp/B0C7VXYBQ3?tag=offertissimes-21,11.9,16.07,25.9,11.9,"Salute, Igiene e Integratori","Salute, Igiene e Integratori",CAJA,B0C7VXYBQ3,1,40,88
"MAM Original Succhietto 16+ mesi, Set da 2 ciucci, Azzurro/Blu | Con porta ciuccio sterilizzatore portatile, Tettarella ortod",https://www.amazon.it/dp/B0CPJ7RPS9?tag=offertissimes-21,10.65,14.38,25.9,10.65,"Salute, Igiene e Integratori","Salute, Igiene e Integratori",MAM,B0CPJ7RPS9,1,40,88
"MAM Original Night Succhietto 16+ mesi, Set da 2 ciucci, Rosa/Giallo | Si illumina al buio, Con porta ciuccio sterilizzatore,",https://www.amazon.it/dp/B0CPJ9DRY8?tag=offertissimes-21,8.4,11.34,25.9,8.4,"Salute, Igiene e Integratori","Salute, Igiene e Integratori",MAM,B0CPJ9DRY8,1,40,88
"Pampers Sole e Luna Mut Junior, Taglia 5 (12-18 kg), 84 Pannolini Bambino | Formato Scorta, Chiusura Avvolgente, Asciutto Gio",https://www.amazon.it/dp/B0BLHYJWDP?tag=offertissimes-21,33.4,45.09,25.9,33.4,"Salute, Igiene e Integratori","Salute, Igiene e Integratori",Pampers,B0BLHYJWDP,1,40,88
"10x ARNOMED® Impacchi freddi monouso 8x13cm, impacchi freddi pronti all'uso da piegare, impacchi freddi istantanei per gonfio",https://www.amazon.it/dp/B0FL2N5BBK?tag=offertissimes-21,9.99,13.49,25.9,9.99,"Salute, Igiene e Integratori","Salute, Igiene e Integratori",10x,B0FL2N5BBK,1,40,88
"Babylino Sensitive Teli Cambio 90x60cm, Traversine letto con assorbenza extra, 14 Unità",https://www.amazon.it/dp/B0DFM5NWMD?tag=offertissimes-21,6.55,8.84,25.9,6.55,"Salute, Igiene e Integratori","Salute, Igiene e Integratori",Babylino,B0DFM5NWMD,1,40,88
"6 Pezzi Ricarica Mangiapannolini – PARPAT Ricariche Compatibili con Secchio per Angelcare, per Maialino, per Foppapedretti e",https://www.amazon.it/dp/B0F4XGDV8N?tag=offertissimes-21,24.69,33.33,25.9,24.69,"Salute, Igiene e Integratori","Salute, Igiene e Integratori",6,B0F4XGDV8N,1,40,88
"Assorbenti LINES È NOTTE con ali x54 pezzi per ciclo mestruale | l'unico assorbente con struttura in Lactifless, Assorbenza e",https://www.amazon.it/dp/B0GFWDJJWK?tag=offertissimes-21,20.37,27.5,25.9,20.37,"Salute, Igiene e Integratori","Salute, Igiene e Integratori",Assorbenti,B0GFWDJJWK,1,40,88
"Assorbenti LINES È GIORNO con ali x44 pezzi per ciclo mestruale | L'unico assorbente con struttura in Lactifless, il LINES pi",https://www.amazon.it/dp/B0B5VN4H6H?tag=offertissimes-21,21.95,29.63,25.9,21.95,"Salute, Igiene e Integratori","Salute, Igiene e Integratori",Assorbenti,B0B5VN4H6H,1,40,88
"Gyno-Canesten Inthima Cosmetic Lenitivo, Detergente Intimo, Glicina, 200 ml | Igiene Intima Quotidiana, pH Fisiologico, 12H C",https://www.amazon.it/dp/B00I98946Q?tag=offertissimes-21,3.91,5.28,25.9,3.91,"Salute, Igiene e Integratori","Salute, Igiene e Integratori",Gyno-Canesten,B00I98946Q,1,40,88
"Chilly, Salviettine Intime Lenitivo, 6 x 12 pz | Sollievo dai Fastidi Intimi, con Bisabololo Dermocalmante, pH 5, Clinicament",https://www.amazon.it/dp/B0974YPJ1K?tag=offertissimes-21,6.23,8.41,25.9,6.23,"Salute, Igiene e Integratori","Salute, Igiene e Integratori",Chilly,B0974YPJ1K,1,40,88
"Lines Specialist Lady Pants Plus, Mutande Assorbenti per Incontinenza Donna, Vita Alta, Femminili e Discreti, Zero Odore e Ba",https://www.amazon.it/dp/B01MZ2LVZ9?tag=offertissimes-21,25.0,33.75,25.9,25.0,"Salute, Igiene e Integratori","Salute, Igiene e Integratori",Lines,B01MZ2LVZ9,1,40,88
"Nuvenia Assorbenti Ultra Notte con Ali, 60 Pezzi | Maxi Scorta, 6 Confezioni da 10 Pezzi, Comfort e Protezione, Per Flussi Mo",https://www.amazon.it/dp/B0BMQSNGYY?tag=offertissimes-21,10.85,14.65,25.9,10.85,"Salute, Igiene e Integratori","Salute, Igiene e Integratori",Nuvenia,B0BMQSNGYY,1,40,88
"Lines Specialist Lady Maxi, Assorbenti per Incontinenza Donna, con Tecnologia Zero Odore e Barriere Laterali Protettive, Scor",https://www.amazon.it/dp/B0D98PMX75?tag=offertissimes-21,21.02,28.38,25.9,21.02,"Salute, Igiene e Integratori","Salute, Igiene e Integratori",Lines,B0D98PMX75,1,40,88
"Nuvenia Assorbenti Ultra Giorno con Ali, 84 Pezzi (6 Confezioni) | Maxi Scorta, 14 Assorbenti per Confezione, Ideali per Flus",https://www.amazon.it/dp/B0BMQPQJTP?tag=offertissimes-21,9.76,13.18,25.9,9.76,"Salute, Igiene e Integratori","Salute, Igiene e Integratori",Nuvenia,B0BMQPQJTP,1,40,88
"Assorbenti LINES SETA ULTRA EXTRA NOTTE con ali x10 per ciclo mestruale | extra protezione per la notte fino a 12 ore, zero o",https://www.amazon.it/dp/B0BLD8L68M?tag=offertissimes-21,7.24,9.77,25.9,7.24,"Salute, Igiene e Integratori","Salute, Igiene e Integratori",Assorbenti,B0BLD8L68M,1,40,88
"Nuvenia, Assorbente Pure Sensitive Ultra Notte con Ali, Assorbenti per Flusso Abbondante, Confezione da 48 Assorbenti",https://www.amazon.it/dp/B0893CR1Q5?tag=offertissimes-21,6.71,9.06,25.9,6.71,"Salute, Igiene e Integratori","Salute, Igiene e Integratori",Nuvenia,B0893CR1Q5,1,40,88
"Lines Assorbenti Ali Petalo Ultra, Confezione da 12",https://www.amazon.it/dp/B07Z2FX4WJ?tag=offertissimes-21,23.5,31.73,25.9,23.5,"Salute, Igiene e Integratori","Salute, Igiene e Integratori",Lines,B07Z2FX4WJ,1,40,88
"Saugella HydraSerum Detergente Intimo per Secchezza Intima, 200 ml | Con Latte d'Avena e Acido Lattico, Lenisce e Idrata, Azi",https://www.amazon.it/dp/B00KOUVHQ2?tag=offertissimes-21,12.12,16.36,25.9,12.12,"Salute, Igiene e Integratori","Salute, Igiene e Integratori",Saugella,B00KOUVHQ2,1,40,88
Assorbenti LINES COTONE by Natura Giorno con ali x48 per ciclo mestruale,https://www.amazon.it/dp/B09BFH8DDG?tag=offertissimes-21,20.07,27.09,25.9,20.07,"Salute, Igiene e Integratori","Salute, Igiene e Integratori",Assorbenti,B09BFH8DDG,1,40,88
"Saugella Uomo, Detergente Intimo Rivitalizzante Antiodore, 750 ml | Con Estratti di Elicriso e Chiodi di Garofano, pH Fisiolo",https://www.amazon.it/dp/B09121NPTM?tag=offertissimes-21,19.9,26.86,25.9,19.9,"Salute, Igiene e Integratori","Salute, Igiene e Integratori",Saugella,B09121NPTM,1,40,88
"Nuvenia Assorbenti Sottili Normal con Ali, 32 Pezzi | Superficie Morbida, Sistema Controllo Odori, Protezione e Comfort, Conf",https://www.amazon.it/dp/B08N5NMXBC?tag=offertissimes-21,14.9,20.12,25.9,14.9,"Salute, Igiene e Integratori","Salute, Igiene e Integratori",Nuvenia,B08N5NMXBC,1,40,88
"FARMA-DERMA Ginexid Schiuma detergente ginecologica 150 ml pH 4.5 | Azione Delicata, Lenitiva e Protettiva | Igiene Intima |",https://www.amazon.it/dp/B0GHSJKXCL?tag=offertissimes-21,10.36,13.99,25.9,10.36,"Salute, Igiene e Integratori","Salute, Igiene e Integratori",FARMA-DERMA,B0GHSJKXCL,1,40,88
"Saugella Cotton Touch Assorbenti Giorno con Ali, 42 Pezzi | Assorbenti in Cotone per il Giorno; Svolgono un'Azione Antibatter",https://www.amazon.it/dp/B0GJCLGWBS?tag=offertissimes-21,7.25,9.79,25.9,7.25,"Salute, Igiene e Integratori","Salute, Igiene e Integratori",Saugella,B0GJCLGWBS,1,40,88
"Naturaverde | - Detergente Intimo Lenitivo pH 3.5, 300ml | 0",https://www.amazon.it/dp/B00K0KIQWY?tag=offertissimes-21,33.84,45.68,25.9,33.84,"Salute, Igiene e Integratori","Salute, Igiene e Integratori",Naturaverde,B00K0KIQWY,1,40,88
"TENA MEN Scudi Protettivi Level 0, Pacco Scorta Mensile, 112 Pezzi | Per Perdite Urinarie Maschili, Discreti e Confortevoli,",https://www.amazon.it/dp/B06XY7X7MP?tag=offertissimes-21,19.18,25.89,25.9,19.18,"Salute, Igiene e Integratori","Salute, Igiene e Integratori",TENA,B06XY7X7MP,1,40,88
"Lines Idea Sottile Notte Anatomico Disteso, 14 assorbenti. Ideale per tutti i tipi di perdite, Assorbenti lunghi per la notte",https://www.amazon.it/dp/B00D3HSNUQ?tag=offertissimes-21,19.99,26.99,25.9,19.99,"Salute, Igiene e Integratori","Salute, Igiene e Integratori",Lines,B00D3HSNUQ,1,40,88
"Lines Specialist, Pannoloni Sagomati Assorbenti per Incontinenza Donna e Uomo, 100% Traspirante, Zero Odore, Assorbenza Alta,",https://www.amazon.it/dp/B07NR1DC56?tag=offertissimes-21,19.99,26.99,25.9,19.99,"Salute, Igiene e Integratori","Salute, Igiene e Integratori",Lines,B07NR1DC56,1,40,88
"Vagisil Lubrificante Interno a Base d'Acqua, Con Acido Ialuronico, 30 g | Sollievo immediato e prolungato dalla secchezza vag",https://www.amazon.it/dp/B06XC2VSPQ?tag=offertissimes-21,13.0,17.55,25.9,13.0,"Salute, Igiene e Integratori","Salute, Igiene e Integratori",Vagisil,B06XC2VSPQ,1,40,88
"First Days Maternity - impacchi freddi perineali 8, attivazione istantanea | completamente assorbente, perfetto per ospedale",https://www.amazon.it/dp/B0BZQ24DFL?tag=offertissimes-21,26.99,36.44,25.9,26.99,"Salute, Igiene e Integratori","Salute, Igiene e Integratori",First,B0BZQ24DFL,1,40,88
"TENA Discreet Extra Assorbenti per Perdite Femminili, 20 Pezzi | Per Donna, Discreti e Confortevoli, Assorbimento Extra per P",https://www.amazon.it/dp/B01B61PZNS?tag=offertissimes-21,5.34,7.21,25.9,5.34,"Salute, Igiene e Integratori","Salute, Igiene e Integratori",TENA,B01B61PZNS,1,40,88
"Saugella Assorbenti Cotton Touch Notte con Ali, 36 Pezzi | Assorbenti in Cotone per la Notte; Svolgono un'Azione Antibatteric",https://www.amazon.it/dp/B0GJCC6R21?tag=offertissimes-21,9.97,13.46,25.9,9.97,"Salute, Igiene e Integratori","Salute, Igiene e Integratori",Saugella,B0GJCC6R21,1,40,88
"Nuvenia Proteggi Slip Multistyle Ripiegati, 30 Pezzi | Massima Protezione, Bordi Flessibili, Salva Slip per Ogni Tipo di Inti",https://www.amazon.it/dp/B08KYZ4JZB?tag=offertissimes-21,1.69,2.28,25.9,1.69,"Salute, Igiene e Integratori","Salute, Igiene e Integratori",Nuvenia,B08KYZ4JZB,1,40,88
Bamboozy Coppetta Mestruale Con Sterilizzatore (M) - Coppette Mestruali Riutilizzabili Realizzate in Silicone Medico - Fino a,https://www.amazon.it/dp/B0CLP7DFGH?tag=offertissimes-21,27.95,37.73,25.9,27.95,"Salute, Igiene e Integratori","Salute, Igiene e Integratori",Bamboozy,B0CLP7DFGH,1,40,88
"Nuvenia Intimawear Mutandine Mestruali Cotone Biologico, Taglia M, 3 pz | Lavabili e Riutilizzabili, Giorno e Notte, Flusso M",https://www.amazon.it/dp/B0CX8Z9FBR?tag=offertissimes-21,43.18,58.29,25.9,43.18,"Salute, Igiene e Integratori","Salute, Igiene e Integratori",Nuvenia,B0CX8Z9FBR,1,40,88
"COTTON SOUND ULTRA ALI NOTTE Assorbenti con Cotone 10 Pezzi | 100% Cotone Idrofilo, ipoallergenici, dermatologicamente testat",https://www.amazon.it/dp/B09TV8PR1C?tag=offertissimes-21,2.26,3.05,25.9,2.26,"Salute, Igiene e Integratori","Salute, Igiene e Integratori",COTTON,B09TV8PR1C,1,40,88
"Clistere per Pulizia Intestino 225 ml – Peretta Rettale in Silicone Medico con 2 Cannule, Doccia Anale per Pulizia Ano e Lava",https://www.amazon.it/dp/B08BKVMBKQ?tag=offertissimes-21,9.89,13.35,25.9,9.89,"Salute, Igiene e Integratori","Salute, Igiene e Integratori",Clistere,B08BKVMBKQ,1,40,88
"Lines Specialist Protection Super, Assorbenti per Incontinenza, Cartone da 60 Pezzi",https://www.amazon.it/dp/B0CC35J6VG?tag=offertissimes-21,19.08,25.76,25.9,19.08,"Salute, Igiene e Integratori","Salute, Igiene e Integratori",Lines,B0CC35J6VG,1,40,88
"Alkagin Detergente Lenitivo per l'igiene intima a base di Malva, Tiglio e Calendula, pH leggermente alcalino, Formato 250ml",https://www.amazon.it/dp/B0156KP6DY?tag=offertissimes-21,7.99,10.79,25.9,7.99,"Salute, Igiene e Integratori","Salute, Igiene e Integratori",Alkagin,B0156KP6DY,1,40,88
Tantum Rosa Intimo Derma Det 500Ml Os,https://www.amazon.it/dp/B01FQR6X3E?tag=offertissimes-21,5.04,6.8,25.9,5.04,"Salute, Igiene e Integratori","Salute, Igiene e Integratori",Tantum,B01FQR6X3E,1,40,88
"Felce Azzurra Intimo Classico 250 ml | Detergente per igiene intima quotidiana, delicato e dermatologicamente testato",https://www.amazon.it/dp/B08GFH3CBG?tag=offertissimes-21,1.52,2.05,25.9,1.52,"Salute, Igiene e Integratori","Salute, Igiene e Integratori",Felce,B08GFH3CBG,1,40,88
"TENA Lady Super Assorbenti per Perdite Urinarie, 15 Pezzi | Per Donna, 24 Assorbenti Totali, Discreti e Confortevoli",https://www.amazon.it/dp/B0721Y66LM?tag=offertissimes-21,4.3,5.8,25.9,4.3,"Salute, Igiene e Integratori","Salute, Igiene e Integratori",TENA,B0721Y66LM,1,40,88
"Coppetta Mestruale AllMatters (Precedentemente Nota come OrganiCup) – Taglia A, per Chi Non ha Partorito per Via Vaginale, Pr",https://www.amazon.it/dp/B01KUJTSFI?tag=offertissimes-21,22.49,30.36,25.9,22.49,"Salute, Igiene e Integratori","Salute, Igiene e Integratori",Coppetta,B01KUJTSFI,1,40,88
"DERMOXEN Ovuli Vaginosi Batterica, Candida e Infezioni Batteriche 7pz | Disinfettanti Naturali per Cattivo Odore, Cistite, Va",https://www.amazon.it/dp/B07N2XTGTY?tag=offertissimes-21,15.99,21.59,25.9,15.99,"Salute, Igiene e Integratori","Salute, Igiene e Integratori",DERMOXEN,B07N2XTGTY,1,40,88
"Nuvenia Mutandine Mestruali Lavabili in Cotone Biologico, Nero, Taglia S | Lavabili e Riutilizzabili, Per Giorno e Notte, Flu",https://www.amazon.it/dp/B0D5YTT84Y?tag=offertissimes-21,18.09,24.42,25.9,18.09,"Salute, Igiene e Integratori","Salute, Igiene e Integratori",Nuvenia,B0D5YTT84Y,1,40,88
"Nuvenia Proteggi Slip Dailies Style, 36 Pezzi | Massima Protezione, Bordi Flessibili, Salva Slip per Uso Quotidiano",https://www.amazon.it/dp/B00E4KZQC4?tag=offertissimes-21,1.95,2.63,25.9,1.95,"Salute, Igiene e Integratori","Salute, Igiene e Integratori",Nuvenia,B00E4KZQC4,1,40,88
Vidermina 3-12 Detergente Intimo – 250 ml – Delicato Lenitivo e Protettivo – Per Igiene Intima Bambini 3-12 Anni – Con Panten,https://www.amazon.it/dp/B0CPHN2VG3?tag=offertissimes-21,6.21,8.38,25.9,6.21,"Salute, Igiene e Integratori","Salute, Igiene e Integratori",Vidermina,B0CPHN2VG3,1,40,88
"Enervit, Protein Snack al Cioccolato Fondente, Low Sugar, Barrette Proteiche, Per uno Spuntino Goloso e Per il Controllo del",https://www.amazon.it/dp/B0D17R9PXY?tag=offertissimes-21,7.99,10.79,25.9,7.99,"Salute, Igiene e Integratori","Salute, Igiene e Integratori",Enervit,B0D17R9PXY,1,40,88
"Bandini® Creatina Monoidrata in Polvere Pura al 100% - 300g con Dosatore | Integratore per Allenamento, Sport, Palestra e Pre",https://www.amazon.it/dp/B09X5YJQLV?tag=offertissimes-21,11.9,16.07,25.9,11.9,"Salute, Igiene e Integratori","Salute, Igiene e Integratori",Bandini,B09X5YJQLV,1,40,88
"Bulk Creatina Monoidrato Polvere, Senza aroma, 500 g | 147 porzioni, Creatina pura, Vegano e Halal, Ideale per fitness, allen",https://www.amazon.it/dp/B00SP2ZKW8?tag=offertissimes-21,15.99,21.59,25.9,15.99,"Salute, Igiene e Integratori","Salute, Igiene e Integratori",Bulk,B00SP2ZKW8,1,40,88
"Creatina Monoidrata Vegana, 3000mg per Dose (per 3 Mesi), Uomini e Donne | Pre Workout, Intra, Post Workout, 270 Creatina Com",https://www.amazon.it/dp/B0924PFYN9?tag=offertissimes-21,19.99,26.99,25.9,19.99,"Salute, Igiene e Integratori","Salute, Igiene e Integratori",Creatina,B0924PFYN9,1,40,88
"Enervit, The Protein Deal Crunchy Double Choco Storm, Barrette Proteiche, Gusto Cioccolato Fondente, 20g di Proteine, 0,1g di",https://www.amazon.it/dp/B09VLHKJ5R?tag=offertissimes-21,24.84,33.53,25.9,24.84,"Salute, Igiene e Integratori","Salute, Igiene e Integratori",Enervit,B09VLHKJ5R,1,40,88
SHEKO - Frullato sostitutivo di base - 21 frullati per barattolo - Alto contenuto proteico - Gusto naturale - Frullato dimagr,https://www.amazon.it/dp/B0FLQ9JG11?tag=offertissimes-21,29.95,40.43,25.9,29.95,"Salute, Igiene e Integratori","Salute, Igiene e Integratori",SHEKO,B0FLQ9JG11,1,40,88
"Bandini® Creatina Monoidrata 300 Compresse, Integratore da 3000mg per dose | Creatine Monohydrate Per Allenamento, Palestra e",https://www.amazon.it/dp/B0CVS8GL2S?tag=offertissimes-21,19.9,26.86,25.9,19.9,"Salute, Igiene e Integratori","Salute, Igiene e Integratori",Bandini,B0CVS8GL2S,1,40,88
"Bulk Pure Whey Proteine in Polvere, Cioccolato e Arachidi, 500g | 22g Proteine e 5g BCAA per dose, Basso contenuto di zuccher",https://www.amazon.it/dp/B00SP30Y5U?tag=offertissimes-21,38.0,51.3,25.9,38.0,"Salute, Igiene e Integratori","Salute, Igiene e Integratori",Bulk,B00SP30Y5U,1,40,88
"Enervit, Protein Cream Keto Cacao e Nocciole, Barattolo da 180gr, Crema Proteica Spalmabile, con -70% di Zuccheri, con Protei",https://www.amazon.it/dp/B0C1CVKDSK?tag=offertissimes-21,11.0,14.85,25.9,11.0,"Salute, Igiene e Integratori","Salute, Igiene e Integratori",Enervit,B0C1CVKDSK,1,40,88
"Bandini® Creatina CREAPURE® Monoidrata in Polvere Pura - Include Dosatore | Integratore per Allenamento, Sport, Palestra e Pr",https://www.amazon.it/dp/B0CNXQWX9R?tag=offertissimes-21,25.55,34.49,25.9,25.55,"Salute, Igiene e Integratori","Salute, Igiene e Integratori",Bandini,B0CNXQWX9R,1,40,88
YAMAMOTO Iso-Fuji - Proteine in Polvere Isolate Ultrafiltrate Cioccolato 700g,https://www.amazon.it/dp/B06XSNSL6G?tag=offertissimes-21,50.8,68.58,25.9,50.8,"Salute, Igiene e Integratori","Salute, Igiene e Integratori",YAMAMOTO,B06XSNSL6G,1,40,88
"Creatina Monoidrato Polvere – 1 kg (1000 g) – Extrapura | 100% vegano, con Inulina – prodotto in Germania – Creatine Monohydr",https://www.amazon.it/dp/B0G4CG5K6T?tag=offertissimes-21,17.95,24.23,25.9,17.95,"Salute, Igiene e Integratori","Salute, Igiene e Integratori",Creatina,B0G4CG5K6T,1,40,88
"GymBeam Creatina Monoidrata 100%, Polvere Altamente Solubile, Migliora le Prestazioni in Allenamenti di Alta Intensità, Ideal",https://www.amazon.it/dp/B07TC7SDJL?tag=offertissimes-21,13.95,18.83,25.9,13.95,"Salute, Igiene e Integratori","Salute, Igiene e Integratori",GymBeam,B07TC7SDJL,1,40,88
"PESOFORMA CHOCO SMOOTHIE, 20 pasti, 540 gr | Pasto sostitutivo per controllo del peso, ricco in proteine e fibre, solo 205 Ca",https://www.amazon.it/dp/B0C7RJ4VTK?tag=offertissimes-21,13.5,18.23,25.9,13.5,"Salute, Igiene e Integratori","Salute, Igiene e Integratori",PESOFORMA,B0C7RJ4VTK,1,40,88
"Enervit, Protein Bar 50% Dark Choco, Barrette Proteiche, 20g di Proteine, Low Sugar, con Vitamina D e B6, Gusto Cioccolato Fo",https://www.amazon.it/dp/B09VLHPHBT?tag=offertissimes-21,19.08,25.76,25.9,19.08,"Salute, Igiene e Integratori","Salute, Igiene e Integratori",Enervit,B09VLHPHBT,1,40,88
"Acutil Fosforo Advance, Integratore Alimentare con Vitamina B6, L-Asparagina, Fosfoserina e L-Glutammina, Contribuisce a Rima",https://www.amazon.it/dp/B00D3HWW7Q?tag=offertissimes-21,15.4,20.79,25.9,15.4,"Salute, Igiene e Integratori","Salute, Igiene e Integratori",Acutil,B00D3HWW7Q,1,40,88
"Grenade Protein Bars gusto OREO, 12 x 60 g | Barrette Alte di Proteine a Basso Contenuto di Zuccheri, Oltre 21g di Proteine e",https://www.amazon.it/dp/B0BS49D1G5?tag=offertissimes-21,42.91,57.93,25.9,42.91,"Salute, Igiene e Integratori","Salute, Igiene e Integratori",Grenade,B0BS49D1G5,1,40,88
Bromelina 5000 Gdu Con Tarassaco Fino a 4 mesi di fornitura 120 Compresse - ImmunoSTRONG,https://www.amazon.it/dp/B0CW1P1CV5?tag=offertissimes-21,15.94,21.52,25.9,15.94,"Salute, Igiene e Integratori","Salute, Igiene e Integratori",Bromelina,B0CW1P1CV5,1,40,88
"Bandini® Creatina CREAPURE® Monoidrata 240 Compresse - Integratore per Allenamento, Sport, Palestra e Pre Workout - Micronizz",https://www.amazon.it/dp/B0DT12W2ZK?tag=offertissimes-21,26.5,35.78,25.9,26.5,"Salute, Igiene e Integratori","Salute, Igiene e Integratori",Bandini,B0DT12W2ZK,1,40,88
"GymBeam Just Whey, Proteine in Polvere Multicomponente da Siero di Latte, Whey Protein, Concentrato e Idrolizzato, 22,4g Prot",https://www.amazon.it/dp/B07BWLLYBM?tag=offertissimes-21,39.95,53.93,25.9,39.95,"Salute, Igiene e Integratori","Salute, Igiene e Integratori",GymBeam,B07BWLLYBM,1,40,88
"ESI - Le Dieci Erbe, Integratore Alimentare Vegetale con Tarassaco, Lassativo Naturale Contro Stitichezza, Costipazione e Fla",https://www.amazon.it/dp/B00D3HYYOK?tag=offertissimes-21,13.9,18.77,25.9,13.9,"Salute, Igiene e Integratori","Salute, Igiene e Integratori",ESI,B00D3HYYOK,1,40,88
"YAMAMOTO NUTRITION, CreaPOWDER 500 gr, Integratore Alimentare di Creatina Monoidrato in Polvere, Integratore per Sportivi Aum",https://www.amazon.it/dp/B0C37P65F4?tag=offertissimes-21,39.9,53.87,25.9,39.9,"Salute, Igiene e Integratori","Salute, Igiene e Integratori",YAMAMOTO,B0C37P65F4,1,40,88
"Creatina Monoidrata in Polvere da 1kg, Formula 100% Pura e Vegana, 3000mg | 330 Dosi, Fattore di Maglia 200, Creatina in Polv",https://www.amazon.it/dp/B0CF28WQH3?tag=offertissimes-21,19.99,26.99,25.9,19.99,"Salute, Igiene e Integratori","Salute, Igiene e Integratori",Creatina,B0CF28WQH3,1,40,88
"Enervit, Gel Energetico con Vitamine, Confezione Assortita da 20 Gel, 20g di Carboidrati, Adatti Durante Attività Sportiva di",https://www.amazon.it/dp/B0C5CZN4J8?tag=offertissimes-21,43.0,58.05,25.9,43.0,"Salute, Igiene e Integratori","Salute, Igiene e Integratori",Enervit,B0C5CZN4J8,1,40,88
Creatina Creapure® Monoidrata 240 compresse | Creatina Solubile in acqua |Creatina Creapure pura 3000mg per dose | Senza Addi,https://www.amazon.it/dp/B09Z6W2WSD?tag=offertissimes-21,28.9,39.02,25.9,28.9,"Salute, Igiene e Integratori","Salute, Igiene e Integratori",Creatina,B09Z6W2WSD,1,40,88
Optimum Nutrition Gold Standard 100% Whey Proteine in polvere per lo Sviluppo e il Recupero Muscolare con Glutammina e Aminoa,https://www.amazon.it/dp/B000GISTZ4?tag=offertissimes-21,63.48,85.7,25.9,63.48,"Salute, Igiene e Integratori","Salute, Igiene e Integratori",Optimum,B000GISTZ4,1,40,88
"Bisolvon Duo Pocket Sciroppo Tosse Secca e Grassa, 12 Bustine | Sciroppo per Adulti e Bambini 6+, Senza Glutine, Senza Lattos",https://www.amazon.it/dp/B0CFVWKM7K?tag=offertissimes-21,9.88,13.34,25.9,9.88,"Salute, Igiene e Integratori","Salute, Igiene e Integratori",Bisolvon,B0CFVWKM7K,1,40,88
"Enervit, Protein Snack Keto Coco Choco Almond, -70% di Zuccheri, Ricco in Proteine, Per il Controllo del Peso, Indicato per l",https://www.amazon.it/dp/B0CVQR87YM?tag=offertissimes-21,15.99,21.59,25.9,15.99,"Salute, Igiene e Integratori","Salute, Igiene e Integratori",Enervit,B0CVQR87YM,1,40,88
"LALEA Glicina Polvere 500g – Amminoacido Glicina Pura al 100% – Componente del Collagene – Vegano, Senza Additivi, Altamente",https://www.amazon.it/dp/B0GP41YH62?tag=offertissimes-21,9.99,13.49,25.9,9.99,"Salute, Igiene e Integratori","Salute, Igiene e Integratori",LALEA,B0GP41YH62,1,40,88
"Weider Vegan Protein (750g) Gusto Cioccolato, 21g/dose Proteine 100% Vegane | di Piselli (isolato Pisane) e Riso, con Vitamin",https://www.amazon.it/dp/B0BW4D3QZT?tag=offertissimes-21,67.72,91.42,25.9,67.72,"Salute, Igiene e Integratori","Salute, Igiene e Integratori",Weider,B0BW4D3QZT,1,40,88
Prozis Creatina Creapure 300 gr - multi gusti (natural),https://www.amazon.it/dp/B0BBDJNS5P?tag=offertissimes-21,30.98,41.82,25.9,30.98,"Salute, Igiene e Integratori","Salute, Igiene e Integratori",Prozis,B0BBDJNS5P,1,40,88
"NAC N-Acetil-Cisteina Vegana, 600mg per Dose, 180 Capsule, per 6 Mesi | 1 Sola Capsula al Giorno, N Acetilcisteina 600 mg, In",https://www.amazon.it/dp/B091FT9L27?tag=offertissimes-21,18.99,25.64,25.9,18.99,"Salute, Igiene e Integratori","Salute, Igiene e Integratori",NAC,B091FT9L27,1,40,88
"Foodelis Creatina Monoidrato Micronizzata in Polvere 1 kg, 333 Dosi | 100% Creatina Monoidrato | Senza Sapore | Alta Solubili",https://www.amazon.it/dp/B0BGJC5GZ1?tag=offertissimes-21,18.95,25.58,25.9,18.95,"Salute, Igiene e Integratori","Salute, Igiene e Integratori",Foodelis,B0BGJC5GZ1,1,40,88
"Protein Works | Vegan Protein 360 - Gold, Cioccolato Morbido, 1kg | Proteine Vegane, Multi-Proteica, Shake a Basso Contenuto",https://www.amazon.it/dp/B01N1MZFER?tag=offertissimes-21,39.14,52.84,25.9,39.14,"Salute, Igiene e Integratori","Salute, Igiene e Integratori",Protein,B01N1MZFER,1,40,88
"SPIRULINA BIO PURA 1500 mg | 540 Compresse | 6 Mesi di Scorta | Nutrimea | 100% Naturale | Ricca di Proteine, Ficocianina, Vi",https://www.amazon.it/dp/B01AJXVDI0?tag=offertissimes-21,26.9,36.31,25.9,26.9,"Salute, Igiene e Integratori","Salute, Igiene e Integratori",SPIRULINA,B01AJXVDI0,1,40,88
"Creatina Monoidrata in 90 Gommose Vegane, 5000mg per Dose, Senza Zucchero | Per Uomini e Donne, Gommose Creatina Monoidrato a",https://www.amazon.it/dp/B0CTVQVDMG?tag=offertissimes-21,21.99,29.69,25.9,21.99,"Salute, Igiene e Integratori","Salute, Igiene e Integratori",Creatina,B0CTVQVDMG,1,40,88
Bcaa 8:1:1 integratore alimentare di aminoacidi a catena ramificata con vitamine B1 e B6 200 compresse,https://www.amazon.it/dp/B074V4PMRZ?tag=offertissimes-21,17.49,23.61,25.9,17.49,"Salute, Igiene e Integratori","Salute, Igiene e Integratori",Bcaa,B074V4PMRZ,1,40,88
"Kijimea Colon Irritable Pro 14 Cap, 1 unità, 1",https://www.amazon.it/dp/B07XCJH3LJ?tag=offertissimes-21,18.9,25.52,25.9,18.9,"Salute, Igiene e Integratori","Salute, Igiene e Integratori",Kijimea,B07XCJH3LJ,1,40,88
Ensure Plus Advance Supplemento Nutrizionale Ipercalorico ed Iperproteico |Formato bevanda| Alimento a fini medici speciali i,https://www.amazon.it/dp/B01G7X36GS?tag=offertissimes-21,18.34,24.76,25.9,18.34,"Salute, Igiene e Integratori","Salute, Igiene e Integratori",Ensure,B01G7X36GS,1,40,88
"Enervit Protein Cream Keto Caramello Salato, -70% di Zuccheri, Crema Proteica Spalmabile Per una Colazione Golosa e Saziante,",https://www.amazon.it/dp/B0FZC2YMXD?tag=offertissimes-21,5.49,7.41,25.9,5.49,"Salute, Igiene e Integratori","Salute, Igiene e Integratori",Enervit,B0FZC2YMXD,1,40,88
Premier Protein - High Protein Bar 50% - Multiflavourbox - 20x40g | Alto contenuto di proteine e basso contenuto di zuccheri,https://www.amazon.it/dp/B0D7MT19S5?tag=offertissimes-21,24.62,33.24,25.9,24.62,"Salute, Igiene e Integratori","Salute, Igiene e Integratori",Premier,B0D7MT19S5,1,40,88
"GymBeam Proteine in Polvere True Whey, Concentrato di Proteine del Siero del Latte (WPC), Proteine Whey di Alta Qualità, BCAA",https://www.amazon.it/dp/B07T7NM12W?tag=offertissimes-21,58.46,78.92,25.9,58.46,"Salute, Igiene e Integratori","Salute, Igiene e Integratori",GymBeam,B07T7NM12W,1,40,88
"Optimum Nutrition Gold Standard 100% Whey Proteine Isolate in Polvere | Cioccolato, 930g, 31 Porzioni, BCAAs e Glutammina, Pr",https://www.amazon.it/dp/B07R16QQY8?tag=offertissimes-21,65.89,88.95,25.9,65.89,"Salute, Igiene e Integratori","Salute, Igiene e Integratori",Optimum,B07R16QQY8,1,40,88
"PROLABS – Proteine in Polvere WHEY ISO, Proteine Isolate e Idrolizzate Pure, Whey Protein Powder + Aminoacidi e Vitamina B6 -",https://www.amazon.it/dp/B0B6WG6RLR?tag=offertissimes-21,53.8,72.63,25.9,53.8,"Salute, Igiene e Integratori","Salute, Igiene e Integratori",PROLABS,B0B6WG6RLR,1,40,88
GlycoBol® integratore alimentare a base di ciclodestrine altamente ramificate Cluster Dextrin 500 g Arancia,https://www.amazon.it/dp/B01I8K2JTI?tag=offertissimes-21,22.32,30.13,25.9,22.32,"Salute, Igiene e Integratori","Salute, Igiene e Integratori",GlycoBol,B01I8K2JTI,1,40,88
"Creatina Anderson Monoidrata Pura, 500 g, Vegana, Absolute Series | Creatina in Polvere, Senza OGM né Allergeni, Misurino Inc",https://www.amazon.it/dp/B08HSCLWTT?tag=offertissimes-21,26.18,35.34,25.9,26.18,"Salute, Igiene e Integratori","Salute, Igiene e Integratori",Creatina,B08HSCLWTT,1,40,88
"Enervit Protein Pasto Crunchy Dark, Barretta Proteica Sostitutiva del Pasto, Gusto Cioccolato Fondente, Per il Controllo del",https://www.amazon.it/dp/B0CWSHZSLX?tag=offertissimes-21,11.83,15.97,25.9,11.83,"Salute, Igiene e Integratori","Salute, Igiene e Integratori",Enervit,B0CWSHZSLX,1,40,88
"Warrior Creatina Monoidrata Polvere 300 g, Vegana – Senza Aroma (Neutro) | 3 g per porzione, 100 porzioni, micronizzata, senz",https://www.amazon.it/dp/B01F94TFZW?tag=offertissimes-21,9.99,13.49,25.9,9.99,"Salute, Igiene e Integratori","Salute, Igiene e Integratori",Warrior,B01F94TFZW,1,40,88
NAC N-Acetil-Cisteina 600 mg | 180 Capsule | 6 Mesi di Fornitura | N Acetilcisteina in Polvere in Capsule Apribili e Facili d,https://www.amazon.it/dp/B0CQ5JZXL3?tag=offertissimes-21,9.99,13.49,25.9,9.99,"Salute, Igiene e Integratori","Salute, Igiene e Integratori",NAC,B0CQ5JZXL3,1,40,88
"Bears with Benefits - Aceto di Mele e Vitamina B12 - Digestione - 30 pezzi | Happy Belly Debloat - Aceto di Mele, Vitamina B1",https://www.amazon.it/dp/B0FP5LLWFL?tag=offertissimes-21,19.9,26.86,25.9,19.9,"Salute, Igiene e Integratori","Salute, Igiene e Integratori",Bears,B0FP5LLWFL,1,40,88
"SofLens Daily Disposable Lenti a Contatto Correttive Giornaliere, -2.75 D | Bausch + Lomb, Lenti a Contatto Giornaliere Sferi",https://www.amazon.it/dp/B0050XMHJO?tag=offertissimes-21,12.49,16.86,25.9,12.49,"Salute, Igiene e Integratori","Salute, Igiene e Integratori",SofLens,B0050XMHJO,1,40,88
"SofLens 59 Lenti a Contatto Correttive Mensili 6 Lenti, -3.50 D | Bausch + Lomb, Lenti a Contatto Mensili Sferiche, CB 8.6 mm",https://www.amazon.it/dp/B004LHGJ5S?tag=offertissimes-21,12.98,17.52,25.9,12.98,"Salute, Igiene e Integratori","Salute, Igiene e Integratori",SofLens,B004LHGJ5S,1,40,88
"Air Optix Plus HydraGlyde Lenti a Contatto Mensili, 3 Lenti, BC 8.6 mm, DIA 14.2 mm, -2 Diopt",https://www.amazon.it/dp/B01GOH33KQ?tag=offertissimes-21,14.99,20.24,25.9,14.99,"Salute, Igiene e Integratori","Salute, Igiene e Integratori",Air,B01GOH33KQ,1,40,88
PRECISION1 lenti a contatto giornaliere | 30 pz | -03.00 dpt | Lenti a contatto con tecnologie Smartsurface: Affronata la tua,https://www.amazon.it/dp/B08W5DFVJ6?tag=offertissimes-21,18.99,25.64,25.9,18.99,"Salute, Igiene e Integratori","Salute, Igiene e Integratori",PRECISION1,B08W5DFVJ6,1,40,88
"Healthcare by Amazon Soluzione tutto-in-uno per lenti a contatto morbide – Bio-tollerabile per occhi sensibili, 2 x 250 ml (c",https://www.amazon.it/dp/B0C49XHRRY?tag=offertissimes-21,4.92,6.64,25.9,4.92,"Salute, Igiene e Integratori","Salute, Igiene e Integratori",Healthcare,B0C49XHRRY,1,40,88
Dailies AquaComfort Plus lenti a contatto giornaliere | 90 pz | -02.75 dpt | Lenti a contatto morbide. Una sensazione di fres,https://www.amazon.it/dp/B002Y0SIEY?tag=offertissimes-21,37.99,51.29,25.9,37.99,"Salute, Igiene e Integratori","Salute, Igiene e Integratori",Dailies,B002Y0SIEY,1,40,88
"ACUVUE OASYS 1-Day con tecnologia HydraLuxe, Lenti a contatto giornaliere; Visione chiara e nitida e comfort elevato; Protezi",https://www.amazon.it/dp/B01MZDDW50?tag=offertissimes-21,23.48,31.7,25.9,23.48,"Salute, Igiene e Integratori","Salute, Igiene e Integratori",ACUVUE,B01MZDDW50,1,40,88
"Contacta, Solution, Soluzione Unica per Lenti a Contatto, Favorisce Idratazione delle Lenti a Contatto, Deterge, Rinfresca e",https://www.amazon.it/dp/B01M1HQDLY?tag=offertissimes-21,7.62,10.29,25.9,7.62,"Salute, Igiene e Integratori","Salute, Igiene e Integratori",Contacta,B01M1HQDLY,1,40,88
"Biotrue ONEday Lenti a Contatto Correttive Giornaliere 30 Lenti -2.00 D | Bausch + Lomb, Lenti a Contatto Giornaliere Sferich",https://www.amazon.it/dp/B00EALB03G?tag=offertissimes-21,16.99,22.94,25.9,16.99,"Salute, Igiene e Integratori","Salute, Igiene e Integratori",Biotrue,B00EALB03G,1,40,88
ZXYOO Occhiali da lettura da uomo 3 paia Stile sportivo Comodi e flessibili Lettori di blocco della luce blu per uomo,https://www.amazon.it/dp/B0D9K42W1G?tag=offertissimes-21,10.99,14.84,25.9,10.99,"Salute, Igiene e Integratori","Salute, Igiene e Integratori",ZXYOO,B0D9K42W1G,1,40,88
ACUVUE OASYS con tecnologia HYDRACLEAR PLUS - Lenti a contatto quindicinali - Protezione UV;-3.50 diottrie; BC 8.4; DIA 14.00,https://www.amazon.it/dp/B000TQ9PCY?tag=offertissimes-21,18.48,24.95,25.9,18.48,"Salute, Igiene e Integratori","Salute, Igiene e Integratori",ACUVUE,B000TQ9PCY,1,40,88
"Bepanthenol Collirio, Lacrime Artificiali Occhi Secchi, Ialuronico, 10ml | Acido Ialuronico 0,15% e Pantenolo, Sollievo Occhi",https://www.amazon.it/dp/B0GX2NRL5Y?tag=offertissimes-21,10.38,14.01,25.9,10.38,"Salute, Igiene e Integratori","Salute, Igiene e Integratori",Bepanthenol,B0GX2NRL5Y,1,40,88
"Biotrue Soluzione Unica per Lenti a Contatto Morbide, 1 x 300 ml | Bausch + Lomb, Pulisce, Disinfetta, Risciacqua, Conserva,",https://www.amazon.it/dp/B00AHGDRI4?tag=offertissimes-21,7.78,10.5,25.9,7.78,"Salute, Igiene e Integratori","Salute, Igiene e Integratori",Biotrue,B00AHGDRI4,1,40,88
"AlovisGel Liquid-Gel 3in1 - Collirio Sterile Lubrificante, Idratante, Rinfrescante per Occhi Secchi. Con Acido ialuronico ed",https://www.amazon.it/dp/B01NAHCY9T?tag=offertissimes-21,10.95,14.78,25.9,10.95,"Salute, Igiene e Integratori","Salute, Igiene e Integratori",AlovisGel,B01NAHCY9T,1,40,88
ZENOTTIC Occhiali da Lettura Presbiopia Anti Luce Blu con Lenti Antiriflesso Uomo e Donna Leggero Telaio Rotondo Vintage Occh,https://www.amazon.it/dp/B07QLQMS5G?tag=offertissimes-21,14.99,20.24,25.9,14.99,"Salute, Igiene e Integratori","Salute, Igiene e Integratori",ZENOTTIC,B07QLQMS5G,1,40,88
Funnylens Lenti a contatto colorate Lunatic Bianche Zombie Vampiro morbide comode da indossare e ideali per Halloween o Carne,https://www.amazon.it/dp/B01LSFKYWE?tag=offertissimes-21,9.99,13.49,25.9,9.99,"Salute, Igiene e Integratori","Salute, Igiene e Integratori",Funnylens,B01LSFKYWE,1,40,88
Dailies AquaComfort Plus lenti a contatto giornaliere | 90 pz | -02.50 dpt | Lenti a contatto morbide. Una sensazione di fres,https://www.amazon.it/dp/B002Y0MRNM?tag=offertissimes-21,37.99,51.29,25.9,37.99,"Salute, Igiene e Integratori","Salute, Igiene e Integratori",Dailies,B002Y0MRNM,1,40,88
ZXYOO Occhiali da lettura da donna alla moda con blocco della luce blu e cerniere a molla,https://www.amazon.it/dp/B0DJVHLDM2?tag=offertissimes-21,11.99,16.19,25.9,11.99,"Salute, Igiene e Integratori","Salute, Igiene e Integratori",ZXYOO,B0DJVHLDM2,1,40,88
Hubeye 5 Paia Occhiali da lettura Sportivo da Uomo e Donna Lettore Ultraleggero Quadrato Confortevole Flessibile Occhiali Ant,https://www.amazon.it/dp/B0D95PSJNJ?tag=offertissimes-21,9.99,13.49,25.9,9.99,"Salute, Igiene e Integratori","Salute, Igiene e Integratori",Hubeye,B0D95PSJNJ,1,40,88
CISBANI PHARMA Collirio Idratante Occhi Secchi 10 ml con Acido ialuronico | Gocce oculari Anti Rossore in Soluzione Salina co,https://www.amazon.it/dp/B0C7VMJLSL?tag=offertissimes-21,11.99,16.19,25.9,11.99,"Salute, Igiene e Integratori","Salute, Igiene e Integratori",CISBANI,B0C7VMJLSL,1,40,88
"Easy Day Drops 3in1 - Collirio Sterile Idratante, Rinfrescante, Umettante. Con Acido ialuronico. Ideale per lenti a contatto",https://www.amazon.it/dp/B09MS7PNLH?tag=offertissimes-21,11.54,15.58,25.9,11.54,"Salute, Igiene e Integratori","Salute, Igiene e Integratori",Easy,B09MS7PNLH,1,40,88
"Bulk Maltodestrine, 2.5kg | 50 porzioni",https://www.amazon.it/dp/B00SP30CH0?tag=offertissimes-21,13.99,18.89,25.9,13.99,"Salute, Igiene e Integratori","Salute, Igiene e Integratori",Bulk,B00SP30CH0,1,40,88
"Fidia Farmaceutici Blu Gel A Free - Soluzione Oftalmica Isotonica Sterile con Acido Ialuronico, Sale Sodico e Aminoacidi, Fla",https://www.amazon.it/dp/B09W35G3P7?tag=offertissimes-21,14.02,18.93,25.9,14.02,"Salute, Igiene e Integratori","Salute, Igiene e Integratori",Fidia,B09W35G3P7,1,40,88
"Kodilin Occhiali da Lettura Donna Anti Luce Blu Cat Eye Occhiali per PC con Cerniera a Molla, 1.0 Rosa",https://www.amazon.it/dp/B0C7V9KQRY?tag=offertissimes-21,8.59,11.6,25.9,8.59,"Salute, Igiene e Integratori","Salute, Igiene e Integratori",Kodilin,B0C7V9KQRY,1,40,88
ContactVis 15 Lenti A Contatto monouso Giornaliere per la correzione della miopia,https://www.amazon.it/dp/B08WBJXM8S?tag=offertissimes-21,12.2,16.47,25.9,12.2,"Salute, Igiene e Integratori","Salute, Igiene e Integratori",ContactVis,B08WBJXM8S,1,40,88
Dailies Total Lenti a contatto giornaliere | 30 pz | -02.50 dpt | Le prime e uniche lenti giornaliere con quasi il 100% di ac,https://www.amazon.it/dp/B00FN36VOS?tag=offertissimes-21,21.48,29.0,25.9,21.48,"Salute, Igiene e Integratori","Salute, Igiene e Integratori",Dailies,B00FN36VOS,1,40,88
PRECISION1 lenti a contatto giornaliere | 30 pz | -02.50 dpt | Lenti a contatto con tecnologie Smartsurface: Affronata la tua,https://www.amazon.it/dp/B08W5D77JN?tag=offertissimes-21,18.99,25.64,25.9,18.99,"Salute, Igiene e Integratori","Salute, Igiene e Integratori",PRECISION1,B08W5D77JN,1,40,88
"ACUVUE OASYS MAX 1-Day, lenti a contatto giornaliere; Comfort tutto il giorno e visione nitida, filtrano la maggior parte del",https://www.amazon.it/dp/B08LSYPPDJ?tag=offertissimes-21,32.88,44.39,25.9,32.88,"Salute, Igiene e Integratori","Salute, Igiene e Integratori",ACUVUE,B08LSYPPDJ,1,40,88
JOLISU 5PCS Occhiali da lettura da uomo - Luce blu che blocca i lettori di computer in metallo con montatura sottile per uomo,https://www.amazon.it/dp/B0D5GNLY47?tag=offertissimes-21,21.99,29.69,25.9,21.99,"Salute, Igiene e Integratori","Salute, Igiene e Integratori",JOLISU,B0D5GNLY47,1,40,88
OPULIZE NYX Occhiali luce blu donna e uomo - Occhiali da lettura Antibagliore - Occhiali per computer - Protezione UV - Retta,https://www.amazon.it/dp/B0F4RMC8N1?tag=offertissimes-21,13.95,18.83,25.9,13.95,"Salute, Igiene e Integratori","Salute, Igiene e Integratori",OPULIZE,B0F4RMC8N1,1,40,88
Dailies AquaComfort Plus lenti a contatto giornaliere | 30 pz | -02.00 dpt | Lenti a contatto morbide. Una sensazione di fres,https://www.amazon.it/dp/B0017J2CQI?tag=offertissimes-21,15.38,20.76,25.9,15.38,"Salute, Igiene e Integratori","Salute, Igiene e Integratori",Dailies,B0017J2CQI,1,40,88
"OPULIZE Ink 5 Pacco Occhiali Da Lettura Grande Nero Grigio Rosso Uomo Donna Cerniere Molla RRRRR4-1177Z +2,00",https://www.amazon.it/dp/B083JTQQ7S?tag=offertissimes-21,15.45,20.86,25.9,15.45,"Salute, Igiene e Integratori","Salute, Igiene e Integratori",OPULIZE,B083JTQQ7S,1,40,88
"Zippo Occhiali da Lettura, Realizzati con Montatura dalle Linee Morbide, Ideale per Uomo e Donna",https://www.amazon.it/dp/B0B71K9LVQ?tag=offertissimes-21,7.48,10.1,25.9,7.48,"Salute, Igiene e Integratori","Salute, Igiene e Integratori",Zippo,B0B71K9LVQ,1,40,88
Freshlook One-Day lenti a contatto mensili | Green | 10 pz | -00.00 dpt | Lenti a contatto giornaliere morbide e colorate per,https://www.amazon.it/dp/B000VVUPPI?tag=offertissimes-21,12.99,17.54,25.9,12.99,"Salute, Igiene e Integratori","Salute, Igiene e Integratori",Freshlook,B000VVUPPI,1,40,88
"Boston Simplus Soluzione Unica per Lenti a Contatto Rigide, 1 x 120 ml | Bausch + Lomb, per Lenti a Contatto Rigide, Pulisce,",https://www.amazon.it/dp/B07QW88Z6H?tag=offertissimes-21,8.49,11.46,25.9,8.49,"Salute, Igiene e Integratori","Salute, Igiene e Integratori",Boston,B07QW88Z6H,1,40,88
"Boston Detergente Soluzione per Lenti a Contatto Rigide, 1 x 30 ml | Bausch + Lomb, per Lenti a Contatto Rigide, Pulisce, Rim",https://www.amazon.it/dp/B007UIVH52?tag=offertissimes-21,9.21,12.43,25.9,9.21,"Salute, Igiene e Integratori","Salute, Igiene e Integratori",Boston,B007UIVH52,1,40,88
Dailies Total Lenti a contatto giornaliere | 30 pz | -02.00 dpt | Le prime e uniche lenti giornaliere con quasi il 100% di ac,https://www.amazon.it/dp/B007Q4HKXS?tag=offertissimes-21,21.48,29.0,25.9,21.48,"Salute, Igiene e Integratori","Salute, Igiene e Integratori",Dailies,B007Q4HKXS,1,40,88
Meralens Lenti a Contatto Colorate Lupo Rossa rosse Flower Lenses - con porta lenti a contatto - lentes ideali per Costume Ma,https://www.amazon.it/dp/B07NGVRYWX?tag=offertissimes-21,11.99,16.19,25.9,11.99,"Salute, Igiene e Integratori","Salute, Igiene e Integratori",Meralens,B07NGVRYWX,1,40,88
"Pemag 2 Plus Soluzione Unica per Lenti a Contatto - 500ml | Bausch + Lomb, Pulisce, Disinfetta, Risciacqua e Conserva, Portal",https://www.amazon.it/dp/B00A7X1GKS?tag=offertissimes-21,6.55,8.84,25.9,6.55,"Salute, Igiene e Integratori","Salute, Igiene e Integratori",Pemag,B00A7X1GKS,1,40,88
VitaResearch Disinfettante per Lenti a Contatto Regard BIPACK 2x355 ml,https://www.amazon.it/dp/B002VKH7U8?tag=offertissimes-21,24.45,33.01,25.9,24.45,"Salute, Igiene e Integratori","Salute, Igiene e Integratori",VitaResearch,B002VKH7U8,1,40,88
PRECISION1 lenti a contatto giornaliere | 30 pz | -02.00 dpt | Lenti a contatto con tecnologie Smartsurface: Affronata la tua,https://www.amazon.it/dp/B08W5DB4C8?tag=offertissimes-21,21.45,28.96,25.9,21.45,"Salute, Igiene e Integratori","Salute, Igiene e Integratori",PRECISION1,B08W5DB4C8,1,40,88
Horus X • Occhiali Luce Blu Uomo Donna | Occhiali Anti Luce Blu | Anti Affaticamento Emicrania Oculare | Occhiali Gaming V3,https://www.amazon.it/dp/B09F9BYG34?tag=offertissimes-21,39.9,53.87,25.9,39.9,"Salute, Igiene e Integratori","Salute, Igiene e Integratori",Horus,B09F9BYG34,1,40,88
PRECISION1 lenti a contatto giornaliere | 30 pz | -01.50 dpt | Lenti a contatto con tecnologie Smartsurface: Affronata la tua,https://www.amazon.it/dp/B08W5F6GL4?tag=offertissimes-21,21.45,28.96,25.9,21.45,"Salute, Igiene e Integratori","Salute, Igiene e Integratori",PRECISION1,B08W5F6GL4,1,40,88
Dailies Total Lenti a contatto giornaliere | 30 pz | -03.00 dpt | Le prime e uniche lenti giornaliere con quasi il 100% di ac,https://www.amazon.it/dp/B007Q4HK5G?tag=offertissimes-21,21.48,29.0,25.9,21.48,"Salute, Igiene e Integratori","Salute, Igiene e Integratori",Dailies,B007Q4HK5G,1,40,88
Meralens Lenti a Contatto Colorate White Out Bianco - Heroes Of Cosplay - ideali per Manga Anime Sharingan Halloween – Lenti,https://www.amazon.it/dp/B0CRZ8PK7S?tag=offertissimes-21,9.99,13.49,25.9,9.99,"Salute, Igiene e Integratori","Salute, Igiene e Integratori",Meralens,B0CRZ8PK7S,1,40,88
Dailies Total Lenti a contatto giornaliere | 90 pz | -03.00 dpt | Le prime e uniche lenti giornaliere con quasi il 100% di ac,https://www.amazon.it/dp/B007RHBMA6?tag=offertissimes-21,61.48,83.0,25.9,61.48,"Salute, Igiene e Integratori","Salute, Igiene e Integratori",Dailies,B007RHBMA6,1,40,88
Acuvue 1-DAY Acuvue MOIST con tecnologia LACREON; Lenti a contatto giornaliere; Protezione UV;-3.50 diottrie; BC 8.5; DIA 14.,https://www.amazon.it/dp/B000TQF82A?tag=offertissimes-21,17.49,23.61,25.9,17.49,"Salute, Igiene e Integratori","Salute, Igiene e Integratori",Acuvue,B000TQF82A,1,40,88
"ZXYOO 3 Paia Occhiali da Lettura Uomo con Filtro Luce Blu, Montatura Oversize Quadrata Grande",https://www.amazon.it/dp/B0FNMVFMPV?tag=offertissimes-21,14.99,20.24,25.9,14.99,"Salute, Igiene e Integratori","Salute, Igiene e Integratori",ZXYOO,B0FNMVFMPV,1,40,88
Easy Day Salina - Bipack 2 x 360 ml,https://www.amazon.it/dp/B09CHHWHMZ?tag=offertissimes-21,9.99,13.49,25.9,9.99,"Salute, Igiene e Integratori","Salute, Igiene e Integratori",Easy,B09CHHWHMZ,1,40,88
"OMRON X2 Essential Misuratore di pressione da braccio,Clinicamente validato | Misuratore di pressione arteriosa per uso quoti",https://www.amazon.it/dp/B0F9X3BYG9?tag=offertissimes-21,25.4,34.29,25.9,25.4,"Salute, Igiene e Integratori","Salute, Igiene e Integratori",OMRON,B0F9X3BYG9,1,40,88
"Esoxx One Dispositivo Medico - Reflusso Gastro-Esofageo 20 Bustine | Azione Meccanica, Riduce Rapidamente i Sintomi, Orosolub",https://www.amazon.it/dp/B06XH4JRJW?tag=offertissimes-21,15.45,20.86,25.9,15.45,"Salute, Igiene e Integratori","Salute, Igiene e Integratori",Esoxx,B06XH4JRJW,1,40,88
"RENPHO Bilancia Pesapersone Digitale, Bilancia Impedenziometrica, 180 kg | Bilancia Smart in Vetro TemperatoDotata di 13 Misu",https://www.amazon.it/dp/B01N1UX8RW?tag=offertissimes-21,24.58,33.18,25.9,24.58,"Salute, Igiene e Integratori","Salute, Igiene e Integratori",RENPHO,B01N1UX8RW,1,40,88
"SofLens Daily Disposable Lenti a Contatto Correttive Giornaliere, -3.50 D | Bausch + Lomb, Lenti a Contatto Giornaliere Sferi",https://www.amazon.it/dp/B0018CTO9M?tag=offertissimes-21,12.49,16.86,25.9,12.49,"Salute, Igiene e Integratori","Salute, Igiene e Integratori",SofLens,B0018CTO9M,1,40,88
"NativoDex Cavigliera Sportiva per Distorsione, Tutore Ortopedico | Fascia Elastica Regolabile con Straps · Ideale per Calcio",https://www.amazon.it/dp/B0CZTTRSTV?tag=offertissimes-21,16.99,22.94,25.9,16.99,"Salute, Igiene e Integratori","Salute, Igiene e Integratori",NativoDex,B0CZTTRSTV,1,40,88
"Sinocare Misuratore di Pressione da Braccio (22-42cm) con Indicatore di Rischio, Monitoraggio Domestico dell'Ipertensione, Mo",https://www.amazon.it/dp/B0DFLY85FK?tag=offertissimes-21,21.99,29.69,25.9,21.99,"Salute, Igiene e Integratori","Salute, Igiene e Integratori",Sinocare,B0DFLY85FK,1,40,88
Braun IRT6520 ThermoScan 7 Age Precision Termometro Auricolare a Infrarossi,https://www.amazon.it/dp/B00NVMIO02?tag=offertissimes-21,57.28,77.33,25.9,57.28,"Salute, Igiene e Integratori","Salute, Igiene e Integratori",Braun,B00NVMIO02,1,40,88
"Test di gravidanza Clearblue Rilevazione Rapida, 3",https://www.amazon.it/dp/B08K9BJTCS?tag=offertissimes-21,12.52,16.9,25.9,12.52,"Salute, Igiene e Integratori","Salute, Igiene e Integratori",Test,B08K9BJTCS,1,40,88
"Test Di Gravidanza Clearblue Precoce, 3",https://www.amazon.it/dp/B08F722YDP?tag=offertissimes-21,12.39,16.73,25.9,12.39,"Salute, Igiene e Integratori","Salute, Igiene e Integratori",Test,B08F722YDP,1,40,88
"RunStar Bilancia pesapersone e percentuale grasso, Bilancia smart digitale e precisa con ampio display, Analizzatore di 13 da",https://www.amazon.it/dp/B0C6T2FLJH?tag=offertissimes-21,29.99,40.49,25.9,29.99,"Salute, Igiene e Integratori","Salute, Igiene e Integratori",RunStar,B0C6T2FLJH,1,40,88
"Sinocare Glucometro Misuratore Glicemia, Test di Diagnostica e Monitoraggio | Safe AQ Smart Glucometro Kit con 25 Strisce Rea",https://www.amazon.it/dp/B0BMFF6PMX?tag=offertissimes-21,17.99,24.29,25.9,17.99,"Salute, Igiene e Integratori","Salute, Igiene e Integratori",Sinocare,B0BMFF6PMX,1,40,88
"360 Relief Calze Compressione Graduata Donna e Uomo, Calze Elastiche | 1 Coppia Calzino Contenzioni ideali per voli corse via",https://www.amazon.it/dp/B09C276MHY?tag=offertissimes-21,11.99,16.19,25.9,11.99,"Salute, Igiene e Integratori","Salute, Igiene e Integratori",360,B09C276MHY,1,40,88
"Test di gravidanza Clearblue Combo doppio controllo precoce e data, 2",https://www.amazon.it/dp/B0C2Q1MYF7?tag=offertissimes-21,27.04,36.5,25.9,27.04,"Salute, Igiene e Integratori","Salute, Igiene e Integratori",Test,B0C2Q1MYF7,1,40,88
"FREETOO Tutore per Pollice e Polso Sinistro e Destro per Rizoartrosi | Tutore per Sindrome di de Quervain, Tendinite, Pollice",https://www.amazon.it/dp/B0FPWYHJD1?tag=offertissimes-21,19.99,26.99,25.9,19.99,"Salute, Igiene e Integratori","Salute, Igiene e Integratori",FREETOO,B0FPWYHJD1,1,40,88
"Beurer PO 30 Saturimetro da Dito Professionale Certificato, Saturazione Ossigeno SpO2 e Frequenza Cardiaca, Display Colorato",https://www.amazon.it/dp/B00B80JEGC?tag=offertissimes-21,19.04,25.7,25.9,19.04,"Salute, Igiene e Integratori","Salute, Igiene e Integratori",Beurer,B00B80JEGC,1,40,88
Pic Solution Pic GlucoTest - Strisce Per La Misurazione Della Glicemia 50 Pezzi,https://www.amazon.it/dp/B07N8VZ5WQ?tag=offertissimes-21,19.2,25.92,25.9,19.2,"Salute, Igiene e Integratori","Salute, Igiene e Integratori",Pic,B07N8VZ5WQ,1,40,88
Berrcom Termometro Fronte e Orecchio Termometro Febbre Infrarossi Senza Contatto Termometro Neonato Digitale con Allarme Febb,https://www.amazon.it/dp/B0GVDVGXGP?tag=offertissimes-21,22.99,31.04,25.9,22.99,"Salute, Igiene e Integratori","Salute, Igiene e Integratori",Berrcom,B0GVDVGXGP,1,40,88
"Contour Next Strisce Reattive per misurazione della glicemia, 50 strisce",https://www.amazon.it/dp/B00F2J1ABC?tag=offertissimes-21,27.66,37.34,25.9,27.66,"Salute, Igiene e Integratori","Salute, Igiene e Integratori",Contour,B00F2J1ABC,1,40,88
FLEXIFEET Alluce Valgo Correttore Tutore Alluce Valgo 6 Pezzi Silicone | Divaricatore e separatore in silicone per alluce val,https://www.amazon.it/dp/B0F391Q3PX?tag=offertissimes-21,9.95,13.43,25.9,9.95,"Salute, Igiene e Integratori","Salute, Igiene e Integratori",FLEXIFEET,B0F391Q3PX,1,40,88
"Test Di Ovulazione Clearblue Digitale Avanzato, 10 stick",https://www.amazon.it/dp/B00HUQXL5S?tag=offertissimes-21,29.73,40.14,25.9,29.73,"Salute, Igiene e Integratori","Salute, Igiene e Integratori",Test,B00HUQXL5S,1,40,88
"Mobiclinic®, Kinesiotape, Benda Elastica Autoadesiva, 5m x 5cm, Tape Sportivo, Alleviamento del Dolore Muscolare, Bendaggio K",https://www.amazon.it/dp/B07NVNCJJF?tag=offertissimes-21,4.88,6.59,25.9,4.88,"Salute, Igiene e Integratori","Salute, Igiene e Integratori",Mobiclinic,B07NVNCJJF,1,40,88
"FREETOO Fascia Lombare Posturale, Regolazione della Fascia Schiena per Uomini e Donne, Posturale Cintura Lombare Utilizzare p",https://www.amazon.it/dp/B07HQJL9VV?tag=offertissimes-21,33.99,45.89,25.9,33.99,"Salute, Igiene e Integratori","Salute, Igiene e Integratori",FREETOO,B07HQJL9VV,1,40,88
"OK TAPE Nastro sportivo bianco, set di 4 rotoli di nastro (3.8 cm x 13.7 m), nastro autoadesivo con forza adesiva extra forte",https://www.amazon.it/dp/B0BWQVQL18?tag=offertissimes-21,14.99,20.24,25.9,14.99,"Salute, Igiene e Integratori","Salute, Igiene e Integratori",OK,B0BWQVQL18,1,40,88
"VITTO Ginocchiera Ortopedica Sportiva - Tutore Ginocchio Menisco, Nero M | Ginocchiera Sportiva per Comfort e Libertà di Movi",https://www.amazon.it/dp/B07QZNCFMK?tag=offertissimes-21,9.99,13.49,25.9,9.99,"Salute, Igiene e Integratori","Salute, Igiene e Integratori",VITTO,B07QZNCFMK,1,40,88
"NativoDex Tutore Epicondilite Gomito, Gomitiera per Tendinite | Compressione Elastica · Per Epitrocleite e Tendinite al Gomit",https://www.amazon.it/dp/B0BPHWK35F?tag=offertissimes-21,14.99,20.24,25.9,14.99,"Salute, Igiene e Integratori","Salute, Igiene e Integratori",NativoDex,B0BPHWK35F,1,40,88
"ZzzQuil Natura Integratore con Melatonina pura ed Estratti Di Valeriana Per Dormire, Camomilla e Lavanda, 72 Pastiglie Gommos",https://www.amazon.it/dp/B09XVHJJDH?tag=offertissimes-21,29.99,40.49,25.9,29.99,"Salute, Igiene e Integratori","Salute, Igiene e Integratori",ZzzQuil,B09XVHJJDH,1,40,88
Beurer IH 18 Aerosol ad aria compressa con compressore CC per inalazione e trattamento delle vie respiratorie superiori e inf,https://www.amazon.it/dp/B015YP77V0?tag=offertissimes-21,34.64,46.76,25.9,34.64,"Salute, Igiene e Integratori","Salute, Igiene e Integratori",Beurer,B015YP77V0,1,40,88
"CARE For you, Spray Nasale Ipertonico - Spray Nasale Raffreddore ed Allergie, Soluzione con Acqua di Mare, per Inalazione e A",https://www.amazon.it/dp/B01LVXRLY2?tag=offertissimes-21,3.24,4.37,25.9,3.24,"Salute, Igiene e Integratori","Salute, Igiene e Integratori",CARE,B01LVXRLY2,1,40,88
"Dr. Scholl's, Deodorante Spray per Scarpe con Tecnologia Attiva sul Controllo degli Odori, Elimina e Protegge dai Cattivi Odo",https://www.amazon.it/dp/B0DZP8QNJS?tag=offertissimes-21,18.6,25.11,25.9,18.6,"Salute, Igiene e Integratori","Salute, Igiene e Integratori",Dr,B0DZP8QNJS,1,40,88
"Fria Multiuso Disinfettante BW, Elimina fino al 99.9% di Batteri, Lieviti, Funghi e Virus con Involucro, Presidio Medico Chir",https://www.amazon.it/dp/B0C9N47SYR?tag=offertissimes-21,1.09,1.47,25.9,1.09,"Salute, Igiene e Integratori","Salute, Igiene e Integratori",Fria,B0C9N47SYR,1,40,88
"ABENA Garze Sterili 7,5 x 7,5 cm (125 pz) Tessuto Non Tessuto | (1 scatola = 125 pezzi) confezione da 5 pezzi, medicazioni st",https://www.amazon.it/dp/B0C1BNGYRB?tag=offertissimes-21,9.99,13.49,25.9,9.99,"Salute, Igiene e Integratori","Salute, Igiene e Integratori",ABENA,B0C1BNGYRB,1,40,88
"Maalox Reflurapid Reflusso Gastroesofageo e Bruciore, 40 Compresse | Riduce Bruciore e Acidità di Stomaco, Anche in Gravidanz",https://www.amazon.it/dp/B088PJ3VVQ?tag=offertissimes-21,7.88,10.64,25.9,7.88,"Salute, Igiene e Integratori","Salute, Igiene e Integratori",Maalox,B088PJ3VVQ,1,40,88
"Aerosol Portatile Silenzioso, Macchina Aerosol per Adulti e Bambini, Ricaricabile Aerosol Portatile con 2 Maschere e Boccagli",https://www.amazon.it/dp/B0D1VFH131?tag=offertissimes-21,31.99,43.19,25.9,31.99,"Salute, Igiene e Integratori","Salute, Igiene e Integratori",Aerosol,B0D1VFH131,1,40,88
"Jungle Formula Molto Forte, Spray Repellente Antizanzare, 75 ml | Fino a 9 Ore di Protezione, Protegge da Zanzare e Zecche, D",https://www.amazon.it/dp/B01M64XEO4?tag=offertissimes-21,8.57,11.57,25.9,8.57,"Salute, Igiene e Integratori","Salute, Igiene e Integratori",Jungle,B01M64XEO4,1,40,88
"Melatonina Act + Forte 5 Complex, Integratore Alimentare, 60 Compresse | Potenziato dal + 5 Complex a Base di Melatonina e Va",https://www.amazon.it/dp/B00VXDKNM8?tag=offertissimes-21,6.32,8.53,25.9,6.32,"Salute, Igiene e Integratori","Salute, Igiene e Integratori",Melatonina,B00VXDKNM8,1,40,88
"Durex SuperSottile, Preservativi Ultra Sottili Vestibilità Regular, 18 Profilattici",https://www.amazon.it/dp/B0CLF34TWM?tag=offertissimes-21,11.95,16.13,25.9,11.95,"Salute, Igiene e Integratori","Salute, Igiene e Integratori",Durex,B0CLF34TWM,1,40,88
"Wulove Cerotti Nasali, 100 Pezzi Cerotti Nasali Antirussamento per Facilitare la Respirazione, Cerotti Nasali Respira Bene Ri",https://www.amazon.it/dp/B0DVJ72WP3?tag=offertissimes-21,9.99,13.49,25.9,9.99,"Salute, Igiene e Integratori","Salute, Igiene e Integratori",Wulove,B0DVJ72WP3,1,40,88
"Healthcare by Amazon Goccia oculari con ialuronato di sodio 0,2%, 30 ml (2 Confezione da 15 ml) (In precedenza un marchio Ama",https://www.amazon.it/dp/B099B1LJD9?tag=offertissimes-21,9.25,12.49,25.9,9.25,"Salute, Igiene e Integratori","Salute, Igiene e Integratori",Healthcare,B099B1LJD9,1,40,88
Loop Quiet 2 Tappi Orecchie – Super Comodi per il Sonno | Riduzione del rumore di 24 dB (SNR). Adattamento flessibile. Riutil,https://www.amazon.it/dp/B0D3V61JC8?tag=offertissimes-21,24.95,33.68,25.9,24.95,"Salute, Igiene e Integratori","Salute, Igiene e Integratori",Loop,B0D3V61JC8,1,40,88
"Polase Sport Integratore Magnesio e Potassio, Gusto Arancia, 10 Bustine | con Vitamina C,Sali Minerali e Maltodestrine",https://www.amazon.it/dp/B0716ZTDHV?tag=offertissimes-21,9.8,13.23,25.9,9.8,"Salute, Igiene e Integratori","Salute, Igiene e Integratori",Polase,B0716ZTDHV,1,40,88
"Be-Total Mind Plus Integratore Adulti e Bambini 6+, 20 Bustine | Energia Mentale, con Vitamina B, Fosfoserina, L-Glutammina,",https://www.amazon.it/dp/B07JFC3QVY?tag=offertissimes-21,12.68,17.12,25.9,12.68,"Salute, Igiene e Integratori","Salute, Igiene e Integratori",Be-Total,B07JFC3QVY,1,40,88
"Thermacare Schiena, 4 Fasce - 10 ml | Fasce Monouso Autoriscaldanti a 8 ore di Calore Costante Terapeutico, Sollievo fino a 1",https://www.amazon.it/dp/7202007363?tag=offertissimes-21,13.97,18.86,25.9,13.97,"Salute, Igiene e Integratori","Salute, Igiene e Integratori",Thermacare,7202007363,1,40,88
"VALSOLE Solette Ortopediche Supporto Per Arco Plantare, Solette Scarpe Plantari Ortopedici Per Piede Piatto,sport Solette Sca",https://www.amazon.it/dp/B09FXRKS8Z?tag=offertissimes-21,24.29,32.79,25.9,24.29,"Salute, Igiene e Integratori","Salute, Igiene e Integratori",VALSOLE,B09FXRKS8Z,1,40,88
"ThermaCare Fasce Autoriscaldanti a Calore Terapeutico per Dolori di Collo, Spalla, Polso, 8 Ore Calore Costante, 6 Fasce Mono",https://www.amazon.it/dp/B01N6YJYKG?tag=offertissimes-21,13.97,18.86,25.9,13.97,"Salute, Igiene e Integratori","Salute, Igiene e Integratori",ThermaCare,B01N6YJYKG,1,40,88
"Durex Surprise Mix, Preservativi Assortiti, Profilattici Sottili e con Rilievi e Nervature, 40 Profilattici, Solo Online",https://www.amazon.it/dp/B0C7KRJCCN?tag=offertissimes-21,27.8,37.53,25.9,27.8,"Salute, Igiene e Integratori","Salute, Igiene e Integratori",Durex,B0C7KRJCCN,1,40,88
"Durex Settebello Jeans, Preservativi Classici, Vestibilità Regular, 27 Profilattici",https://www.amazon.it/dp/B08V2GTM34?tag=offertissimes-21,13.85,18.7,25.9,13.85,"Salute, Igiene e Integratori","Salute, Igiene e Integratori",Durex,B08V2GTM34,1,40,88
Control Nature Preservativi Classici - 24 Profilattici,https://www.amazon.it/dp/B07S84RXCK?tag=offertissimes-21,12.66,17.09,25.9,12.66,"Salute, Igiene e Integratori","Salute, Igiene e Integratori",Control,B07S84RXCK,1,40,88
"Durex Settebello Classico, Preservativi Durex Classici, Formato Convenienza, Confezione Riciclabile Salvaspazio, 40 Profilatt",https://www.amazon.it/dp/B0CDCPFZSG?tag=offertissimes-21,19.59,26.45,25.9,19.59,"Salute, Igiene e Integratori","Salute, Igiene e Integratori",Durex,B0CDCPFZSG,1,40,88
"ESI - Melatonin Pura Junior, Integratore Alimentare di Melatonina Per Bambini, in Gocce, Senza Glutine, Senza Zuccheri e Vega",https://www.amazon.it/dp/B01G7X34XI?tag=offertissimes-21,14.9,20.12,25.9,14.9,"Salute, Igiene e Integratori","Salute, Igiene e Integratori",ESI,B01G7X34XI,1,40,88
"Dr. Scholl's In-Balance Plantare Sollievo Dolore Fascite Plantare, Plantari con Arco Plantare Rinforzato e Supporto sul Tallo",https://www.amazon.it/dp/B0BXB6DTQH?tag=offertissimes-21,14.75,19.91,25.9,14.75,"Salute, Igiene e Integratori","Salute, Igiene e Integratori",Dr,B0BXB6DTQH,1,40,88
Control Finissimo Original Preservativi Super Sottili 0.05 mm in Lattice Naturale - 48 Profilattici,https://www.amazon.it/dp/B0FC3BHLFB?tag=offertissimes-21,22.94,30.97,25.9,22.94,"Salute, Igiene e Integratori","Salute, Igiene e Integratori",Control,B0FC3BHLFB,1,40,88
"Compeed Cerottini Trasparenti per Herpes Labiale, Cerotti, 15 Unità | Rapido Sollievo, Discreti e Trasparenti,Riduce il risch",https://www.amazon.it/dp/B087GMC96J?tag=offertissimes-21,9.66,13.04,25.9,9.66,"Salute, Igiene e Integratori","Salute, Igiene e Integratori",Compeed,B087GMC96J,1,40,88
"Autan Tropical Vapo, Spray Antizanzare Repellente, 1 x 100 ml | Azione Protettiva Duratura, Fino a 8h di protezione, Adatto a",https://www.amazon.it/dp/B09TWFLHPV?tag=offertissimes-21,9.03,12.19,25.9,9.03,"Salute, Igiene e Integratori","Salute, Igiene e Integratori",Autan,B09TWFLHPV,1,40,88
Control Finissimo Senso Preservativi Sottili 0.06 mm - 144 Profilattici,https://www.amazon.it/dp/B07P3MVJZZ?tag=offertissimes-21,48.29,65.19,25.9,48.29,"Salute, Igiene e Integratori","Salute, Igiene e Integratori",Control,B07P3MVJZZ,1,40,88
"IASI Pants UNISEX Alta Protezione, 10 Mutande Assorbenti monouso, Assorbenza EXTRA, Taglia XL, 10 Unità",https://www.amazon.it/dp/B0BNQMWCJL?tag=offertissimes-21,10.65,14.38,25.9,10.65,"Salute, Igiene e Integratori","Salute, Igiene e Integratori",IASI,B0BNQMWCJL,1,40,88
Control Finissimo XL Preservativi Super Sottili 0.048-0.060 mm Extra Large in Lattice Naturale - 24 Profilattici,https://www.amazon.it/dp/B07SCFMYTV?tag=offertissimes-21,16.39,22.13,25.9,16.39,"Salute, Igiene e Integratori","Salute, Igiene e Integratori",Control,B07SCFMYTV,1,40,88
"Durex Nude Sensation Extra Lube, Preservativi Ultra Sottili, Extra Lubrificati, 18 Profillatici",https://www.amazon.it/dp/B0GMXLD8XH?tag=offertissimes-21,20.73,27.99,25.9,20.73,"Salute, Igiene e Integratori","Salute, Igiene e Integratori",Durex,B0GMXLD8XH,1,40,88
Alpine SleepDeep tappi per le orecchie per dormire – per chi dorme su un fianco – tappi ultra-morbidi con riduzione del rumor,https://www.amazon.it/dp/B0B9CDC567?tag=offertissimes-21,21.98,29.67,25.9,21.98,"Salute, Igiene e Integratori","Salute, Igiene e Integratori",Alpine,B0B9CDC567,1,40,88
"RESCUE Remedy, Giallo Acceso, 20 Millilitri, per la Salute mentale, con Alcol di Uva, Essenze della Miscela Rescue",https://www.amazon.it/dp/B07F61222S?tag=offertissimes-21,21.0,28.35,25.9,21.0,"Salute, Igiene e Integratori","Salute, Igiene e Integratori",RESCUE,B07F61222S,1,40,88
"Durex Preservativi Lunga Durata, Preservativi Ritardanti per Lui, Formato Convenienza, 30 Profilattici",https://www.amazon.it/dp/B0BV76ZBC7?tag=offertissimes-21,23.76,32.08,25.9,23.76,"Salute, Igiene e Integratori","Salute, Igiene e Integratori",Durex,B0BV76ZBC7,1,40,88
Le Dieci Erbe Microclismi ESI 6 Pezzi,https://www.amazon.it/dp/B06XGY3W84?tag=offertissimes-21,5.34,7.21,25.9,5.34,"Salute, Igiene e Integratori","Salute, Igiene e Integratori",Le,B06XGY3W84,1,40,88
"SULPO SPORT Solette ortopediche - Solette scarpe antinfortunistiche, lavoro, sportive e casual - Plantare ortopedico traspira",https://www.amazon.it/dp/B0CN9MKNZK?tag=offertissimes-21,10.99,14.84,25.9,10.99,"Salute, Igiene e Integratori","Salute, Igiene e Integratori",SULPO,B0CN9MKNZK,1,40,88
"Rinazina Aquamarina Spray Nasale Ipertonico Acqua Mare e Eucalipto, 20 ml",https://www.amazon.it/dp/B01MG1344M?tag=offertissimes-21,20.51,27.69,25.9,20.51,"Salute, Igiene e Integratori","Salute, Igiene e Integratori",Rinazina,B01MG1344M,1,40,88
"Vitarmonyl Melatonina Express - 1mg - Sonno, Riposo, Jet Lag - 60 Compresse | Melatonina in Compresse Orosolubili - Riduce il",https://www.amazon.it/dp/B091VG2J4Q?tag=offertissimes-21,4.84,6.53,25.9,4.84,"Salute, Igiene e Integratori","Salute, Igiene e Integratori",Vitarmonyl,B091VG2J4Q,1,40,88
"SicurAID Ghiaccio Gel Riutilizzabile Caldo Freddo 1 pezzo Grande + 1 Sacca | Borsa ghiaccio per ginocchio, schiena e spalla,",https://www.amazon.it/dp/B0FCG7S921?tag=offertissimes-21,11.99,16.19,25.9,11.99,"Salute, Igiene e Integratori","Salute, Igiene e Integratori",SicurAID,B0FCG7S921,1,40,88
"Cuscinetti per Tallone Scarpe - Proteggi Scarpe Uomo Donne Con Cuscino Sul Retro per Scarpe Troppo Grandi, 6 Paia, Migliorare",https://www.amazon.it/dp/B0BTJ2W9LD?tag=offertissimes-21,8.59,11.6,25.9,8.59,"Salute, Igiene e Integratori","Salute, Igiene e Integratori",Cuscinetti,B0BTJ2W9LD,1,40,88
"Chilly, Salviettine Intime Delicate, 6 Pezzi | Salviette per l'Igiene Intima, Azione Delicata, pH 5 Delicato, Clinicamente Te",https://www.amazon.it/dp/B08962RB15?tag=offertissimes-21,10.82,14.61,25.9,10.82,"Salute, Igiene e Integratori","Salute, Igiene e Integratori",Chilly,B08962RB15,1,40,88
"Perspirex Strong Antitraspirante Roll-On, Protezione fino a 5 Giorni Contro la Sudorazione e Cattivi odori, Ideale per Sudora",https://www.amazon.it/dp/B01BDOIW56?tag=offertissimes-21,24.19,32.66,25.9,24.19,"Salute, Igiene e Integratori","Salute, Igiene e Integratori",Perspirex,B01BDOIW56,1,40,88
"Pic Solution AirCube2 Aerosol a Pistone Silezioso, per Trattamento di Aerosol Terapia, Completo di Accessori, Bianco",https://www.amazon.it/dp/B0DG2DGY93?tag=offertissimes-21,43.99,59.39,25.9,43.99,"Salute, Igiene e Integratori","Salute, Igiene e Integratori",Pic,B0DG2DGY93,1,40,88
"Durex SuperSottile XL, Preservativi Ultra Sottili e Extra-Large, 10 Profilattici",https://www.amazon.it/dp/B0BRQJH8QY?tag=offertissimes-21,7.58,10.23,25.9,7.58,"Salute, Igiene e Integratori","Salute, Igiene e Integratori",Durex,B0BRQJH8QY,1,40,88
"SANI FARMA Traverse Salvaletto 60x90 cm 40 Pezzi | Traversine Monouso Alta Assorbenza per Incontinenza Adulti, Anziani e Bamb",https://www.amazon.it/dp/B0D96JWVXQ?tag=offertissimes-21,13.99,18.89,25.9,13.99,"Salute, Igiene e Integratori","Salute, Igiene e Integratori",SANI,B0D96JWVXQ,1,40,88
"PEPE Mobility Stampelle Ortopediche Regolabili, Coppia Canadesi Nere | 2 pz, Antiscivolo, Leggere in Alluminio da 500 g, 11 A",https://www.amazon.it/dp/B07P7KMTQB?tag=offertissimes-21,34.99,47.24,25.9,34.99,"Salute, Igiene e Integratori","Salute, Igiene e Integratori",PEPE,B07P7KMTQB,1,40,88
"Lines Specialist Lady Long, proteggislip per Incontinenza, formato scorta | Ultra sottili, extra protezione, discreti, tecnol",https://www.amazon.it/dp/B0FX32R2BS?tag=offertissimes-21,8.44,11.39,25.9,8.44,"Salute, Igiene e Integratori","Salute, Igiene e Integratori",Lines,B0FX32R2BS,1,40,88
"Bastone Pieghevole per Camminate Tutti i Terreni, Punta Pivot e Ausilio per la Mobilità Robusto, Bastone da Passeggio Pieghev",https://www.amazon.it/dp/B09BJ7MY7Q?tag=offertissimes-21,34.99,47.24,25.9,34.99,"Salute, Igiene e Integratori","Salute, Igiene e Integratori",Bastone,B09BJ7MY7Q,1,40,88
"Healthcare by Amazon Slip Assorbenti Donna M Plus - 40 pezzi (4 confezioni da 10), Bianco (Precedentemente un marchio Amazon",https://www.amazon.it/dp/B0D92D5GWT?tag=offertissimes-21,19.38,26.16,25.9,19.38,"Salute, Igiene e Integratori","Salute, Igiene e Integratori",Healthcare,B0D92D5GWT,1,40,88
Dailee Pants Plus XL - 90x Pannoloni per Anziani a Mutandina - 6 Confezioni da 15 Pannoloni per Adulti Mutanda - Pants Incont,https://www.amazon.it/dp/B08B3XVM51?tag=offertissimes-21,68.9,93.02,25.9,68.9,"Salute, Igiene e Integratori","Salute, Igiene e Integratori",Dailee,B08B3XVM51,1,40,88
"TENA Pants Maxi (M) Pacco Scorta Mensile - Mutandine assorbenti , elasticizzate e monouso, per perdite urinarie, unisex, disc",https://www.amazon.it/dp/B0BM4DXQJB?tag=offertissimes-21,7.99,10.79,25.9,7.99,"Salute, Igiene e Integratori","Salute, Igiene e Integratori",TENA,B0BM4DXQJB,1,40,88
"Opret Portapillole Settimanale 14 Scomparti ITALIANO da Viaggio | Portapillole Giornaliero, Pillole Organizzatore, 7 Giorni,",https://www.amazon.it/dp/B0B4SNW5HQ?tag=offertissimes-21,29.89,40.35,25.9,29.89,"Salute, Igiene e Integratori","Salute, Igiene e Integratori",Opret,B0B4SNW5HQ,1,40,88
Teli Letto per Incontinenza Usa e Getta Extra Large 150 x 80 cm | Confezione da 20 Super Assorbenti 2300 ml Protettore Imperm,https://www.amazon.it/dp/B08JV2SMWG?tag=offertissimes-21,6.97,9.41,25.9,6.97,"Salute, Igiene e Integratori","Salute, Igiene e Integratori",Teli,B08JV2SMWG,1,40,88
"OrtoPrime Pack x2 Puntali In Gomma Antiscivolo per Stampelle e Bastoni, Compatibili con Tubi da 18mm, 19mm e 20mm - Puntali S",https://www.amazon.it/dp/B0CFY2NB3S?tag=offertissimes-21,33.15,44.75,25.9,33.15,"Salute, Igiene e Integratori","Salute, Igiene e Integratori",OrtoPrime,B0CFY2NB3S,1,40,88
"TENA Discreet Maxi Night Assorbenti Incontinenza Femminile, 48 Pezzi | Pacco Scorta Mensile, 8 Confezioni da 6 Pezzi, Discret",https://www.amazon.it/dp/B06XYJ4PF3?tag=offertissimes-21,14.99,20.24,25.9,14.99,"Salute, Igiene e Integratori","Salute, Igiene e Integratori",TENA,B06XYJ4PF3,1,40,88
"Bite Notte Bruxismo 4 Pezzi, Protettore Buccale Anti-Bruxismo per Uso Notturno, Dotato di Scatola di Conservazione, Riutilizz",https://www.amazon.it/dp/B0H7BNW3RC?tag=offertissimes-21,10.99,14.84,25.9,10.99,"Salute, Igiene e Integratori","Salute, Igiene e Integratori",Bite,B0H7BNW3RC,1,40,88
"SGWEB professional Bavaglio per Anziani [100 Pezzi] Impermeabile con Tasca Raccoglicibo, Bavaglini Usa e Getta Adulti e Bambi",https://www.amazon.it/dp/B0GRD1MV65?tag=offertissimes-21,57.9,78.17,25.9,57.9,"Salute, Igiene e Integratori","Salute, Igiene e Integratori",SGWEB,B0GRD1MV65,1,40,88
"VEVOR Sedile WC Rialzato Universale per Anziani, Altezza e Larghezza Regolabili con Braccioli e Capacità di Carico di 181 kg",https://www.amazon.it/dp/B0FYNC5WBJ?tag=offertissimes-21,16.98,22.92,25.9,16.98,"Salute, Igiene e Integratori","Salute, Igiene e Integratori",VEVOR,B0FYNC5WBJ,1,40,88
"Stylo Impugnatura Matita Bambini Ergonomica Angels, Set Da 3 Per Mancini | Aiuto per la scrittura, Corregge la presa, Silicon",https://www.amazon.it/dp/B0BW4Z9B45?tag=offertissimes-21,13.99,18.89,25.9,13.99,"Salute, Igiene e Integratori","Salute, Igiene e Integratori",Stylo,B0BW4Z9B45,1,40,88
"Medi Grade Copri Gesso Gamba per Doccia Impermeabile Antiscivolo 77cm | Copertura impermeabile per gamba riutilizzabile, in s",https://www.amazon.it/dp/B0GJLP2LJ1?tag=offertissimes-21,24.58,33.18,25.9,24.58,"Salute, Igiene e Integratori","Salute, Igiene e Integratori",Medi,B0GJLP2LJ1,1,40,88
"TENA Discreet Mini Ultra Assorbenti, 6 x 20 Pezzi | Per Donna,120 Assorbenti Totali, Pacco Scorta Mensile, Discreti e Confort",https://www.amazon.it/dp/B06XYJGQ1Z?tag=offertissimes-21,31.45,42.46,25.9,31.45,"Salute, Igiene e Integratori","Salute, Igiene e Integratori",TENA,B06XYJGQ1Z,1,40,88
"Lines Specialist Pants Maxi Unisex per Incontinenza, Taglia M, Pacco Scorta | Per perdite di urina abbondanti, protezione gio",https://www.amazon.it/dp/B0FNXCW8D6?tag=offertissimes-21,17.22,23.25,25.9,17.22,"Salute, Igiene e Integratori","Salute, Igiene e Integratori",Lines,B0FNXCW8D6,1,40,88
"Rayovac Extra 312 60 pile per apparecchi acustici, senza mercurio, colore marrone",https://www.amazon.it/dp/B00J06HMUQ?tag=offertissimes-21,59.9,80.87,25.9,59.9,"Salute, Igiene e Integratori","Salute, Igiene e Integratori",Rayovac,B00J06HMUQ,1,40,88
"R MOVE 100 Pannoloni per Anziani Taglia L Super Assorbenti per Notte e Incontinenza Adulti, Segnale Pipì, pannolini Traspiran",https://www.amazon.it/dp/B0DYFCG843?tag=offertissimes-21,29.8,40.23,25.9,29.8,"Salute, Igiene e Integratori","Salute, Igiene e Integratori",R,B0DYFCG843,1,40,88
"Rayovac Extra Batterie Acustiche Zinco Aria, Formato 312 Value Pack da 60 Batterie, Marrone",https://www.amazon.it/dp/B074KKRW5W?tag=offertissimes-21,22.79,30.77,25.9,22.79,"Salute, Igiene e Integratori","Salute, Igiene e Integratori",Rayovac,B074KKRW5W,1,40,88
"Nuvenia, Mutandine Mestruali in Cotone Biologico, Modello Slip Brazilian, Lavabili e riutilizzabili con Protezione Integrata",https://www.amazon.it/dp/B0CYPT5VJ1?tag=offertissimes-21,73.73,99.54,25.9,73.73,"Salute, Igiene e Integratori","Salute, Igiene e Integratori",Nuvenia,B0CYPT5VJ1,1,40,88
"Mobiclinic®, Deambulatore per Anziani, Pieghevole, Regolabile in Altezza, Freni Manuali e Bloccabili, Fino a 110 Kg, con Cest",https://www.amazon.it/dp/B06Y45ZT1P?tag=offertissimes-21,21.99,29.69,25.9,21.99,"Salute, Igiene e Integratori","Salute, Igiene e Integratori",Mobiclinic,B06Y45ZT1P,1,40,88
"APP LIFE Stampelle Ortopediche Regolabili in Alluminio, Coppia, Nere | Dispositivo Medico Classe I – Stampelle ortopediche re",https://www.amazon.it/dp/B097R5XR8M?tag=offertissimes-21,19.04,25.7,25.9,19.04,"Salute, Igiene e Integratori","Salute, Igiene e Integratori",APP,B097R5XR8M,1,40,88
"Duracell Activair - 60 batterie per apparecchi acustici tipo 312, marrone - Mercury Free 0% Hg",https://www.amazon.it/dp/B00QX8P094?tag=offertissimes-21,4.09,5.52,25.9,4.09,"Salute, Igiene e Integratori","Salute, Igiene e Integratori",Duracell,B00QX8P094,1,40,88
"TENA MEN Assorbente Protettivo Livello 2, 10 Pezzi | Per Perdite Urinarie Maschili",https://www.amazon.it/dp/B00E671CLE?tag=offertissimes-21,13.9,18.77,25.9,13.9,"Salute, Igiene e Integratori","Salute, Igiene e Integratori",TENA,B00E671CLE,1,40,88
Linphelle Copri Picc in Microfibra - Fascia Copri Picc Braccio in Tessuto Traspirante,https://www.amazon.it/dp/B07R2KJMBB?tag=offertissimes-21,16.99,22.94,25.9,16.99,"Salute, Igiene e Integratori","Salute, Igiene e Integratori",Linphelle,B07R2KJMBB,1,40,88
"TZEKING Lavandino gonfiabile,Bacino gonfiabile per capelli portatile,Lavatesta Gonfiabile con Tubo di Drenaggio,Gonfiabile pe",https://www.amazon.it/dp/B0CJQY3X9Z?tag=offertissimes-21,19.99,26.99,25.9,19.99,"Salute, Igiene e Integratori","Salute, Igiene e Integratori",TZEKING,B0CJQY3X9Z,1,40,88
"dreame X60 Pro Ultra Complete Robot Aspirapolvere, Aspiraz. 42.000 Pa | Bracci UltraExtend, Sistema AI OmniSight, Supera Osta",https://www.amazon.it/dp/B0GSWYM8Q2?tag=offertissimes-21,80.58,108.78,25.9,80.58,"Casa, Cucina ed Elettrodomestici","Casa, Cucina ed Elettrodomestici",dreame,B0GSWYM8Q2,0,40,88
"Rowenta X-Pert 6.60 Essential, Aspirapolvere Senza Fili, RH6838 | Potente e Leggera, Scopa Elettrica Senza Sacco Multisuperfi",https://www.amazon.it/dp/B09C6J3Z9F?tag=offertissimes-21,98.35,132.77,25.9,98.35,"Casa, Cucina ed Elettrodomestici","Casa, Cucina ed Elettrodomestici",Rowenta,B09C6J3Z9F,0,40,88
"Moulinex DD6558 Quickchef 3in1 Frullatore a Immersione, 1000 W, Mixer con tecnologia Powelix e 10 velocità, 3 Accessori, Bicc",https://www.amazon.it/dp/B075FW6DBB?tag=offertissimes-21,34.42,46.47,25.9,34.42,"Casa, Cucina ed Elettrodomestici","Casa, Cucina ed Elettrodomestici",Moulinex,B075FW6DBB,0,40,88
"Russell Hobbs Friggitrice ad Aria XXL Satisfry, 8,3 L, 9 Programmi | Cottura Rapida e Silenziosa, Design Compatto, Pizza 26 c",https://www.amazon.it/dp/B0DWSLJ7HQ?tag=offertissimes-21,87.99,118.79,25.9,87.99,"Casa, Cucina ed Elettrodomestici","Casa, Cucina ed Elettrodomestici",Russell,B0DWSLJ7HQ,0,40,88
"Dyson V8 Origin Aspirapolvere Senza Fili Potente, Scopa Elettrica Portatile | Scopa elettrica senza fili, leggera e senza sac",https://www.amazon.it/dp/B0GVP7XY36?tag=offertissimes-21,260.47,351.63,25.9,260.47,"Casa, Cucina ed Elettrodomestici","Casa, Cucina ed Elettrodomestici",Dyson,B0GVP7XY36,0,40,88
"Pritt Colla Stick, Colla trasparente per scuola e ufficio, 10 x 43 g | Colla per bambini, Sicura, Affidabile, Tenuta forte, L",https://www.amazon.it/dp/B005NCOB0K?tag=offertissimes-21,27.48,37.1,25.9,27.48,"Casa, Cucina ed Elettrodomestici","Casa, Cucina ed Elettrodomestici",Pritt,B005NCOB0K,0,40,88
"Polti Vaporetto First, Pistola a Vapore con Caldaia e Tappo di Sicurezza | Pressione 3 Bar, Potenza 1000 W, 5 Accessori Inclu",https://www.amazon.it/dp/B008S84FI4?tag=offertissimes-21,34.42,46.47,25.9,34.42,"Casa, Cucina ed Elettrodomestici","Casa, Cucina ed Elettrodomestici",Polti,B008S84FI4,0,40,88
"BLACK+DECKER Aspirapolvere portatile senza fili da 7,2 V, NVC215W-QW | Batteria da 2,0 Ah, finitura viola",https://www.amazon.it/dp/B07L6MQSG3?tag=offertissimes-21,27.86,37.61,25.9,27.86,"Casa, Cucina ed Elettrodomestici","Casa, Cucina ed Elettrodomestici",BLACK+DECKER,B07L6MQSG3,0,40,88
"Baldiflex Materasso Memory 20 cm, Matrimoniale 160x190 cm, RelaxOne 20, Ortopedico e Ergonomico, Anallergico e Antibatterico,",https://www.amazon.it/dp/B0FDL57836?tag=offertissimes-21,123.99,167.39,25.9,123.99,"Casa, Cucina ed Elettrodomestici","Casa, Cucina ed Elettrodomestici",Baldiflex,B0FDL57836,0,40,88
Yankee Candle Candela profumata in giara grande | Biscotto del fiocco di neve | Durata Fino a 150 Ore | Regali perfetti per l,https://www.amazon.it/dp/B00DS4OWSQ?tag=offertissimes-21,34.99,47.24,25.9,34.99,"Casa, Cucina ed Elettrodomestici","Casa, Cucina ed Elettrodomestici",Yankee,B00DS4OWSQ,0,40,88
"Gabel Completo Letto, Blu iOS, Matrimoniale",https://www.amazon.it/dp/B07X8N3W2V?tag=offertissimes-21,86.67,117.0,25.9,86.67,"Casa, Cucina ed Elettrodomestici","Casa, Cucina ed Elettrodomestici",Gabel,B07X8N3W2V,0,40,88
"Kenwood Chopper CHP61.100WH, Potenza 500W, Ciotola da 0.5L, 2 velocità, Sistema a quattro lame, Anello antiscivolo per la sta",https://www.amazon.it/dp/B098TJ8YCW?tag=offertissimes-21,21.74,29.35,25.9,21.74,"Casa, Cucina ed Elettrodomestici","Casa, Cucina ed Elettrodomestici",Kenwood,B098TJ8YCW,0,40,88
DREAME L40 Ultra A Robot Aspirapolvere e Lavapavimenti con Svuotamento Automatico della Polvere e Doppio Sistema Antigrovigli,https://www.amazon.it/dp/B0GQBX475S?tag=offertissimes-21,355.24,479.57,25.9,355.24,"Casa, Cucina ed Elettrodomestici","Casa, Cucina ed Elettrodomestici",DREAME,B0GQBX475S,0,40,88
"Rowenta Compact Power, Termoventilatore Compatto per Piccoli Spazi, Ventilazione Calda e Fredda, Modalità Turbo e Eco, 2 Live",https://www.amazon.it/dp/B0FF9SCJHD?tag=offertissimes-21,32.78,44.25,25.9,32.78,"Casa, Cucina ed Elettrodomestici","Casa, Cucina ed Elettrodomestici",Rowenta,B0FF9SCJHD,0,40,88
"Rowenta Pure Pop, Ferro da Stiro Verticale, Verde, DR2024 | con Sistema Reversibile, Riscaldamento Rapido, Stira e Igienizza",https://www.amazon.it/dp/B0BY93HZHR?tag=offertissimes-21,28.68,38.72,25.9,28.68,"Casa, Cucina ed Elettrodomestici","Casa, Cucina ed Elettrodomestici",Rowenta,B0BY93HZHR,0,40,88
"edihome, Cornice A3, (1 unità), 29,7 x 42, Legno, Portafoto, Laminato Acrilico, per Diploma Universitario, da Parete, Poster,",https://www.amazon.it/dp/B0C629YDFJ?tag=offertissimes-21,10.07,13.59,25.9,10.07,"Casa, Cucina ed Elettrodomestici","Casa, Cucina ed Elettrodomestici",edihome,B0C629YDFJ,0,40,88
"COMFEE' Forno a Microonde Nero, 20 Litri, 700 W, 5 Livelli di Potenza, Funzione di Scongelamento Rapido, Timer Manuale, Desig",https://www.amazon.it/dp/B0CYSYYWW8?tag=offertissimes-21,53.97,72.86,25.9,53.97,"Casa, Cucina ed Elettrodomestici","Casa, Cucina ed Elettrodomestici",COMFEE,B0CYSYYWW8,0,40,88
"Lagostina Ingenio Inox, Set Pentole e Padelle, Antiaderente, 20 Pezzi | In Acciaio Inox, Con Manico Removibile, Padelle, Wok,",https://www.amazon.it/dp/B0GWRR1R13?tag=offertissimes-21,11.97,16.16,25.9,11.97,"Casa, Cucina ed Elettrodomestici","Casa, Cucina ed Elettrodomestici",Lagostina,B0GWRR1R13,0,40,88
"Glade Profumatore per Ambienti Bastoncini, Relaxing Zen, 3 x 50ml | Fragranza di Lunga Durata fino a 5 Settimane, Ideale per",https://www.amazon.it/dp/B0FF5GYWFJ?tag=offertissimes-21,77.79,105.02,25.9,77.79,"Casa, Cucina ed Elettrodomestici","Casa, Cucina ed Elettrodomestici",Glade,B0FF5GYWFJ,0,40,88
"Lavazza, A Modo Mio Macchina Caffè Jolie Evo, Nera | con 64 Capsule Crema e Gusto Classico Incluse, Macchina Espresso Realizz",https://www.amazon.it/dp/B0CXPVLJPB?tag=offertissimes-21,20.48,27.65,25.9,20.48,"Casa, Cucina ed Elettrodomestici","Casa, Cucina ed Elettrodomestici",Lavazza,B0CXPVLJPB,0,40,88
"Swiffer Duster, Ricariche Piumini Catturapolvere, 45 Panni, Giga Pack | Cattura 3 Volte Più Polvere e Peli/Capelli Rispetto a",https://www.amazon.it/dp/B0F8C1X8WH?tag=offertissimes-21,40.98,55.32,25.9,40.98,"Casa, Cucina ed Elettrodomestici","Casa, Cucina ed Elettrodomestici",Swiffer,B0F8C1X8WH,0,40,88
"Vileda H2PrO Flat Mop sistema lavapavimenti a piastra piatta, con secchio lavapavimenti a doppia serbatoio, separa acqua puli",https://www.amazon.it/dp/B0F3JF1YBR?tag=offertissimes-21,63.11,85.2,25.9,63.11,"Casa, Cucina ed Elettrodomestici","Casa, Cucina ed Elettrodomestici",Vileda,B0F3JF1YBR,0,40,88
"Toshiba MW2-MM20P(BK) - Forni a microonde standard, 20 Litri, 800 W, 5 livelli di potenza con pratica funzione di scongelamen",https://www.amazon.it/dp/B08CCDDCCC?tag=offertissimes-21,24.58,33.18,25.9,24.58,"Casa, Cucina ed Elettrodomestici","Casa, Cucina ed Elettrodomestici",Toshiba,B08CCDDCCC,0,40,88
"Gallo, 15 SacchettI Spazzatura in Plastica Riciclata, 100% Riciclato, 53x68cm, 30Litri, GIALLO TRASPARENTE",https://www.amazon.it/dp/B0B24MZN81?tag=offertissimes-21,119.87,161.82,25.9,119.87,"Casa, Cucina ed Elettrodomestici","Casa, Cucina ed Elettrodomestici",Gallo,B0B24MZN81,0,40,88
"Ninja MAX PRO, Friggitrice ad Aria Formato Famiglia, 6 Funzioni, Nero/Rame | 6,2 L, Cestello Antiaderente, Piastra, Pinze, Ac",https://www.amazon.it/dp/B0CZXXVKS7?tag=offertissimes-21,11.47,15.48,25.9,11.47,"Casa, Cucina ed Elettrodomestici","Casa, Cucina ed Elettrodomestici",Ninja,B0CZXXVKS7,0,40,88
PORTENTUM Spruzzino Olio per Friggitrice Aria 470 ml 2 in 1 Funzione Spray e Versamento – Oliera Vetro Verde Protezione dalla,https://www.amazon.it/dp/B0GJTSBY29?tag=offertissimes-21,19.99,26.99,25.9,19.99,"Casa, Cucina ed Elettrodomestici","Casa, Cucina ed Elettrodomestici",PORTENTUM,B0GJTSBY29,0,40,88
"Ariasana Aero 360 Tab Inodore Tripack, Ariasana Aero 360° Ricarica per Dispositivi con Capacità ≥ 450g, Assorbi Umidità in Ta",https://www.amazon.it/dp/B084QZW8CM?tag=offertissimes-21,19.99,26.99,25.9,19.99,"Casa, Cucina ed Elettrodomestici","Casa, Cucina ed Elettrodomestici",Ariasana,B084QZW8CM,0,40,88
"Lagostina Gustosa Tortiera Apribile con Cerniera in Acciaio Antiaderente per Forno, Nero, Diametro 24 cm",https://www.amazon.it/dp/B091M5CT63?tag=offertissimes-21,11.9,16.07,25.9,11.9,"Casa, Cucina ed Elettrodomestici","Casa, Cucina ed Elettrodomestici",Lagostina,B091M5CT63,0,40,88
"edihome, Carta Forno per Friggitrice ad Aria, BPA Free, Monouso, Adatto al Forno, da 5 a 8 litri (Quadrata, 20-24 cm)",https://www.amazon.it/dp/B0D3VCV459?tag=offertissimes-21,8.19,11.06,25.9,8.19,"Casa, Cucina ed Elettrodomestici","Casa, Cucina ed Elettrodomestici",edihome,B0D3VCV459,0,40,88
"Amazon Basics Rettangolare Tappetini da forno in silicone, confezione da 2, Beige/Grigio, 29.5cm x 42.0cm",https://www.amazon.it/dp/B0725GYNG6?tag=offertissimes-21,7.61,10.27,25.9,7.61,"Casa, Cucina ed Elettrodomestici","Casa, Cucina ed Elettrodomestici",Amazon,B0725GYNG6,0,40,88
"HONYAO Fogli Carta Forno Rettangolare per Friggitrice ad Aria Doppio Cestello, 100 Pezzi 20,5x14cm Teglia Air Fryer Accessori",https://www.amazon.it/dp/B0C2PZQ1JT?tag=offertissimes-21,10.95,14.78,25.9,10.95,"Casa, Cucina ed Elettrodomestici","Casa, Cucina ed Elettrodomestici",HONYAO,B0C2PZQ1JT,0,40,88
"Amazon Basics Rettangolare tappetini da forno in silicone perforati antiaderenti, per pane dolci facile pulizia, riusabili, c",https://www.amazon.it/dp/B08DJ5LG26?tag=offertissimes-21,9.29,12.54,25.9,9.29,"Casa, Cucina ed Elettrodomestici","Casa, Cucina ed Elettrodomestici",Amazon,B08DJ5LG26,0,40,88
"CrispHunter Carta Forno per Friggitrice ad Aria, Fogli | 100 Pezzi Rotondi Antiaderenti e Senza PFAS, Perfetti per Friggitric",https://www.amazon.it/dp/B0F4JKB65H?tag=offertissimes-21,4.91,6.63,25.9,4.91,"Casa, Cucina ed Elettrodomestici","Casa, Cucina ed Elettrodomestici",CrispHunter,B0F4JKB65H,0,40,88
"GRIFEMA Carta Friggitrice ad Aria per Cosori Cecotec 2-4 L, 100 Pezzi Carta Forno Air Fryer Monouso, Accessori per Friggitric",https://www.amazon.it/dp/B0DWSFM6PZ?tag=offertissimes-21,5.32,7.18,25.9,5.32,"Casa, Cucina ed Elettrodomestici","Casa, Cucina ed Elettrodomestici",GRIFEMA,B0DWSFM6PZ,0,40,88
200/220 Pezzi Carta Forno per friggitrice ad aria BPA Free 20-24cm | Carta Quadrata in Teglia(20-24cm) e 100 Pezzi di Carta P,https://www.amazon.it/dp/B0CXHTCL2T?tag=offertissimes-21,11.99,16.19,25.9,11.99,"Casa, Cucina ed Elettrodomestici","Casa, Cucina ed Elettrodomestici",200,B0CXHTCL2T,0,40,88
"AiQInu Carta Forno per Friggitrice ad Aria,100 Pezzi 23 cm Carta Pergamena Quadrata, Antiaderente Carta per Friggitrice ad Ar",https://www.amazon.it/dp/B0D5ML36Q2?tag=offertissimes-21,13.77,18.59,25.9,13.77,"Casa, Cucina ed Elettrodomestici","Casa, Cucina ed Elettrodomestici",AiQInu,B0D5ML36Q2,0,40,88
"Guzzini Tiffany, Set Tortiera Piccola Trasparente, Ø 30 Made in Italy | Tortiera con campana cristallina e piatto double face",https://www.amazon.it/dp/B075NKL6V9?tag=offertissimes-21,21.37,28.85,25.9,21.37,"Casa, Cucina ed Elettrodomestici","Casa, Cucina ed Elettrodomestici",Guzzini,B075NKL6V9,0,40,88
"Amazon Basics Rotondo Teglia antiaderente per muffin, in acciaio al carbonio, confezione da 2, Grigio",https://www.amazon.it/dp/B073P4RPFP?tag=offertissimes-21,12.45,16.81,25.9,12.45,"Casa, Cucina ed Elettrodomestici","Casa, Cucina ed Elettrodomestici",Amazon,B073P4RPFP,0,40,88
"KitchenRaku Confezione da 2 tappetini da forno in silicone, tappetino silicone",https://www.amazon.it/dp/B0D48N46S7?tag=offertissimes-21,9.98,13.47,25.9,9.98,"Casa, Cucina ed Elettrodomestici","Casa, Cucina ed Elettrodomestici",KitchenRaku,B0D48N46S7,0,40,88
"LUNEDA Set 2 Cassette Lievitazione + 1 Coperchio 40 x 30, Contenitore Pizza e Pane Made in Italy per Lievitazione Impasto Piz",https://www.amazon.it/dp/B0H6MZ1PTX?tag=offertissimes-21,17.95,24.23,25.9,17.95,"Casa, Cucina ed Elettrodomestici","Casa, Cucina ed Elettrodomestici",LUNEDA,B0H6MZ1PTX,0,40,88
"GOBEL - Cerchio per torta perforato - Cerchio per pasticceria perforato - INOX - Ø 24 cm - Altezza 3,5 cm - Qualità professio",https://www.amazon.it/dp/B0CV5FSPXV?tag=offertissimes-21,10.94,14.77,25.9,10.94,"Casa, Cucina ed Elettrodomestici","Casa, Cucina ed Elettrodomestici",GOBEL,B0CV5FSPXV,0,40,88
"Sondiko Cannello da Cucina, Cannello Ricaricabile con Blocco di Sicurezza e Fiamma Regolabile per Bricolage, Creme Brulee, Ba",https://www.amazon.it/dp/B08Y5M5V3X?tag=offertissimes-21,19.99,26.99,25.9,19.99,"Casa, Cucina ed Elettrodomestici","Casa, Cucina ed Elettrodomestici",Sondiko,B08Y5M5V3X,0,40,88
"Formine Biscotti Halloween, Set 9 Pezzi Stampi in Acciaio Inox – Zucca, Pipistrello, Fantasma, Strega, Gatto, Ragno, Scheletr",https://www.amazon.it/dp/B09CPFRRWY?tag=offertissimes-21,8.99,12.14,25.9,8.99,"Casa, Cucina ed Elettrodomestici","Casa, Cucina ed Elettrodomestici",Formine,B09CPFRRWY,0,40,88
"Pentole Agnelli Linea Pasticceria e Pizza Tortiera Conica in Alluminio con Orlo (H 3 cm), Argento, 30 cm",https://www.amazon.it/dp/B00APXE3AA?tag=offertissimes-21,9.41,12.7,25.9,9.41,"Casa, Cucina ed Elettrodomestici","Casa, Cucina ed Elettrodomestici",Pentole,B00APXE3AA,0,40,88
"VINATO 2 Stampo Pane in Cassetta con Coperchio, 21x12x11,7cm e 19x9,5x8cm | Acciaio al carbonio antiaderente, Coperchio rimov",https://www.amazon.it/dp/B0F8N72JVP?tag=offertissimes-21,15.7,21.2,25.9,15.7,"Casa, Cucina ed Elettrodomestici","Casa, Cucina ed Elettrodomestici",VINATO,B0F8N72JVP,0,40,88
"Girmi BL03 Bollitore Pieghevole da viaggio, Caraffa in Silicone, Capacità 0,6 Litri, 600 W, Salvaspazio, BPA Free, Cavo remov",https://www.amazon.it/dp/B0B59V9SVM?tag=offertissimes-21,25.9,34.97,25.9,25.9,"Casa, Cucina ed Elettrodomestici","Casa, Cucina ed Elettrodomestici",Girmi,B0B59V9SVM,0,40,88
"NESCAFÉ DOLCE GUSTO Krups Genio S, Macchina per Caffè Espresso e Altre bevande in capsula, Automatica, Bianco",https://www.amazon.it/dp/B0CP17PN4V?tag=offertissimes-21,48.36,65.29,25.9,48.36,"Casa, Cucina ed Elettrodomestici","Casa, Cucina ed Elettrodomestici",NESCAFE,B0CP17PN4V,0,40,88
"Zanetti, Mama Caffettiera Moka in Alluminio, Macchinetta Caffè 2 Tazze, Moka Espresso con Sistema Anti Goccia, Guarnizione in",https://www.amazon.it/dp/B0C1W59J9D?tag=offertissimes-21,7.99,10.79,25.9,7.99,"Casa, Cucina ed Elettrodomestici","Casa, Cucina ed Elettrodomestici",Zanetti,B0C1W59J9D,0,40,88
"YASHE Montalatte Elettrico 4-in-1, 300ml Schiuma Latte Calda/Fredda, Cappuccinatore, Rivestimento Antiaderente, Ideale per Ca",https://www.amazon.it/dp/B0FF3ZHWL4?tag=offertissimes-21,27.04,36.5,25.9,27.04,"Casa, Cucina ed Elettrodomestici","Casa, Cucina ed Elettrodomestici",YASHE,B0FF3ZHWL4,0,40,88
"Avilia Porta Cialde Caffè in Bambù con Cassetto, Vetro Marmorizzato Bianco | Organizer per capsule, cialde e tisane da 30x30x",https://www.amazon.it/dp/B0FKT26F61?tag=offertissimes-21,20.41,27.55,25.9,20.41,"Casa, Cucina ed Elettrodomestici","Casa, Cucina ed Elettrodomestici",Avilia,B0FKT26F61,0,40,88
"De'Longhi Magnifica Evo ECAM292.81.B, Macchina da Caffè Automatica, Chicchi macinati al momento, Caraffa MontaLatte Automatic",https://www.amazon.it/dp/B09CGRQ965?tag=offertissimes-21,393.36,531.04,25.9,393.36,"Casa, Cucina ed Elettrodomestici","Casa, Cucina ed Elettrodomestici",De'Longhi,B09CGRQ965,0,40,88
"Olvy Bollitore Elettrico Inox Regolazione Temperatura | 1 Set | Nero Elegante | Caffè & Tè | Doppia Parete 1,7L | Bollitore E",https://www.amazon.it/dp/B0FSF7VWLX?tag=offertissimes-21,32.99,44.54,25.9,32.99,"Casa, Cucina ed Elettrodomestici","Casa, Cucina ed Elettrodomestici",Olvy,B0FSF7VWLX,0,40,88
"SIMPLETASTE Frullino Montalatte Elettrico | Ricaricabile USB-C, Frusta a Doppia Spirale, Basso Rumore, Compatta e Leggera, pe",https://www.amazon.it/dp/B0GTQ15P9K?tag=offertissimes-21,14.99,20.24,25.9,14.99,"Casa, Cucina ed Elettrodomestici","Casa, Cucina ed Elettrodomestici",SIMPLETASTE,B0GTQ15P9K,0,40,88
"GRIFEMA Montalatte Elettrico Ricaricabile Frullino Caffè USB | 13000 Giri/Min Mini Schiumatore Latte con Frusta Inox, Senza B",https://www.amazon.it/dp/B0F328Y3ZG?tag=offertissimes-21,9.01,12.16,25.9,9.01,"Casa, Cucina ed Elettrodomestici","Casa, Cucina ed Elettrodomestici",GRIFEMA,B0F328Y3ZG,0,40,88
"Tognana Grancucina, Caffettiera Moka, 3 Tazze, Mirror-Alluminio, Grigio",https://www.amazon.it/dp/B01LZ597PM?tag=offertissimes-21,8.19,11.06,25.9,8.19,"Casa, Cucina ed Elettrodomestici","Casa, Cucina ed Elettrodomestici",Tognana,B01LZ597PM,0,40,88
"De'Longhi Alicia PLUS EMKM4.B Caffettiera Moka Elettrica 2-4 Tazze, Caffè caldo per 30 minuti, Spegnimento automatico, Rispar",https://www.amazon.it/dp/B00BBBG9UM?tag=offertissimes-21,43.36,58.54,25.9,43.36,"Casa, Cucina ed Elettrodomestici","Casa, Cucina ed Elettrodomestici",De'Longhi,B00BBBG9UM,0,40,88
"Bialetti Caffettiera Moka Express Color, 3 Tazze, Manico Anti Scottatura, Non Adatta a Induzione, 3 Tazze (130 ml), Alluminio",https://www.amazon.it/dp/B06ZYYDGYN?tag=offertissimes-21,25.4,34.29,25.9,25.4,"Casa, Cucina ed Elettrodomestici","Casa, Cucina ed Elettrodomestici",Bialetti,B06ZYYDGYN,0,40,88
"Montalatte Elettrico 4 in 1, Cappuccinatore Elettrico per Calda e Fredda, Scaldalatte in Vetro, Macchina Automatica per Caffè",https://www.amazon.it/dp/B0DPKBZV4K?tag=offertissimes-21,32.78,44.25,25.9,32.78,"Casa, Cucina ed Elettrodomestici","Casa, Cucina ed Elettrodomestici",Montalatte,B0DPKBZV4K,0,40,88
"Krups Nescafé Dolce Gusto - Macchina da caffè a capsule Piccolo XS, rosso, macchina da caffè ultracompatta, multibevande, int",https://www.amazon.it/dp/B08XWKZFRW?tag=offertissimes-21,53.0,71.55,25.9,53.0,"Casa, Cucina ed Elettrodomestici","Casa, Cucina ed Elettrodomestici",Krups,B08XWKZFRW,0,40,88
"KYG Macina Caffe' Elettrico Macinacaffè Elettrico per Semi, Pepe, Semi di Lino con Ciotola Rimovibile Macinaspezie 300W Tazza",https://www.amazon.it/dp/B0C43FD9PW?tag=offertissimes-21,29.99,40.49,25.9,29.99,"Casa, Cucina ed Elettrodomestici","Casa, Cucina ed Elettrodomestici",KYG,B0C43FD9PW,0,40,88
"NESCAFÉ DOLCE GUSTO Krups Mini Me, Macchina per Caffè Espresso e Altre bevande in capsula, Automatica, Grigio e Nero",https://www.amazon.it/dp/B07GJY9KH9?tag=offertissimes-21,55.9,75.47,25.9,55.9,"Casa, Cucina ed Elettrodomestici","Casa, Cucina ed Elettrodomestici",NESCAFE,B07GJY9KH9,0,40,88
"Filtro Acqua Addolcitore Compatibile con Macchine da Caffè Delonghi ECAM | Dinamica, Magnifica S, Rivelia, ETAM, Autentica, E",https://www.amazon.it/dp/B0C7ZTVPPB?tag=offertissimes-21,21.99,29.69,25.9,21.99,"Casa, Cucina ed Elettrodomestici","Casa, Cucina ed Elettrodomestici",Filtro,B0C7ZTVPPB,0,40,88
"Lavazza, A Modo Mio Macchina Caffè Deséa, White Cream | con 88 Capsule Assortite, 1500 W, 220-240 V, 50/60 Hz, Capacità 1.1 L",https://www.amazon.it/dp/B0CG9W4P6G?tag=offertissimes-21,163.85,221.2,25.9,163.85,"Casa, Cucina ed Elettrodomestici","Casa, Cucina ed Elettrodomestici",Lavazza,B0CG9W4P6G,0,40,88
"Snips - Montalatte Manuale Cremix 500ml, Cappuccinatore Monta Latte Cappuccino e Caffè - Schiuma Latte anche 100% Vegetale, F",https://www.amazon.it/dp/B0B88Z3QSW?tag=offertissimes-21,9.75,13.16,25.9,9.75,"Casa, Cucina ed Elettrodomestici","Casa, Cucina ed Elettrodomestici",Snips,B0B88Z3QSW,0,40,88
"Russell Hobbs Macchina Caffè Americano, Compatta, Filtro Permanente lavabile, Spegnimento automatico, mantenimento in caldo,",https://www.amazon.it/dp/B07NDCM7NB?tag=offertissimes-21,27.87,37.62,25.9,27.87,"Casa, Cucina ed Elettrodomestici","Casa, Cucina ed Elettrodomestici",Russell,B07NDCM7NB,0,40,88
"Nespresso Inissia XN1001, Macchina da caffè di Krups, Sistema Capsule Nespresso, Serbatoio acqua 0.7L, White",https://www.amazon.it/dp/B00G98EJHM?tag=offertissimes-21,78.63,106.15,25.9,78.63,"Casa, Cucina ed Elettrodomestici","Casa, Cucina ed Elettrodomestici",Nespresso,B00G98EJHM,0,40,88
"illy, Caffè Macinato per Espresso Tostato INTENSO, Confezione da 250g | 100% Arabica con Note di Cacao e Frutta Secca, Retrog",https://www.amazon.it/dp/B000SHMQW0?tag=offertissimes-21,12.9,17.42,25.9,12.9,"Casa, Cucina ed Elettrodomestici","Casa, Cucina ed Elettrodomestici",illy,B000SHMQW0,0,40,88
"Bialetti Moka Timer, Caffettiera Elettrica Con Timer Incorporato, 3 Tazze, Nero, ‎25 x 22 x 20 cm, 453.59 grammi",https://www.amazon.it/dp/B018X8X1R4?tag=offertissimes-21,56.14,75.79,25.9,56.14,"Casa, Cucina ed Elettrodomestici","Casa, Cucina ed Elettrodomestici",Bialetti,B018X8X1R4,0,40,88
"Russell Hobbs Bollitore acqua elettrico, 1 L, 2400 W, Compatto, 3 Tazze, ebollizione rapida, Filtro anticalcare rimovibile e",https://www.amazon.it/dp/B07NDCKT5D?tag=offertissimes-21,30.32,40.93,25.9,30.32,"Casa, Cucina ed Elettrodomestici","Casa, Cucina ed Elettrodomestici",Russell,B07NDCKT5D,0,40,88
"roborock Qrevo S Pro Robot Aspirapolvere Lavapavimenti, Lavaggio Panno 75°C | Asciugatura Aria Calda 45°C, 18.500Pa, Antigrov",https://www.amazon.it/dp/B0GHN3V6BP?tag=offertissimes-21,599.99,809.99,25.9,599.99,"Casa, Cucina ed Elettrodomestici","Casa, Cucina ed Elettrodomestici",roborock,B0GHN3V6BP,0,40,88
"dreame L40 Ultra AE Robot Aspirapolvere, Lavaggio Panno 75°C | Aspir. 19.000 Pa, Spazzola TriCut, Tecnologia MopExtend, Aggir",https://www.amazon.it/dp/B0F53MJY8T?tag=offertissimes-21,306.56,413.86,25.9,306.56,"Casa, Cucina ed Elettrodomestici","Casa, Cucina ed Elettrodomestici",dreame,B0F53MJY8T,0,40,88
"ECOVACS WINBOT Mini 2 Robot Lavavetri | Spazzole Angolari & Spruzzo a Ultrasuoni, Ultra-Sottile per Finestre Strette, Navigaz",https://www.amazon.it/dp/B0GH5FW4GZ?tag=offertissimes-21,140.55,189.74,25.9,140.55,"Casa, Cucina ed Elettrodomestici","Casa, Cucina ed Elettrodomestici",ECOVACS,B0GH5FW4GZ,0,40,88
"Lefant M210 Omni Robot Aspirapolvere Lavapavimenti Rullo 20.000Pa | Anti Groviglio, Aspirapolvere Robot con Lavaggio ad Acqua",https://www.amazon.it/dp/B0G7TMHWV6?tag=offertissimes-21,581.99,785.69,25.9,581.99,"Casa, Cucina ed Elettrodomestici","Casa, Cucina ed Elettrodomestici",Lefant,B0G7TMHWV6,0,40,88
ECOVACS Soluzione detergente 1L per Robot Aspirapolvere Lavapavimenti della DEEBOT X1/X2/X5/X8/X9/X11/T10/T20/T30/T50/T80/N20,https://www.amazon.it/dp/B09XB5LJGJ?tag=offertissimes-21,24.99,33.74,25.9,24.99,"Casa, Cucina ed Elettrodomestici","Casa, Cucina ed Elettrodomestici",ECOVACS,B09XB5LJGJ,0,40,88
"dreame D20 Pro Plus Robot Aspirapolvere Lavapavimenti, DuoBrush per Peli | 13.000 Pa, Pulizia Angoli, Stazione Svuotamento Au",https://www.amazon.it/dp/B0FBGXW79K?tag=offertissimes-21,183.55,247.79,25.9,183.55,"Casa, Cucina ed Elettrodomestici","Casa, Cucina ed Elettrodomestici",dreame,B0FBGXW79K,0,40,88
"Tineco Floor ONE S7 Artist Lavapavimenti aspirapolvere Senza Fili, 22.000Pa | Design Elegante ed Estetico, Autonomia fino a 5",https://www.amazon.it/dp/B0FC64RCDX?tag=offertissimes-21,392.62,530.04,25.9,392.62,"Casa, Cucina ed Elettrodomestici","Casa, Cucina ed Elettrodomestici",Tineco,B0FC64RCDX,0,40,88
"Tineco Floor ONE S9 Artist Steam ProLavapavimenti a Vapore, HyperSteam | Tecnologia ReverseScrub, Design anti-groviglio DualB",https://www.amazon.it/dp/B0FX2MMRK3?tag=offertissimes-21,719.0,970.65,25.9,719.0,"Casa, Cucina ed Elettrodomestici","Casa, Cucina ed Elettrodomestici",Tineco,B0FX2MMRK3,0,40,88
"roborock Qrevo Curv 2 Flow Robot Aspirapolvere Lavapavimenti con Rullo | 270mm, Protezione Rullo per Tappeti Asciutti, 20.000",https://www.amazon.it/dp/B0FS16B394?tag=offertissimes-21,499.99,674.99,25.9,499.99,"Casa, Cucina ed Elettrodomestici","Casa, Cucina ed Elettrodomestici",roborock,B0FS16B394,0,40,88
"FAMIVAC FV2 Aspirapolvere con Filo, 65Kpa/600W Scopa Elettrica Potente con Spazzola per Materasso, 1,3KG Ultra-Leggero, Cavo",https://www.amazon.it/dp/B0GHKWY3KT?tag=offertissimes-21,83.25,112.39,25.9,83.25,"Casa, Cucina ed Elettrodomestici","Casa, Cucina ed Elettrodomestici",FAMIVAC,B0GHKWY3KT,0,40,88
Aspirapolvere Senza Fili Scopa Elettrica - Potente Filo Batteria Cordless Vacuum Cleaner Scope Elettriche Sacco Portatile Cic,https://www.amazon.it/dp/B0H2Q6G2MK?tag=offertissimes-21,89.99,121.49,25.9,89.99,"Casa, Cucina ed Elettrodomestici","Casa, Cucina ed Elettrodomestici",Aspirapolvere,B0H2Q6G2MK,0,40,88
"PHILIPS Aspirapolvere senza Sacco PowerPro Compact, PowerCyclone 5, 900W | Capacità 1,5L, filtro HEPA H13, bocchetta TriActiv",https://www.amazon.it/dp/B01MTF06KN?tag=offertissimes-21,105.66,142.64,25.9,105.66,"Casa, Cucina ed Elettrodomestici","Casa, Cucina ed Elettrodomestici",PHILIPS,B01MTF06KN,0,40,88
"dreame R20 Aspirapolvere senza Fili, Aspirazione Potente 22.000 Pa/190 AW | Autonomia 90 min, Antigroviglio, Illuminazione An",https://www.amazon.it/dp/B0C5MDCNLZ?tag=offertissimes-21,153.89,207.75,25.9,153.89,"Casa, Cucina ed Elettrodomestici","Casa, Cucina ed Elettrodomestici",dreame,B0C5MDCNLZ,0,40,88
"iRobot Roomba® Plus 576 Combo robot aspirapolvere lavapavimenti, 25.000 Pa | Con stazione AutoWash™ autosvuotante lavaggio mo",https://www.amazon.it/dp/B0GXWXK6VF?tag=offertissimes-21,368.03,496.84,25.9,368.03,"Casa, Cucina ed Elettrodomestici","Casa, Cucina ed Elettrodomestici",iRobot,B0GXWXK6VF,0,40,88
"dreame Z30 Aspirapolvere senza Fili, Aspirazione da 28.000 Pa/310 AW, LED | Adatto per Animali Domestici, Design Antigrovigli",https://www.amazon.it/dp/B0D6ZB7CMY?tag=offertissimes-21,269.66,364.04,25.9,269.66,"Casa, Cucina ed Elettrodomestici","Casa, Cucina ed Elettrodomestici",dreame,B0D6ZB7CMY,0,40,88
"dreame L50s Pro Ultra Robot Aspirapolvere, Aspirazione 30.000 Pa | Auto-pulizia Mocio 100 °C, Pulizia Angoli-Bordi, DuoBrush",https://www.amazon.it/dp/B0GD79DTS7?tag=offertissimes-21,486.89,657.3,25.9,486.89,"Casa, Cucina ed Elettrodomestici","Casa, Cucina ed Elettrodomestici",dreame,B0GD79DTS7,0,40,88
"Kit Risparmio 26 PZ per Folletto VK140, 12 Sacchetti 12 Profumini 2 Griglie | Ricambi Compatibili per Folletto VK140 | Soluzi",https://www.amazon.it/dp/B07FKTLKLD?tag=offertissimes-21,14.99,20.24,25.9,14.99,"Casa, Cucina ed Elettrodomestici","Casa, Cucina ed Elettrodomestici",Kit,B07FKTLKLD,0,40,88
"Dyson Cyclone V10 Aspirapolvere Senza Filo, Adattatore per Angoli Nascosti | Fino a 60 Minuti di Autonomia, 150AW e Motore Di",https://www.amazon.it/dp/B0GX6QQ68P?tag=offertissimes-21,366.05,494.17,25.9,366.05,"Casa, Cucina ed Elettrodomestici","Casa, Cucina ed Elettrodomestici",Dyson,B0GX6QQ68P,0,40,88
"Bialetti Sei Tazzine Impilabili, Multicolore, Porcellana, Multicolore, ‎9 x 9 x 28.5 cm, 450 grammi",https://www.amazon.it/dp/B08L3TM6H5?tag=offertissimes-21,18.02,24.33,25.9,18.02,"Casa, Cucina ed Elettrodomestici","Casa, Cucina ed Elettrodomestici",Bialetti,B08L3TM6H5,0,40,88
"BEPER 90.920G Lunch & Go Scaldavivande Elettrico Portatile con 2 Contenitori Removibili e Posate Incluse, 220V, Giallo",https://www.amazon.it/dp/B017IUJA50?tag=offertissimes-21,13.11,17.7,25.9,13.11,"Casa, Cucina ed Elettrodomestici","Casa, Cucina ed Elettrodomestici",BEPER,B017IUJA50,0,40,88
"Caffetti 150 Bicchierini Caffè 3 oz + 150 Palette, Bicchieri 90 ml in Carta Made in Italy, Palettine Monouso in Legno Betulla",https://www.amazon.it/dp/B0DPJ5LHC1?tag=offertissimes-21,8.19,11.06,25.9,8.19,"Casa, Cucina ed Elettrodomestici","Casa, Cucina ed Elettrodomestici",Caffetti,B0DPJ5LHC1,0,40,88
"OTTO KONING Posate Argento Acciaio Inox 36 Pezzi 6 Persone Coltelli Carne | Servizio da 6 persone, set forchette cucchiai e c",https://www.amazon.it/dp/B0FJF9TP2P?tag=offertissimes-21,25.49,34.41,25.9,25.49,"Casa, Cucina ed Elettrodomestici","Casa, Cucina ed Elettrodomestici",OTTO,B0FJF9TP2P,0,40,88
"MoreCore Copri Piano Induzione Tappetino per Fornelli, 5 Unità | Protezione universale dal calore e dai graffi per cucine a i",https://www.amazon.it/dp/B0C28L1MXB?tag=offertissimes-21,29.95,40.43,25.9,29.95,"Casa, Cucina ed Elettrodomestici","Casa, Cucina ed Elettrodomestici",MoreCore,B0C28L1MXB,0,40,88
"Bombo Bicchiere in vetro calice storto per compleanno 50 anni | capacità 440 ml, bicchiere vino personalizzato con scatola re",https://www.amazon.it/dp/B09WPY6CXT?tag=offertissimes-21,19.9,26.86,25.9,19.9,"Casa, Cucina ed Elettrodomestici","Casa, Cucina ed Elettrodomestici",Bombo,B09WPY6CXT,0,40,88
"HOTUT Set di Posate Acciaio Inox, 3 Pezzi Posate Da Campeggio Kit con Borsa Portaoggetti, Posate Da Viaggio in Argento con Cu",https://www.amazon.it/dp/B0CLM2LJJ4?tag=offertissimes-21,7.21,9.73,25.9,7.21,"Casa, Cucina ed Elettrodomestici","Casa, Cucina ed Elettrodomestici",HOTUT,B0CLM2LJJ4,0,40,88
TeamBio 1000 Pz Bicchieri Caffe di Carta Biodegradabili Biocompostabili Tazzine 75ml,https://www.amazon.it/dp/B08WWL6MKW?tag=offertissimes-21,16.8,22.68,25.9,16.8,"Casa, Cucina ed Elettrodomestici","Casa, Cucina ed Elettrodomestici",TeamBio,B08WWL6MKW,0,40,88
"BioPrime 1000 Bicchierini Caffè in Carta 65 ml Monouso | Bicchieri da caffè per espresso e bevande calde, per bar, uffici, ar",https://www.amazon.it/dp/B09XXL3HZ1?tag=offertissimes-21,15.69,21.18,25.9,15.69,"Casa, Cucina ed Elettrodomestici","Casa, Cucina ed Elettrodomestici",BioPrime,B09XXL3HZ1,0,40,88
COFFISANO 200 Bicchierini da Caffè Colorati | Bicchieri in Cartoncino da 75 ml per Espresso Tè Bevande Usa e Getta in Monouso,https://www.amazon.it/dp/B0CVH6HHCG?tag=offertissimes-21,9.84,13.28,25.9,9.84,"Casa, Cucina ed Elettrodomestici","Casa, Cucina ed Elettrodomestici",COFFISANO,B0CVH6HHCG,0,40,88
"1000 Bicchieri Caffe Carta Da 75ml - Set Bicchierini Monouso per Bevande Calde/Fredde - Biodegradabili, Eco-friendly e Made i",https://www.amazon.it/dp/B0F3Q12HS2?tag=offertissimes-21,16.9,22.82,25.9,16.9,"Casa, Cucina ed Elettrodomestici","Casa, Cucina ed Elettrodomestici",1000,B0F3Q12HS2,0,40,88
"Amazon Basics Forchette da tavola in Acciaio Inox con Bordo Arrotondato, Confezione da 12 Pezzi",https://www.amazon.it/dp/B0736W5XNB?tag=offertissimes-21,12.21,16.48,25.9,12.21,"Casa, Cucina ed Elettrodomestici","Casa, Cucina ed Elettrodomestici",Amazon,B0736W5XNB,0,40,88
Bormioli Rocco - Set 12 Bicchieri Collezione GLIT 30 - capacità 30 cl. - (12),https://www.amazon.it/dp/B079KT2J67?tag=offertissimes-21,12.47,16.83,25.9,12.47,"Casa, Cucina ed Elettrodomestici","Casa, Cucina ed Elettrodomestici",Bormioli,B079KT2J67,0,40,88
"Lagostina Giada, Set Servizio Posate in Acciaio Inox 18/10, 24 Pezzi | Comprende 6 Forchette, 6 Coltelli, 6 Cucchiai, 6 Cucch",https://www.amazon.it/dp/B00VMMNUV6?tag=offertissimes-21,49.1,66.29,25.9,49.1,"Casa, Cucina ed Elettrodomestici","Casa, Cucina ed Elettrodomestici",Lagostina,B00VMMNUV6,0,40,88
"Bio Prime - 200pz - Bicchieri Acqua in Carta 200ml - Bicchieri 200ml Biodegradabili - Per Bevande Calde, Acqua e Bibite - Bic",https://www.amazon.it/dp/B0D8VW3M6G?tag=offertissimes-21,12.21,16.48,25.9,12.21,"Casa, Cucina ed Elettrodomestici","Casa, Cucina ed Elettrodomestici",Bio,B0D8VW3M6G,0,40,88
"Amazon Basics Bicchieri di carta per bevande calde, polietilene, 207 ml, confezione da 150, Bianco",https://www.amazon.it/dp/B08L8QSB2Q?tag=offertissimes-21,17.74,23.95,25.9,17.74,"Casa, Cucina ed Elettrodomestici","Casa, Cucina ed Elettrodomestici",Amazon,B08L8QSB2Q,0,40,88
100 Forchette biodegradabili e compostabili Bianche Posate in Fibra di Zucchero Confezioni da 50 Pezzi stoviglie bio Eco Frie,https://www.amazon.it/dp/B0CBCNQ4YY?tag=offertissimes-21,7.0,9.45,25.9,7.0,"Casa, Cucina ed Elettrodomestici","Casa, Cucina ed Elettrodomestici",100,B0CBCNQ4YY,0,40,88
STANLEY 1913 Quencher H2.0 Borraccia Con Cannuccia 1.18L - Rose Quartz | Flowstate - Freddo Per 11 Ore - Con Ghiaccio Per 48,https://www.amazon.it/dp/B0CNTWY3VM?tag=offertissimes-21,39.34,53.11,25.9,39.34,"Casa, Cucina ed Elettrodomestici","Casa, Cucina ed Elettrodomestici",STANLEY,B0CNTWY3VM,0,40,88
"MasterChef Set Utensili Cucina, Mestoli Cucina 6 Pezzi | con Mestoli, Spatola, Cucchiaio, Leccapentole, Set Pasticceria e Alt",https://www.amazon.it/dp/B0CL9WR3JG?tag=offertissimes-21,16.39,22.13,25.9,16.39,"Casa, Cucina ed Elettrodomestici","Casa, Cucina ed Elettrodomestici",MasterChef,B0CL9WR3JG,0,40,88
"AKITAInk 1000 Bicchierini Caffè Carta 75ml – Design Maiolika, Maiolica Costiera Amalfitana, Vietri, Amalfi, Sorrento",https://www.amazon.it/dp/B0DLXYVLKG?tag=offertissimes-21,15.99,21.59,25.9,15.99,"Casa, Cucina ed Elettrodomestici","Casa, Cucina ed Elettrodomestici",AKITAInk,B0DLXYVLKG,0,40,88
"H&H Starc, Set di 6 Bicchieri da Acqua, Vetro Ultrasottile, Trasparente, Capacità 350 ml, Eleganti, Leggeri, dal Design Minim",https://www.amazon.it/dp/B00K97280E?tag=offertissimes-21,9.02,12.18,25.9,9.02,"Casa, Cucina ed Elettrodomestici","Casa, Cucina ed Elettrodomestici",H,B00K97280E,0,40,88
Happyfood Kit 1000 Palette per Caffe in Legno monouso imbustate singolarmente - Bastoncini palettine miscelatori USA e Getta,https://www.amazon.it/dp/B0965P44M8?tag=offertissimes-21,9.05,12.22,25.9,9.05,"Casa, Cucina ed Elettrodomestici","Casa, Cucina ed Elettrodomestici",Happyfood,B0965P44M8,0,40,88
"Brabantia Tasty+ Contenitori per Alimenti Impilabili, Dark Grey, Set da 4 | Organizer cucina, Forma quadrata, In plastica tra",https://www.amazon.it/dp/B07NJH96T7?tag=offertissimes-21,28.87,38.97,25.9,28.87,"Casa, Cucina ed Elettrodomestici","Casa, Cucina ed Elettrodomestici",Brabantia,B07NJH96T7,0,40,88
"AURACAFFE' 1800 Pezzi - Kit Bicchieri Caffe Palette Zucchero monouso | 600 Bicchierini Carta 75 ml, 600 Palettine in Legno Mo",https://www.amazon.it/dp/B0CY57Z2NJ?tag=offertissimes-21,25.99,35.09,25.9,25.99,"Casa, Cucina ed Elettrodomestici","Casa, Cucina ed Elettrodomestici",AURACAFFE,B0CY57Z2NJ,0,40,88
"Amazon Basics - Cucchiaino da Caffè in Acciaio Inossidabile con Bordo Arrotondato, 13,3 cm, Confezione da 12",https://www.amazon.it/dp/B07GJKFGSC?tag=offertissimes-21,13.11,17.7,25.9,13.11,"Casa, Cucina ed Elettrodomestici","Casa, Cucina ed Elettrodomestici",Amazon,B07GJKFGSC,0,40,88
"RFD 1000 Bicchieri di Carta Caffe 75 ml - Maxi Scorta Tazzine Monouso bicchierini caffè Anti-Perdita – Ideali per Espresso, U",https://www.amazon.it/dp/B0CC29TCQV?tag=offertissimes-21,14.9,20.12,25.9,14.9,"Casa, Cucina ed Elettrodomestici","Casa, Cucina ed Elettrodomestici",RFD,B0CC29TCQV,0,40,88
"Brabantia Make & Take Set Posate con Custodia, Dark Grey | Coltello, cucchiaio e forchetta, Acciaio inox, Per viaggi, scuola",https://www.amazon.it/dp/B005RB9VV6?tag=offertissimes-21,6.55,8.84,25.9,6.55,"Casa, Cucina ed Elettrodomestici","Casa, Cucina ed Elettrodomestici",Brabantia,B005RB9VV6,0,40,88
"Cuki Piatti Fondi in Cartoncino Resistenti, 1 Conf. da 75 Pezzi",https://www.amazon.it/dp/B0B1QLT4WK?tag=offertissimes-21,9.69,13.08,25.9,9.69,"Casa, Cucina ed Elettrodomestici","Casa, Cucina ed Elettrodomestici",Cuki,B0B1QLT4WK,0,40,88
"Krosno Bicchieri da Acqua Set di 6, 430 ml, Collezione Avant-Garde | Tumbler basso vetro per bevande, cocktail, gin tonic, su",https://www.amazon.it/dp/B07JZZ366C?tag=offertissimes-21,26.9,36.31,25.9,26.9,"Casa, Cucina ed Elettrodomestici","Casa, Cucina ed Elettrodomestici",Krosno,B07JZZ366C,0,40,88
"BrandPrint Bottiglie Vetro Acqua 1 Litro Eos - Set 6 Senza Stampe | Bottiglie in vetro trasparente senza serigrafia, lavabili",https://www.amazon.it/dp/B0CGRWYLW6?tag=offertissimes-21,33.95,45.83,25.9,33.95,"Casa, Cucina ed Elettrodomestici","Casa, Cucina ed Elettrodomestici",BrandPrint,B0CGRWYLW6,0,40,88
"SWEEPING,1000 Bicchierini Caffè monouso,tazzine caffe in carta da 65ml - SILVER EDITION - Bicchieri caffe monouso per un espe",https://www.amazon.it/dp/B0FNWXPXJB?tag=offertissimes-21,19.5,26.33,25.9,19.5,"Casa, Cucina ed Elettrodomestici","Casa, Cucina ed Elettrodomestici",SWEEPING,B0FNWXPXJB,0,40,88
"Tognana Lyra, set 6 tazze espresso 100 cc, vetro, trasparente",https://www.amazon.it/dp/B0GS2ZSY9X?tag=offertissimes-21,5.94,8.02,25.9,5.94,"Casa, Cucina ed Elettrodomestici","Casa, Cucina ed Elettrodomestici",Tognana,B0GS2ZSY9X,0,40,88
"Mezzar Tazzine Caffè Vetro Doppio Strato, 6 Pezzi Set da 80ml, Bicchieri Trasparenti Lavabili per Cappuccino Latte Tè Macchia",https://www.amazon.it/dp/B0CLD6DL4P?tag=offertissimes-21,14.98,20.22,25.9,14.98,"Casa, Cucina ed Elettrodomestici","Casa, Cucina ed Elettrodomestici",Mezzar,B0CLD6DL4P,0,40,88
"OTTO KONING Set di posate da viaggio portatile 3 Pezzi Argento con Custodia | Acciaio inox 18/0 argento, finitura lucida a sp",https://www.amazon.it/dp/B0DHNXKJF1?tag=offertissimes-21,7.99,10.79,25.9,7.99,"Casa, Cucina ed Elettrodomestici","Casa, Cucina ed Elettrodomestici",OTTO,B0DHNXKJF1,0,40,88
Wanapix | Calice di Vino Personalizzato Testo | Regalo Anniversario,https://www.amazon.it/dp/B0D7MJY8CB?tag=offertissimes-21,16.99,22.94,25.9,16.99,"Casa, Cucina ed Elettrodomestici","Casa, Cucina ed Elettrodomestici",Wanapix,B0D7MJY8CB,0,40,88
"Tognana Gemma, Set 6 Bicchieri cc 320, Vetro, Multicolore",https://www.amazon.it/dp/B0878XX96V?tag=offertissimes-21,9.75,13.16,25.9,9.75,"Casa, Cucina ed Elettrodomestici","Casa, Cucina ed Elettrodomestici",Tognana,B0878XX96V,0,40,88
"De'Longhi DLSC310, Bicchieri Espresso di Vetro a Doppia Parete, Vetro Borosilicato ritenzione del calore, Trasparente, Set di",https://www.amazon.it/dp/B004MALMT2?tag=offertissimes-21,9.75,13.16,25.9,9.75,"Casa, Cucina ed Elettrodomestici","Casa, Cucina ed Elettrodomestici",De'Longhi,B004MALMT2,0,40,88
"Guzzini On The Go Posate da Viaggio, Polipropilene e Acciaio Inossidabile, Spalvieri & Del Ciotto, 19 x 5.5 x h2 cm, Bianco",https://www.amazon.it/dp/B0822P9YJ7?tag=offertissimes-21,13.11,17.7,25.9,13.11,"Casa, Cucina ed Elettrodomestici","Casa, Cucina ed Elettrodomestici",Guzzini,B0822P9YJ7,0,40,88
"Amazon Basics posate in acciaio inox con bordo squadrato per 4 persone, confezione da 20, Argento",https://www.amazon.it/dp/B07GKDSK7B?tag=offertissimes-21,11.95,16.13,25.9,11.95,"Casa, Cucina ed Elettrodomestici","Casa, Cucina ed Elettrodomestici",Amazon,B07GKDSK7B,0,40,88
"BEWOS Ciotola di Miscelazione con Coperchio da 7 Pezzi, Ciotole di Miscelazione in Acciaio Inox con Grattugia, Base Antiscivo",https://www.amazon.it/dp/B0DDL5HKZY?tag=offertissimes-21,34.99,47.24,25.9,34.99,"Casa, Cucina ed Elettrodomestici","Casa, Cucina ed Elettrodomestici",BEWOS,B0DDL5HKZY,0,40,88
"MP ECO SOLUTION 1000 Bicchieri Carta 200 ml Monouso Bianchi – Bicchieri Carta per Acqua e Bevande Calde – Ideali per Bar, Uff",https://www.amazon.it/dp/B0GPJWDPMY?tag=offertissimes-21,34.9,47.12,25.9,34.9,"Casa, Cucina ed Elettrodomestici","Casa, Cucina ed Elettrodomestici",MP,B0GPJWDPMY,0,40,88
"SWEEPING,1000 Bicchierini Caffè monouso,tazzine caffe in carta da 75ml",https://www.amazon.it/dp/B0DSJFCQM7?tag=offertissimes-21,19.5,26.33,25.9,19.5,"Casa, Cucina ed Elettrodomestici","Casa, Cucina ed Elettrodomestici",SWEEPING,B0DSJFCQM7,0,40,88
"Guzzini - Eco-Kitchen, KEEP CLEAN, Poggiamestolo, Poggia Posate, Materiale Riciclato - Bianco Latte, 25x12,5xh 3 cm - 1799001",https://www.amazon.it/dp/B097N3Q59P?tag=offertissimes-21,12.95,17.48,25.9,12.95,"Casa, Cucina ed Elettrodomestici","Casa, Cucina ed Elettrodomestici",Guzzini,B097N3Q59P,0,40,88
Alessi Blip PG02 - Appoggiacucchiaio di Design in Acciaio Inossidabile 18/10 Lucido,https://www.amazon.it/dp/B00439XMJK?tag=offertissimes-21,21.49,29.01,25.9,21.49,"Casa, Cucina ed Elettrodomestici","Casa, Cucina ed Elettrodomestici",Alessi,B00439XMJK,0,40,88
"RITZENHOFF Set di 6 bicchieri da vino - 500 ml - Made in Germany | Art. n. 6301001, Serie Lichtweiss, 6 bicchieri da vino 500",https://www.amazon.it/dp/B0D6VYTQ5V?tag=offertissimes-21,23.72,32.02,25.9,23.72,"Casa, Cucina ed Elettrodomestici","Casa, Cucina ed Elettrodomestici",RITZENHOFF,B0D6VYTQ5V,0,40,88
Kit completo 200 bicchierini di carta da caffè 66 ml bio compatibili in carta tenuta perfetta Ecologici Biodegradabili Monous,https://www.amazon.it/dp/B0CP8HG2X1?tag=offertissimes-21,11.97,16.16,25.9,11.97,"Casa, Cucina ed Elettrodomestici","Casa, Cucina ed Elettrodomestici",Kit,B0CP8HG2X1,0,40,88
Bicchieri Plastica Trasparenti Monouso (200 ml) | 96 Pezzi Usa e Getta o Riutilizzabili fino a 50 Lavaggi | Lavastoviglie | S,https://www.amazon.it/dp/B0GQ1B39KJ?tag=offertissimes-21,10.99,14.84,25.9,10.99,"Casa, Cucina ed Elettrodomestici","Casa, Cucina ed Elettrodomestici",Bicchieri,B0GQ1B39KJ,0,40,88
"Tognana Exotic, Servizio piatti 18 pezzi per 6 persone, Porcellana, Multicolor",https://www.amazon.it/dp/B0FPDGTNFZ?tag=offertissimes-21,56.39,76.13,25.9,56.39,"Casa, Cucina ed Elettrodomestici","Casa, Cucina ed Elettrodomestici",Tognana,B0FPDGTNFZ,0,40,88
Regalo Donne Tazze da Caffè Regalo Compleanno Originale per Lei Tazze da Tè Espresso Personalizzate Regali Matrimonio Amicizi,https://www.amazon.it/dp/B0F6YKCK7T?tag=offertissimes-21,18.99,25.64,25.9,18.99,"Casa, Cucina ed Elettrodomestici","Casa, Cucina ed Elettrodomestici",Regalo,B0F6YKCK7T,0,40,88
"Fire More Set 5 Ciotole Acciaio inox Cucina 4L/2,8L/1,8L/1,5L/1L | Insalatiera con Coperchio e 3 Grattugie, Ciotola Cucina Im",https://www.amazon.it/dp/B0GF79WSVW?tag=offertissimes-21,37.99,51.29,25.9,37.99,"Casa, Cucina ed Elettrodomestici","Casa, Cucina ed Elettrodomestici",Fire,B0GF79WSVW,0,40,88
"Biching Regalo Anniversario Matrimonio, Coppia Tazza da Caffè in Ceramica | Comprende una raffinata confezione regalo, un big",https://www.amazon.it/dp/B0F487GRJ2?tag=offertissimes-21,24.99,33.74,25.9,24.99,"Casa, Cucina ed Elettrodomestici","Casa, Cucina ed Elettrodomestici",Biching,B0F487GRJ2,0,40,88
"Cosumy Set Tazzine Caffè Particolari 6 Espresso 90 ml Colorate – Piattino | Fatte a mano, ceramica spessa mantiene il caffè c",https://www.amazon.it/dp/B0DTQC7HSN?tag=offertissimes-21,30.99,41.84,25.9,30.99,"Casa, Cucina ed Elettrodomestici","Casa, Cucina ed Elettrodomestici",Cosumy,B0DTQC7HSN,0,40,88
"Matana - 120 Calici in Plastica con Glitter Oro e Argento, 133ml - Riutilizzabile - Flute Plastica, Bicchieri da Champagne, B",https://www.amazon.it/dp/B082MPN41T?tag=offertissimes-21,39.99,53.99,25.9,39.99,"Casa, Cucina ed Elettrodomestici","Casa, Cucina ed Elettrodomestici",Matana,B082MPN41T,0,40,88
"Nirosta Set da 6 Coltelli Lama Seghettata da tavola Punta Tonda 21,5x1,9x1 cm, Set da 6pz, Colore Tortora o Nero, lunghezza l",https://www.amazon.it/dp/B0B9HLV1X7?tag=offertissimes-21,6.55,8.84,25.9,6.55,"Casa, Cucina ed Elettrodomestici","Casa, Cucina ed Elettrodomestici",Nirosta,B0B9HLV1X7,0,40,88
"Bormioli Rocco - DiVino, Calici per vino bianco, 44,5 cl, set da 12 pz",https://www.amazon.it/dp/B071W3YMMX?tag=offertissimes-21,26.6,35.91,25.9,26.6,"Casa, Cucina ed Elettrodomestici","Casa, Cucina ed Elettrodomestici",Bormioli,B071W3YMMX,0,40,88
"ISAP Bicchieri Plastica Usa e Getta Bianchi (200 ml) Bicchieri Monouso per Acqua e Bibite Varie, Made in Italy Idonei al Cont",https://www.amazon.it/dp/B0CWZ2DXFY?tag=offertissimes-21,11.5,15.53,25.9,11.5,"Casa, Cucina ed Elettrodomestici","Casa, Cucina ed Elettrodomestici",ISAP,B0CWZ2DXFY,0,40,88
"Pradel Essentiel Baltics Cucchiaini Caffè Inox, 13.6 cm, Set da 12 | 12 cucchiaini, acciaio inox 18/0, finitura standard, lun",https://www.amazon.it/dp/B09SZJVJ8D?tag=offertissimes-21,4.66,6.29,25.9,4.66,"Casa, Cucina ed Elettrodomestici","Casa, Cucina ed Elettrodomestici",Pradel,B09SZJVJ8D,0,40,88
"BRITA filtro P1000 per rubinetti filtranti da cucina BRITA, 1 pezzo (1200l) | Filtro di ricambio originale per mypure P1 e al",https://www.amazon.it/dp/B003X26VS2?tag=offertissimes-21,41.22,55.65,25.9,41.22,"Casa, Cucina ed Elettrodomestici","Casa, Cucina ed Elettrodomestici",BRITA,B003X26VS2,0,40,88
"LAICA Genova Filtro Acqua Rubinetto con HYDROSMART+ Metal Stop - Bianco | Riduce metalli pesanti e cloro, 2 funzioni: acqua f",https://www.amazon.it/dp/B0B7C88CNN?tag=offertissimes-21,32.7,44.15,25.9,32.7,"Casa, Cucina ed Elettrodomestici","Casa, Cucina ed Elettrodomestici",LAICA,B0B7C88CNN,0,40,88
"PURAMANE Filtro Acqua Rubinetto, filtri carbone attivo, 1 cartuccia offerta",https://www.amazon.it/dp/B0DL7QGZ5X?tag=offertissimes-21,39.9,53.87,25.9,39.9,"Casa, Cucina ed Elettrodomestici","Casa, Cucina ed Elettrodomestici",PURAMANE,B0DL7QGZ5X,0,40,88
"BRITA Filtro acqua rubinetto MAXTRA PRO Pure Performance (ex All-in-1) confezione da 4 filtri - Riduce cloro, calcare, PFAS e",https://www.amazon.it/dp/B0BZSRJWXZ?tag=offertissimes-21,18.71,25.26,25.9,18.71,"Casa, Cucina ed Elettrodomestici","Casa, Cucina ed Elettrodomestici",BRITA,B0BZSRJWXZ,0,40,88
"Aqua Optima Evolve+ 6 Filtri Acqua - Riduce Calcare, Compatibile con Brita | Compatibile con Maxtra, Maxtra+ e PerfectFit, ri",https://www.amazon.it/dp/B0B3JG936H?tag=offertissimes-21,22.09,29.82,25.9,22.09,"Casa, Cucina ed Elettrodomestici","Casa, Cucina ed Elettrodomestici",Aqua,B0B3JG936H,0,40,88
"Cartuccia Aragon per Filtro Rubinetto Geyser Euro, Ricambio Filtro Geyser Euro (1 Cartuccia)",https://www.amazon.it/dp/B07KDGKDFW?tag=offertissimes-21,29.9,40.37,25.9,29.9,"Casa, Cucina ed Elettrodomestici","Casa, Cucina ed Elettrodomestici",Cartuccia,B07KDGKDFW,0,40,88
"Waterdrop PT-05P Elfin Caraffa Filtrante 2,5L, Certificata NSF, 3 Mesi,Rosa | 200 Galloni, Durata Filtro 5X Più Lunga, Adatto",https://www.amazon.it/dp/B081GKX8FF?tag=offertissimes-21,19.99,26.99,25.9,19.99,"Casa, Cucina ed Elettrodomestici","Casa, Cucina ed Elettrodomestici",Waterdrop,B081GKX8FF,0,40,88
"[Original] Waterdrop PF-01A Filtro Acqua per Caraffa Waterdrop, 3 Mesi Ogni | Certificato NSF, Riduce Piombo, PFAS, PFOA/PFOS",https://www.amazon.it/dp/B08RHSHJ8Y?tag=offertissimes-21,33.99,45.89,25.9,33.99,"Casa, Cucina ed Elettrodomestici","Casa, Cucina ed Elettrodomestici",Amazon Choice,B08RHSHJ8Y,0,40,88
"WK - Cartuccia Filtrante per Filtro Acqua in Nylon, 1 Pezzo da 10 Pollici con Permeabilità 60 Micron, Ideale per Uso Domestic",https://www.amazon.it/dp/B07N613KH2?tag=offertissimes-21,7.38,9.96,25.9,7.38,"Casa, Cucina ed Elettrodomestici","Casa, Cucina ed Elettrodomestici",WK,B07N613KH2,0,40,88
"Waterdrop G3-N3CB Filtro per Sistemi RO G3-W, G3P600 e G3P800 | Durata di 12 Mesi, Certificato NSF/ANSI 42, 53 & 372, Install",https://www.amazon.it/dp/B07NXQ3S87?tag=offertissimes-21,32.99,44.54,25.9,32.99,"Casa, Cucina ed Elettrodomestici","Casa, Cucina ed Elettrodomestici",Waterdrop,B07NXQ3S87,0,40,88
SOLEILUX Cartucce Polifosfati per Caldaia Ricarica Universale da 12 Pastiglie di Polvere Concentrata per Filtrazione Acqua -,https://www.amazon.it/dp/B0FQPMNV4G?tag=offertissimes-21,13.9,18.77,25.9,13.9,"Casa, Cucina ed Elettrodomestici","Casa, Cucina ed Elettrodomestici",SOLEILUX,B0FQPMNV4G,0,40,88
"BRITA caraffa filtrante MAXTRA Style Essential XL, 1x filtro Pure Performance",https://www.amazon.it/dp/B0GP1V9QT1?tag=offertissimes-21,30.99,41.84,25.9,30.99,"Casa, Cucina ed Elettrodomestici","Casa, Cucina ed Elettrodomestici",BRITA,B0GP1V9QT1,0,40,88
Everpure AC EV9601-12 Ricambio Filtro Acqua,https://www.amazon.it/dp/B005VPOFT6?tag=offertissimes-21,43.81,59.14,25.9,43.81,"Casa, Cucina ed Elettrodomestici","Casa, Cucina ed Elettrodomestici",Everpure,B005VPOFT6,0,40,88
"Koala Cartucce filtranti Waterdrop compatibili con Brita Maxtra+ Plus, filtro per l'acqua Maxtra Pro All-in-1, compatibili co",https://www.amazon.it/dp/B0FF4R4527?tag=offertissimes-21,27.99,37.79,25.9,27.99,"Casa, Cucina ed Elettrodomestici","Casa, Cucina ed Elettrodomestici",Koala,B0FF4R4527,0,40,88
"Wessper Cartucce Filtranti per l'acqua dura per Caraffa Filtrante 12 Pezzi, Ricambio per Dafi Unimax Aquaphor A5 BRITA Maxtra",https://www.amazon.it/dp/B07J66NSXY?tag=offertissimes-21,38.15,51.5,25.9,38.15,"Casa, Cucina ed Elettrodomestici","Casa, Cucina ed Elettrodomestici",Wessper,B07J66NSXY,0,40,88
"BRITA dispenser filtrante XXL MAXTRA Flow, 1x filtro acqua Pure Performance | (8.2L) dispenser filtrante acqua adatto al frig",https://www.amazon.it/dp/B0BSXFMRQN?tag=offertissimes-21,40.16,54.22,25.9,40.16,"Casa, Cucina ed Elettrodomestici","Casa, Cucina ed Elettrodomestici",BRITA,B0BSXFMRQN,0,40,88
"LAICA GlaSSmart Bottiglia Filtrante in Vetro - 3 Filtri FAST DISK, 1,1L | Riduce cloro, migliora il gusto, filtrazione istant",https://www.amazon.it/dp/B08VDN56S8?tag=offertissimes-21,24.14,32.59,25.9,24.14,"Casa, Cucina ed Elettrodomestici","Casa, Cucina ed Elettrodomestici",LAICA,B08VDN56S8,0,40,88
"BRITA ON TAP V incl. 1 x filtro acqua rubinetto V (4 mesi) - riduce cloro, PFAS, piccole particelle e metalli - indicatore du",https://www.amazon.it/dp/B0C7CVVQ1P?tag=offertissimes-21,21.23,28.66,25.9,21.23,"Casa, Cucina ed Elettrodomestici","Casa, Cucina ed Elettrodomestici",BRITA,B0C7CVVQ1P,0,40,88
"BREOILUTLE Filtri, Compatibili con Brita Maxtra+ Plus, Maxtra Pro All-in-1 Filtro, Filtro per Bollitore Compatibile Con Brita",https://www.amazon.it/dp/B0DF1PZSQV?tag=offertissimes-21,22.59,30.5,25.9,22.59,"Casa, Cucina ed Elettrodomestici","Casa, Cucina ed Elettrodomestici",BREOILUTLE,B0DF1PZSQV,0,40,88
"Aquafloow Set 6 Cartucce Filtranti Acqua | Compatibili con Brita Maxtra+, Maxtra Pro, Caraffe Marella, Style, Elemaris | Ridu",https://www.amazon.it/dp/B0CB485DN9?tag=offertissimes-21,16.8,22.68,25.9,16.8,"Casa, Cucina ed Elettrodomestici","Casa, Cucina ed Elettrodomestici",Aquafloow,B0CB485DN9,0,40,88
BRITA Filtro acqua rubinetto MAXTRA PRO Limescale Expert - 4 pezzi | Filtri per acqua originali compatibile con caraffe filtr,https://www.amazon.it/dp/B0BSXFXRQH?tag=offertissimes-21,22.94,30.97,25.9,22.94,"Casa, Cucina ed Elettrodomestici","Casa, Cucina ed Elettrodomestici",BRITA,B0BSXFXRQH,0,40,88
"AQUASAN 3 Cartucce Filtro Ricambio Aquacompact, Aquagaia Filtro Rubinetto, Filtraggio Acqua Cartuccia Depuratore Microfiltraz",https://www.amazon.it/dp/B00TJ6YK16?tag=offertissimes-21,32.9,44.41,25.9,32.9,"Casa, Cucina ed Elettrodomestici","Casa, Cucina ed Elettrodomestici",AQUASAN,B00TJ6YK16,0,40,88
"HOTUT Cartucce di Filtro Dell'acqua di Ricambio per Rubinetto, Set di 2 filtri da Cucina, Filtro per Acqua Potabile per La Ca",https://www.amazon.it/dp/B0D9LWTQG8?tag=offertissimes-21,19.99,26.99,25.9,19.99,"Casa, Cucina ed Elettrodomestici","Casa, Cucina ed Elettrodomestici",HOTUT,B0D9LWTQG8,0,40,88
3m AP2-C405-G Replacement Water Filter Cartridge by East Midlands Water,https://www.amazon.it/dp/B00HOBZHNI?tag=offertissimes-21,39.99,53.99,25.9,39.99,"Casa, Cucina ed Elettrodomestici","Casa, Cucina ed Elettrodomestici",3m,B00HOBZHNI,0,40,88
"GLACIER FRESH Filtro acqua rubinetto ON TAP V/V-MF (1×600L) | compatibile con Brita On Tap Pro, Riduce il 99% cloro, PFAS, mi",https://www.amazon.it/dp/B0CDC3Z1H6?tag=offertissimes-21,17.99,24.29,25.9,17.99,"Casa, Cucina ed Elettrodomestici","Casa, Cucina ed Elettrodomestici",GLACIER,B0CDC3Z1H6,0,40,88
Aqualogis Cartucce Filtranti Compatible per Brita Maxtra Maxtra+ con Caraffa Filtrante (6 pezzi),https://www.amazon.it/dp/B07KYY4GSX?tag=offertissimes-21,16.84,22.73,25.9,16.84,"Casa, Cucina ed Elettrodomestici","Casa, Cucina ed Elettrodomestici",Aqualogis,B07KYY4GSX,0,40,88
"Puramane : Cartucce Filtranti per Filtro Acqua Rubinetto, Filtri Carbone Attivo, Purificatore Acqua Multi-stadi, Filtrazione",https://www.amazon.it/dp/B0DMXRY3KN?tag=offertissimes-21,27.9,37.66,25.9,27.9,"Casa, Cucina ed Elettrodomestici","Casa, Cucina ed Elettrodomestici",Puramane,B0DMXRY3KN,0,40,88
"LAICA bi-flux Coffee & Tea 3 Filtri Acqua - Riduce il Calcare | Preserva i sali minerali, ideale per caffè, tè e bevande cald",https://www.amazon.it/dp/B00ICA2HKG?tag=offertissimes-21,15.38,20.76,25.9,15.38,"Casa, Cucina ed Elettrodomestici","Casa, Cucina ed Elettrodomestici",LAICA,B00ICA2HKG,0,40,88
"BWT Caraffa Filtrante Vida White da 2,6 l – Filtro per acqua da tavola Filtra CALCARE, Cloro, Piombo e Rame – Include una car",https://www.amazon.it/dp/B01MUEFG6B?tag=offertissimes-21,11.39,15.38,25.9,11.39,"Casa, Cucina ed Elettrodomestici","Casa, Cucina ed Elettrodomestici",BWT,B01MUEFG6B,0,40,88
AQUAPHOR Maxfor+ Filtri per Acqua Compatibili con tutte le Caraffe di Grandi marchi - Confezione 5+1,https://www.amazon.it/dp/B0843D8X61?tag=offertissimes-21,49.45,66.76,25.9,49.45,"Casa, Cucina ed Elettrodomestici","Casa, Cucina ed Elettrodomestici",AQUAPHOR,B0843D8X61,0,40,88
"Felce Azzurra - Gel Assorbiodori Ciliegio e Peonia, Profumatore per Ambienti Piccoli, Armadio, Cassetti Assorbi Odori, Deodor",https://www.amazon.it/dp/B00HWNJ0YA?tag=offertissimes-21,31.44,42.44,25.9,31.44,"Casa, Cucina ed Elettrodomestici","Casa, Cucina ed Elettrodomestici",Felce,B00HWNJ0YA,0,40,88
"Ambi Pur 3Volution Ricarica Profumatore Elettrico, 7 Pezzi, Lenor Oro | Deodorante per Casa, Durata Fino a 90 Giorni per Rica",https://www.amazon.it/dp/B0D8Q96VHB?tag=offertissimes-21,21.62,29.19,25.9,21.62,"Casa, Cucina ed Elettrodomestici","Casa, Cucina ed Elettrodomestici",Ambi,B0D8Q96VHB,0,40,88
"Deconovo Tende Oscuranti per Interni, 2 Pannelli, 135x240 cm, Grigio Scuro | Termiche Isolanti Caldo e Freddo, Attenuano i Ru",https://www.amazon.it/dp/B01CFVKAOC?tag=offertissimes-21,31.1,41.99,25.9,31.1,"Casa, Cucina ed Elettrodomestici","Casa, Cucina ed Elettrodomestici",Deconovo,B01CFVKAOC,0,40,88
"Millefiori Milano – Fragranza per Diffusore a Bastoncini 250 ml, Legni & Fiori d’Arancio – Profumatore Ambiente Raffinato con",https://www.amazon.it/dp/B00BJ4HKX6?tag=offertissimes-21,46.99,63.44,25.9,46.99,"Casa, Cucina ed Elettrodomestici","Casa, Cucina ed Elettrodomestici",Millefiori,B00BJ4HKX6,0,40,88
"Textilhome Copridivano Penisola ADELE 3 Posti 200 cm Sinistra Gray | Protegge da macchie, peli e graffi. Trapuntata, facile d",https://www.amazon.it/dp/B07HY163CN?tag=offertissimes-21,29.95,40.43,25.9,29.95,"Casa, Cucina ed Elettrodomestici","Casa, Cucina ed Elettrodomestici",Textilhome,B07HY163CN,0,40,88
"Sonello Tenda a Rullo Oscurante Klemmfix Senza Forare per Interni 50x210cm | Bianco, Tenda Avvolgibile Oscurante con Morsetti",https://www.amazon.it/dp/B07L41MJMK?tag=offertissimes-21,22.9,30.91,25.9,22.9,"Casa, Cucina ed Elettrodomestici","Casa, Cucina ed Elettrodomestici",Sonello,B07L41MJMK,0,40,88
"Glade Liquido Elettrico Profumatore per Ambienti Refreshing Air 1Base 3 Ric | Elimina gli Odori degli Animali Domestici, Fino",https://www.amazon.it/dp/B0DSJWZ58B?tag=offertissimes-21,39.9,53.87,25.9,39.9,"Casa, Cucina ed Elettrodomestici","Casa, Cucina ed Elettrodomestici",Glade,B0DSJWZ58B,0,40,88
Moonange Copridivano 3 Posti con Braccioli Seduta 165 cm Impermeabile Reversibile Antiscivolo Antimacchia Antigraffio Antipel,https://www.amazon.it/dp/B08CNJXT2H?tag=offertissimes-21,45.98,62.07,25.9,45.98,"Casa, Cucina ed Elettrodomestici","Casa, Cucina ed Elettrodomestici",Moonange,B08CNJXT2H,0,40,88
"the carpet Relax Tappeto moderno a pelo corto, soggiorno, fondo antiscivolo, lavabile fino a 30 gradi, morbidissimo, aspetto",https://www.amazon.it/dp/B0CKZ4L92F?tag=offertissimes-21,23.19,31.31,25.9,23.19,"Casa, Cucina ed Elettrodomestici","Casa, Cucina ed Elettrodomestici",the,B0CKZ4L92F,0,40,88
"Airwick Active Fresh Deodorante per Ambienti, Confezione con 1 Diffusore Automatico senza gas, 1 Ricarica alla Fragranza Vani",https://www.amazon.it/dp/B0D66VD7Y1?tag=offertissimes-21,6.55,8.84,25.9,6.55,"Casa, Cucina ed Elettrodomestici","Casa, Cucina ed Elettrodomestici",Airwick,B0D66VD7Y1,0,40,88
"Ditwis Cornice 15x20 Nera, Adatta per 20x15 cm Foto e Immagini, per Pareti e Tavoli, Portafoto per Soggiorno, Camera da Letto",https://www.amazon.it/dp/B0DYSFPPY9?tag=offertissimes-21,6.38,8.61,25.9,6.38,"Casa, Cucina ed Elettrodomestici","Casa, Cucina ed Elettrodomestici",Ditwis,B0DYSFPPY9,0,40,88
"Airwick Freshmatic Profumatore per Ambienti, 2 Ricariche Spray Automatico, Fragranza Vanilgia e Thè Bianco, Profumo da 250 ml",https://www.amazon.it/dp/B0BS9SK1JS?tag=offertissimes-21,8.11,10.95,25.9,8.11,"Casa, Cucina ed Elettrodomestici","Casa, Cucina ed Elettrodomestici",Airwick,B0BS9SK1JS,0,40,88
"Ystyle Copridivano Elasticizzato 3 Posti con Braccioli, Verde Chiaro | Copri Divano Antigraffio Gatto, Pesante Copri Divani,",https://www.amazon.it/dp/B0CBRC9QPX?tag=offertissimes-21,17.86,24.11,25.9,17.86,"Casa, Cucina ed Elettrodomestici","Casa, Cucina ed Elettrodomestici",Ystyle,B0CBRC9QPX,0,40,88
"Carehabi sacchetti per confetti 100 bustine in organza, 7 x 9 cm, sacchetto regalo in organza, sacchetto per gioielli, per ma",https://www.amazon.it/dp/B099MM1YLJ?tag=offertissimes-21,21.99,29.69,25.9,21.99,"Casa, Cucina ed Elettrodomestici","Casa, Cucina ed Elettrodomestici",Carehabi,B099MM1YLJ,0,40,88
QUASAR PULITO STELLARE Profumatore Multiuso Floral Spray - formato da 500 ml,https://www.amazon.it/dp/B08KS6HCXK?tag=offertissimes-21,17.99,24.29,25.9,17.99,"Casa, Cucina ed Elettrodomestici","Casa, Cucina ed Elettrodomestici",QUASAR,B08KS6HCXK,0,40,88
SALKING Diffusore di Oli Essenziali 100ml Effetto Legno Chiaro 7 LED | Diffusore Profumo Ambiente Elettrico a Ultrasuoni Senz,https://www.amazon.it/dp/B0C5852YCQ?tag=offertissimes-21,3.95,5.33,25.9,3.95,"Casa, Cucina ed Elettrodomestici","Casa, Cucina ed Elettrodomestici",SALKING,B0C5852YCQ,0,40,88
Puressentiel Olio Essenziale di Eucalipto Radiata BIO 10 ml | Olio essenziale 100% puro e naturale OEBBD. Contribuisce al ben,https://www.amazon.it/dp/B0070X2KY4?tag=offertissimes-21,18.0,24.3,25.9,18.0,"Casa, Cucina ed Elettrodomestici","Casa, Cucina ed Elettrodomestici",Puressentiel,B0070X2KY4,0,40,88
"Air Wick Active Fresh Deodorante per Ambienti, Ricarica per Diffusore Spray Automatico senza Gas alla fragranza Eucalipto e L",https://www.amazon.it/dp/B0H12QK9K6?tag=offertissimes-21,83.89,113.25,25.9,83.89,"Casa, Cucina ed Elettrodomestici","Casa, Cucina ed Elettrodomestici",Air,B0H12QK9K6,0,40,88
"HUGEAR Tappeto Salotto Moderno 200x300cm Marrone Grigio | Lavabile in Lavatrice, Antiscivolo, Astratto, Naturale, Pelo Corto,",https://www.amazon.it/dp/B0FJXLTSFW?tag=offertissimes-21,16.99,22.94,25.9,16.99,"Casa, Cucina ed Elettrodomestici","Casa, Cucina ed Elettrodomestici",HUGEAR,B0FJXLTSFW,0,40,88
"Felce Azzurra, Diffusore Elettrico, Classico, 20 ml | Profumatore ambiente luminoso a fragranza regolabile, atmosfera soffusa",https://www.amazon.it/dp/B006K0KJC8?tag=offertissimes-21,19.99,26.99,25.9,19.99,"Casa, Cucina ed Elettrodomestici","Casa, Cucina ed Elettrodomestici",Felce,B006K0KJC8,0,40,88
Topfinel Federe Cuscini Divano 50x50 Crema in Velluto a Coste Fodera per Cuscino con Cerniera Invisibile Motivo A righe per S,https://www.amazon.it/dp/B0CY479ZNF?tag=offertissimes-21,19.99,26.99,25.9,19.99,"Casa, Cucina ed Elettrodomestici","Casa, Cucina ed Elettrodomestici",Topfinel,B0CY479ZNF,0,40,88
"eSUN Filamento PLA 1,75 mm, filamento di Basic PLA 1kg Bianco | Precisione dimensionale +/- 0,03 mm. Stampa fluida e veloce s",https://www.amazon.it/dp/B0CR1CS3K8?tag=offertissimes-21,17.99,24.29,25.9,17.99,"Casa, Cucina ed Elettrodomestici","Casa, Cucina ed Elettrodomestici",eSUN,B0CR1CS3K8,0,40,88
Klangfeiler® Nastro termoadesivo per tessuti - 30M x 2cm Orlo termoadesivo,https://www.amazon.it/dp/B08GKQ6BY2?tag=offertissimes-21,7.99,10.79,25.9,7.99,"Casa, Cucina ed Elettrodomestici","Casa, Cucina ed Elettrodomestici",Klangfeiler,B08GKQ6BY2,0,40,88
"Palloncini Compleanno Rosa Viola, 62 Pezzi Kpop Compleanno Lilla Unicorno | Palloncini Unicorno Lilla Viola Metallizzati, Eli",https://www.amazon.it/dp/B0FMXCKR65?tag=offertissimes-21,9.99,13.49,25.9,9.99,"Casa, Cucina ed Elettrodomestici","Casa, Cucina ed Elettrodomestici",Palloncini,B0FMXCKR65,0,40,88
"Festa Centro 24 Candele Torta Compleanno Spirale Champagne | Lunga e Sottile, Superficie Metallica, Per Cupcake, Decorazioni",https://www.amazon.it/dp/B0D9Z16PHB?tag=offertissimes-21,6.89,9.3,25.9,6.89,"Casa, Cucina ed Elettrodomestici","Casa, Cucina ed Elettrodomestici",Festa,B0D9Z16PHB,0,40,88
"DAS pasta da modellare da 1 kg colore Bianco | Supporta l'apprendimento in classe, l'artigianato e le attività creative",https://www.amazon.it/dp/B001GAP4YA?tag=offertissimes-21,8.0,10.8,25.9,8.0,"Casa, Cucina ed Elettrodomestici","Casa, Cucina ed Elettrodomestici",DAS,B001GAP4YA,0,40,88
"Grupo Erik Album Fotografico 13x20 cm Natura in Fiore | 200 Tasche | Album Foto, Copertina Rigida, Compatibile con Foto 10x15",https://www.amazon.it/dp/B0DT4CYHBJ?tag=offertissimes-21,6.47,8.73,25.9,6.47,"Casa, Cucina ed Elettrodomestici","Casa, Cucina ed Elettrodomestici",Grupo,B0DT4CYHBJ,0,40,88
"eSUN PETG filamento 1,75 mm, filamento PETG Basic ad alta tenacità, bobina da 1 kg (2,2 libbre) per stampanti 3D, Nero",https://www.amazon.it/dp/B0DDTFL214?tag=offertissimes-21,15.19,20.51,25.9,15.19,"Casa, Cucina ed Elettrodomestici","Casa, Cucina ed Elettrodomestici",eSUN,B0DDTFL214,0,40,88
"BIC Cristal Original, Penne Nere a Sfera, Punta Media, 1 mm, Confezione 50 Penne, Fornitura per Cancelleria Scuola e Ufficio",https://www.amazon.it/dp/B000I5ZK2U?tag=offertissimes-21,9.86,13.31,25.9,9.86,"Casa, Cucina ed Elettrodomestici","Casa, Cucina ed Elettrodomestici",BIC,B000I5ZK2U,0,40,88
"Fairymaiden Palloncini Rosa e Bianchi - 60 Pezzi Palloncino Beige Rosa e Dorati, Palloncini Elio Per Ragazza Decorazioni Comp",https://www.amazon.it/dp/B0G3V626ZS?tag=offertissimes-21,8.99,12.14,25.9,8.99,"Casa, Cucina ed Elettrodomestici","Casa, Cucina ed Elettrodomestici",Fairymaiden,B0G3V626ZS,0,40,88
"Album Fotografico Personalizzabile 24 x 17 cm, Album Foto 60 Pagine, Nero | Piccolo Scrapbook 10x15 Fai da Te a Spirale, Cope",https://www.amazon.it/dp/B0F2138YML?tag=offertissimes-21,10.99,14.84,25.9,10.99,"Casa, Cucina ed Elettrodomestici","Casa, Cucina ed Elettrodomestici",Album,B0F2138YML,0,40,88
"BOUYEER Pelle Adesiva per Riparazioni, 10x210 CM ecopelle toppe adesive per tessuti, Set Riparazione Ecologico & Senza Odori",https://www.amazon.it/dp/B0F9YZQRS4?tag=offertissimes-21,9.99,13.49,25.9,9.99,"Casa, Cucina ed Elettrodomestici","Casa, Cucina ed Elettrodomestici",BOUYEER,B0F9YZQRS4,0,40,88
"eSUN Filamento PLA+ 1.75mm, Filamento 3D PLA Plus 1kg Nero | Migliore tenacità e precisione +/- 0,03 mm. Più resistente del P",https://www.amazon.it/dp/B07FQDKR28?tag=offertissimes-21,14.55,19.64,25.9,14.55,"Casa, Cucina ed Elettrodomestici","Casa, Cucina ed Elettrodomestici",eSUN,B07FQDKR28,0,40,88
"BIC Intensity Quick Dry, Penne Gel Nere, Punta Media 0,7mm, Inchiostro Scorrevole e Asciugatura Ultra-Rapida, 12 Unità, Penne",https://www.amazon.it/dp/B07822JQTH?tag=offertissimes-21,20.78,28.05,25.9,20.78,"Casa, Cucina ed Elettrodomestici","Casa, Cucina ed Elettrodomestici",BIC,B07822JQTH,0,40,88
PILOT - Set di 4 V5 - Penna roller con Inchiostro liquido e punta Fine per una scrittura fluida e precisa - Asciugatura rapid,https://www.amazon.it/dp/B07FY2FW1N?tag=offertissimes-21,7.52,10.15,25.9,7.52,"Casa, Cucina ed Elettrodomestici","Casa, Cucina ed Elettrodomestici",PILOT,B07FY2FW1N,0,40,88
Giotto Turbo Color pennarelli in astuccio da 12 colori,https://www.amazon.it/dp/B001ANZ60A?tag=offertissimes-21,1.97,2.66,25.9,1.97,"Casa, Cucina ed Elettrodomestici","Casa, Cucina ed Elettrodomestici",Giotto,B001ANZ60A,0,40,88
"OSAMA - Gomme da Cancellare Set da 8 Pezzi per Cancelleria Scuola Ufficio Università e Cartoleria, Gomma da Cancellare per Ma",https://www.amazon.it/dp/B0CY5N6V7N?tag=offertissimes-21,4.91,6.63,25.9,4.91,"Casa, Cucina ed Elettrodomestici","Casa, Cucina ed Elettrodomestici",OSAMA,B0CY5N6V7N,0,40,88
"Artecho Pennarelli Acrilici Doppia Punta 24 Colori, Acrylic Marker con Pennello e Punta Fine, Ideali per Sassi, Legno,Tessuti",https://www.amazon.it/dp/B0D8P3VZ3L?tag=offertissimes-21,11.39,15.38,25.9,11.39,"Casa, Cucina ed Elettrodomestici","Casa, Cucina ed Elettrodomestici",Artecho,B0D8P3VZ3L,0,40,88
"Osama - Colla Stick Extra Forte, 4 Pezzi + 1 Gratis, 10 gr - Set Colle Stick Ideale per Cancelleria Scuola, Ufficio e Univers",https://www.amazon.it/dp/B0B9B81335?tag=offertissimes-21,2.38,3.21,25.9,2.38,"Casa, Cucina ed Elettrodomestici","Casa, Cucina ed Elettrodomestici",Osama,B0B9B81335,0,40,88
"OSAMA - Colla Stick Extra Forte, Box da 10 Pezzi, 40 gr - Set Colle Stick Ideale per Cancelleria Scuola, Ufficio e Università",https://www.amazon.it/dp/B076FF1DM8?tag=offertissimes-21,9.99,13.49,25.9,9.99,"Casa, Cucina ed Elettrodomestici","Casa, Cucina ed Elettrodomestici",OSAMA,B076FF1DM8,0,40,88
"Vienrose Album Fotografico Fai da Te 24x17 cm, 20 Fogli 40 Pagine | Spirale Scrapbooking, Personalizzabile e Resistente, Rega",https://www.amazon.it/dp/B09QFQ5P1C?tag=offertissimes-21,12.99,17.54,25.9,12.99,"Casa, Cucina ed Elettrodomestici","Casa, Cucina ed Elettrodomestici",Vienrose,B09QFQ5P1C,0,40,88
"Pritt Colla Stick, Colla trasparente per scuola e ufficio, 12 x 22 g | Colla per bambini, Sicura, Affidabile, Tenuta forte, L",https://www.amazon.it/dp/B005NCODDU?tag=offertissimes-21,13.98,18.87,25.9,13.98,"Casa, Cucina ed Elettrodomestici","Casa, Cucina ed Elettrodomestici",Pritt,B005NCODDU,0,40,88
"ANYCUBIC PLA Filamento per Stampante 3D, Identificazione Intelligente Filamento PLA per Stampante 3D 1,75 mm Precisione Dimen",https://www.amazon.it/dp/B07DCK7R6H?tag=offertissimes-21,16.99,22.94,25.9,16.99,"Casa, Cucina ed Elettrodomestici","Casa, Cucina ed Elettrodomestici",ANYCUBIC,B07DCK7R6H,0,40,88
"Amazon Basics Set di pennelli per dipingere, 10 diverse misure, per artisti, adulti e bambini, Confezione singola, Blu",https://www.amazon.it/dp/B0893731DR?tag=offertissimes-21,5.49,7.41,25.9,5.49,"Casa, Cucina ed Elettrodomestici","Casa, Cucina ed Elettrodomestici",Amazon,B0893731DR,0,40,88
GIOTTO TURBO COLOR Ast. 24 pennarelli,https://www.amazon.it/dp/B004ASN3CA?tag=offertissimes-21,2.98,4.02,25.9,2.98,"Casa, Cucina ed Elettrodomestici","Casa, Cucina ed Elettrodomestici",GIOTTO,B004ASN3CA,0,40,88
"Tipp-Ex Mini Pocket Mouse, Correttore A Nastro, Fornitura Cancelleria Scuola E Ufficio, Confezione Da 10 Unità, Bianco, 6 M X",https://www.amazon.it/dp/B000J6ETCK?tag=offertissimes-21,22.14,29.89,25.9,22.14,"Casa, Cucina ed Elettrodomestici","Casa, Cucina ed Elettrodomestici",Tipp-Ex,B000J6ETCK,0,40,88
"ANYCUBIC Filamento PLA 1,75 mm, Stampa 3D Materiali, Arancione 1kg | Precisione Dimensionale +/- 0,02 mm, Filamento per Stamp",https://www.amazon.it/dp/B0DYV8JRRR?tag=offertissimes-21,16.99,22.94,25.9,16.99,"Casa, Cucina ed Elettrodomestici","Casa, Cucina ed Elettrodomestici",ANYCUBIC,B0DYV8JRRR,0,40,88
"STABILO - Matita Ergonomica triangolare - EASYgraph | per Destrimani, Petrolio, Confezione da 6, Gradazione HB",https://www.amazon.it/dp/B00BJ0BNW4?tag=offertissimes-21,10.82,14.61,25.9,10.82,"Casa, Cucina ed Elettrodomestici","Casa, Cucina ed Elettrodomestici",STABILO,B00BJ0BNW4,0,40,88
"Giochi Preziosi - Brivido, Gioco Da Tavolo, Horror Fantasy, Insidie E Tranelli, Divertimento In Famiglia E Con Amici Dai 6 an",https://www.amazon.it/dp/B094Y796KJ?tag=offertissimes-21,35.91,48.48,25.9,35.91,"Casa, Cucina ed Elettrodomestici","Casa, Cucina ed Elettrodomestici",Giochi,B094Y796KJ,0,40,88
ARKRAFT carta da regalo set 6 fogli formato XXL 90 x 65 cm confezione senza plastica (Compleanno),https://www.amazon.it/dp/B0CYQG6CNY?tag=offertissimes-21,10.98,14.82,25.9,10.98,"Casa, Cucina ed Elettrodomestici","Casa, Cucina ed Elettrodomestici",ARKRAFT,B0CYQG6CNY,0,40,88
Stafil Cordino Thai Cord 3 mm 400 g 200 m per Borse a Uncinetto Colore Nero,https://www.amazon.it/dp/B0H6MN2WLS?tag=offertissimes-21,8.02,10.83,25.9,8.02,"Casa, Cucina ed Elettrodomestici","Casa, Cucina ed Elettrodomestici",Stafil,B0H6MN2WLS,0,40,88
"molinoRC 1 kg Cera di soia per candele - Prima qualità - 100% naturale, biodegradabile, senza additivi - Combustione pulita,",https://www.amazon.it/dp/B0D6RSZ1R3?tag=offertissimes-21,15.95,21.53,25.9,15.95,"Casa, Cucina ed Elettrodomestici","Casa, Cucina ed Elettrodomestici",molinoRC,B0D6RSZ1R3,0,40,88
"UHU Stic colla per bambini, sicura da usare per i lavoretti, adatta per la scuola, l'ufficio, l'universita, 3 x 21 gr",https://www.amazon.it/dp/B07FLHBV8V?tag=offertissimes-21,4.09,5.52,25.9,4.09,"Casa, Cucina ed Elettrodomestici","Casa, Cucina ed Elettrodomestici",UHU,B07FLHBV8V,0,40,88
"cuscini fiber - Ovatta per Imbottitura Cuscini (Sacco da 1 KG Richiudibile con Zip) Imbottitura per Cuscini, Peluche, Amiguru",https://www.amazon.it/dp/B0H295P4TD?tag=offertissimes-21,11.9,16.07,25.9,11.9,"Casa, Cucina ed Elettrodomestici","Casa, Cucina ed Elettrodomestici",cuscini,B0H295P4TD,0,40,88
"Amazon Basics, Correttore a Nastro, Confezione da 10, a Rullo, Formato Penna, Stile Mouse, Asciugatura Istantanea, Lunghezza",https://www.amazon.it/dp/B0DPPZDZZY?tag=offertissimes-21,12.29,16.59,25.9,12.29,"Casa, Cucina ed Elettrodomestici","Casa, Cucina ed Elettrodomestici",Amazon,B0DPPZDZZY,0,40,88
"Legami Penna gel cancellabile ""Spooky Party"" di Halloween | Penna gel Glow in the Dark Surprise Design in una scatola cieca a",https://www.amazon.it/dp/B0HJZLHHGR?tag=offertissimes-21,9.95,13.43,25.9,9.95,"Casa, Cucina ed Elettrodomestici","Casa, Cucina ed Elettrodomestici",Legami,B0HJZLHHGR,0,40,88
"Kit Arco Palloncini Blu,105pcs Arco Per Palloncini Azzurri Con Balloon Oro Bianco Sabbia,Ghirlanda Palloncini Celesti Per Com",https://www.amazon.it/dp/B0D4LK8F7G?tag=offertissimes-21,13.49,18.21,25.9,13.49,"Casa, Cucina ed Elettrodomestici","Casa, Cucina ed Elettrodomestici",Kit,B0D4LK8F7G,0,40,88
"Resin Pro® RESINA EPOSSIDICA ICRYSTAL 1.5 KG: Ideale per la creazione di gioielli, River Table e Creazioni Artistiche - Trasp",https://www.amazon.it/dp/B07VLHCXP8?tag=offertissimes-21,25.99,35.09,25.9,25.99,"Casa, Cucina ed Elettrodomestici","Casa, Cucina ed Elettrodomestici",Resin,B07VLHCXP8,0,40,88
Zenacolor - Sketchbook A4 Carta Spessa 200g/m² - 50 fogli/100 pagine | Copertina Rigida · Spirale · Blocco Disegno · Disegno,https://www.amazon.it/dp/B0FXXKZMPR?tag=offertissimes-21,11.99,16.19,25.9,11.99,"Casa, Cucina ed Elettrodomestici","Casa, Cucina ed Elettrodomestici",Zenacolor,B0FXXKZMPR,0,40,88
"OSAMA - Penne Nere con Inchiostro Gel OBG, Set 10 Pezzi, Penna gel Superscorrevole e Precisa a Scatto, Penna a Sfera 1.0mm pe",https://www.amazon.it/dp/B076FCCGJS?tag=offertissimes-21,3.26,4.4,25.9,3.26,"Casa, Cucina ed Elettrodomestici","Casa, Cucina ed Elettrodomestici",OSAMA,B076FCCGJS,0,40,88
"STABILO - Matita colorata acquarellabile - STABILOaquacolor | ARTY, Scatola in Metallo da 36, Colori assortiti",https://www.amazon.it/dp/B000OV69EQ?tag=offertissimes-21,24.9,33.62,25.9,24.9,"Casa, Cucina ed Elettrodomestici","Casa, Cucina ed Elettrodomestici",STABILO,B000OV69EQ,0,40,88
HQS Bomboletta di Vernice Spray Acrilica Colori Ral (Ral 3000 Rosso Fuoco),https://www.amazon.it/dp/B092JNLGTR?tag=offertissimes-21,8.49,11.46,25.9,8.49,"Casa, Cucina ed Elettrodomestici","Casa, Cucina ed Elettrodomestici",HQS,B092JNLGTR,0,40,88
"Amazon Basics Correttore a nastro, 4,2 mm x 10 m, confezione da 10",https://www.amazon.it/dp/B07DX29NVT?tag=offertissimes-21,7.99,10.79,25.9,7.99,"Casa, Cucina ed Elettrodomestici","Casa, Cucina ed Elettrodomestici",Amazon,B07DX29NVT,0,40,88
"STABILO - Matita colorata acquarellabile - STABILOaquacolor | ARTY, Astuccio da 24, Colori assortiti",https://www.amazon.it/dp/B081NRB1DP?tag=offertissimes-21,10.09,13.62,25.9,10.09,"Casa, Cucina ed Elettrodomestici","Casa, Cucina ed Elettrodomestici",STABILO,B081NRB1DP,0,40,88
Vernice Acrilica Trasparente Lucida 120 ml – Fissativo Acrilico All’acqua per Superfici Dipinte con Acrilico | Gloss Varnish,https://www.amazon.it/dp/B0CWH85S2F?tag=offertissimes-21,9.95,13.43,25.9,9.95,"Casa, Cucina ed Elettrodomestici","Casa, Cucina ed Elettrodomestici",Vernice,B0CWH85S2F,0,40,88
"Palloncini Bianchi, 100 Pezzi Palloncini Compleanno Bianco Bombola Elio Lattice, Decorazioni Bianchi per Baby Shower Complean",https://www.amazon.it/dp/B0GF89S3DR?tag=offertissimes-21,8.99,12.14,25.9,8.99,"Casa, Cucina ed Elettrodomestici","Casa, Cucina ed Elettrodomestici",Palloncini,B0GF89S3DR,0,40,88
Ibergrif Porta carta igienica adesivo in acciaio inox | Portarotolo per bagno e toilette,https://www.amazon.it/dp/B0CH85YRTN?tag=offertissimes-21,6.55,8.84,25.9,6.55,"Casa, Cucina ed Elettrodomestici","Casa, Cucina ed Elettrodomestici",Ibergrif,B0CH85YRTN,0,40,88
Blendura Soffione Doccia con 3 Filtro Doccino per Doccia con 1.5m Tubo | Soffione doccia alta pressione 5 getti e anticalcare,https://www.amazon.it/dp/B0D8FR9DMR?tag=offertissimes-21,13.93,18.81,25.9,13.93,"Casa, Cucina ed Elettrodomestici","Casa, Cucina ed Elettrodomestici",Blendura,B0D8FR9DMR,0,40,88
"Ibergrif Scopino Bagno WC Silicone con Supporto, Scopettino WC, Bianco | Antibatterica Spazzolone Bagno WC, Antigoccia, ad As",https://www.amazon.it/dp/B08C5NT656?tag=offertissimes-21,7.37,9.95,25.9,7.37,"Casa, Cucina ed Elettrodomestici","Casa, Cucina ed Elettrodomestici",Ibergrif,B08C5NT656,0,40,88
"Caleffi Set 6 Asciugamani Bagno Viso e Ospite 100% Cotone Vaniglia | Spugna morbida e assorbente, 3 viso + 3 bidet, tinta uni",https://www.amazon.it/dp/B0FT42TZ54?tag=offertissimes-21,22.57,30.47,25.9,22.57,"Casa, Cucina ed Elettrodomestici","Casa, Cucina ed Elettrodomestici",Caleffi,B0FT42TZ54,0,40,88
"Caleffi Set 2 Asciugamani Bagno Viso e Ospite 100% Cotone Indigo | Spugna morbida e assorbente, coppia viso + bidet, tinta un",https://www.amazon.it/dp/B0FB47Y5HG?tag=offertissimes-21,11.47,15.48,25.9,11.47,"Casa, Cucina ed Elettrodomestici","Casa, Cucina ed Elettrodomestici",Caleffi,B0FB47Y5HG,0,40,88
"4smile Ganci Adesivi, 6 pezzi Appendi Accappatoio Bagno, Acciaio inox, Porta Asciugamani Autoadesivo, Argento",https://www.amazon.it/dp/B0CD7B28WX?tag=offertissimes-21,7.99,10.79,25.9,7.99,"Casa, Cucina ed Elettrodomestici","Casa, Cucina ed Elettrodomestici",4smile,B0CD7B28WX,0,40,88
"Minismus Tergivetro per Doccia - Pulisci Vetri Porte e Finestre - Tergivetro Doccia Silicone - Pulisci Doccia Vetro, Bagno e",https://www.amazon.it/dp/B09QH14TB3?tag=offertissimes-21,15.19,20.51,25.9,15.19,"Casa, Cucina ed Elettrodomestici","Casa, Cucina ed Elettrodomestici",Minismus,B09QH14TB3,0,40,88
"Komfortec Tappeto Bagno Set di 2 in Spugna di Cotone 50x70 cm | Tappetino Bagno 100% Cotone, Assorbente, Morbido, Lavabile in",https://www.amazon.it/dp/B09ZVJC1WV?tag=offertissimes-21,10.43,14.08,25.9,10.43,"Casa, Cucina ed Elettrodomestici","Casa, Cucina ed Elettrodomestici",Komfortec,B09ZVJC1WV,0,40,88
"UUlioyer Mensola Doccia da Appendere, SUS304 Acciaio Inox, Argento | Porta Bagnoschiuma da Doccia da Appendere al Porte Docci",https://www.amazon.it/dp/B0BBQN58LZ?tag=offertissimes-21,29.99,40.49,25.9,29.99,"Casa, Cucina ed Elettrodomestici","Casa, Cucina ed Elettrodomestici",UUlioyer,B0BBQN58LZ,0,40,88
"Ibergrif M34452A Set porta asciugamani da bagno | contiene porta asciugamani adesivo, porta rotolo di carta, 3 ganci per asci",https://www.amazon.it/dp/B0CDWBJJ4P?tag=offertissimes-21,15.57,21.02,25.9,15.57,"Casa, Cucina ed Elettrodomestici","Casa, Cucina ed Elettrodomestici",Ibergrif,B0CDWBJJ4P,0,40,88
"Diboniur 2 Pezzi Tappo Lavandino Bagno, Cestello Filtro Estraibile 32-41 mm | Acciaio Inox 304 e Rame, Tappo bidet migliorato",https://www.amazon.it/dp/B0FMYCMSQ3?tag=offertissimes-21,10.07,13.59,25.9,10.07,"Casa, Cucina ed Elettrodomestici","Casa, Cucina ed Elettrodomestici",Diboniur,B0FMYCMSQ3,0,40,88
"Gedy Sharon Cestino Bagno a Pedale da 3 L, Colore Bianco Finitura Opaca, Materiale Plastica Leggera e Resistente, Pattumiera",https://www.amazon.it/dp/B0D8BS3XBX?tag=offertissimes-21,10.99,14.84,25.9,10.99,"Casa, Cucina ed Elettrodomestici","Casa, Cucina ed Elettrodomestici",Gedy,B0D8BS3XBX,0,40,88
"Dispenser Sapone Automatico, 380 ml Dispenser Sapone Bagno con Sensore di Movimento Infrarossi, Parete, Ricaricabile Tramite",https://www.amazon.it/dp/B0CKSJMLMW?tag=offertissimes-21,18.04,24.35,25.9,18.04,"Casa, Cucina ed Elettrodomestici","Casa, Cucina ed Elettrodomestici",Dispenser,B0CKSJMLMW,0,40,88
PORTENTUM Scopino wc silicone con porta scopino antigoccia e meno odori – Spazzolone bagno wc con testa curva e manico metall,https://www.amazon.it/dp/B0H82MKHNS?tag=offertissimes-21,7.99,10.79,25.9,7.99,"Casa, Cucina ed Elettrodomestici","Casa, Cucina ed Elettrodomestici",PORTENTUM,B0H82MKHNS,0,40,88
"T2 Peri Bottle - Bidet Portatile da Post Parto, Sollievo dal Dolore Perineale - Da 360 ml con Ugello a 60°, Custodia Lavabile",https://www.amazon.it/dp/B0B6T4VDCL?tag=offertissimes-21,8.99,12.14,25.9,8.99,"Casa, Cucina ed Elettrodomestici","Casa, Cucina ed Elettrodomestici",T2,B0B6T4VDCL,0,40,88
"Healthkeep Bilancia Pesapersone Digitale 180 kg, Alta Precisione 0,1 kg, Display LED Retroilluminato,Vetro Temperato 5 mm, De",https://www.amazon.it/dp/B0C9LNLSHY?tag=offertissimes-21,9.86,13.31,25.9,9.86,"Casa, Cucina ed Elettrodomestici","Casa, Cucina ed Elettrodomestici",Healthkeep,B0C9LNLSHY,0,40,88
"Alyvisun 2Pcs Filtro per Lavello in Silicone | Raccogli Capelli Doccia con Ventosa, Universale Filtro per Capelli Protezione",https://www.amazon.it/dp/B0CJNSQ1RG?tag=offertissimes-21,4.91,6.63,25.9,4.91,"Casa, Cucina ed Elettrodomestici","Casa, Cucina ed Elettrodomestici",Alyvisun,B0CJNSQ1RG,0,40,88
"Ibergrif M20292 Soffione Doccia 20cm Quadrato Effetto Pioggia Inox | Testa Doccia Ultra Sottile con 100 Getti Silicone, Croma",https://www.amazon.it/dp/B081HF3C7P?tag=offertissimes-21,16.39,22.13,25.9,16.39,"Casa, Cucina ed Elettrodomestici","Casa, Cucina ed Elettrodomestici",Ibergrif,B081HF3C7P,0,40,88
"Ibergrif Tubo Doccia 1,7 m in Acciaio Inox, Flessibile Doccia Universale | con Attacchi G1/2"", Anti-Torsione, Anti-Piega e An",https://www.amazon.it/dp/B0BPSSHVVB?tag=offertissimes-21,4.91,6.63,25.9,4.91,"Casa, Cucina ed Elettrodomestici","Casa, Cucina ed Elettrodomestici",Ibergrif,B0BPSSHVVB,0,40,88
"Amazon Basics Set Asciugamani Bagno Spugna 100% Cotone Asciugamani Viso 30x30 cm, Bianco, Confezione 24 Pezzi",https://www.amazon.it/dp/B010S5VXKC?tag=offertissimes-21,19.85,26.8,25.9,19.85,"Casa, Cucina ed Elettrodomestici","Casa, Cucina ed Elettrodomestici",Amazon,B010S5VXKC,0,40,88
"Designfabrik Hamburg Portasciugamani | 40 cm | Nero | adesivo | Portasciugamani autoadesivo in metallo | Per bagno, WC ospiti",https://www.amazon.it/dp/B092SPJGQH?tag=offertissimes-21,36.49,49.26,25.9,36.49,"Casa, Cucina ed Elettrodomestici","Casa, Cucina ed Elettrodomestici",Designfabrik,B092SPJGQH,0,40,88
"Ibergrif MK34251A - Ganci autoadesivi resistenti, per bagno o cucina, 4 pezzi, colore: argento",https://www.amazon.it/dp/B0C3TQ334G?tag=offertissimes-21,4.91,6.63,25.9,4.91,"Casa, Cucina ed Elettrodomestici","Casa, Cucina ed Elettrodomestici",Ibergrif,B0C3TQ334G,0,40,88
"SONGMICS Mensola Doccia Senza Foratura, Set di 2, Acciaio Antiruggine | Organizer per Accessori Bagno, Adesivo, 31,5 x 12,5 x",https://www.amazon.it/dp/B0GF75G55P?tag=offertissimes-21,11.99,16.19,25.9,11.99,"Casa, Cucina ed Elettrodomestici","Casa, Cucina ed Elettrodomestici",SONGMICS,B0GF75G55P,0,40,88
"GRIFEMA COMPLENTO-G852 Flessibile Doccia in PVC (G1/2 Pollici, 150 cm), Tubo Doccia Anti Torsione, Bianca/Cromo",https://www.amazon.it/dp/B07RC14WNF?tag=offertissimes-21,7.58,10.23,25.9,7.58,"Casa, Cucina ed Elettrodomestici","Casa, Cucina ed Elettrodomestici",GRIFEMA,B07RC14WNF,0,40,88
"Ibergrif Scopino Bagno WC Silicone con Supporto, Scopettino WC, Bianco | Antibatterica Spazzolone Bagno WC, Antigoccia, ad As",https://www.amazon.it/dp/B08Y51NJ5F?tag=offertissimes-21,7.37,9.95,25.9,7.37,"Casa, Cucina ed Elettrodomestici","Casa, Cucina ed Elettrodomestici",Ibergrif,B08Y51NJ5F,0,40,88
"Porta Shampoo Doccia Da Appendere Porta Sapone Per Doccia Senza Foratura | Struttura In Acciaio Inox Argento, Resistente Alla",https://www.amazon.it/dp/B0DSSMB48N?tag=offertissimes-21,20.99,28.34,25.9,20.99,"Casa, Cucina ed Elettrodomestici","Casa, Cucina ed Elettrodomestici",Porta,B0DSSMB48N,0,40,88
"Aogled Lampada da Specchio Bagno 40 cm 10W 820LM 230V Bianco Neutro 4000K, Lampada da Bagno,Classe II in Acciaio Inossidabile",https://www.amazon.it/dp/B07YD5NGVJ?tag=offertissimes-21,25.99,35.09,25.9,25.99,"Casa, Cucina ed Elettrodomestici","Casa, Cucina ed Elettrodomestici",Aogled,B07YD5NGVJ,0,40,88
SAYAYO Portasciugamani Bagno Nero Porta Asciugamano Autoadesivo 30CM | Porta Asciugamani Bidet Anello Porta Salviette da Pare,https://www.amazon.it/dp/B08D8SS7L8?tag=offertissimes-21,15.99,21.59,25.9,15.99,"Casa, Cucina ed Elettrodomestici","Casa, Cucina ed Elettrodomestici",SAYAYO,B08D8SS7L8,0,40,88
"Minismus Mensola Doccia Senza Foratura, Mensole Doccia Acciaio Inox Nero | Mensola doccia, mensole doccia senza foratura, org",https://www.amazon.it/dp/B0GMQVK86H?tag=offertissimes-21,19.99,26.99,25.9,19.99,"Casa, Cucina ed Elettrodomestici","Casa, Cucina ed Elettrodomestici",Minismus,B0GMQVK86H,0,40,88
"Gedy Seventy Ekoplà Scopino Bagno WC, Materiale Plastica Riciclata, Scopino WC Colore Bianco Opaco, Scopino Bagno da Appoggio",https://www.amazon.it/dp/B0CF81H13N?tag=offertissimes-21,8.19,11.06,25.9,8.19,"Casa, Cucina ed Elettrodomestici","Casa, Cucina ed Elettrodomestici",Gedy,B0CF81H13N,0,40,88
"Philips Water Aqua Solutions Filtro per Sistema filtrante in linea contro cloro, impurità e calcare",https://www.amazon.it/dp/B085Y2YKW2?tag=offertissimes-21,23.95,32.33,25.9,23.95,"Casa, Cucina ed Elettrodomestici","Casa, Cucina ed Elettrodomestici",Philips,B085Y2YKW2,0,40,88
"Ibergrif Supporto Soffione Doccia per Saliscendi 18-25 mm, Argento M20404 | Universale Regolabile Porta Doccino per Doccia in",https://www.amazon.it/dp/B08C5NCD5J?tag=offertissimes-21,4.91,6.63,25.9,4.91,"Casa, Cucina ed Elettrodomestici","Casa, Cucina ed Elettrodomestici",Ibergrif,B08C5NCD5J,0,40,88
Bastone Tenda a Pressione Estensibile Bastoni Per Tende a Pressione Senza Forare Bastone a Pressione Per Tenda Per Bagno Cuci,https://www.amazon.it/dp/B0CR9ZPW4F?tag=offertissimes-21,20.99,28.34,25.9,20.99,"Casa, Cucina ed Elettrodomestici","Casa, Cucina ed Elettrodomestici",Bastone,B0CR9ZPW4F,0,40,88
"dancemoon JustHang Tergivetro Doccia con Gancio, 25 cm, Nero | Design pluri-premiato, silicone soft-touch monoblocco, per doc",https://www.amazon.it/dp/B0F24MHHFD?tag=offertissimes-21,21.99,29.69,25.9,21.99,"Casa, Cucina ed Elettrodomestici","Casa, Cucina ed Elettrodomestici",dancemoon,B0F24MHHFD,0,40,88
"Tuiste Set Asciugamani Bagno Bianchi, Hotel, Cotone, 2 Telo Doccia 70x140cm + 4 Asciugamani 50x90cm + 2 Asciugamani Ospiti 30",https://www.amazon.it/dp/B096734C41?tag=offertissimes-21,29.99,40.49,25.9,29.99,"Casa, Cucina ed Elettrodomestici","Casa, Cucina ed Elettrodomestici",Tuiste,B096734C41,0,40,88
SAVEGA - Scopino WC in silicone in acciaio inox – Scopino WC con supporto discreto – Spazzola WC di alta qualità con paraspru,https://www.amazon.it/dp/B0DXPWGB3J?tag=offertissimes-21,15.99,21.59,25.9,15.99,"Casa, Cucina ed Elettrodomestici","Casa, Cucina ed Elettrodomestici",SAVEGA,B0DXPWGB3J,0,40,88
LIEBHEIM Porta Asciugamani Bagno Adesivo - Appendi Asciugamani Bagno | Acciaio inossidabile - argento spazzolato - 22 cm,https://www.amazon.it/dp/B094JSWMBY?tag=offertissimes-21,22.99,31.04,25.9,22.99,"Casa, Cucina ed Elettrodomestici","Casa, Cucina ed Elettrodomestici",LIEBHEIM,B094JSWMBY,0,40,88
"GRIFEMA Soffione Doccia Alta Pressione con 5 Modalità di Getto | Doccetta Anticalcare Universale per Risparmio Idrico, Attacc",https://www.amazon.it/dp/B07SRG596C?tag=offertissimes-21,6.55,8.84,25.9,6.55,"Casa, Cucina ed Elettrodomestici","Casa, Cucina ed Elettrodomestici",GRIFEMA,B07SRG596C,0,40,88
"Amazon Basics Tappeto Bagno Antiscivolo in Memory Foam, Tappetino Doccia Ultra Morbido, Assorbente, ad Asciugatura Rapida, La",https://www.amazon.it/dp/B0DNSHYN5P?tag=offertissimes-21,10.01,13.51,25.9,10.01,"Casa, Cucina ed Elettrodomestici","Casa, Cucina ed Elettrodomestici",Amazon,B0DNSHYN5P,0,40,88
"VASAGLE Mobile Sottolavabo per Bagno, 1 Anta e 3 Cassetti | Sottolavabo Bagno Copricolonna, 70 x 30 x 64 cm, Ripiano Regolabi",https://www.amazon.it/dp/B0C3PTBC9H?tag=offertissimes-21,72.99,98.54,25.9,72.99,"Casa, Cucina ed Elettrodomestici","Casa, Cucina ed Elettrodomestici",VASAGLE,B0C3PTBC9H,0,40,88
"YEAUPE PRO Soffione Doccia con Filtro 25 Stadi, 6 Getti, Tubo 1,6 m | Filtro a 25 stadi, Ø 110 mm, 6 modalità di getto, tubo",https://www.amazon.it/dp/B0FYCCB9XW?tag=offertissimes-21,13.93,18.81,25.9,13.93,"Casa, Cucina ed Elettrodomestici","Casa, Cucina ed Elettrodomestici",YEAUPE,B0FYCCB9XW,0,40,88
"Beurer BF 450 bilancia pesapersone con connessione app tramite Bluetooth, bilancia impedenziometrica digitale con 17 valori d",https://www.amazon.it/dp/B0FFGXNTZJ?tag=offertissimes-21,24.58,33.18,25.9,24.58,"Casa, Cucina ed Elettrodomestici","Casa, Cucina ed Elettrodomestici",Beurer,B0FFGXNTZJ,0,40,88
"VASAGLE Mobile da Bagno, Alto, con Cassetto, Ripiani Regolabili, Scomparti | Mobiletto Portaoggetti, 30 x 30 x 170 cm, Bianco",https://www.amazon.it/dp/B0C33M72MB?tag=offertissimes-21,83.99,113.39,25.9,83.99,"Casa, Cucina ed Elettrodomestici","Casa, Cucina ed Elettrodomestici",VASAGLE,B0C33M72MB,0,40,88
"DEXI Tappeto Bagno 50 x 80 cm, Microfibra Antiscivolo, Beige | Soffice, Assorbente, Lavabile in Lavatrice, Per Doccia e Vasca",https://www.amazon.it/dp/B08CXYVQF7?tag=offertissimes-21,29.99,40.49,25.9,29.99,"Casa, Cucina ed Elettrodomestici","Casa, Cucina ed Elettrodomestici",DEXI,B08CXYVQF7,0,40,88
"VASAGLE Mobile da Bagno, con 4 Cassetti, Anta, 55 x 30 x 82.2 cm | Mobiletto per Bagno Stretto, Organizzatore, Cassettiera, R",https://www.amazon.it/dp/B01M627GQO?tag=offertissimes-21,45.28,61.13,25.9,45.28,"Casa, Cucina ed Elettrodomestici","Casa, Cucina ed Elettrodomestici",VASAGLE,B01M627GQO,0,40,88
"Ibergrif Prolunga Rubinetto Rotante 1440 Gradi Argento | Aeratore Regolabile, 2 Modalità Acqua, Filtro Antispruzzo, per Cucin",https://www.amazon.it/dp/B0C69K51L6?tag=offertissimes-21,11.46,15.47,25.9,11.46,"Casa, Cucina ed Elettrodomestici","Casa, Cucina ed Elettrodomestici",Ibergrif,B0C69K51L6,0,40,88
"Quimed Italia - Manopole Saponate Monouso di alta qualità con detergente a pH fisiologico super delicato, Guanti Igiene Corpo",https://www.amazon.it/dp/B0CXVGG4M1?tag=offertissimes-21,8.4,11.34,25.9,8.4,"Casa, Cucina ed Elettrodomestici","Casa, Cucina ed Elettrodomestici",Quimed,B0CXVGG4M1,0,40,88
"LIEBHEIM Mensola doccia senza foratura, Porta sapone per doccia | Acciaio inossidabile - argento spazzolato - 2 opzioni di ad",https://www.amazon.it/dp/B089M5DVKC?tag=offertissimes-21,31.95,43.13,25.9,31.95,"Casa, Cucina ed Elettrodomestici","Casa, Cucina ed Elettrodomestici",LIEBHEIM,B089M5DVKC,0,40,88
Engelbach® Scopino Bagno in Silicone con Manico in Acciaio Inox e Supporto | Hygienic and Durable Toilet Brush with a Modern,https://www.amazon.it/dp/B0FVMBZWCY?tag=offertissimes-21,16.99,22.94,25.9,16.99,"Casa, Cucina ed Elettrodomestici","Casa, Cucina ed Elettrodomestici",Engelbach,B0FVMBZWCY,0,40,88
"DEXI Tappeto Bagno 50 x 80 cm, Assorbente, Beige | Microfibra Soffice, Fondo Antiscivolo, Morbido, Lavabile in Lavatrice, Tap",https://www.amazon.it/dp/B08CXW3NBB?tag=offertissimes-21,29.99,40.49,25.9,29.99,"Casa, Cucina ed Elettrodomestici","Casa, Cucina ed Elettrodomestici",DEXI,B08CXW3NBB,0,40,88
"Soffione ad Alta Pressione Quadrato Cromato - 7 Funzioni Getto, Anticalcare, Risparmio Idrico Universale per Doccia, Shower H",https://www.amazon.it/dp/B0CNGPY5M3?tag=offertissimes-21,20.89,28.2,25.9,20.89,"Casa, Cucina ed Elettrodomestici","Casa, Cucina ed Elettrodomestici",Soffione,B0CNGPY5M3,0,40,88
"Sayayo Porta Carta Igienica Adesivo Portarotolo Carta Igienica Nero | Acciaio Inox 304, Porta Rotolo Carta da Parete per Bagn",https://www.amazon.it/dp/B0CNGV9P18?tag=offertissimes-21,8.39,11.33,25.9,8.39,"Casa, Cucina ed Elettrodomestici","Casa, Cucina ed Elettrodomestici",Sayayo,B0CNGV9P18,0,40,88
"ARSUFQ 50 Pezzi, Copriwater USA e Getta, Copriwater USA e Getta per Adulti | Copri Water da Viaggio | Coprisedile WC Tascabil",https://www.amazon.it/dp/B0DDH8WRHQ?tag=offertissimes-21,19.99,26.99,25.9,19.99,"Casa, Cucina ed Elettrodomestici","Casa, Cucina ed Elettrodomestici",ARSUFQ,B0DDH8WRHQ,0,40,88
"Mensola Doccia Senza Foratura,2 Pezzi,Organizer Bagno Adesivo,Argento | Acciaio Inox 2 Pezzi Supporto Doccia Minimalista Mode",https://www.amazon.it/dp/B0DKFRKG5X?tag=offertissimes-21,19.99,26.99,25.9,19.99,"Casa, Cucina ed Elettrodomestici","Casa, Cucina ed Elettrodomestici",Mensola,B0DKFRKG5X,0,40,88
"SANDISK Extreme 128GB scheda microSDXC + addattatore SD (Micro SD fino a 190 MB/s, con prestazioni app A2, UHS-I, Class 10, U",https://www.amazon.it/dp/B09X7BK27V?tag=offertissimes-21,37.64,50.81,25.9,37.64,"Elettronica, Accessori e Gadget Smart","Elettronica, Accessori e Gadget Smart",SANDISK,B09X7BK27V,0,40,88
"Supporto TV Parete, Staffa TV per LCD/LED da 13 a 42 pollici - Supporto TV Monitor Universale Orientare Inclinare Ruotare - E",https://www.amazon.it/dp/B07Z7FQCJ9?tag=offertissimes-21,14.44,19.49,25.9,14.44,"Elettronica, Accessori e Gadget Smart","Elettronica, Accessori e Gadget Smart",Supporto,B07Z7FQCJ9,0,40,88
"Apple AirPods 5, Auricolari wireless​​ | Cuffie Bluetooth, Cancellazione attiva rumore, Audio spaziale personalizzato, Traduz",https://www.amazon.it/dp/B0HJB6SQS3?tag=offertissimes-21,149.0,201.15,25.9,149.0,"Elettronica, Accessori e Gadget Smart","Elettronica, Accessori e Gadget Smart",Apple,B0HJB6SQS3,0,40,88
"Cavo Per IPhone Per Apple Certificato MFi,Cavetto USB Lightning Ricarica 2Pezzi 1M+2M Per iPhone 14/13/12/11/Pro/Pro Max/Min/",https://www.amazon.it/dp/B0F1FL2LWT?tag=offertissimes-21,8.99,12.14,25.9,8.99,"Elettronica, Accessori e Gadget Smart","Elettronica, Accessori e Gadget Smart",Cavo,B0F1FL2LWT,0,40,88
"Apple AirPods 4 Auricolari wireless, Auricolari Bluetooth, Audio spaziale personalizzato, Resistenza al sudore e all’acqua, C",https://www.amazon.it/dp/B0DGHWD7CT?tag=offertissimes-21,111.24,150.17,25.9,111.24,"Elettronica, Accessori e Gadget Smart","Elettronica, Accessori e Gadget Smart",Apple,B0DGHWD7CT,0,40,88
"Anker 333 Cavo USB C a USB C 100W 1,8m per MacBook, iPad e Samsung | Ricarica rapida adatta per MacBook Pro 2020, iPad Pro 20",https://www.amazon.it/dp/B09LPXJ3RX?tag=offertissimes-21,7.99,10.79,25.9,7.99,"Elettronica, Accessori e Gadget Smart","Elettronica, Accessori e Gadget Smart",Anker,B09LPXJ3RX,0,40,88
"Apple Pencil (USB-C): precisione al pixel, sensibilità all’inclinazione e la più bassa latenza del settore, per prendere appu",https://www.amazon.it/dp/B0CL7DZXB2?tag=offertissimes-21,69.61,93.97,25.9,69.61,"Elettronica, Accessori e Gadget Smart","Elettronica, Accessori e Gadget Smart",Apple,B0CL7DZXB2,0,40,88
"Samsung Galaxy A27 5G, 128GB, RAM 6GB, Black [Versione Italiana] | 3 anni di Garanzia, Smartphone sottile, Cerchia e Cerca, G",https://www.amazon.it/dp/B0GYS4LVH8?tag=offertissimes-21,253.66,342.44,25.9,253.66,"Elettronica, Accessori e Gadget Smart","Elettronica, Accessori e Gadget Smart",Samsung,B0GYS4LVH8,0,40,88
"Fire TV Stick 4K Max di Amazon (Ultimo modello), Dispositivo per lo streaming con supporto per Wi-Fi 6E e modalità ambiente,",https://www.amazon.it/dp/B0CW4HD359?tag=offertissimes-21,52.99,71.54,25.9,52.99,"Elettronica, Accessori e Gadget Smart","Elettronica, Accessori e Gadget Smart",Fire,B0CW4HD359,0,40,88
"elago Cover Magnetica Premium in Silicone Liquido per iPhone 18 Pro/17 Pro | Compatibile con MagSafe, Tasto per il Controllo",https://www.amazon.it/dp/B0F5PX5CT7?tag=offertissimes-21,17.99,24.29,25.9,17.99,"Elettronica, Accessori e Gadget Smart","Elettronica, Accessori e Gadget Smart",elago,B0F5PX5CT7,0,40,88
"KabelDirekt – Cavo HDMI 8K & 4K – 2m – Tecnologia Flexcore tedesca | 10K, 8K@60Hz & 4K@120Hz, High Speed HDMI – per PS5, Xbox",https://www.amazon.it/dp/B004BEMD5Q?tag=offertissimes-21,7.78,10.5,25.9,7.78,"Elettronica, Accessori e Gadget Smart","Elettronica, Accessori e Gadget Smart",KabelDirekt,B004BEMD5Q,0,40,88
"BONTEC Supporto TV Parete per Television da Plasma LED LCD Piatti e Curvi 23-70 inch, Inclinazione Girevole Staffa per TV con",https://www.amazon.it/dp/B08H5JP1Q4?tag=offertissimes-21,20.99,28.34,25.9,20.99,"Elettronica, Accessori e Gadget Smart","Elettronica, Accessori e Gadget Smart",BONTEC,B08H5JP1Q4,0,40,88
"2026 Cuffie Bluetooth Auricolari Bluetooth 5.4, HiFi Stereo Cuffie Wireless | 60 Ore di Autonomia, Controllo App, 4 Microfoni",https://www.amazon.it/dp/B0H82G3QD4?tag=offertissimes-21,23.99,32.39,25.9,23.99,"Elettronica, Accessori e Gadget Smart","Elettronica, Accessori e Gadget Smart",2026,B0H82G3QD4,0,40,88
"Lexar Micro SD 64 GB, Scheda Micro SD fino a 100 MB/sec(R), Scheda di Memoria microSDXC con Adattatore SD, A1, U3, C10, V30,",https://www.amazon.it/dp/B08XZ2KS1F?tag=offertissimes-21,18.39,24.83,25.9,18.39,"Elettronica, Accessori e Gadget Smart","Elettronica, Accessori e Gadget Smart",Lexar,B08XZ2KS1F,0,40,88
"XIAOMI Redmi Watch 6 Lite, Fitness Tracker, Autonomia 18 Giorni, Nero | Smartwatch Uomo Donna, Schermo 1,96"" AMOLED, Monitor",https://www.amazon.it/dp/B0H5KDLK7M?tag=offertissimes-21,49.17,66.38,25.9,49.17,"Elettronica, Accessori e Gadget Smart","Elettronica, Accessori e Gadget Smart",XIAOMI,B0H5KDLK7M,0,40,88
"Apple iPhone 17 256 GB: display 6,3"" con ProMotion, chip A19, fotocamera frontale Center Stage per selfie di gruppo più facil",https://www.amazon.it/dp/B0FQFJRZNZ?tag=offertissimes-21,949.0,1281.15,25.9,949.0,"Elettronica, Accessori e Gadget Smart","Elettronica, Accessori e Gadget Smart",Apple,B0FQFJRZNZ,0,40,88
"DURACELL AA Batterie Alcaline Optimum (Confezione da 12) 1.5V, LR06 | 200% Più Power Boost Actives - Soddisfano le Esigenze d",https://www.amazon.it/dp/B093CBBKG8?tag=offertissimes-21,9.83,13.27,25.9,9.83,"Elettronica, Accessori e Gadget Smart","Elettronica, Accessori e Gadget Smart",DURACELL,B093CBBKG8,0,40,88
"INIU 240W Cavo USB C a USB C, [2-Pezzi 2m] Cavo USB Ricarica Rapida | Type-C Nylon Cavo, USBC per iPhone 17 Pro Max, MacBook",https://www.amazon.it/dp/B0BR3L78XN?tag=offertissimes-21,9.86,13.31,25.9,9.86,"Elettronica, Accessori e Gadget Smart","Elettronica, Accessori e Gadget Smart",INIU,B0BR3L78XN,0,40,88
"TQIAHF Cover Custodia Magnetica per iPhone 13 / iPhone 14, Nero | 2 Pellicola Vetro Temperato Protezione Schermo Compatibile",https://www.amazon.it/dp/B0FY19M2B4?tag=offertissimes-21,8.99,12.14,25.9,8.99,"Elettronica, Accessori e Gadget Smart","Elettronica, Accessori e Gadget Smart",TQIAHF,B0FY19M2B4,0,40,88
"CMF by Nothing Buds Pro 2 Auricolari wireless con Audio HiFi, Cancellazione attiva del rumore ibrida da 50dB, 6 microfoni HD",https://www.amazon.it/dp/B0F5B56X84?tag=offertissimes-21,44.25,59.74,25.9,44.25,"Elettronica, Accessori e Gadget Smart","Elettronica, Accessori e Gadget Smart",CMF,B0F5B56X84,0,40,88
"Logitech M185 Mouse Wireless, 2,4 GHz con Mini Ricevitore USB | Durata Batteria di 12 Mesi, Tracciamento Ottico 1000 DPI, Amb",https://www.amazon.it/dp/B00552K0GM?tag=offertissimes-21,7.78,10.5,25.9,7.78,"Elettronica, Accessori e Gadget Smart","Elettronica, Accessori e Gadget Smart",Logitech,B00552K0GM,0,40,88
"Sony WH-CH520 | Cuffie Wireless, Connessione Multipoint, con Microfono, Fino a 50 ore di durata della batteria con Ricarica r",https://www.amazon.it/dp/B0BTJD6LCL?tag=offertissimes-21,25.31,34.17,25.9,25.31,"Elettronica, Accessori e Gadget Smart","Elettronica, Accessori e Gadget Smart",Sony,B0BTJD6LCL,0,40,88
"Samsung Galaxy Tab A11+, WiFi, 6GB RAM, 128GB | Tablet Android, Design compatto, 8.7"" 90Hz Display, Silver [versione Italiana",https://www.amazon.it/dp/B0FXXJGTFF?tag=offertissimes-21,269.67,364.05,25.9,269.67,"Elettronica, Accessori e Gadget Smart","Elettronica, Accessori e Gadget Smart",Samsung,B0FXXJGTFF,0,40,88
"JETech Pellicola Protettiva per Samsung Galaxy A57, 3 Pezzi | HD Trasparente, Compatibile con Face ID, Vetro Temperato Antigr",https://www.amazon.it/dp/B0GWML2JHS?tag=offertissimes-21,8.99,12.14,25.9,8.99,"Elettronica, Accessori e Gadget Smart","Elettronica, Accessori e Gadget Smart",JETech,B0GWML2JHS,0,40,88
"Misxi [2 Pezzi] Nero Cover Con Vetro Temperato per Apple Watch SE3/SE2/SE/Serie 6/Serie 5/Serie 4 44mm, Custodia Rigida Prote",https://www.amazon.it/dp/B08LV75TTP?tag=offertissimes-21,10.99,14.84,25.9,10.99,"Elettronica, Accessori e Gadget Smart","Elettronica, Accessori e Gadget Smart",Misxi,B08LV75TTP,0,40,88
"Trust Yvi+ Mouse Wireless Silenzioso, Blu | 800-1600 DPI, per Mano Sinistra e Destra, Microricevitore USB, Mouse Senza Fili C",https://www.amazon.it/dp/B0BL7R252B?tag=offertissimes-21,4.91,6.63,25.9,4.91,"Elettronica, Accessori e Gadget Smart","Elettronica, Accessori e Gadget Smart",Trust,B0BL7R252B,0,40,88
"Tapo C210 2K 3MP Telecamera WiFi Interno Videocamera Sorveglianza 360° PTZ | Telecamera per Animali, Rilevamento Movimento, A",https://www.amazon.it/dp/B095CLQ1PT?tag=offertissimes-21,17.9,24.16,25.9,17.9,"Elettronica, Accessori e Gadget Smart","Elettronica, Accessori e Gadget Smart",Tapo,B095CLQ1PT,0,40,88
"Amazon Echo Dot Max (ultimo modello) - Altoparlante Alexa con audio avvolgente, Hub Casa Intelligente integrato, Grafite, con",https://www.amazon.it/dp/B0DKLFHZDH?tag=offertissimes-21,64.99,87.74,25.9,64.99,"Elettronica, Accessori e Gadget Smart","Elettronica, Accessori e Gadget Smart",Amazon,B0DKLFHZDH,0,40,88
"Samsung Galaxy SmartTag2 (1 Pezzo) Localizzatore Bluetooth con Modalità Smarrito, Design compatto, Batteria a lunga durata, R",https://www.amazon.it/dp/B0CG7JHFKY?tag=offertissimes-21,13.11,17.7,25.9,13.11,"Elettronica, Accessori e Gadget Smart","Elettronica, Accessori e Gadget Smart",Samsung,B0CG7JHFKY,0,40,88
"UGREEN FineTrack Duo Supporto iOS Find My o Android Find Hub 4 pezzi | Smart Finder, Ricarica USB-C, Localizzatore, Tracker B",https://www.amazon.it/dp/B0FRLWSGPW?tag=offertissimes-21,29.99,40.49,25.9,29.99,"Elettronica, Accessori e Gadget Smart","Elettronica, Accessori e Gadget Smart",UGREEN,B0FRLWSGPW,0,40,88
"Smart Tracker Tags 4 Pezzi, Funziona con Apple Dov'è (Solo iOS), Localizzatore Bluetooth Trova Oggetti 365 Giorni, Batteria S",https://www.amazon.it/dp/B0GW933YK6?tag=offertissimes-21,19.99,26.99,25.9,19.99,"Elettronica, Accessori e Gadget Smart","Elettronica, Accessori e Gadget Smart",Smart,B0GW933YK6,0,40,88
"Motorola Moto Tag 2, Tracker Android™, Bluetooth Channel Sounding + UWB, Protezione IP68, Batteria Lunga Durata, Pantone Laur",https://www.amazon.it/dp/B0GHPP9MKN?tag=offertissimes-21,69.18,93.39,25.9,69.18,"Elettronica, Accessori e Gadget Smart","Elettronica, Accessori e Gadget Smart",Motorola,B0GHPP9MKN,0,40,88
"Android Smart Tag, Tracker con Google's Find Hub (Solo Android), IP68 Impermeabile, Bluetooth Localizzatore con Custodia Prot",https://www.amazon.it/dp/B0HC2G61RB?tag=offertissimes-21,94.99,128.24,25.9,94.99,"Elettronica, Accessori e Gadget Smart","Elettronica, Accessori e Gadget Smart",Android,B0HC2G61RB,0,40,88
"Air Tracker Tag 4 pezzi Bianco Compatibile con Apple Dov'è (solo iOS) | Bluetooth Trova Oggetti, Smart Tracker Localizzatore",https://www.amazon.it/dp/B0HGFKJ164?tag=offertissimes-21,59.99,80.99,25.9,59.99,"Elettronica, Accessori e Gadget Smart","Elettronica, Accessori e Gadget Smart",Air,B0HGFKJ164,0,40,88
"ATUVOS Air Tag Smart Tracker 4 pezzi Nero, Bluetooth Trova oggetti Compatibile con Apple Dov'è (solo iOS, Android non support",https://www.amazon.it/dp/B0C3V545KJ?tag=offertissimes-21,29.99,40.49,25.9,29.99,"Elettronica, Accessori e Gadget Smart","Elettronica, Accessori e Gadget Smart",ATUVOS,B0C3V545KJ,0,40,88
"ATUVOS Air Tag Pro Smart Tag Tracker per Android & iOS, Dual System Localizzatore Bluetooth Funziona con Google Funzioni Trov",https://www.amazon.it/dp/B0GWZWTT73?tag=offertissimes-21,23.99,32.39,25.9,23.99,"Elettronica, Accessori e Gadget Smart","Elettronica, Accessori e Gadget Smart",ATUVOS,B0GWZWTT73,0,40,88
"UGREEN FineTrack Slim Smart Finder Localizzatore 1.7MM (Solo iOS) | IP68 Impermeabile, Tracker Bluetooth, Card Scheda Localiz",https://www.amazon.it/dp/B0D5415Q27?tag=offertissimes-21,18.99,25.64,25.9,18.99,"Elettronica, Accessori e Gadget Smart","Elettronica, Accessori e Gadget Smart",UGREEN,B0D5415Q27,0,40,88
"belkin Custodia per AirTag con anello portachiavi (Secure Holder, guscio protettivo antigraffio per Air Tag), Nero",https://www.amazon.it/dp/B093333693?tag=offertissimes-21,6.55,8.84,25.9,6.55,"Elettronica, Accessori e Gadget Smart","Elettronica, Accessori e Gadget Smart",belkin,B093333693,0,40,88
"CODONOVA Mini CarPlay Wireless e Android Auto per Navigazione GPS Auto, Blu | USB A/C Dorato, Riconnessione Automatica, Stabi",https://www.amazon.it/dp/B0HKFML9CH?tag=offertissimes-21,34.99,47.24,25.9,34.99,"Elettronica, Accessori e Gadget Smart","Elettronica, Accessori e Gadget Smart",CODONOVA,B0HKFML9CH,0,40,88
"UGREEN FineTrack Smart Finder Localizzatore Supporto iOS 4 pezzi | SmartTag Tracker ,Bluetooth Localizzazione, per Chiavi Bag",https://www.amazon.it/dp/B0F82HR8QZ?tag=offertissimes-21,25.64,34.61,25.9,25.64,"Elettronica, Accessori e Gadget Smart","Elettronica, Accessori e Gadget Smart",UGREEN,B0F82HR8QZ,0,40,88
"Garmin Forerunner 55, 42mm. Smartwatch GPS per la Corsa, Black | Cardio, Piani di allenamento inclusi, VO2max, Allenamenti pe",https://www.amazon.it/dp/B0953X73TP?tag=offertissimes-21,97.54,131.68,25.9,97.54,"Elettronica, Accessori e Gadget Smart","Elettronica, Accessori e Gadget Smart",Garmin,B0953X73TP,0,40,88
"PESTON Porta AirTag, 4 Pezzi Custodie IP67 per Apple AirTag 1ª e 2ª Gen | Protezione AirTag, silicone da 2,5 mm, portachiavi",https://www.amazon.it/dp/B0FM2DXG9B?tag=offertissimes-21,10.99,14.84,25.9,10.99,"Elettronica, Accessori e Gadget Smart","Elettronica, Accessori e Gadget Smart",PESTON,B0FM2DXG9B,0,40,88
"VOCOlinc Smart Tag Tracker Compatibile con Android Google Funzioni Trova o iOS Apple Dov'è App, Bluetooth Localizzatore Trova",https://www.amazon.it/dp/B0GXVHS9BP?tag=offertissimes-21,32.59,44.0,25.9,32.59,"Elettronica, Accessori e Gadget Smart","Elettronica, Accessori e Gadget Smart",VOCOlinc,B0GXVHS9BP,0,40,88
"GPS Tracker per Auto, Localizzatore GPS per Auto senza Abbonamento (nero) | Compatibile con Android e iOS, IP68 Impermeabile,",https://www.amazon.it/dp/B0HF38HNPS?tag=offertissimes-21,21.84,29.48,25.9,21.84,"Elettronica, Accessori e Gadget Smart","Elettronica, Accessori e Gadget Smart",GPS,B0HF38HNPS,0,40,88
"Smart Tags 4 Pezzi per Android e iOS,Bluetooth Tracker per Chiavi,Valigie,Portafoglio,Zaino e Borsa,Tracker Tag 120 dB,Rete d",https://www.amazon.it/dp/B0H7G54DKL?tag=offertissimes-21,99.99,134.99,25.9,99.99,"Elettronica, Accessori e Gadget Smart","Elettronica, Accessori e Gadget Smart",Smart,B0H7G54DKL,0,40,88
"UGREEN FineTrack Slim Duo 2 Supporto iOS Find My o Android Find Hub 1.9MM | Wallet Tag, Localizzatore Tag, Smart Finder 7 Ann",https://www.amazon.it/dp/B0G658KWK4?tag=offertissimes-21,19.99,26.99,25.9,19.99,"Elettronica, Accessori e Gadget Smart","Elettronica, Accessori e Gadget Smart",UGREEN,B0G658KWK4,0,40,88
Cellularline localizzatore di oggetti Tracy Tag Dual compatibile con le app Apple Dov'è e Google Find Hub per iOS e Android c,https://www.amazon.it/dp/B0H2J549FQ?tag=offertissimes-21,12.24,16.52,25.9,12.24,"Elettronica, Accessori e Gadget Smart","Elettronica, Accessori e Gadget Smart",Cellularline,B0H2J549FQ,0,40,88
"VOCOlinc Air Tag Card Compatibile con Android Google Funzioni Trova o iOS Apple Dov'è App, Ricaricabile Wallet Tracker Card T",https://www.amazon.it/dp/B0GX113CRM?tag=offertissimes-21,19.98,26.97,25.9,19.98,"Elettronica, Accessori e Gadget Smart","Elettronica, Accessori e Gadget Smart",VOCOlinc,B0GX113CRM,0,40,88
"Trackting SMART V3 Italia - Antifurto GPS localizzatore per Auto e Moto | SIM integrata Senza Canone, Senza Cavi, Batteria ch",https://www.amazon.it/dp/B07HWQQJCY?tag=offertissimes-21,179.1,241.78,25.9,179.1,"Elettronica, Accessori e Gadget Smart","Elettronica, Accessori e Gadget Smart",Trackting,B07HWQQJCY,0,40,88
"Trackting SMART V3 Europa - Antifurto GPS localizzatore per Auto e Moto | SIM integrata Senza Canone, Senza Cavi, Batteria ch",https://www.amazon.it/dp/B00UPW8KE6?tag=offertissimes-21,211.65,285.73,25.9,211.65,"Elettronica, Accessori e Gadget Smart","Elettronica, Accessori e Gadget Smart",Trackting,B00UPW8KE6,0,40,88
"XIAOMI Smart Tag, Localizzatore, IP67, Autonomia 1 Anno, Confezione 1 | Compatibile con Apple Find My e Google Android Find H",https://www.amazon.it/dp/B0G5B5DM5P?tag=offertissimes-21,25.13,33.93,25.9,25.13,"Elettronica, Accessori e Gadget Smart","Elettronica, Accessori e Gadget Smart",XIAOMI,B0G5B5DM5P,0,40,88
"UGREEN FineTrack Slim G Smart Finder Solo Android 1.7mm | 5 Anni Batteria, Impermeabile IP68, Tracker Compatibile con Google",https://www.amazon.it/dp/B0FBWBDB1Q?tag=offertissimes-21,18.99,25.64,25.9,18.99,"Elettronica, Accessori e Gadget Smart","Elettronica, Accessori e Gadget Smart",UGREEN,B0FBWBDB1Q,0,40,88
"Adattatore CarPlay Wireless e Android Auto Wireless, Navigatore GPS Auto | Bluetooth V5.3 Connessione Stabile, WiFi 6 ad Alta",https://www.amazon.it/dp/B0HDTN3ZLJ?tag=offertissimes-21,49.99,67.49,25.9,49.99,"Elettronica, Accessori e Gadget Smart","Elettronica, Accessori e Gadget Smart",Adattatore,B0HDTN3ZLJ,0,40,88
"UGREEN FineTrack G Smart Finder Solo per Android 4 pezzi | Ricarica USB-C, Localizzatore Bluetooth, Compatible con Google Fin",https://www.amazon.it/dp/B0FG7MXDH6?tag=offertissimes-21,28.99,39.14,25.9,28.99,"Elettronica, Accessori e Gadget Smart","Elettronica, Accessori e Gadget Smart",UGREEN,B0FG7MXDH6,0,40,88
"Salind Localizzatore GPS 4G Magnetico per Auto, Moto e Altri Veicoli | Notifiche di allarme via App - Localizzatore con Calam",https://www.amazon.it/dp/B09P8H24TZ?tag=offertissimes-21,46.86,63.26,25.9,46.86,"Elettronica, Accessori e Gadget Smart","Elettronica, Accessori e Gadget Smart",Salind,B09P8H24TZ,0,40,88
"Ainiv Portachiavi, Custodia per Airtag in Pelle | Localizzatore di Chiavi Portatile per Zaini e Animali Domestici, Mini Cover",https://www.amazon.it/dp/B0B1Q414RZ?tag=offertissimes-21,5.49,7.41,25.9,5.49,"Elettronica, Accessori e Gadget Smart","Elettronica, Accessori e Gadget Smart",Ainiv,B0B1Q414RZ,0,40,88
Spigen EZ Fit Antiabbagliante Vetro [1P] Tesla Model Y L 16 Pollici (2026) | Model Y Standard (2026) / Performance (2024-2026,https://www.amazon.it/dp/B0FPJ6RYFN?tag=offertissimes-21,37.99,51.29,25.9,37.99,"Elettronica, Accessori e Gadget Smart","Elettronica, Accessori e Gadget Smart",Spigen,B0FPJ6RYFN,0,40,88
"AXFEE 4 pezzi Airtags in Silicone Lavabile, Porta Air Tag per GSP Apple | Airtag Cover per Chiavi Zaini e Animale, Portatile,",https://www.amazon.it/dp/B0CCS1LNFK?tag=offertissimes-21,9.99,13.49,25.9,9.99,"Elettronica, Accessori e Gadget Smart","Elettronica, Accessori e Gadget Smart",AXFEE,B0CCS1LNFK,0,40,88
"Air Tracker Tag 4 Pezzi, Smart Finder Compatibile con Apple Dov'è(solo iOS) | Localizzatore di Oggetti Bluetooth per Valigie/",https://www.amazon.it/dp/B0F9KBY3ZD?tag=offertissimes-21,16.99,22.94,25.9,16.99,"Elettronica, Accessori e Gadget Smart","Elettronica, Accessori e Gadget Smart",Air,B0F9KBY3ZD,0,40,88
"UGREEN FineTrack Slim S Smart Finder Tag Solo Samsung 1,7 mm | Bluetooth Localizzatore, Tracker Impermeabile IP68, 1 Anno, Co",https://www.amazon.it/dp/B0DPQPPNPR?tag=offertissimes-21,24.99,33.74,25.9,24.99,"Elettronica, Accessori e Gadget Smart","Elettronica, Accessori e Gadget Smart",UGREEN,B0DPQPPNPR,0,40,88
"GPS Tracker per Auto,Localizzatore GPS per auto senza abbonamento,Localizzatore GPS Magnetico compatibile con iOS e Android,G",https://www.amazon.it/dp/B0HJPRYBLV?tag=offertissimes-21,29.99,40.49,25.9,29.99,"Elettronica, Accessori e Gadget Smart","Elettronica, Accessori e Gadget Smart",GPS,B0HJPRYBLV,0,40,88
"RiderNav R7M 7"" Wireless CarPlay e Android Auto per Motociclette BMW - Controllo Nativo Wonder Wheel Action Camera | Lettura",https://www.amazon.it/dp/B0GF291VTK?tag=offertissimes-21,339.99,458.99,25.9,339.99,"Elettronica, Accessori e Gadget Smart","Elettronica, Accessori e Gadget Smart",RiderNav,B0GF291VTK,0,40,88
"Ainiv Cani Porta Collare Compatibile con Samsung Galaxy SmartTag 2, SmartTag2 Impermeabile Case Flessibile in Silicone, Cover",https://www.amazon.it/dp/B0DF84BMR4?tag=offertissimes-21,6.69,9.03,25.9,6.69,"Elettronica, Accessori e Gadget Smart","Elettronica, Accessori e Gadget Smart",Ainiv,B0DF84BMR4,0,40,88
"NOVOO Smart Tag Android/iOS, Localizzatore Bluetooth per Apple Dov’è e Google Find Hub, Batteria Sostituibile, Allarme 85 dB,",https://www.amazon.it/dp/B0H4GG6R5Y?tag=offertissimes-21,25.54,34.48,25.9,25.54,"Elettronica, Accessori e Gadget Smart","Elettronica, Accessori e Gadget Smart",NOVOO,B0H4GG6R5Y,0,40,88
"Carplay Auto, 9"" Android Auto Wireless, Autoradio Bluetooth con Schermo con 1080P Telecamere Posteriori e Anteriori, Navigazi",https://www.amazon.it/dp/B0DNT2T7ND?tag=offertissimes-21,72.85,98.35,25.9,72.85,"Elettronica, Accessori e Gadget Smart","Elettronica, Accessori e Gadget Smart",Carplay,B0DNT2T7ND,0,40,88
"UGREEN FineTrack Smart Finder Localizzatore Supporto iOS 1 pezzo | SmartTag Tracker ,Bluetooth Localizzazione, per Chiavi Bag",https://www.amazon.it/dp/B0D53RXMB1?tag=offertissimes-21,12.79,17.27,25.9,12.79,"Elettronica, Accessori e Gadget Smart","Elettronica, Accessori e Gadget Smart",UGREEN,B0D53RXMB1,0,40,88
"2026 (solo Android) Smart Bluetooth Wallet Tracker Card 2 Pezzo Thin 2.5 mm, 5 Anni Batteria, IP68 Impermeabile,Bluetooth Loc",https://www.amazon.it/dp/B0HDM4YFQT?tag=offertissimes-21,29.99,40.49,25.9,29.99,"Elettronica, Accessori e Gadget Smart","Elettronica, Accessori e Gadget Smart",2026,B0HDM4YFQT,0,40,88
"2026 Smart Tracker Tags Android, 4 pezzi Tracker Bluetooth | Trova Oggetti, certificato Google, IPX6 impermeabile Smart Track",https://www.amazon.it/dp/B0H5K3DS1M?tag=offertissimes-21,25.68,34.67,25.9,25.68,"Elettronica, Accessori e Gadget Smart","Elettronica, Accessori e Gadget Smart",2026,B0H5K3DS1M,0,40,88
"Carpuride W702BS Pro Moto Carplay Schermo con Wonder Wheel per BMW Moto | Senza Fili CarPlay e Android Auto, 7 Pollici Imperm",https://www.amazon.it/dp/B0DS5YLL68?tag=offertissimes-21,339.99,458.99,25.9,339.99,"Elettronica, Accessori e Gadget Smart","Elettronica, Accessori e Gadget Smart",Carpuride,B0DS5YLL68,0,40,88
"Mini CarPlay Wireless e Android Auto per Navigazione GPS Auto, Nero | USB A/C Dorato, Riconnessione Automatica, Stabile su St",https://www.amazon.it/dp/B0HHMWZGPL?tag=offertissimes-21,22.99,31.04,25.9,22.99,"Elettronica, Accessori e Gadget Smart","Elettronica, Accessori e Gadget Smart",Mini,B0HHMWZGPL,0,40,88
SafeTag Mag 4G – Localizzatore GPS Magnetico per Auto e Altri Veicoli | Tracciamento in Tempo Reale | Avvisi Istantanei | Bat,https://www.amazon.it/dp/B0BCH3RXNG?tag=offertissimes-21,32.18,43.44,25.9,32.18,"Elettronica, Accessori e Gadget Smart","Elettronica, Accessori e Gadget Smart",SafeTag,B0BCH3RXNG,0,40,88
"Diseleri Rilevatore Microspie Professionale - Rilevatore Cimici e Microspie con Scansione GPS, Telecamere Nascoste e Disposit",https://www.amazon.it/dp/B0DST53FVX?tag=offertissimes-21,14.99,20.24,25.9,14.99,"Elettronica, Accessori e Gadget Smart","Elettronica, Accessori e Gadget Smart",Diseleri,B0DST53FVX,0,40,88
"GPS Localizzatore Tracker per Auto Moto e Cani, 90 Giorni di Standby 6000mAh, Allarme Antifurto Tracciamento Globale in Tempo",https://www.amazon.it/dp/B0BYCMW2BM?tag=offertissimes-21,7.99,10.79,25.9,7.99,"Elettronica, Accessori e Gadget Smart","Elettronica, Accessori e Gadget Smart",GPS,B0BYCMW2BM,0,40,88
"AXFEE Airtags Portachiavi in PU Pelle, Porta Air Tag per GSP Apple-Gattino | Airtag Cover per Chiavi Zaini e Animale, Portati",https://www.amazon.it/dp/B0DJNVTJN4?tag=offertissimes-21,37.99,51.29,25.9,37.99,"Elettronica, Accessori e Gadget Smart","Elettronica, Accessori e Gadget Smart",AXFEE,B0DJNVTJN4,0,40,88
"ATUVOS Air Tag Card Pro per Android & iOS, Dual System Ricaricabile Wallet Tracker Funziona con Google Funzioni Trova o Apple",https://www.amazon.it/dp/B0FX4MBK5P?tag=offertissimes-21,21.99,29.69,25.9,21.99,"Elettronica, Accessori e Gadget Smart","Elettronica, Accessori e Gadget Smart",ATUVOS,B0FX4MBK5P,0,40,88
Spigen Valentinus Pro Portachiavi Key Organizer con Anello per AirTag 2/1 | Organizzatore per chiavi in pelle vegana per uomo,https://www.amazon.it/dp/B0F865LMX6?tag=offertissimes-21,20.99,28.34,25.9,20.99,"Elettronica, Accessori e Gadget Smart","Elettronica, Accessori e Gadget Smart",Spigen,B0F865LMX6,0,40,88
"WEIPIN Pellicola protettiva in vetro temperato per Nissa-n Qashqai J12/ X-Trail T33 e-POWER 2023-2026, pellicola protettiva i",https://www.amazon.it/dp/B0D2HKYS2W?tag=offertissimes-21,9.99,13.49,25.9,9.99,"Elettronica, Accessori e Gadget Smart","Elettronica, Accessori e Gadget Smart",WEIPIN,B0D2HKYS2W,0,40,88
"Nepfaivy Portachiavi per Airtag in PU Pelle, Porta per Airtag | Custodia Compatibile con Airtag, Cover per Airtag Apple, Port",https://www.amazon.it/dp/B09P4QRZQN?tag=offertissimes-21,25.74,34.75,25.9,25.74,"Elettronica, Accessori e Gadget Smart","Elettronica, Accessori e Gadget Smart",Nepfaivy,B09P4QRZQN,0,40,88
"Mars Outpost | ORIGINALE Custodia magnetica | Compatibile con Apple AirTag Gen. 1 & 2 | Cover magnetico resistente all'acqua,",https://www.amazon.it/dp/B0B5S4WNVG?tag=offertissimes-21,21.99,29.69,25.9,21.99,"Elettronica, Accessori e Gadget Smart","Elettronica, Accessori e Gadget Smart",Mars,B0B5S4WNVG,0,40,88
"GPS Tracker per Auto, Localizzatore GPS per Auto Compatibile con iOS e Android, Air Tracker senza abbonamento, Copertura Glob",https://www.amazon.it/dp/B0GWLD25P7?tag=offertissimes-21,9.99,13.49,25.9,9.99,"Elettronica, Accessori e Gadget Smart","Elettronica, Accessori e Gadget Smart",GPS,B0GWLD25P7,0,40,88
SafeTag Volt 4G – Localizzatore GPS 9–48 V per Auto e Altri Veicoli | Tracciamento in Tempo Reale | Avvisi Istantanei | Alime,https://www.amazon.it/dp/B0CK2V4QT3?tag=offertissimes-21,168.02,226.83,25.9,168.02,"Elettronica, Accessori e Gadget Smart","Elettronica, Accessori e Gadget Smart",SafeTag,B0CK2V4QT3,0,40,88
"Garmin Edge Explore 2, Ciclocomputer GPS cartografico, Semplice da usare, Navigazione avanzata, Compatibile con eBike, LiveTr",https://www.amazon.it/dp/B0B56Q5VCY?tag=offertissimes-21,19.99,26.99,25.9,19.99,"Elettronica, Accessori e Gadget Smart","Elettronica, Accessori e Gadget Smart",Garmin,B0B56Q5VCY,0,40,88
"ATUVOS Air Tag Card Ricaricabile Wallet Tracker Thin 1.6mm, Smart Tag compatibile con Apple Dov'è (solo iOS, Android non supp",https://www.amazon.it/dp/B0DMW4FF4T?tag=offertissimes-21,24.58,33.18,25.9,24.58,"Elettronica, Accessori e Gadget Smart","Elettronica, Accessori e Gadget Smart",ATUVOS,B0DMW4FF4T,0,40,88
"Life360 Tile - Localizzatore, cerca oggetti e tracker Bluetooth per chiavi, borse e altro. Trova telefono. Compatibile con iO",https://www.amazon.it/dp/B0D632MHWP?tag=offertissimes-21,42.39,57.23,25.9,42.39,"Elettronica, Accessori e Gadget Smart","Elettronica, Accessori e Gadget Smart",Life360,B0D632MHWP,0,40,88
"UGREEN FineTrack Duo 2 Tracker iOS e Android Ricarica USB C 4 Pezzi | 12 Mesi di Autonomia, Ricarica USB-C, IP68, 110 dB, Com",https://www.amazon.it/dp/B0G93FF2C5?tag=offertissimes-21,19.99,26.99,25.9,19.99,"Elettronica, Accessori e Gadget Smart","Elettronica, Accessori e Gadget Smart",UGREEN,B0G93FF2C5,0,40,88
"Caricatore USB C Presa, 40W 4-Porto Alimentatore USB Multipla Ricarica Veloce Caricabatterie Spinotto Multiplo Carica Spina R",https://www.amazon.it/dp/B0D72LFS2J?tag=offertissimes-21,10.99,14.84,25.9,10.99,"Elettronica, Accessori e Gadget Smart","Elettronica, Accessori e Gadget Smart",Caricatore,B0D72LFS2J,0,40,88
"Anker caricatore USB C rapido 735 (Nano II 65W) pod a 3 porte PPS | Alimentatore compatto USB C per MacBook Pro/Air, iPad Pro",https://www.amazon.it/dp/B09LLRNGSD?tag=offertissimes-21,29.99,40.49,25.9,29.99,"Elettronica, Accessori e Gadget Smart","Elettronica, Accessori e Gadget Smart",Anker,B09LLRNGSD,0,40,88
"INIU Power Bank, Piccolo 45W Ricarica Rapida 10000mAh Caricatore Portatile | Cavo USB C Staccabile, Idoneo per Volo, Travel E",https://www.amazon.it/dp/B0CB1DC7GS?tag=offertissimes-21,22.12,29.86,25.9,22.12,"Elettronica, Accessori e Gadget Smart","Elettronica, Accessori e Gadget Smart",INIU,B0CB1DC7GS,0,40,88
"Samsung EP-T4511 Caricabatterie originale 45W Super Fast Charging, Porta USB-C (con Cavo), Nero",https://www.amazon.it/dp/B0CWXQ1LSW?tag=offertissimes-21,27.0,36.45,25.9,27.0,"Elettronica, Accessori e Gadget Smart","Elettronica, Accessori e Gadget Smart",Samsung,B0CWXQ1LSW,0,40,88
"Caricatore USB C Rapido 40W 4Porto Presa USB Caricatore Multipla PD & QC3.0 Carica Cellulare, Spina Alimentatore Caricabatter",https://www.amazon.it/dp/B0D2KSTB7X?tag=offertissimes-21,10.99,14.84,25.9,10.99,"Elettronica, Accessori e Gadget Smart","Elettronica, Accessori e Gadget Smart",Caricatore,B0D2KSTB7X,0,40,88
UGREEN Nexode 65W Caricatore USB C Ricarica Rapida Alimentatore (Nero) | 3 Porte PD 3.0 Compatibile con iPhone 18 Pro Max 17,https://www.amazon.it/dp/B091BRJSRN?tag=offertissimes-21,21.59,29.15,25.9,21.59,"Elettronica, Accessori e Gadget Smart","Elettronica, Accessori e Gadget Smart",UGREEN,B091BRJSRN,0,40,88
"Power Bank 20000mAh PD3.0 QC4.0 22,5W Powerbank Ricarica Rapida, Ingresso e Uscita USB C Caricatore Portatile Powerbank Con D",https://www.amazon.it/dp/B0DPSLQFDW?tag=offertissimes-21,15.99,21.59,25.9,15.99,"Elettronica, Accessori e Gadget Smart","Elettronica, Accessori e Gadget Smart",Power,B0DPSLQFDW,0,40,88
"Anker caricatore USB C 50W 4 porte con 2 USB C e 2 USB A | Con 2 USB C e 2 USB A, design compatto e stabile, per iPhone 17 Pr",https://www.amazon.it/dp/B0FX4MR7BK?tag=offertissimes-21,23.23,31.36,25.9,23.23,"Elettronica, Accessori e Gadget Smart","Elettronica, Accessori e Gadget Smart",Anker,B0FX4MR7BK,0,40,88
"Anker Nano caricatore iPhone USB C 45W smart display | Ricarica rapida, riconoscimento intelligente, modalità Care, design co",https://www.amazon.it/dp/B0GQLKGD1F?tag=offertissimes-21,71.48,96.5,25.9,71.48,"Elettronica, Accessori e Gadget Smart","Elettronica, Accessori e Gadget Smart",Anker,B0GQLKGD1F,0,40,88
"UGREEN Zapix Power Bank Magsafe 10000mAh Batteria Esterna Magnetico PD 20W | Caricatore Portatile Wireless, Ricarica Rapida U",https://www.amazon.it/dp/B0CH33F5P2?tag=offertissimes-21,25.99,35.09,25.9,25.99,"Elettronica, Accessori e Gadget Smart","Elettronica, Accessori e Gadget Smart",UGREEN,B0CH33F5P2,0,40,88
"INIU Caricatore Auto USB C, 60W Combinati [Type C 30W + USB A 30W], Nero | PD3.0 Ricarica Rapida, 2-porte, Lega Metallica, Co",https://www.amazon.it/dp/B08VJ2VH2J?tag=offertissimes-21,8.2,11.07,25.9,8.2,"Elettronica, Accessori e Gadget Smart","Elettronica, Accessori e Gadget Smart",INIU,B08VJ2VH2J,0,40,88
"Caricatore USB C 2 Pack,40W 4-Porte Multiplo USB C & USB-A Rapido PD & QC3.0, Caricatore iPhone Alimentatore Presa USB Carica",https://www.amazon.it/dp/B0GVJB3CBZ?tag=offertissimes-21,15.99,21.59,25.9,15.99,"Elettronica, Accessori e Gadget Smart","Elettronica, Accessori e Gadget Smart",Caricatore,B0GVJB3CBZ,0,40,88
"miracase Porta Cellulare Auto per Presa D'aria [Gancio Doppio In Metallo] | 360° Regolabile, Utilizzo con Una Sola Mano, Supp",https://www.amazon.it/dp/B0DHK6KBGH?tag=offertissimes-21,10.35,13.97,25.9,10.35,"Elettronica, Accessori e Gadget Smart","Elettronica, Accessori e Gadget Smart",miracase,B0DHK6KBGH,0,40,88
"GRIFEMA Supporto PC Portatile e Laptop Regolabile, Rialzo Pieghevole | in Alluminio - 7 Angolazioni, Design Ergonomico Ventil",https://www.amazon.it/dp/B0D69NHWPG?tag=offertissimes-21,6.88,9.29,25.9,6.88,"Elettronica, Accessori e Gadget Smart","Elettronica, Accessori e Gadget Smart",GRIFEMA,B0D69NHWPG,0,40,88
"Power Bank 10000mAh, Magnetico Wireless Batteria Esterna Caricatore, 20W Carica Rapida PD3.0 USB-C Input & Output, Portatile",https://www.amazon.it/dp/B0GXXYNBL9?tag=offertissimes-21,18.99,25.64,25.9,18.99,"Elettronica, Accessori e Gadget Smart","Elettronica, Accessori e Gadget Smart",Power,B0GXXYNBL9,0,40,88
Anker Power Bank 20000mAh 30W con Cavo USB C Integrato (Nero) | Caricabatterie Portatile Ad Alta Velocità per iPhone 17 Pro M,https://www.amazon.it/dp/B0CZ9LH53B?tag=offertissimes-21,30.99,41.84,25.9,30.99,"Elettronica, Accessori e Gadget Smart","Elettronica, Accessori e Gadget Smart",Anker,B0CZ9LH53B,0,40,88
"Soundcore 2 di Anker, Cassa Bluetooth Portatile 12 W, IPX7, 24 Ore | BassUp, Bluetooth 6.0, Stereo Wireless, Ideale per Casa,",https://www.amazon.it/dp/B01MTB55WH?tag=offertissimes-21,27.49,37.11,25.9,27.49,"Elettronica, Accessori e Gadget Smart","Elettronica, Accessori e Gadget Smart",Soundcore,B01MTB55WH,0,40,88
"Caricatore per IPhone,2 Pack Caricabatterie USB C Rapido Alimentatore Presa With 2Pack 2M USB C- Lightning Spina Per IPhone 1",https://www.amazon.it/dp/B0F91HQWXQ?tag=offertissimes-21,15.99,21.59,25.9,15.99,"Elettronica, Accessori e Gadget Smart","Elettronica, Accessori e Gadget Smart",Caricatore,B0F91HQWXQ,0,40,88
"Charmast Power Bank 26800mAh, Ultra Sottile Caricatore Portatile Nero | 20W USB C Powerbank Batteria con 3 Ingresso & 4 Uscit",https://www.amazon.it/dp/B073FJ9X2J?tag=offertissimes-21,22.12,29.86,25.9,22.12,"Elettronica, Accessori e Gadget Smart","Elettronica, Accessori e Gadget Smart",Charmast,B073FJ9X2J,0,40,88
"Anker Caricatore iPhone USB C GaN 30W 511 (Nano 3) | Caricabatterie USB C rapido PIQ 3.0 PPS, iPhone 17 Pro Max Air/Serie 16-",https://www.amazon.it/dp/B0B2VQ462Z?tag=offertissimes-21,13.99,18.89,25.9,13.99,"Elettronica, Accessori e Gadget Smart","Elettronica, Accessori e Gadget Smart",Anker,B0B2VQ462Z,0,40,88
"INIU Caricatore Wireless per iPhone, 15W Stazione di Ricarica Wireless | con Luce Adattiv Supporto Telefono, Wireless Charger",https://www.amazon.it/dp/B09GYCC1N7?tag=offertissimes-21,13.93,18.81,25.9,13.93,"Elettronica, Accessori e Gadget Smart","Elettronica, Accessori e Gadget Smart",INIU,B09GYCC1N7,0,40,88
45W Rapido Caricatore Per Samsung Super Fast Charger con 2M Cavo USB-C Presa Rapido Caricabatterie Per Galaxy S26 S25 S24 S23,https://www.amazon.it/dp/B0H9LH2WVM?tag=offertissimes-21,11.99,16.19,25.9,11.99,"Elettronica, Accessori e Gadget Smart","Elettronica, Accessori e Gadget Smart",45W,B0H9LH2WVM,0,40,88
Spigen Essential MagFit Qi2 15W Supporto Caricatore MagSafe 3 in 1,https://www.amazon.it/dp/B0FCDK3QM1?tag=offertissimes-21,49.49,66.81,25.9,49.49,"Elettronica, Accessori e Gadget Smart","Elettronica, Accessori e Gadget Smart",Spigen,B0FCDK3QM1,0,40,88
"Caricatore per iPhone, Caricatore USB C da 20W con Cavo per iPhone da 1M, Caricabatterie per iPhone 14/13/ 12/11/ X/ 8/7",https://www.amazon.it/dp/B0DJR2F3BK?tag=offertissimes-21,11.99,16.19,25.9,11.99,"Elettronica, Accessori e Gadget Smart","Elettronica, Accessori e Gadget Smart",Caricatore,B0DJR2F3BK,0,40,88
"Caricatore USB C,USB-C a C da 2M,Caricabatterie Rapido Batterie di Per Apple iPhone 17/16/15/Plus/Air/Pro/Max,Per Galaxy S25/",https://www.amazon.it/dp/B0DPW7H2KQ?tag=offertissimes-21,10.99,14.84,25.9,10.99,"Elettronica, Accessori e Gadget Smart","Elettronica, Accessori e Gadget Smart",Caricatore,B0DPW7H2KQ,0,40,88
"Anker Caricatore iPhone 20W USB C rapido da parete | Compatibile con iPhone 17 Pro Max Air/16/15, iPad e altro, con cavo USB",https://www.amazon.it/dp/B0CF8X4H77?tag=offertissimes-21,11.99,16.19,25.9,11.99,"Elettronica, Accessori e Gadget Smart","Elettronica, Accessori e Gadget Smart",Anker,B0CF8X4H77,0,40,88
"Caricatore per iPhone, Caricatore USB C Rapido Alimentatore Presa con Cavo per Lightning da 2M, Caricabatterie USB C Spina pe",https://www.amazon.it/dp/B0CZP18RQZ?tag=offertissimes-21,10.99,14.84,25.9,10.99,"Elettronica, Accessori e Gadget Smart","Elettronica, Accessori e Gadget Smart",Caricatore,B0CZP18RQZ,0,40,88
Cellularline Power Bank 20000 mAh con USB-C In/Out + 2 Porte USB-A - Ricarica Multipla e LED Indicatore - Nero,https://www.amazon.it/dp/B0DJ19HCR8?tag=offertissimes-21,10.66,14.39,25.9,10.66,"Elettronica, Accessori e Gadget Smart","Elettronica, Accessori e Gadget Smart",Cellularline,B0DJ19HCR8,0,40,88
Kingston DataTraveler Exodia M PenDrive USB 3.2 Gen 1 DTXM/64GB - con cappuccio removibile (Nero + Blu),https://www.amazon.it/dp/B0B1JNDZ5J?tag=offertissimes-21,9.44,12.74,25.9,9.44,"Elettronica, Accessori e Gadget Smart","Elettronica, Accessori e Gadget Smart",Kingston,B0B1JNDZ5J,0,40,88
"INIU Cavo USB Type-C, Cavo USB [2m+2m+0.5m] QC Tipo C Cavo Type C Rapida | Lega Intrecciato in Nylon, Ricarica ad Alta Veloci",https://www.amazon.it/dp/B08J7PQGD7?tag=offertissimes-21,11.66,15.74,25.9,11.66,"Elettronica, Accessori e Gadget Smart","Elettronica, Accessori e Gadget Smart",INIU,B08J7PQGD7,0,40,88
"UnionSine Hard Disk Esterno 2,5"" 500GB Ultra Slim Portatile USB3.0 SATA HDD | Storage per PC, Macbook, PS4, Xbox series, Wii",https://www.amazon.it/dp/B091FS79T8?tag=offertissimes-21,33.95,45.83,25.9,33.95,"Elettronica, Accessori e Gadget Smart","Elettronica, Accessori e Gadget Smart",UnionSine,B091FS79T8,0,40,88
"Netac 128Go Scheda Micro SD, Scheda di Memoria A1, U3, C10, V30, 4K, 667X, UHS-I Velocità fino a 100/30 MB/s (R/W) Micro SD C",https://www.amazon.it/dp/B0833WZ8NT?tag=offertissimes-21,26.98,36.42,25.9,26.98,"Elettronica, Accessori e Gadget Smart","Elettronica, Accessori e Gadget Smart",Netac,B0833WZ8NT,0,40,88
"Metapen A8 Penna per Apple iPad 2018 +,Attrazione Magnetica,Rifiuto Palmo | Precisione Pixel,Ricarica Rapida,Stylus Pencil pe",https://www.amazon.it/dp/B09ZTXVNVD?tag=offertissimes-21,19.82,26.76,25.9,19.82,"Elettronica, Accessori e Gadget Smart","Elettronica, Accessori e Gadget Smart",Metapen,B09ZTXVNVD,0,40,88
Apple Alimentatore USB‑C da 20W (2025),https://www.amazon.it/dp/B0DZ745RCW?tag=offertissimes-21,18.25,24.64,25.9,18.25,"Elettronica, Accessori e Gadget Smart","Elettronica, Accessori e Gadget Smart",Apple,B0DZ745RCW,0,40,88
"HP 305XL Nero, Cartuccia Inchiostro Originale, Alta Capacità | Compatibile con HP DeskJet serie 2700, 4100, HP Envy serie 602",https://www.amazon.it/dp/B087DH9GT3?tag=offertissimes-21,19.36,26.14,25.9,19.36,"Elettronica, Accessori e Gadget Smart","Elettronica, Accessori e Gadget Smart",HP,B087DH9GT3,0,40,88
"Penna iPad per Pro Air Mini 2018-26, Rifiuto palmo, ricarica ultraveloce 2X | Compatibile iPad gen 6–11 (A16), iPad mini 5/6/",https://www.amazon.it/dp/B0DC44B473?tag=offertissimes-21,9.99,13.49,25.9,9.99,"Elettronica, Accessori e Gadget Smart","Elettronica, Accessori e Gadget Smart",Penna,B0DC44B473,0,40,88
"HP 302/304 Nero, Cartuccia Inchiostro Originale | Compatibile con HP DeskJet 1110, 2130, 3630, Envy 4520, OfficeJet 3830, 465",https://www.amazon.it/dp/B0GLQFZTVW?tag=offertissimes-21,18.69,25.23,25.9,18.69,"Elettronica, Accessori e Gadget Smart","Elettronica, Accessori e Gadget Smart",HP,B0GLQFZTVW,0,40,88
"UGREEN Cavo USB C 60W Ricarica Rapida PD3.0 (1M) | Type C Nylon Intrecciato, Compatible con iPhone 18 Pro Max/17/16/15, iPad,",https://www.amazon.it/dp/B07PLSDPYN?tag=offertissimes-21,6.29,8.49,25.9,6.29,"Elettronica, Accessori e Gadget Smart","Elettronica, Accessori e Gadget Smart",UGREEN,B07PLSDPYN,0,40,88
SanDisk 128GB Extreme PRO scheda SDXC + RescuePro Deluxe fino a 200 MB/s UHS-I Class 10 U3 V30,https://www.amazon.it/dp/B09X7FXHVJ?tag=offertissimes-21,39.18,52.89,25.9,39.18,"Elettronica, Accessori e Gadget Smart","Elettronica, Accessori e Gadget Smart",SanDisk,B09X7FXHVJ,0,40,88
"BSTOEM Cavo For IPhone USB C Lightning,Cavo Di Ricarica Rapida,2 Pezzi 1m+2m Cavetto USB C Lightning For IPhone 14/Pro/Max/13",https://www.amazon.it/dp/B0F1FKVMGH?tag=offertissimes-21,9.99,13.49,25.9,9.99,"Elettronica, Accessori e Gadget Smart","Elettronica, Accessori e Gadget Smart",BSTOEM,B0F1FKVMGH,0,40,88
"HP 304 Nero, Cartuccia Inchiostro Originale | Compatibile con HP DeskJet 2620, 2630, 3720, 3730, 3750, 3760, HP Envy 5010, 50",https://www.amazon.it/dp/B01EA0EG3W?tag=offertissimes-21,26.4,35.64,25.9,26.4,"Elettronica, Accessori e Gadget Smart","Elettronica, Accessori e Gadget Smart",HP,B01EA0EG3W,0,40,88
"HP Envy 6120e 714L8B, Stampante Multifunzione a Getto d'Inchiostro A4 a Colori, Stampa Fronte e Retro Automatica, Fino a 10 p",https://www.amazon.it/dp/B0DGLXK3B9?tag=offertissimes-21,52.59,71.0,25.9,52.59,"Elettronica, Accessori e Gadget Smart","Elettronica, Accessori e Gadget Smart",HP,B0DGLXK3B9,0,40,88
"SanDisk Ultra Dual Drive Go 64GB Unità Flash (con Connettori USB reversibili di Tipo C e Tipo A, per Smartphone, Tablet, Mac",https://www.amazon.it/dp/B07YYK13LF?tag=offertissimes-21,15.77,21.29,25.9,15.77,"Elettronica, Accessori e Gadget Smart","Elettronica, Accessori e Gadget Smart",SanDisk,B07YYK13LF,0,40,88
UGREEN Cat 8 Cavo Ethernet Rete RJ45 Super Velocità 40Gbps 2000MHz (1M) | Nylon Intrecciato Doppio Schermatura Compatibile co,https://www.amazon.it/dp/B0875NB89J?tag=offertissimes-21,7.64,10.31,25.9,7.64,"Elettronica, Accessori e Gadget Smart","Elettronica, Accessori e Gadget Smart",UGREEN,B0875NB89J,0,40,88
"Epson 604 Serie Ananas - Cartucce per stampante getto d'inchiostro, Multipack 4 colori (Nero, Ciano, Magenta, Giallo), Format",https://www.amazon.it/dp/B0B8X2D5DD?tag=offertissimes-21,39.26,53.0,25.9,39.26,"Elettronica, Accessori e Gadget Smart","Elettronica, Accessori e Gadget Smart",Epson,B0B8X2D5DD,0,40,88
"HP 305 Nero, 3YM61AE, Cartuccia Originale da 120 Pagine, Compatibile con Stampanti HP DeskJet serie 2700, 4100, HP Envy serie",https://www.amazon.it/dp/B087DKRSH1?tag=offertissimes-21,23.68,31.97,25.9,23.68,"Elettronica, Accessori e Gadget Smart","Elettronica, Accessori e Gadget Smart",HP,B087DKRSH1,0,40,88
"Trust Yuno Mouse Ergonomico Senza Filo, Mouse Verticale Ricaricabile, Nero | Utenti Destrimani, Ricevitore USB 2,4GHz, 800-24",https://www.amazon.it/dp/B0DB899XLS?tag=offertissimes-21,18.79,25.37,25.9,18.79,"Elettronica, Accessori e Gadget Smart","Elettronica, Accessori e Gadget Smart",Trust,B0DB899XLS,0,40,88
"UGREEN Adattatore USB C USB A 3.1 10Gbps 3 Pezzi Convertitore Type C | Portatile, Compatibile con iPhone 18 Pro Max 17 16 15",https://www.amazon.it/dp/B0CY1Y3TSQ?tag=offertissimes-21,8.09,10.92,25.9,8.09,"Elettronica, Accessori e Gadget Smart","Elettronica, Accessori e Gadget Smart",UGREEN,B0CY1Y3TSQ,0,40,88
"Logitech Signature M650 L Mouse wireless - Per mani grandi | Batteria 2 anni, Clic Silenziosi, Tasti Personalizzabili, Blueto",https://www.amazon.it/dp/B07W5JHM12?tag=offertissimes-21,23.28,31.43,25.9,23.28,"Elettronica, Accessori e Gadget Smart","Elettronica, Accessori e Gadget Smart",Logitech,B07W5JHM12,0,40,88
"HP 308 Nero e Tricromia, Confezione da 2 Cartucce Inchiostro Originali | Compatibile con HP Envy 6110e, 6120e, 6122e, 6130e,",https://www.amazon.it/dp/B0GR9W5G3K?tag=offertissimes-21,38.67,52.2,25.9,38.67,"Elettronica, Accessori e Gadget Smart","Elettronica, Accessori e Gadget Smart",HP,B0GR9W5G3K,0,40,88
Apple Cavo di ricarica USB-C da 60W (1 m) ​​​​​​​,https://www.amazon.it/dp/B0DCNY4K5V?tag=offertissimes-21,16.57,22.37,25.9,16.57,"Elettronica, Accessori e Gadget Smart","Elettronica, Accessori e Gadget Smart",Apple,B0DCNY4K5V,0,40,88
"HP LaserJet M140w 7MD72F, Stampante Multifunzione Laser A4, Monocromatica, Stampa Fronte e Retro Manuale in Bianco e Nero, 20",https://www.amazon.it/dp/B09MJK74SQ?tag=offertissimes-21,167.99,226.79,25.9,167.99,"Elettronica, Accessori e Gadget Smart","Elettronica, Accessori e Gadget Smart",HP,B09MJK74SQ,0,40,88
"Crucial P310 SSD 1TB PCIe Gen4 NVMe M.2 2280, fino a 7.100 MB/s, Compatibile con Notebook, PC Desktop & Dispositivi Portatili",https://www.amazon.it/dp/B0DC8VPSHV?tag=offertissimes-21,127.03,171.49,25.9,127.03,"Elettronica, Accessori e Gadget Smart","Elettronica, Accessori e Gadget Smart",Crucial,B0DC8VPSHV,0,40,88
"Cavo USB C to USB C,[2Pezzi-1M+2M] 60W Cavo USB Type C Ricarica Rapida Per IPhone 18/17/Air//16/15/Pro/Pro Max/Plus/e/Per Sam",https://www.amazon.it/dp/B0F23KR23S?tag=offertissimes-21,8.99,12.14,25.9,8.99,"Elettronica, Accessori e Gadget Smart","Elettronica, Accessori e Gadget Smart",Cavo,B0F23KR23S,0,40,88
"HP LaserJet M235sdw 8J9K7F, Stampante Multifunzione A4, Stampa Fronte e Retro Automatica in Bianco e Nero, 27 ppm, WiFi, Ethe",https://www.amazon.it/dp/B0D81BJ6K3?tag=offertissimes-21,162.47,219.33,25.9,162.47,"Elettronica, Accessori e Gadget Smart","Elettronica, Accessori e Gadget Smart",HP,B0D81BJ6K3,0,40,88
"CORSAIR RM850e (2025) Alimentatore ATX Modulare Silenzioso 12V-2x6 – Nero | Con cavo, conforme a ATX 3.1 e PCIe 5.1, efficien",https://www.amazon.it/dp/B0DMTN5WLB?tag=offertissimes-21,98.28,132.68,25.9,98.28,"Elettronica, Accessori e Gadget Smart","Elettronica, Accessori e Gadget Smart",CORSAIR,B0DMTN5WLB,0,40,88
"Trust Ymo II Set Tastiera e Mouse Wireless Silenziosi Italiano QWERTY, Nero | Tasti a Profilo Ribassato, Resistente agli Sver",https://www.amazon.it/dp/B0CPJPPYKR?tag=offertissimes-21,16.96,22.9,25.9,16.96,"Elettronica, Accessori e Gadget Smart","Elettronica, Accessori e Gadget Smart",Trust,B0CPJPPYKR,0,40,88
"JETech Pellicola Protettiva per iPad (A16) 11ª/10ª Gen, 2 Pezzi | Per 2025/2022 Modello, HD Trasparente, Vetro Temperato Anti",https://www.amazon.it/dp/B0BJNHD924?tag=offertissimes-21,11.18,15.09,25.9,11.18,"Elettronica, Accessori e Gadget Smart","Elettronica, Accessori e Gadget Smart",JETech,B0BJNHD924,0,40,88
"LexaLexar D40E 64 GB Dual USB Drive, Chiavetta USB Type C, Grigio Titanio | USB 3.2 Gen 1 Type-C Jump Drive, unità flash USB-",https://www.amazon.it/dp/B0FMF3PRSW?tag=offertissimes-21,18.99,25.64,25.9,18.99,"Elettronica, Accessori e Gadget Smart","Elettronica, Accessori e Gadget Smart",LexaLexar,B0FMF3PRSW,0,40,88
"UGREEN Cavo USB C Type-C Ricarica Rapida 3A QC3.0 480Mbps (0.5M,1 Pezzo) | Nylon Intrecciato, USB A a USB C, USB2.0, Compatib",https://www.amazon.it/dp/B07PPY9N62?tag=offertissimes-21,5.97,8.06,25.9,5.97,"Elettronica, Accessori e Gadget Smart","Elettronica, Accessori e Gadget Smart",UGREEN,B07PPY9N62,0,40,88
"Tenda A18 Pro Ripetitore Wi-Fi AC1200Mbps, Dual-Band WiFi Extender | Porta Gigabit · Controllo app · Modalità AP · Indicatore",https://www.amazon.it/dp/B0DRBMB5PM?tag=offertissimes-21,28.9,39.02,25.9,28.9,"Elettronica, Accessori e Gadget Smart","Elettronica, Accessori e Gadget Smart",Tenda,B0DRBMB5PM,0,40,88
"Aioneus Cavo iPhone, 1.8M Ricarica Filo Caricatore iPhone Carica Rapida Certificato MFi Lungo Cavo Lightning USB Caricabatter",https://www.amazon.it/dp/B0F62MQW95?tag=offertissimes-21,5.68,7.67,25.9,5.68,"Elettronica, Accessori e Gadget Smart","Elettronica, Accessori e Gadget Smart",Aioneus,B0F62MQW95,0,40,88
"HP Z3700 Mouse Wireless, Sensore Preciso, Tecnologia LED Blue, 1200 DPI, 3 Pulsanti, Rotella Scorrimento, Ricevitore USB Wire",https://www.amazon.it/dp/B01FNRWFO8?tag=offertissimes-21,11.43,15.43,25.9,11.43,"Elettronica, Accessori e Gadget Smart","Elettronica, Accessori e Gadget Smart",HP,B01FNRWFO8,0,40,88
"MoKo Cover Custodia per iPad A16, iPad 11/10 Gen 11/10.9 Pollici, Argento | Portapenna, Supporto Tri-Pieghevole, Retro in TPU",https://www.amazon.it/dp/B0F97QMD7V?tag=offertissimes-21,9.95,13.43,25.9,9.95,"Elettronica, Accessori e Gadget Smart","Elettronica, Accessori e Gadget Smart",MoKo,B0F97QMD7V,0,40,88
"HP Smart Tank 5105 1F3Y3A, Stampante Multifunzione A4 con serbatoio di inchiostro ad alto volume di stampa, stampa fronte/ret",https://www.amazon.it/dp/B0BPJK37V7?tag=offertissimes-21,181.3,244.76,25.9,181.3,"Elettronica, Accessori e Gadget Smart","Elettronica, Accessori e Gadget Smart",HP,B0BPJK37V7,0,40,88
"JBL Quantum 100M2, Cuffie Gaming Over Ear con Filo, Nero | JBL QuantumSOUND Signature e Jack per Cuffie da 3,5 mm, Compatibil",https://www.amazon.it/dp/B0D6NLHV8N?tag=offertissimes-21,23.03,31.09,25.9,23.03,"Elettronica, Accessori e Gadget Smart","Elettronica, Accessori e Gadget Smart",JBL,B0D6NLHV8N,0,40,88
Apple Cavo da USB‑C a Lightning (1 m) ​​​​​​​,https://www.amazon.it/dp/B0CX23929Q?tag=offertissimes-21,17.69,23.88,25.9,17.69,"Elettronica, Accessori e Gadget Smart","Elettronica, Accessori e Gadget Smart",Apple,B0CX23929Q,0,40,88
"Logitech MK270 Combo Tastiera e Mouse Wireless per Windows - ITA QWERTY | 2,4 GHz Wireless, Mouse Compatto, 8 Tasti Multimedi",https://www.amazon.it/dp/B00D2PX8C2?tag=offertissimes-21,45.91,61.98,25.9,45.91,"Elettronica, Accessori e Gadget Smart","Elettronica, Accessori e Gadget Smart",Logitech,B00D2PX8C2,0,40,88
"decqle Adattatore Universale da Viaggio, con 2 USB-C(PD 20W) e 1 USB-A | Presa Universale da Viaggio, NON è Un Convertitore d",https://www.amazon.it/dp/B0GN245TFD?tag=offertissimes-21,16.99,22.94,25.9,16.99,"Elettronica, Accessori e Gadget Smart","Elettronica, Accessori e Gadget Smart",decqle,B0GN245TFD,0,40,88
"Anker Nano adattatore universale da viaggio di potenza USB a 5 porte | USB a 5 porte con 1 AC, 2 USB A e 2 USB C, controllo i",https://www.amazon.it/dp/B0DR2V76JV?tag=offertissimes-21,20.79,28.07,25.9,20.79,"Elettronica, Accessori e Gadget Smart","Elettronica, Accessori e Gadget Smart",Anker,B0DR2V76JV,0,40,88
"Adattatore Presa Giapponese Italiana, 6 IN 1 Adattatore da viaggio Giappone con 4 USB, 2500W Tipo A Adattatori Presa Cina Fil",https://www.amazon.it/dp/B0FHJ4VYMW?tag=offertissimes-21,15.99,21.59,25.9,15.99,"Elettronica, Accessori e Gadget Smart","Elettronica, Accessori e Gadget Smart",Adattatore,B0FHJ4VYMW,0,40,88
"Confezione da 2 adattatore presa inglese da viaggio Adattatore UK Italia Spina, adattatore tipo g Presa, Adattatore presa UK,",https://www.amazon.it/dp/B0FX2V9FNT?tag=offertissimes-21,7.94,10.72,25.9,7.94,"Elettronica, Accessori e Gadget Smart","Elettronica, Accessori e Gadget Smart",Confezione,B0FX2V9FNT,0,40,88
"Vimar 0R32394 Prolunga Elettrica Universale Con Cavo Da 20M, 21 X 21 X 8 Cm, Arancione",https://www.amazon.it/dp/B07TXQYJ6N?tag=offertissimes-21,18.77,25.34,25.9,18.77,"Elettronica, Accessori e Gadget Smart","Elettronica, Accessori e Gadget Smart",Vimar,B07TXQYJ6N,0,40,88
"LENCENT Adattatore Presa Inglese da Viaggio, Spina Tipo G con 3 Prese IT | 4 Porte USB (USB-C 15W), 7 in 1 Presa UK da Viaggi",https://www.amazon.it/dp/B0BXD5GQ86?tag=offertissimes-21,18.99,25.64,25.9,18.99,"Elettronica, Accessori e Gadget Smart","Elettronica, Accessori e Gadget Smart",LENCENT,B0BXD5GQ86,0,40,88
"Fanton Adattatore Triplo Piatto 10A Spina Italiana con 3 Prese Bipasso 16A e Riarmo Manuale, Bianco, solo 1 pezzo",https://www.amazon.it/dp/B0GVJ7VLP7?tag=offertissimes-21,7.47,10.08,25.9,7.47,"Elettronica, Accessori e Gadget Smart","Elettronica, Accessori e Gadget Smart",Fanton,B0GVJ7VLP7,0,40,88
"TEMPO DI SALDI Prolunga elettrica 10 Metri Flessibile e Resistente, con Spina Elettrica e Presa 16A Bipasso. Cavo Prolunga El",https://www.amazon.it/dp/B084KXHCH4?tag=offertissimes-21,15.9,21.47,25.9,15.9,"Elettronica, Accessori e Gadget Smart","Elettronica, Accessori e Gadget Smart",TEMPO,B084KXHCH4,0,40,88
"LENCENT Adattatore Presa Americana, Adattatore Spina Tipo B USA Germania | 2 Porte USB-C & 2 Porte USB-A, Adattatori Presa Sc",https://www.amazon.it/dp/B0DM5J27VM?tag=offertissimes-21,19.99,26.99,25.9,19.99,"Elettronica, Accessori e Gadget Smart","Elettronica, Accessori e Gadget Smart",LENCENT,B0DM5J27VM,0,40,88
"Adattatore Spina UK con 2 USB per GB, QA, IE, GM - Presa UK a Italiana 3250W",https://www.amazon.it/dp/B0C46XFJQB?tag=offertissimes-21,10.99,14.84,25.9,10.99,"Elettronica, Accessori e Gadget Smart","Elettronica, Accessori e Gadget Smart",Adattatore,B0C46XFJQB,0,40,88
"Electraline 70042, Adattatore da Viaggio da Mondo a Italia, Bianco",https://www.amazon.it/dp/B07QLM8HJW?tag=offertissimes-21,5.09,6.87,25.9,5.09,"Elettronica, Accessori e Gadget Smart","Elettronica, Accessori e Gadget Smart",Electraline,B07QLM8HJW,0,40,88
"BTICINO Avvolgicavo S2625, Prolunga Elettrica 25 Metri, 4 Prese Polivalenti Schuko Bipasso, Spina Grande 16A, Interruttore Te",https://www.amazon.it/dp/B0FG8XR13H?tag=offertissimes-21,32.78,44.25,25.9,32.78,"Elettronica, Accessori e Gadget Smart","Elettronica, Accessori e Gadget Smart",BTICINO,B0FG8XR13H,0,40,88
"Electraline 46107 Prolunga Elettrica 3M Spina Italiana 16A, Presa Polivalente P40 (Schuko + 10/16A), Nero",https://www.amazon.it/dp/B00IF96PFM?tag=offertissimes-21,9.75,13.16,25.9,9.75,"Elettronica, Accessori e Gadget Smart","Elettronica, Accessori e Gadget Smart",Electraline,B00IF96PFM,0,40,88
"MAOMAOCON Adattatore da viaggio universale da viaggio con PD20 W, 2 USB, 1 presa USB C e 1 AC, adattatore universale per Germ",https://www.amazon.it/dp/B0CKX13SF7?tag=offertissimes-21,13.99,18.89,25.9,13.99,"Elettronica, Accessori e Gadget Smart","Elettronica, Accessori e Gadget Smart",MAOMAOCON,B0CKX13SF7,0,40,88
"JSVER Adattatore da Viaggio USA, Adattatore Tipo B 2 Scomparti USA Germania Adattatore Spina da Viaggio con 4 Porte USB 2 USB",https://www.amazon.it/dp/B0CXXGP2TJ?tag=offertissimes-21,15.99,21.59,25.9,15.99,"Elettronica, Accessori e Gadget Smart","Elettronica, Accessori e Gadget Smart",JSVER,B0CXXGP2TJ,0,40,88
"TESSAN Adattatore Universale da Viaggio 20W con 2 USB C per USA, UK | Presa Universale da Viaggio, Adattatore Spina Internazi",https://www.amazon.it/dp/B0B2DRC76L?tag=offertissimes-21,17.59,23.75,25.9,17.59,"Elettronica, Accessori e Gadget Smart","Elettronica, Accessori e Gadget Smart",TESSAN,B0B2DRC76L,0,40,88
"TESSAN Adattatore Presa Inglese con USB C, Adattatore UK 3250 W, Tipo G | Adattatore UK, Presa Inglese per Regno Unito, Irlan",https://www.amazon.it/dp/B0C9ZF4X9W?tag=offertissimes-21,15.99,21.59,25.9,15.99,"Elettronica, Accessori e Gadget Smart","Elettronica, Accessori e Gadget Smart",TESSAN,B0C9ZF4X9W,0,40,88
"Prolunga Elettrica 3 Metri Brennenstuhl | Prolunga in Plastica Robusta e di Ottima Fattura | Cavo H05VV-F 3G1,5 | Spina IT 16",https://www.amazon.it/dp/B06XKFXNVF?tag=offertissimes-21,7.07,9.54,25.9,7.07,"Elettronica, Accessori e Gadget Smart","Elettronica, Accessori e Gadget Smart",Prolunga,B06XKFXNVF,0,40,88
"Adattatore presa Inglese da Viaggio, 5 in 1 Adattatore da Viaggio UK,con 2 USB A e 2 USB C, 3250W, Adattatore Tipo G per Ingh",https://www.amazon.it/dp/B0FHQ5ZWWG?tag=offertissimes-21,12.99,17.54,25.9,12.99,"Elettronica, Accessori e Gadget Smart","Elettronica, Accessori e Gadget Smart",Adattatore,B0FHQ5ZWWG,0,40,88
"FANTON Prolunga Elettrica 0,5 m con Spina Italiana 10A Clock, Presa Bipasso Schuko 16A – Protezione Termica con Riarmo",https://www.amazon.it/dp/B0GN9NRVG4?tag=offertissimes-21,9.67,13.05,25.9,9.67,"Elettronica, Accessori e Gadget Smart","Elettronica, Accessori e Gadget Smart",FANTON,B0GN9NRVG4,0,40,88
"Zenitech - Prolunga Schuko 16A HO5VV-F 2x1,5mm² 20m - Cavo Resistente per Tosaerba e Barbecue - Alimentazione Affidabile all'",https://www.amazon.it/dp/B00LXERQAE?tag=offertissimes-21,19.29,26.04,25.9,19.29,"Elettronica, Accessori e Gadget Smart","Elettronica, Accessori e Gadget Smart",Zenitech,B00LXERQAE,0,40,88
"3 Adattatori da Viaggio Svizzera a EU, Adattatore da Viaggio, Spina da Viaggio, Tipo J a Schuko EU per Germania, Spina,Franci",https://www.amazon.it/dp/B0DW7X7K5Z?tag=offertissimes-21,11.99,16.19,25.9,11.99,"Elettronica, Accessori e Gadget Smart","Elettronica, Accessori e Gadget Smart",3,B0DW7X7K5Z,0,40,88
"Mesybveo 3 Pezzi Adattatore Presa Inglese, Adattatore UK, Bianco | Adattatore Spina Inglese, Presa Tipo G, Adattatore UK Tipo",https://www.amazon.it/dp/B0FKYLKMJY?tag=offertissimes-21,10.99,14.84,25.9,10.99,"Elettronica, Accessori e Gadget Smart","Elettronica, Accessori e Gadget Smart",Mesybveo,B0FKYLKMJY,0,40,88
"POLYPOOL | Prolunga elettrica da 5 Metri, Cavo H05VV-F 3x0,75mmq, Spina e Presa Italiana 10A 2P+T. Colore Bianco Modello PP03",https://www.amazon.it/dp/B092MR3S8Y?tag=offertissimes-21,8.8,11.88,25.9,8.8,"Elettronica, Accessori e Gadget Smart","Elettronica, Accessori e Gadget Smart",POLYPOOL,B092MR3S8Y,0,40,88
SQUADO - Prolunga Cavo Elettrico Lineare Bipasso 10M Con Presa 16A-10A,https://www.amazon.it/dp/B0CZ4LVSG7?tag=offertissimes-21,11.99,16.19,25.9,11.99,"Elettronica, Accessori e Gadget Smart","Elettronica, Accessori e Gadget Smart",SQUADO,B0CZ4LVSG7,0,40,88
"BTicino S2533/40 Prolunga Garden ad Alta Flessibilità con Presa Pluristandard, Arancione",https://www.amazon.it/dp/B00ABJRF1C?tag=offertissimes-21,27.04,36.5,25.9,27.04,"Elettronica, Accessori e Gadget Smart","Elettronica, Accessori e Gadget Smart",BTicino,B00ABJRF1C,0,40,88
"BTicino S3616DE Adattatore salvaspazio Corner-2 prese bipasso 10/16A e 1 presa tedesca tipo P30-spina colore bianco, 16A",https://www.amazon.it/dp/B00F0L0B58?tag=offertissimes-21,5.58,7.53,25.9,5.58,"Elettronica, Accessori e Gadget Smart","Elettronica, Accessori e Gadget Smart",BTicino,B00F0L0B58,0,40,88
"Adattatore Universale da Viaggio con 2 USB-C e 2 USB-A (PD 20W) | Adattatore universale di presa,NON è Un Convertitore di Ten",https://www.amazon.it/dp/B0HC9KYGGF?tag=offertissimes-21,14.99,20.24,25.9,14.99,"Elettronica, Accessori e Gadget Smart","Elettronica, Accessori e Gadget Smart",Adattatore,B0HC9KYGGF,0,40,88
Aukru Alimentatore Universale con 8 Adattatori Switching Plugs per 5V Elettronica Domestica e Dispositivi USB - 2000mA Max,https://www.amazon.it/dp/B06XQWTLFS?tag=offertissimes-21,9.49,12.81,25.9,9.49,"Elettronica, Accessori e Gadget Smart","Elettronica, Accessori e Gadget Smart",Aukru,B06XQWTLFS,0,40,88
"PremiumCord 230 V 2 m, Cavo Prolunga Con Spina Europea E Presa Europea, Prolunga Cavo Di Alimentazione Per 230 V, Presa Spina",https://www.amazon.it/dp/B07NSPW6GK?tag=offertissimes-21,4.09,5.52,25.9,4.09,"Elettronica, Accessori e Gadget Smart","Elettronica, Accessori e Gadget Smart",PremiumCord,B07NSPW6GK,0,40,88
Cavo di Prolunga di Alimentazione CC DC 2.1mm / 5.5mm Jack Maschio a Femmina 5m Adattatore CCTV Connettore Compatibile con CC,https://www.amazon.it/dp/B07X3MYKF7?tag=offertissimes-21,9.99,13.49,25.9,9.99,"Elettronica, Accessori e Gadget Smart","Elettronica, Accessori e Gadget Smart",Cavo,B07X3MYKF7,0,40,88
"TESSAN Presa Americana Adattatore Italiana Pack de 2 con USB C, Tipo B | Presa Spina Americana 1875 W, Adattatori Prese Canad",https://www.amazon.it/dp/B0G7WYTT8Q?tag=offertissimes-21,22.94,30.97,25.9,22.94,"Elettronica, Accessori e Gadget Smart","Elettronica, Accessori e Gadget Smart",TESSAN,B0G7WYTT8Q,0,40,88
"Adattatore di viaggio Australia Germania con 4 USB (2 Tipo-C), adattatore di viaggio 2 in 1 Nuova Zelanda, adattatore di alim",https://www.amazon.it/dp/B0DCK52GZM?tag=offertissimes-21,15.99,21.59,25.9,15.99,"Elettronica, Accessori e Gadget Smart","Elettronica, Accessori e Gadget Smart",Adattatore,B0DCK52GZM,0,40,88
"FANTON 92001 Prolunga lineare CLOCK 0,5 m. spina italiana SALVASPAZIO ultrapiatta 2P+T 10A - presa italiana 2P+T 10A - NERA",https://www.amazon.it/dp/B0CMR4LHRJ?tag=offertissimes-21,5.83,7.87,25.9,5.83,"Elettronica, Accessori e Gadget Smart","Elettronica, Accessori e Gadget Smart",FANTON,B0CMR4LHRJ,0,40,88
POLY POOL PP0382.1S Prolunga Elettrica Nera 250V Cavo Estensibile 5 Metri - Spina Italiana 10A 2P+T - 100% Made in Italy,https://www.amazon.it/dp/B009GIYGT8?tag=offertissimes-21,6.55,8.84,25.9,6.55,"Elettronica, Accessori e Gadget Smart","Elettronica, Accessori e Gadget Smart",POLY,B009GIYGT8,0,40,88
"VIDOELETTRONICA® Alimentatore 12V 3A Trasformatori 36W Adattatore di Alimentazione per Striscia LED,Caricatore universale, Di",https://www.amazon.it/dp/B0BD5BV9HQ?tag=offertissimes-21,6.0,8.1,25.9,6.0,"Elettronica, Accessori e Gadget Smart","Elettronica, Accessori e Gadget Smart",VIDOELETTRONICA,B0BD5BV9HQ,0,40,88
"Adattatore da Viaggio JSVER per India con 4 porte USB,Adattatore cubo con presa indiana,adattatore da viaggio di tipo D per I",https://www.amazon.it/dp/B0G3P564N7?tag=offertissimes-21,8.99,12.14,25.9,8.99,"Elettronica, Accessori e Gadget Smart","Elettronica, Accessori e Gadget Smart",Adattatore,B0G3P564N7,0,40,88
"Neuftech - 2x Adattatore Universale da Viaggio UK Regno Unito a Presa Europea EU Italia (schuko) per GB, Inglese, Bianco (Bia",https://www.amazon.it/dp/B0B45N4YJG?tag=offertissimes-21,8.99,12.14,25.9,8.99,"Elettronica, Accessori e Gadget Smart","Elettronica, Accessori e Gadget Smart",Neuftech,B0B45N4YJG,0,40,88
"2 Pezzi Adattatore Presa Svizzera, Spina Italiana Svizzera, Spina da Viaggio Tipo J Presa, Adattatore da Ppresa Svizzero per",https://www.amazon.it/dp/B0GV49VY3S?tag=offertissimes-21,7.37,9.95,25.9,7.37,"Elettronica, Accessori e Gadget Smart","Elettronica, Accessori e Gadget Smart",2,B0GV49VY3S,0,40,88
"Epicka Adattatore da Viaggio Universale PD Fast Charge, Ricarica Rapida 45W, Adattatore da Viaggio con 3 USB C e 2 USB A, Uni",https://www.amazon.it/dp/B0G7BMQYRQ?tag=offertissimes-21,34.99,47.24,25.9,34.99,"Elettronica, Accessori e Gadget Smart","Elettronica, Accessori e Gadget Smart",Epicka,B0G7BMQYRQ,0,40,88
"LENCENT [2 PZ] Adattatori Universali da Viaggio, Presa da Mondo a Italia | Adattatore Caricatore Spina Elettrica World to Ita",https://www.amazon.it/dp/B088JWPMXF?tag=offertissimes-21,16.65,22.48,25.9,16.65,"Elettronica, Accessori e Gadget Smart","Elettronica, Accessori e Gadget Smart",LENCENT,B088JWPMXF,0,40,88
"Adattatore Universale da Viaggio, Presa Universale da Viaggio con 2 USB A 2 Type-C,Adattatore Spina Internazionale per Americ",https://www.amazon.it/dp/B0DZXNZT8Y?tag=offertissimes-21,15.99,21.59,25.9,15.99,"Elettronica, Accessori e Gadget Smart","Elettronica, Accessori e Gadget Smart",Adattatore,B0DZXNZT8Y,0,40,88
"TESSAN Adattatore Presa Americana con 2 USB C, Adattatore USA 1875W, Tipo B | Adattatore Spina Americana, Presa USA per Ameri",https://www.amazon.it/dp/B0F5BSYXJK?tag=offertissimes-21,20.99,28.34,25.9,20.99,"Elettronica, Accessori e Gadget Smart","Elettronica, Accessori e Gadget Smart",TESSAN,B0F5BSYXJK,0,40,88
"MutecPower 10m Cavo di prolunga con 2 prese Schuko per uso esterno IP44 H05RR-F3G 1,5mm² doppia prolunga con 2 prese con cont",https://www.amazon.it/dp/B0BKC4Z52D?tag=offertissimes-21,36.39,49.13,25.9,36.39,"Elettronica, Accessori e Gadget Smart","Elettronica, Accessori e Gadget Smart",MutecPower,B0BKC4Z52D,0,40,88
HOUHUI Adattatore di alimentazione universale regolabile 3V-36V 2A 72W Adattatore di alimentazione regolabile 100V-240V AC a,https://www.amazon.it/dp/B0DCV6B5KJ?tag=offertissimes-21,22.99,31.04,25.9,22.99,"Elettronica, Accessori e Gadget Smart","Elettronica, Accessori e Gadget Smart",HOUHUI,B0DCV6B5KJ,0,40,88
"2 Pezzi Adattatore Presa Cinese, Adattatore Cina, Spina da Viaggio Tipo I Presa, Adattatore Presa Australia per UE verso Aust",https://www.amazon.it/dp/B0GVMP2STF?tag=offertissimes-21,7.86,10.61,25.9,7.86,"Elettronica, Accessori e Gadget Smart","Elettronica, Accessori e Gadget Smart",2,B0GVMP2STF,0,40,88
"EMOS - IP20 Cavo di prolunga 3 m - 1 presa Schuko - 250 V, 16 A, 3680 W - isolamento in PVC di alta qualità - H05VV-F3G 1,5 m",https://www.amazon.it/dp/B07RJYCNZT?tag=offertissimes-21,7.37,9.95,25.9,7.37,"Elettronica, Accessori e Gadget Smart","Elettronica, Accessori e Gadget Smart",EMOS,B07RJYCNZT,0,40,88
"Alimentatore di rete DC12 V 3 A con 11 spina DC a DC 12 Volt 3 Amp 2,5 A 2 A 1,5 A 1 A 1 A alimentatore di rete per strisce L",https://www.amazon.it/dp/B0D1GHDHSZ?tag=offertissimes-21,11.98,16.17,25.9,11.98,"Elettronica, Accessori e Gadget Smart","Elettronica, Accessori e Gadget Smart",Alimentatore,B0D1GHDHSZ,0,40,88
"LENCENT Adattatore Universale da Viaggio, Presa Internazionale con USB C | Presa AC Ricarica, Adattatore Spina Universale per",https://www.amazon.it/dp/B07W4GJLGY?tag=offertissimes-21,17.09,23.07,25.9,17.09,"Elettronica, Accessori e Gadget Smart","Elettronica, Accessori e Gadget Smart",LENCENT,B07W4GJLGY,0,40,88
"Adattatore Multiprese da Viaggio, 2 Prese Bipasso 10A/16A + 1 Universale, Spina Elettrica Franco/Tedesca 16A 2P+T Schuko",https://www.amazon.it/dp/B0CWB346X3?tag=offertissimes-21,9.96,13.45,25.9,9.96,"Elettronica, Accessori e Gadget Smart","Elettronica, Accessori e Gadget Smart",Adattatore,B0CWB346X3,0,40,88
"TOCOL Cover Magnetica per iPhone 17 6,3 Pollic, Compatibile con MagSafe, Anello Magnetico Incorporato, Protezione Fotocamera",https://www.amazon.it/dp/B0FDKXNZCQ?tag=offertissimes-21,10.28,13.88,25.9,10.28,"Elettronica, Accessori e Gadget Smart","Elettronica, Accessori e Gadget Smart",TOCOL,B0FDKXNZCQ,0,40,88
LeYi Cover Magnetica per Samsung Galaxy A57 5G con Vetro Temperato(Nero) | Custodia per A 57 Traslucida Opaca Anti-Impronte R,https://www.amazon.it/dp/B0G58MKTWW?tag=offertissimes-21,10.26,13.85,25.9,10.26,"Elettronica, Accessori e Gadget Smart","Elettronica, Accessori e Gadget Smart",LeYi,B0G58MKTWW,0,40,88
"NEW'C Pellicola Vetro per iPhone 17 Pro + Protezione Fotocamera | Set da 4, 2x Vetri Temperati + 2x Protezioni Fotocamera, Tr",https://www.amazon.it/dp/B0G5L9LQQC?tag=offertissimes-21,12.62,17.04,25.9,12.62,"Elettronica, Accessori e Gadget Smart","Elettronica, Accessori e Gadget Smart",NEW'C,B0G5L9LQQC,0,40,88
"JETech Privacy Pellicola Protettiva per iPhone 18 Pro, 2 Pezzi | Anti-Spia, 9H+ Vetro Temperato, Installazione Facile, Resist",https://www.amazon.it/dp/B0HBVLSLVQ?tag=offertissimes-21,9.59,12.95,25.9,9.59,"Elettronica, Accessori e Gadget Smart","Elettronica, Accessori e Gadget Smart",JETech,B0HBVLSLVQ,0,40,88
"Samsung Galaxy A57 5G, 256GB, Awesome Icyblue [Versione Italiana] | 3 anni di Garanzia, Smartphone sottile, Cerchia e Cerca,",https://www.amazon.it/dp/B0GMJ2Z7LW?tag=offertissimes-21,295.0,398.25,25.9,295.0,"Elettronica, Accessori e Gadget Smart","Elettronica, Accessori e Gadget Smart",Samsung,B0GMJ2Z7LW,0,40,88
"REDMI Note 17 5G, Smartphone 8+256GB, Black, Batteria da 7700 mAh | Snapdragon® 4 Gen 4, Ricarica Turbo 45W, Display AMOLED F",https://www.amazon.it/dp/B0H4H7FW1X?tag=offertissimes-21,219.0,295.65,25.9,219.0,"Elettronica, Accessori e Gadget Smart","Elettronica, Accessori e Gadget Smart",REDMI,B0H4H7FW1X,0,40,88
Apple Watch SE 3 GPS 40 mm Smartwatch | Cassa in alluminio galassia con Cinturino Sport sabbia - S/M,https://www.amazon.it/dp/B0HJB44KZS?tag=offertissimes-21,37.64,50.81,25.9,37.64,"Elettronica, Accessori e Gadget Smart","Elettronica, Accessori e Gadget Smart",Apple,B0HJB44KZS,0,40,88
"Xiaomi Redmi Buds 8, Cuffie Bluetooth, 50dB ANC, 11h+44h Batteria, Nero | Driver dinamico 11mm con Audio Hi-Res Certificato,",https://www.amazon.it/dp/B0GQLY4D9F?tag=offertissimes-21,24.99,33.74,25.9,24.99,"Elettronica, Accessori e Gadget Smart","Elettronica, Accessori e Gadget Smart",Xiaomi,B0GQLY4D9F,0,40,88
"RISEOFLE 180cm Treppiede Smartphone, Bastone Selfie con Telecomando Wireless, Treppiede Portatile Estensibile per Smartphone",https://www.amazon.it/dp/B0DXF4CDWQ?tag=offertissimes-21,16.99,22.94,25.9,16.99,"Elettronica, Accessori e Gadget Smart","Elettronica, Accessori e Gadget Smart",RISEOFLE,B0DXF4CDWQ,0,40,88
"JETech Pellicola Protettiva per iPhone 16 Pro, 3 Pezzi | Vetro Temperato 9H, HD Trasparente, Protezione Antigraffio, Strument",https://www.amazon.it/dp/B0DBZNC8DL?tag=offertissimes-21,8.99,12.14,25.9,8.99,"Elettronica, Accessori e Gadget Smart","Elettronica, Accessori e Gadget Smart",JETech,B0DBZNC8DL,0,40,88
"JETech Pellicola Protettiva per Samsung Galaxy S26 Ultra, 3 Pezzi | Vetro Temperato 9H, HD Trasparente, Protezione Antigraffi",https://www.amazon.it/dp/B0GFVMQWW4?tag=offertissimes-21,8.99,12.14,25.9,8.99,"Elettronica, Accessori e Gadget Smart","Elettronica, Accessori e Gadget Smart",JETech,B0GFVMQWW4,0,40,88
"Azororo Cover per Samsung Galaxy A13 4G/5G, Premium PU Pelle Custodia, Magnetica Carta Fessura Portafoglio Case, Flip Cavalle",https://www.amazon.it/dp/B0F9VWCJR2?tag=offertissimes-21,13.99,18.89,25.9,13.99,"Elettronica, Accessori e Gadget Smart","Elettronica, Accessori e Gadget Smart",Azororo,B0F9VWCJR2,0,40,88
"Qasyfanc Magnetica Cover per iPhone 18 Pro,Trasparente | Compatibile con MagSafe,con 1 Pezzi Vetro Temperato Pellicola, Cover",https://www.amazon.it/dp/B0HBC86SN3?tag=offertissimes-21,8.99,12.14,25.9,8.99,"Elettronica, Accessori e Gadget Smart","Elettronica, Accessori e Gadget Smart",Qasyfanc,B0HBC86SN3,0,40,88
"Cavo USB Type-C,Cavetto USB A a USB C Cellulare Ricarica Rapida 2Pezzi 1M+2M,Per iPhone 17/16/15/Pro/Plus/Pro Max/Air,Per Sam",https://www.amazon.it/dp/B0H15FW8PP?tag=offertissimes-21,7.99,10.79,25.9,7.99,"Elettronica, Accessori e Gadget Smart","Elettronica, Accessori e Gadget Smart",Cavo,B0H15FW8PP,0,40,88
"JETech Cover per iPhone 17 Pro, Anti-Ingiallimento, Trasparente | Protezione Antiurto, Retro in PC Rigido Antigraffio, Custod",https://www.amazon.it/dp/B0FHVN3JMJ?tag=offertissimes-21,8.24,11.12,25.9,8.24,"Elettronica, Accessori e Gadget Smart","Elettronica, Accessori e Gadget Smart",JETech,B0FHVN3JMJ,0,40,88
Controller Luna wireless,https://www.amazon.it/dp/B0D8LJWZPB?tag=offertissimes-21,69.99,94.49,25.9,69.99,"Elettronica, Accessori e Gadget Smart","Elettronica, Accessori e Gadget Smart",Controller,B0D8LJWZPB,0,40,88
RUIMEN Smartwatch Uomo Donna Chiamate e Whatsapp Smart Watch Contapassi Cardiofrequenzimetro da polso Saturimetro Orologio Sm,https://www.amazon.it/dp/B0CQK8TZCF?tag=offertissimes-21,29.99,40.49,25.9,29.99,"Elettronica, Accessori e Gadget Smart","Elettronica, Accessori e Gadget Smart",RUIMEN,B0CQK8TZCF,0,40,88
"Apple iPhone 14, 128GB, Mezzanotte (Ricondizionato)",https://www.amazon.it/dp/B0BNLXKVNQ?tag=offertissimes-21,358.75,484.31,25.9,358.75,"Elettronica, Accessori e Gadget Smart","Elettronica, Accessori e Gadget Smart",Apple,B0BNLXKVNQ,0,40,88
"AcclaFit Smartwatch Uomo Donna, 1.85"" Orologio Smartwatch con Effettua/Risposta Chiamate, 113 Sportive Smart Watch con Contap",https://www.amazon.it/dp/B0HDP5DFZ6?tag=offertissimes-21,149.99,202.49,25.9,149.99,"Elettronica, Accessori e Gadget Smart","Elettronica, Accessori e Gadget Smart",AcclaFit,B0HDP5DFZ6,0,40,88
"ELYCO Vetro Temperato per Xiaomi Redmi Note 17 4G/5G, 3+3 Pezzi | Pellicola Protettiva per Schermo + Pellicola Fotocamera, 9H",https://www.amazon.it/dp/B0HDC4CY91?tag=offertissimes-21,9.99,13.49,25.9,9.99,"Elettronica, Accessori e Gadget Smart","Elettronica, Accessori e Gadget Smart",ELYCO,B0HDC4CY91,0,40,88
"Captor Cover Samsung A17, Custodia Trasparente in Silicone Morbido, Sottile, Antiurto, Anti-Graffio, Protezione Fotocamera, A",https://www.amazon.it/dp/B0FMKKTKVZ?tag=offertissimes-21,6.29,8.49,25.9,6.29,"Elettronica, Accessori e Gadget Smart","Elettronica, Accessori e Gadget Smart",Captor,B0FMKKTKVZ,0,40,88
"Amazfit Active Max 48mm Smartwatch 1,5'' AMOLED, 25 Giorni Autonomia, Mappe Offline, NFC, GPS, 4GB di Memoria, 170+ Sportive,",https://www.amazon.it/dp/B0G1ZGK7MV?tag=offertissimes-21,101.23,136.66,25.9,101.23,"Elettronica, Accessori e Gadget Smart","Elettronica, Accessori e Gadget Smart",Amazfit,B0G1ZGK7MV,0,40,88
"Blackview Smartwatch Uomo Donna, Effettua e Rispondi alle Chiamate,1,85'' Orologio Intelligente Fitness,Cardiofrequenzimetro,",https://www.amazon.it/dp/B0CJR1M69Q?tag=offertissimes-21,19.99,26.99,25.9,19.99,"Elettronica, Accessori e Gadget Smart","Elettronica, Accessori e Gadget Smart",Blackview,B0CJR1M69Q,0,40,88
"Samsung Soundbar HW-B400F/ZF Serie B, 4 Speaker, Wireless, Dolby 2ch, Audio a 2.0 Canali, DTS 2ch, Surround Sound Expansion,",https://www.amazon.it/dp/B0F1D7Y1YG?tag=offertissimes-21,64.75,87.41,25.9,64.75,"Elettronica, Accessori e Gadget Smart","Elettronica, Accessori e Gadget Smart",Samsung,B0F1D7Y1YG,0,40,88
"BONTEC Supporto da Tavolo per TV da 24-60 Pollici, Regolabile in Altezza e Girevole Piedistallo per TV Max VESA 400x400 mm, c",https://www.amazon.it/dp/B07MM4539M?tag=offertissimes-21,17.0,22.95,25.9,17.0,"Elettronica, Accessori e Gadget Smart","Elettronica, Accessori e Gadget Smart",BONTEC,B07MM4539M,0,40,88
"Samsung Smart TV 55'' QE55Q7F4AUXZT QLED 4K, Q4 Processor, Per Sport e Cinema, 100% Volume Colore con Quantum Dot, Motion Xce",https://www.amazon.it/dp/B0F4TF52FV?tag=offertissimes-21,79.5,107.33,25.9,79.5,"Elettronica, Accessori e Gadget Smart","Elettronica, Accessori e Gadget Smart",Samsung,B0F4TF52FV,0,40,88
DIGIQUEST CAM Tivùsat 4K Ultra HD certificata | Accesso ai canali HD e 4K | Facile installazione | Ideale per amanti di cinem,https://www.amazon.it/dp/B07YM7WJ6M?tag=offertissimes-21,239.99,323.99,25.9,239.99,"Elettronica, Accessori e Gadget Smart","Elettronica, Accessori e Gadget Smart",DIGIQUEST,B07YM7WJ6M,0,40,88
"Amazon Ember Serie 2 da 40"" con Fire TV (ultimo modello), smart TV HD con Telecomando Alexa, streaming veloce, Dolby Audio, T",https://www.amazon.it/dp/B0F7531B8R?tag=offertissimes-21,10.77,14.54,25.9,10.77,"Elettronica, Accessori e Gadget Smart","Elettronica, Accessori e Gadget Smart",Amazon,B0F7531B8R,0,40,88
"Etseinri Cavo HDMI 2.1 10K 8K 4K da 2M Certificato Ultra High Speed | Cavo HDMI 48 Gbps 4K a 240/165/144/120/60 Hz, 0,01 ms,",https://www.amazon.it/dp/B08SLR3HW9?tag=offertissimes-21,449.0,606.15,25.9,449.0,"Elettronica, Accessori e Gadget Smart","Elettronica, Accessori e Gadget Smart",Etseinri,B08SLR3HW9,0,40,88
"AmazonBasics Cavo USB 2.0, A-maschio a B-maschio, con connettori placcati in oro (3 m) per Stampante, Nero",https://www.amazon.it/dp/B00NH13DV2?tag=offertissimes-21,43.99,59.39,25.9,43.99,"Elettronica, Accessori e Gadget Smart","Elettronica, Accessori e Gadget Smart",AmazonBasics,B00NH13DV2,0,40,88
"BONTEC Supporto TV Parete con Braccio Articolato Extra Lungo 1040 mm per Schermi LCD/LED/OLED da 32-75 Pollici fino a 60 kg,",https://www.amazon.it/dp/B0BTCMYH9X?tag=offertissimes-21,26.99,36.44,25.9,26.99,"Elettronica, Accessori e Gadget Smart","Elettronica, Accessori e Gadget Smart",BONTEC,B0BTCMYH9X,0,40,88
"per LG-Telecomando-Smart-TV, Universale Magic-Telecomando per LG TV MR21 | Ricambio per LG TV NanoCell QNED OLED QLED UHD, pe",https://www.amazon.it/dp/B0G4D33MRB?tag=offertissimes-21,20.35,27.47,25.9,20.35,"Elettronica, Accessori e Gadget Smart","Elettronica, Accessori e Gadget Smart",per,B0G4D33MRB,0,40,88
"Supporto Girevole da Tavolo per TV da 26-60 Pollici - Piedistallo per TV Regolabile in Altezza con Base in Vetro Temperato, V",https://www.amazon.it/dp/B085ZDYQHL?tag=offertissimes-21,11.41,15.4,25.9,11.41,"Elettronica, Accessori e Gadget Smart","Elettronica, Accessori e Gadget Smart",Supporto,B085ZDYQHL,0,40,88
"Cavo di ricarica Auto CarPlay, da USB C a USB per iPhone 17, 17Air, 17e, 16, 16 Pro Max, 16 Plus, 16e, iPhone 15, 15 Pro Max,",https://www.amazon.it/dp/B0DK58S1CT?tag=offertissimes-21,9.44,12.74,25.9,9.44,"Elettronica, Accessori e Gadget Smart","Elettronica, Accessori e Gadget Smart",Cavo,B0DK58S1CT,0,40,88
"SAMSUNG EP-DA705BWEGWW Cavo USB Type-C per USB Type-C, 1 m, 60 W, Bianco",https://www.amazon.it/dp/B07TDB576G?tag=offertissimes-21,15.24,20.57,25.9,15.24,"Elettronica, Accessori e Gadget Smart","Elettronica, Accessori e Gadget Smart",SAMSUNG,B07TDB576G,0,40,88
"Caricabatterie USB Amazon PowerFast da 9W per e-reader Kindle, tablet Fire - compatibile con la maggior parte dei dispositivi",https://www.amazon.it/dp/B01I0IGFMK?tag=offertissimes-21,12.9,17.42,25.9,12.9,"Elettronica, Accessori e Gadget Smart","Elettronica, Accessori e Gadget Smart",Caricabatterie,B01I0IGFMK,0,40,88
"Enterelettronics TELECOMANDO (2pz.) PER CANCELLO a 433,92MHZ+2 BATTERIE OMAGGIO -non duplica i telecomandi ROLLING CODE (codi",https://www.amazon.it/dp/B0F2N3P5R7?tag=offertissimes-21,20.48,27.65,25.9,20.48,"Elettronica, Accessori e Gadget Smart","Elettronica, Accessori e Gadget Smart",Enterelettronics,B0F2N3P5R7,0,40,88
TP-Link Archer TX35U Plus Adattatore USB Wi-Fi 6 AX1800Mbps Dual-Band PC | Per Potenziare il Segnale Wi-Fi di Computer Fissi,https://www.amazon.it/dp/B0F8P3JTK4?tag=offertissimes-21,405.0,546.75,25.9,405.0,"Elettronica, Accessori e Gadget Smart","Elettronica, Accessori e Gadget Smart",TP-Link,B0F8P3JTK4,0,40,88
"Hisense Smart TV MiniLED 144Hz 50"" 4K 50E8S | Dolby Atmos 2.1 By Devialet, Dolby Vision IQ, HDR10+, VIDAA OS, Alexa, lativù 4",https://www.amazon.it/dp/B0GQDSSGNB?tag=offertissimes-21,8.6,11.61,25.9,8.6,"Elettronica, Accessori e Gadget Smart","Elettronica, Accessori e Gadget Smart",Hisense,B0GQDSSGNB,0,40,88
deleyCON 1m Cavo Antenna TV (Connettore IEC a Accoppiatore IEC) Coassiale HDTV Schermatura 4x 2x Filtro Ferrite Antidisturbo,https://www.amazon.it/dp/B07CNSPZJC?tag=offertissimes-21,399.0,538.65,25.9,399.0,"Elettronica, Accessori e Gadget Smart","Elettronica, Accessori e Gadget Smart",deleyCON,B07CNSPZJC,0,40,88
"Samsung Smart TV 50"" UE50M61HAUXXE Mini LED Full HD, 2026 | Pure Spectrum Color, Dynamic Sound Pack, Samsung TV Plus, Mini LE",https://www.amazon.it/dp/B0HF5M1425?tag=offertissimes-21,5.44,7.34,25.9,5.44,"Elettronica, Accessori e Gadget Smart","Elettronica, Accessori e Gadget Smart",Samsung,B0HF5M1425,0,40,88
"Amazon Basics Cavo prolunga USB-A 2.0 maschio, femmina USB-A, 2 m, Nero",https://www.amazon.it/dp/B00NH136GE?tag=offertissimes-21,8.6,11.61,25.9,8.6,"Elettronica, Accessori e Gadget Smart","Elettronica, Accessori e Gadget Smart",Amazon,B00NH136GE,0,40,88
"Amazon Basics - Adattatore Cavo Unidirezionale da USB-C (Sorgente) a HDMI (Display), (Compatibile Thunderbolt 3) 4K a 30 Hz,",https://www.amazon.it/dp/B083KTYFCW?tag=offertissimes-21,359.99,485.99,25.9,359.99,"Elettronica, Accessori e Gadget Smart","Elettronica, Accessori e Gadget Smart",Amazon,B083KTYFCW,0,40,88
"Amazon Ember serie 4 da 50"" con Fire TV (ultimo modello), smart TV 4K UHD, HDR10+, processore veloce, Dolby Audio, modalità a",https://www.amazon.it/dp/B0DFNWC8PW?tag=offertissimes-21,429.0,579.15,25.9,429.0,"Elettronica, Accessori e Gadget Smart","Elettronica, Accessori e Gadget Smart",Amazon,B0DFNWC8PW,0,40,88
"TCL 50Q6C – Smart TV QD‑Mini LED 4K HDR10+ da 50"", Google TV | Dolby Vision IQ & Atmos, 144Hz Motion Clarity Pro, Game Master",https://www.amazon.it/dp/B0FD9VF12V?tag=offertissimes-21,24.88,33.59,25.9,24.88,"Elettronica, Accessori e Gadget Smart","Elettronica, Accessori e Gadget Smart",TCL,B0FD9VF12V,0,40,88
"RAVIAD Cavo USB Type-C [USB 3.0, 1M], Cavo USBC Ricarica Rapida 3A QC 3.0 | Cavo USB Tipo C per iPhone 17 16 15, Samsung Gala",https://www.amazon.it/dp/B089GD78ZW?tag=offertissimes-21,399.9,539.87,25.9,399.9,"Elettronica, Accessori e Gadget Smart","Elettronica, Accessori e Gadget Smart",RAVIAD,B089GD78ZW,0,40,88
"Hisense Smart TV 65"" UHD 4K 65E6ST | DTS Virtual X, VIDAA OS con 1000+ APP, HDR 10+, Game Mode Plus, Bluetooth, Wifi, Alexa,",https://www.amazon.it/dp/B0GM1GRB7M?tag=offertissimes-21,7.61,10.27,25.9,7.61,"Elettronica, Accessori e Gadget Smart","Elettronica, Accessori e Gadget Smart",Hisense,B0GM1GRB7M,0,40,88
"KabelDirekt – Cavo Antenna TV 4K – 0,5m, 90° | Spina angolata/spina angolata, per DVB-C/DVB-T/DVB-S, nero",https://www.amazon.it/dp/B00SWYTX4K?tag=offertissimes-21,7.99,10.79,25.9,7.99,"Elettronica, Accessori e Gadget Smart","Elettronica, Accessori e Gadget Smart",KabelDirekt,B00SWYTX4K,0,40,88
"Multi Cavo di Ricarica,3 in 1 Multiplo Cavo USB Type-C 1.2M Ricarica Rapida Filo Caricabatterie Nylon Intrecciato Cavetto Mic",https://www.amazon.it/dp/B0DFC29TZ6?tag=offertissimes-21,12.95,17.48,25.9,12.95,"Elettronica, Accessori e Gadget Smart","Elettronica, Accessori e Gadget Smart",Multi,B0DFC29TZ6,0,40,88
"Veddelholzer Set di pulizia dello schermo da 250 ml, detergente per display con panno in microfibra e pennello per tastiera,",https://www.amazon.it/dp/B0FGPYMFDG?tag=offertissimes-21,19.99,26.99,25.9,19.99,"Elettronica, Accessori e Gadget Smart","Elettronica, Accessori e Gadget Smart",Veddelholzer,B0FGPYMFDG,0,40,88
"BAOFENG BF UV-5R 8-Watt Dual Band Two-Way Radio (144MHz-146MHz VHF & 430MHz-440MHz UHF) Includes Full Kit, Black",https://www.amazon.it/dp/B0C99TZQP3?tag=offertissimes-21,22.99,31.04,25.9,22.99,"Elettronica, Accessori e Gadget Smart","Elettronica, Accessori e Gadget Smart",BAOFENG,B0C99TZQP3,0,40,88
ESYNiC Paio Walkie Talkie Ricaricabile VOX PRM446MHz Radio Walkie-Talkie Professionali 16 Canali CTCSS/DCS Ricetrasmittente P,https://www.amazon.it/dp/B01J2U5IV4?tag=offertissimes-21,29.99,40.49,25.9,29.99,"Elettronica, Accessori e Gadget Smart","Elettronica, Accessori e Gadget Smart",ESYNiC,B01J2U5IV4,0,40,88
"Midland - Microfono con Mono Auricolare MA21-L PRO per Sicurezza Softair Outdoor - Cavo Spiralato, Interruttore VOX/PTT, Conn",https://www.amazon.it/dp/B09QMC6PGB?tag=offertissimes-21,25.86,34.91,25.9,25.86,"Elettronica, Accessori e Gadget Smart","Elettronica, Accessori e Gadget Smart",Midland,B09QMC6PGB,0,40,88
"BAOFENG BF-88ST Pro PMR446 Walkie Talkie, Radio Bidirezionali Ricaricabili Senza Licenza a Lungo Raggio Aggiornate con Displa",https://www.amazon.it/dp/B0BSLHJJ6D?tag=offertissimes-21,37.99,51.29,25.9,37.99,"Elettronica, Accessori e Gadget Smart","Elettronica, Accessori e Gadget Smart",BAOFENG,B0BSLHJJ6D,0,40,88
"Midland - Walkie Talkie XT70, 2 Ricetrasmittenti Professionali Dual Band 93 Canali - 69 LPD/24 PMR446 Senza Licenza, Autonomi",https://www.amazon.it/dp/B06VWGDZJB?tag=offertissimes-21,68.66,92.69,25.9,68.66,"Elettronica, Accessori e Gadget Smart","Elettronica, Accessori e Gadget Smart",Midland,B06VWGDZJB,0,40,88
"Midland - Walkie Talkie G9 PRO Mimetica, Ricetrasmittenti Professionali Dual Band Softair e Outdoor, 101 Canali, 32 PMR446/69",https://www.amazon.it/dp/B07Q8TYTPS?tag=offertissimes-21,130.82,176.61,25.9,130.82,"Elettronica, Accessori e Gadget Smart","Elettronica, Accessori e Gadget Smart",Midland,B07Q8TYTPS,0,40,88
"JUCJET BF-88E Walkie Talkie PMR446, 16 canali, auricolari, 4 pezzi | PMR446 senza licenza, 16 canali, auricolari inclusi, cav",https://www.amazon.it/dp/B0C52RBM84?tag=offertissimes-21,55.24,74.57,25.9,55.24,"Elettronica, Accessori e Gadget Smart","Elettronica, Accessori e Gadget Smart",JUCJET,B0C52RBM84,0,40,88
"HYSHIKRA Cuffie Walkie Talkie, Auricolare compatibile con Midland G7 Pro G8 G9 Pro M24 M24 Plus M48 M99 G6 XT G7 XTR (1, Tubo",https://www.amazon.it/dp/B0BRQC55QZ?tag=offertissimes-21,12.99,17.54,25.9,12.99,"Elettronica, Accessori e Gadget Smart","Elettronica, Accessori e Gadget Smart",HYSHIKRA,B0BRQC55QZ,0,40,88
BAOFENG GT-5R Walkie Talkie Aggiornato Dual Band UHF VHF Radio Bidirezionale a Lunga Portata Radioamatore con frequenze 144-1,https://www.amazon.it/dp/B0CH9NJHRJ?tag=offertissimes-21,28.9,39.02,25.9,28.9,"Elettronica, Accessori e Gadget Smart","Elettronica, Accessori e Gadget Smart",BAOFENG,B0CH9NJHRJ,0,40,88
"TECHSIDE Microfono Auricolare Avvolgente a 2 pin Kenwood | Per Radio ricetrasmittenti | Compatibile con TI-F8+ Midland G10, G",https://www.amazon.it/dp/B07YY3R7D7?tag=offertissimes-21,9.99,13.49,25.9,9.99,"Elettronica, Accessori e Gadget Smart","Elettronica, Accessori e Gadget Smart",TECHSIDE,B07YY3R7D7,0,40,88
"HYSHIKRA Auricolare Walkie Talkie con microfono, 2 pin Headset con PTT | compatibile con Kenwood eSnic Retevis Baofeng UV-5R",https://www.amazon.it/dp/B0F8TW71MK?tag=offertissimes-21,12.99,17.54,25.9,12.99,"Elettronica, Accessori e Gadget Smart","Elettronica, Accessori e Gadget Smart",HYSHIKRA,B0F8TW71MK,0,40,88
"BAOFENG GT-5R Mini 5W Radio Doppia banda, Walkie-Talkie VHF/UHF, Programmazione tramite app wireless, 999 Canali, Doppio PTT,",https://www.amazon.it/dp/B0GLYRPNQ4?tag=offertissimes-21,55.99,75.59,25.9,55.99,"Elettronica, Accessori e Gadget Smart","Elettronica, Accessori e Gadget Smart",BAOFENG,B0GLYRPNQ4,0,40,88
"BAOFENG T22 Walkie Talkie PMR446 Radio, 16 canali Radio bidirezionale, 1500 mAh batteria, Walkie Talkie portatile ricaricabil",https://www.amazon.it/dp/B0G4MRCHZL?tag=offertissimes-21,19.99,26.99,25.9,19.99,"Elettronica, Accessori e Gadget Smart","Elettronica, Accessori e Gadget Smart",BAOFENG,B0G4MRCHZL,0,40,88
"Auricolari, microfono e telecomando parla/ascolta a 2 poli, per radio Baofeng e Kenwood UV-5R, 888S, UV-52",https://www.amazon.it/dp/B075CPJ1SK?tag=offertissimes-21,9.39,12.68,25.9,9.39,"Elettronica, Accessori e Gadget Smart","Elettronica, Accessori e Gadget Smart",Auricolari,B075CPJ1SK,0,40,88
"Midland - Walkie Talkie XT60, Ricetrasmittenti Professionali Dual Band, 93 Canali - 69 Canali LPD/24 PMR446 Senza Licenza, 38",https://www.amazon.it/dp/B06WP384DF?tag=offertissimes-21,71.0,95.85,25.9,71.0,"Elettronica, Accessori e Gadget Smart","Elettronica, Accessori e Gadget Smart",Midland,B06WP384DF,0,40,88
"Retevis RE3120 Walkie Talkie Auricolare, C-Tipo Cuffie Walkie Talkie Compatibile con Radtel JUCJET RT24 RT668 RT27 RT622 RT15",https://www.amazon.it/dp/B077JYBPDG?tag=offertissimes-21,45.99,62.09,25.9,45.99,"Elettronica, Accessori e Gadget Smart","Elettronica, Accessori e Gadget Smart",Retevis,B077JYBPDG,0,40,88
"Retevis Walkie Talkie Cuffie, 2 Pin Forma a G Auricolare Cuffie radio Compatibile con ESYNiC Radioddity PR-T1 Baofeng UV5R Ne",https://www.amazon.it/dp/B071K7YJHW?tag=offertissimes-21,16.99,22.94,25.9,16.99,"Elettronica, Accessori e Gadget Smart","Elettronica, Accessori e Gadget Smart",Retevis,B071K7YJHW,0,40,88
"Walkie Talkie per adulti ricetrasmittente, radio a grande raggio, PMR, VOX, con vivavoce, 5 km, con torcia, LED di retroillum",https://www.amazon.it/dp/B0BF51FG8W?tag=offertissimes-21,39.99,53.99,25.9,39.99,"Elettronica, Accessori e Gadget Smart","Elettronica, Accessori e Gadget Smart",Walkie,B0BF51FG8W,0,40,88
"Walkie Talkie Ricaricabile Adulti Professionali, Canale 16 Ricetrasmittenti PMR, Radio Trasmittenti Kit Sopravvivenza",https://www.amazon.it/dp/B0C7GS3QNB?tag=offertissimes-21,45.99,62.09,25.9,45.99,"Elettronica, Accessori e Gadget Smart","Elettronica, Accessori e Gadget Smart",Walkie,B0C7GS3QNB,0,40,88
"LYQNIHOB 1 pcs Porta Radio, Porta Radio da Cinturone Custodia, porta radio Walkie Talkie Pouch Case, Custodia Protettiva Cove",https://www.amazon.it/dp/B0D9NXHHQ5?tag=offertissimes-21,9.99,13.49,25.9,9.99,"Elettronica, Accessori e Gadget Smart","Elettronica, Accessori e Gadget Smart",LYQNIHOB,B0D9NXHHQ5,0,40,88
"Midland - Walkie Talkie G7 PRO, Coppia Ricetrasmittenti Professionali Softair e Outdoor, 85 Canali - 16 PMR446/69 LPD Senza L",https://www.amazon.it/dp/B083THY9YV?tag=offertissimes-21,116.89,157.8,25.9,116.89,"Elettronica, Accessori e Gadget Smart","Elettronica, Accessori e Gadget Smart",Midland,B083THY9YV,0,40,88
"Retevis RT24 Walkie-Talkie Professionali, Ricetrasmittenti Radioline Walkie Talkie, PMR446 Licenza-Libero, VOX 16 Canali CTCS",https://www.amazon.it/dp/B071NWGL29?tag=offertissimes-21,69.99,94.49,25.9,69.99,"Elettronica, Accessori e Gadget Smart","Elettronica, Accessori e Gadget Smart",Retevis,B071NWGL29,0,40,88
"Midland - Walkie Talkie XT50, 2 Ricetrasmittenti Ideali per Outdoor e Cantieri, 24 Canali PMR446 Senza Licenza, 38 Toni CTCSS",https://www.amazon.it/dp/B01N6ST5EH?tag=offertissimes-21,68.21,92.08,25.9,68.21,"Elettronica, Accessori e Gadget Smart","Elettronica, Accessori e Gadget Smart",Midland,B01N6ST5EH,0,40,88
Midland G7 Pro doppio - OLD VERSION - Kit Radio Ricetrasmittente Walkie Talkie Dual Band 8 Canali PMR446 e 69 Canali LPD - 2,https://www.amazon.it/dp/B00SKQDOMM?tag=offertissimes-21,189.17,255.38,25.9,189.17,"Elettronica, Accessori e Gadget Smart","Elettronica, Accessori e Gadget Smart",Midland,B00SKQDOMM,0,40,88
"Midland - Base di Aggancio di Ricambio Linea BT Pro per Interfono Moto BTX2 PRO S LR, BTX1 PRO S e BTX1 PRO - Senza Luce di S",https://www.amazon.it/dp/B0CCF7GBQB?tag=offertissimes-21,19.9,26.86,25.9,19.9,"Elettronica, Accessori e Gadget Smart","Elettronica, Accessori e Gadget Smart",Midland,B0CCF7GBQB,0,40,88
"INTERPHONE MICBOOMFLATSP - Ricambio Microfono ad Asta per Interfoni da Moto Modello AVANT, TOUR, SPORT, LINK, SHAPE",https://www.amazon.it/dp/B07GS2RH7W?tag=offertissimes-21,10.57,14.27,25.9,10.57,"Elettronica, Accessori e Gadget Smart","Elettronica, Accessori e Gadget Smart",INTERPHONE,B07GS2RH7W,0,40,88
TechSide Microfono Auricolare Avvolgente Doppio Cavo a Spirale 2 pin Midland | Per Radio ricetrasmittenti | Compatibile con G,https://www.amazon.it/dp/B08BG645KP?tag=offertissimes-21,11.99,16.19,25.9,11.99,"Elettronica, Accessori e Gadget Smart","Elettronica, Accessori e Gadget Smart",TechSide,B08BG645KP,0,40,88
"iFixit Jimmy | robusto strumento di apertura, per aprire custodie di smartphone, tablet, PC, portatile, AirPods, fotocamera,",https://www.amazon.it/dp/B00NCFIVH4?tag=offertissimes-21,18.04,24.35,25.9,18.04,"Elettronica, Accessori e Gadget Smart","Elettronica, Accessori e Gadget Smart",iFixit,B00NCFIVH4,0,40,88
"Retevis RT668 Walkie Talkie Professionali, Ricetrasmittenti PMR446 con Caricatore a 6 Vie, VOX, Robusta, Radio Bidirezionale",https://www.amazon.it/dp/B08J9YCB8M?tag=offertissimes-21,139.99,188.99,25.9,139.99,"Elettronica, Accessori e Gadget Smart","Elettronica, Accessori e Gadget Smart",Retevis,B08J9YCB8M,0,40,88
L2M1 Batteria per Brondi Window/President/King/Fox/Contender/Model BIGFP800AC Rechargeable Li-ion Battery BL-4C 3.7V 800mAh 2,https://www.amazon.it/dp/B0DFTM3X7Y?tag=offertissimes-21,10.0,13.5,25.9,10.0,"Elettronica, Accessori e Gadget Smart","Elettronica, Accessori e Gadget Smart",L2M1,B0DFTM3X7Y,0,40,88
MOTOROLA Solutions - Lotto di 4 Walkie Talkie - TALKABOUT T82 EXTREME - PMR446 - Giallo/Nero - Lungo raggio - Indice IPX4 - M,https://www.amazon.it/dp/B077T793V7?tag=offertissimes-21,125.89,169.95,25.9,125.89,"Elettronica, Accessori e Gadget Smart","Elettronica, Accessori e Gadget Smart",MOTOROLA,B077T793V7,0,40,88
"Radtel RT13 Super Mini Walkie Talkie, ricaricabile, con funzione VOX vivavoce e PMR, radio ricetrasmittente professionale per",https://www.amazon.it/dp/B0GXV93H9V?tag=offertissimes-21,59.0,79.65,25.9,59.0,"Elettronica, Accessori e Gadget Smart","Elettronica, Accessori e Gadget Smart",Radtel,B0GXV93H9V,0,40,88
"Midland - Microfono New Mike per Radio CB, Connettore 4 Pin, Audio Nitido e Senza Interferenze, Compatibile con Alan 48, Alan",https://www.amazon.it/dp/B017BG7KS0?tag=offertissimes-21,28.2,38.07,25.9,28.2,"Elettronica, Accessori e Gadget Smart","Elettronica, Accessori e Gadget Smart",Midland,B017BG7KS0,0,40,88
BaoFeng - Auricolare a 2 pin con microfono PTT per radio a 2 vie Kenwood Puxing Baofeng UV-5R UV-5RA 888S (confezione da 2),https://www.amazon.it/dp/B08BXNC8SH?tag=offertissimes-21,14.99,20.24,25.9,14.99,"Elettronica, Accessori e Gadget Smart","Elettronica, Accessori e Gadget Smart",BaoFeng,B08BXNC8SH,0,40,88
"Retevis H777H Walkie Talkie con Caricatore 10 Vie Schermo Nascosto 10 Pezzi | Walkie-Talkie Ricaricabile USB-C, PMR446 Profes",https://www.amazon.it/dp/B0FDGQHPRN?tag=offertissimes-21,229.99,310.49,25.9,229.99,"Elettronica, Accessori e Gadget Smart","Elettronica, Accessori e Gadget Smart",Retevis,B0FDGQHPRN,0,40,88
Mengshen® Baofeng Auricolare Cablato Cuffie Headset Earphone for Walkie Talkie Two Way Radio BF-888S / BF-777S / BF-666S / UV,https://www.amazon.it/dp/B0753BNYG1?tag=offertissimes-21,12.99,17.54,25.9,12.99,"Elettronica, Accessori e Gadget Smart","Elettronica, Accessori e Gadget Smart",Mengshen,B0753BNYG1,0,40,88
Fracarro MINI Power 12P adattatore e invertitore Interno Bianco,https://www.amazon.it/dp/B00OM8UE1Q?tag=offertissimes-21,16.59,22.4,25.9,16.59,"Elettronica, Accessori e Gadget Smart","Elettronica, Accessori e Gadget Smart",Fracarro,B00OM8UE1Q,0,40,88
"Radioddity HD-1 Walkie Talkie IP67 impermeabile, Set radio PMR robusto, antipolvere e antishock con chiamata di gruppo a un t",https://www.amazon.it/dp/B0FJXXMC2H?tag=offertissimes-21,139.99,188.99,25.9,139.99,"Elettronica, Accessori e Gadget Smart","Elettronica, Accessori e Gadget Smart",Radioddity,B0FJXXMC2H,0,40,88
"Retevis H777D Walkie Talkie per Adulti, Schermo LCD, PMR446, Ricarica Tipo C, Batteria da 1200 mAh, Radio Bidirezionale Robus",https://www.amazon.it/dp/B0FBFK69Q9?tag=offertissimes-21,27.78,37.5,25.9,27.78,"Elettronica, Accessori e Gadget Smart","Elettronica, Accessori e Gadget Smart",Retevis,B0FBFK69Q9,0,40,88
Batteria originale BAOFENG UV-5R 7.4V 1800 mAh Li-ion per radio dual band,https://www.amazon.it/dp/B008RZ0FFA?tag=offertissimes-21,13.42,18.12,25.9,13.42,"Elettronica, Accessori e Gadget Smart","Elettronica, Accessori e Gadget Smart",Batteria,B008RZ0FFA,0,40,88
Yuasa NP7-12 Acido piombo (VRLA) 12 V,https://www.amazon.it/dp/B002E50N9W?tag=offertissimes-21,32.7,44.15,25.9,32.7,"Elettronica, Accessori e Gadget Smart","Elettronica, Accessori e Gadget Smart",Yuasa,B002E50N9W,0,40,88
"RØDE Lavalier GO Microfono Lavalier/Lapello Professionale per Trasmissioni, Produzione Cinematografica, Creazione di Contenut",https://www.amazon.it/dp/B07WM65GTF?tag=offertissimes-21,40.16,54.22,25.9,40.16,"Elettronica, Accessori e Gadget Smart","Elettronica, Accessori e Gadget Smart",Amazon Choice,B07WM65GTF,0,40,88
"Retevis RT3S DMR Radioamatori, Ricetrasmittenti con GPS e APRS | Analogico, Supporta OpenGD77, Compatibile con MOTOTRBO Tier",https://www.amazon.it/dp/B07DCSLD9R?tag=offertissimes-21,133.99,180.89,25.9,133.99,"Elettronica, Accessori e Gadget Smart","Elettronica, Accessori e Gadget Smart",Retevis,B07DCSLD9R,0,40,88
TechSide Microfono Auricolare 2 pin Kenwood cavi spiralati | Radio ricetrasmittenti | Compatibile TI-F8+ Midland G10 G11V CT8,https://www.amazon.it/dp/B09M42B9ZS?tag=offertissimes-21,9.99,13.49,25.9,9.99,"Elettronica, Accessori e Gadget Smart","Elettronica, Accessori e Gadget Smart",TechSide,B09M42B9ZS,0,40,88
"Midland - Microfono con Auricolare MA31-LK PRO Pneumatico 2 Pin Kenwood, Sicurezza e Outdoor - Cavo Silicone Trasparente - Co",https://www.amazon.it/dp/B0B3DMYF7L?tag=offertissimes-21,15.57,21.02,25.9,15.57,"Elettronica, Accessori e Gadget Smart","Elettronica, Accessori e Gadget Smart",Midland,B0B3DMYF7L,0,40,88
"TECHTEK Batteria 2000mAh compatibile con [Autec] Light LK4, Light LK6, LK8, LK4, LK6, LK8 sostituisce ARB-LBM02M, LBM02MH FBA",https://www.amazon.it/dp/B0921GWRHS?tag=offertissimes-21,18.59,25.1,25.9,18.59,"Elettronica, Accessori e Gadget Smart","Elettronica, Accessori e Gadget Smart",TECHTEK,B0921GWRHS,0,40,88
"Retevis RT619 Walkie-Talkie Professionale, PMR446 con le Cuffie 2 Pezzi | PMR446, VOX, 1300mAh Ricaricabile, Auricolari Inclu",https://www.amazon.it/dp/B07QW5YFHQ?tag=offertissimes-21,78.99,106.64,25.9,78.99,"Elettronica, Accessori e Gadget Smart","Elettronica, Accessori e Gadget Smart",Retevis,B07QW5YFHQ,0,40,88
"BAOFENG K6 Tri-band Walkie Talkie, 6W radio amatoriale, Multi Band UHF/VHF/FM/Aria, batteria da 2600 mAh con funzione di rica",https://www.amazon.it/dp/B0DDPX2N2R?tag=offertissimes-21,39.99,53.99,25.9,39.99,"Elettronica, Accessori e Gadget Smart","Elettronica, Accessori e Gadget Smart",BAOFENG,B0DDPX2N2R,0,40,88
Retevis RHD771 Antenna Ricetrasmittenti Elite Frusta 38CM SMA-F Doppia Banda 144/430 MHz Compatibile con Baofeng UV-5R GT-5R,https://www.amazon.it/dp/B013U3Y36U?tag=offertissimes-21,17.99,24.29,25.9,17.99,"Elettronica, Accessori e Gadget Smart","Elettronica, Accessori e Gadget Smart",Retevis,B013U3Y36U,0,40,88
Retevis Auricolare Walkie Talkie 2 Pin for RT24 RT668 RT27 RT622 (5 Pezzi) | Compatibile ESYNiC Nestling Baofeng BF-888S Kenw,https://www.amazon.it/dp/B014KASJ26?tag=offertissimes-21,32.99,44.54,25.9,32.99,"Elettronica, Accessori e Gadget Smart","Elettronica, Accessori e Gadget Smart",Retevis,B014KASJ26,0,40,88
"Midland - Walkie Talkie per Famiglie XT30 Ricaricabili USB, 2 Radio Ricetrasmittenti per Esterno e Famiglia - 16 Canali PMR44",https://www.amazon.it/dp/B06WVXLFZ7?tag=offertissimes-21,40.99,55.34,25.9,40.99,"Elettronica, Accessori e Gadget Smart","Elettronica, Accessori e Gadget Smart",Midland,B06WVXLFZ7,0,40,88
"Retevis RT24 Walkie Talkie, PMR446 Licenza-Libero 16 Canali CTCSS/DCS, Walkie Talkie Professionali, Ricetrasmittenti con Auri",https://www.amazon.it/dp/B06XWLF3PH?tag=offertissimes-21,179.99,242.99,25.9,179.99,"Elettronica, Accessori e Gadget Smart","Elettronica, Accessori e Gadget Smart",Retevis,B06XWLF3PH,0,40,88
"Batteria di ricambio da 2000 mAh/7.20 Wh compatibile con IMET BE3600, BE5500, M550 Ares, M550 Thor, M550 Zeus, M550S Thor, M5",https://www.amazon.it/dp/B0BTHT1X48?tag=offertissimes-21,26.58,35.88,25.9,26.58,"Elettronica, Accessori e Gadget Smart","Elettronica, Accessori e Gadget Smart",Batteria,B0BTHT1X48,0,40,88
Riflettometro PNI SWR-300 Misuratore PWR-SWR per la misurazione dell'SWR di antenne radio nella gamma di frequenza 26-30 MHz,https://www.amazon.it/dp/B0DFH4LYQG?tag=offertissimes-21,16.99,22.94,25.9,16.99,"Elettronica, Accessori e Gadget Smart","Elettronica, Accessori e Gadget Smart",Riflettometro,B0DFH4LYQG,0,40,88
"TechSide Microfono Altoparlante Impermeabile IP54 con PTT per Baofeng UV 5R, Radio Ricetrasmittente CB Midland Compatibile co",https://www.amazon.it/dp/B07YY4Q7GP?tag=offertissimes-21,23.5,31.73,25.9,23.5,"Elettronica, Accessori e Gadget Smart","Elettronica, Accessori e Gadget Smart",TechSide,B07YY4Q7GP,0,40,88
HYSHIKRA 2 pin Walkie Talkie Auricolare con Microfono e PTT | compatibile per Motorola DP1400 CP040 GP300 GP88 Radio per la P,https://www.amazon.it/dp/B09M6N9L1K?tag=offertissimes-21,18.99,25.64,25.9,18.99,"Elettronica, Accessori e Gadget Smart","Elettronica, Accessori e Gadget Smart",HYSHIKRA,B09M6N9L1K,0,40,88
"Walkie Talkie Professionali PMR446 Radioline Walkie Talkie Ricetrasmittenti | pofung PT88E Walkie-Talkie, Senza Licenza PMR 4",https://www.amazon.it/dp/B0B865SDFV?tag=offertissimes-21,89.99,121.49,25.9,89.99,"Elettronica, Accessori e Gadget Smart","Elettronica, Accessori e Gadget Smart",Walkie,B0B865SDFV,0,40,88
"Retevis RM15 VHF Marino Portatil, Walkie Talkie Marino IP68 VHF Radio | 16 km de Largo Alcance Emisora, Reducción de Ruido Bi",https://www.amazon.it/dp/B0F99B36WV?tag=offertissimes-21,94.99,128.24,25.9,94.99,"Elettronica, Accessori e Gadget Smart","Elettronica, Accessori e Gadget Smart",Retevis,B0F99B36WV,0,40,88
"Walkie Talkie PMR 446 Wolki Toki pofung PT88E Walkie Talkie Professionali 2 | Senza Licenza Ricetrasmittenti, Ricaricabili Wa",https://www.amazon.it/dp/B0BGB3SFN8?tag=offertissimes-21,149.99,202.49,25.9,149.99,"Elettronica, Accessori e Gadget Smart","Elettronica, Accessori e Gadget Smart",Walkie,B0BGB3SFN8,0,40,88
"Retevis RT668B Walkie Talkie Professionali, Robusta Senza Licenza PMR446 Walkie-Talkie, con Caricatore a 6 Vie, 3 Pulsanti, R",https://www.amazon.it/dp/B0DT3WDXYN?tag=offertissimes-21,19.99,26.99,25.9,19.99,"Elettronica, Accessori e Gadget Smart","Elettronica, Accessori e Gadget Smart",Retevis,B0DT3WDXYN,0,40,88
"70mai A810 Lite Dash Cam Auto 4K HDR +1080P, Doppia Telecamera Auto GPS | 5GHz WiFi, 4G LTE, F1.55, Visione Notturna, Parcheg",https://www.amazon.it/dp/B0GTLD65SS?tag=offertissimes-21,149.99,202.49,25.9,149.99,"Elettronica, Accessori e Gadget Smart","Elettronica, Accessori e Gadget Smart",70mai,B0GTLD65SS,0,40,88
"Coolpow Porta Cellulare Auto Magnetico,Supporto Telefono Auto per Magsafe | [Ventosa Sottovuoto & Magneti Potenti] Supporti T",https://www.amazon.it/dp/B0FFTSCSVD?tag=offertissimes-21,18.3,24.71,25.9,18.3,"Elettronica, Accessori e Gadget Smart","Elettronica, Accessori e Gadget Smart",Coolpow,B0FFTSCSVD,0,40,88
"Adattatore CarPlay Wireless, adatto per Veicoli Dotati di CarPlay cablato | ADATTATORE da cablato a WIRELESS, PLUG-AND-PLAY,",https://www.amazon.it/dp/B0H7MC2Y5L?tag=offertissimes-21,29.09,39.27,25.9,29.09,"Elettronica, Accessori e Gadget Smart","Elettronica, Accessori e Gadget Smart",Adattatore,B0H7MC2Y5L,0,40,88
"Lamicall Supporto Telefono Moto Antivibrazione - [Doppio Ammortizzatore] | 360° Rotazione,Sicuro & Antiscivolo, Universale Ma",https://www.amazon.it/dp/B0CNT3S8WD?tag=offertissimes-21,69.99,94.49,25.9,69.99,"Elettronica, Accessori e Gadget Smart","Elettronica, Accessori e Gadget Smart",Lamicall,B0CNT3S8WD,0,40,88
"70mai Dashcam Auto M310 Plus 4K, 2160P Mini Dashcam Auto con WiFi e App | Controllo App, Parcheggio 24/7, Visione Notturna, W",https://www.amazon.it/dp/B0GKGSBWWH?tag=offertissimes-21,13.93,18.81,25.9,13.93,"Elettronica, Accessori e Gadget Smart","Elettronica, Accessori e Gadget Smart",70mai,B0GKGSBWWH,0,40,88
LENCENT Trasmettitore FM Bluetooth per Auto Radio | Adattatori Vivavoce Car Kit MP3 Audio Lettore Caricabatterie Auto con 2 P,https://www.amazon.it/dp/B07VFT4D6B?tag=offertissimes-21,10.89,14.7,25.9,10.89,"Elettronica, Accessori e Gadget Smart","Elettronica, Accessori e Gadget Smart",LENCENT,B07VFT4D6B,0,40,88
"Miracase Porta Cellulare Auto, [Livello Militare Aspirazione Affidabile] Supproto Telefono Auto Universale, Per il Cruscotto",https://www.amazon.it/dp/B0C273FR2T?tag=offertissimes-21,19.39,26.18,25.9,19.39,"Elettronica, Accessori e Gadget Smart","Elettronica, Accessori e Gadget Smart",Miracase,B0C273FR2T,0,40,88
"Lamicall Supporto Telefono Bicicletta, Porta Cellulare Moto - Aggiornato Clip del Manubrio di Installazione Rapida, Porta Cel",https://www.amazon.it/dp/B09MT4N4HW?tag=offertissimes-21,11.39,15.38,25.9,11.39,"Elettronica, Accessori e Gadget Smart","Elettronica, Accessori e Gadget Smart",Lamicall,B09MT4N4HW,0,40,88
UGREEN Porta Cellulare Auto per Magsafe con Gancio Metallo | Auto Magnetico con N52 Magneti e 360° Rotazione Compatibile con,https://www.amazon.it/dp/B0D2Q5M35Y?tag=offertissimes-21,10.77,14.54,25.9,10.77,"Elettronica, Accessori e Gadget Smart","Elettronica, Accessori e Gadget Smart",UGREEN,B0D2Q5M35Y,0,40,88
"YOSH Porta Cellulare Auto Magnetico Universale, Supporto Telefono Auto | Installazione In 1S, Compatto, Magneti Ultra Forti,",https://www.amazon.it/dp/B01JG7ZMIW?tag=offertissimes-21,39.99,53.99,25.9,39.99,"Elettronica, Accessori e Gadget Smart","Elettronica, Accessori e Gadget Smart",YOSH,B01JG7ZMIW,0,40,88
"Adattatore Wireless Android Auto CarPlay 2-in-1 USB Type-C per Apple, Chiavetta Dongle Compatibile con IPhone IOS 10+ e Andro",https://www.amazon.it/dp/B0HCZBZHCV?tag=offertissimes-21,34.99,47.24,25.9,34.99,"Elettronica, Accessori e Gadget Smart","Elettronica, Accessori e Gadget Smart",Adattatore,B0HCZBZHCV,0,40,88
"Blukar Porta Cellulare Auto,Upgrated Potente Ventosa Supporto Telefono Auto | Universale per Parabrezza e Cruscotto, Accessor",https://www.amazon.it/dp/B0C1NNPS39?tag=offertissimes-21,23.99,32.39,25.9,23.99,"Elettronica, Accessori e Gadget Smart","Elettronica, Accessori e Gadget Smart",Blukar,B0C1NNPS39,0,40,88
"Adattatore CarPlay Wireless 2026, USB/Type-C, Connessione Rapida, iOS 12+ | Connessione wireless rapida e stabile: trasforma",https://www.amazon.it/dp/B0FHPZNYR4?tag=offertissimes-21,18.68,25.22,25.9,18.68,"Elettronica, Accessori e Gadget Smart","Elettronica, Accessori e Gadget Smart",Adattatore,B0FHPZNYR4,0,40,88
Miracase Porta Cellulare Auto per Magsafe [2026 Ventosa Ultra Potente] | Rotazione a 360° Supporto Telefono Auto Magnete per,https://www.amazon.it/dp/B0GCNFRM96?tag=offertissimes-21,18.99,25.64,25.9,18.99,"Elettronica, Accessori e Gadget Smart","Elettronica, Accessori e Gadget Smart",Miracase,B0GCNFRM96,0,40,88
"GRIFEMA Caricatore auto USB C 48W a doppia porta | Accendisigari con PD 30W e QC 3.0 18W, ricarica rapida per iPhone, Samsung",https://www.amazon.it/dp/B0F13QQZX8?tag=offertissimes-21,42.89,57.9,25.9,42.89,"Elettronica, Accessori e Gadget Smart","Elettronica, Accessori e Gadget Smart",GRIFEMA,B0F13QQZX8,0,40,88
"OTTOCAST MINI 3.0 Slim 2026 Adattatore Wireless per Auto, iPhone & Android | CarPlay & Android Auto Wireless 2-in-1, converte",https://www.amazon.it/dp/B0FQN2VBT7?tag=offertissimes-21,103.99,140.39,25.9,103.99,"Elettronica, Accessori e Gadget Smart","Elettronica, Accessori e Gadget Smart",OTTOCAST,B0FQN2VBT7,0,40,88
"Fodsports FX-S Interfono Moto Coppia, Auricolare Casco Bluetooth 5.4 per 2 Piloti, Sistema di Comunicazione 1000m, Tripla Rid",https://www.amazon.it/dp/B0F4R71KS1?tag=offertissimes-21,13.59,18.35,25.9,13.59,"Elettronica, Accessori e Gadget Smart","Elettronica, Accessori e Gadget Smart",Fodsports,B0F4R71KS1,0,40,88
UGREEN Ricevitore Bluetooth 6.0 Jack AUX USB Bluetooth Auto Audio Grigio | con Microfono Incorporato e Cavo per Auto Altoparl,https://www.amazon.it/dp/B081GGB53R?tag=offertissimes-21,49.99,67.49,25.9,49.99,"Elettronica, Accessori e Gadget Smart","Elettronica, Accessori e Gadget Smart",UGREEN,B081GGB53R,0,40,88
"70mai 4G Kit di Cablaggio Rigido per Dash Cam Auto A810 Lite/A810S/T800/A510, Sorveglianza Intelligente del Parcheggio 24 Ore",https://www.amazon.it/dp/B0C7CCHK4S?tag=offertissimes-21,10.17,13.73,25.9,10.17,"Elettronica, Accessori e Gadget Smart","Elettronica, Accessori e Gadget Smart",70mai,B0C7CCHK4S,0,40,88
"Tenda AX900 Adattatore USB Chiavetta Wi-Fi 6 per PC fisso, Dual Band 5/2.4 Ghz, Soft-AP, MU-MIMO, WPA2, Windows 7/10/11, U11",https://www.amazon.it/dp/B0DBHC7RG9?tag=offertissimes-21,19.99,26.99,25.9,19.99,"Elettronica, Accessori e Gadget Smart","Elettronica, Accessori e Gadget Smart",Tenda,B0DBHC7RG9,0,40,88
Lamicall 3-IN-1 Caricatore Auto USB C - [Super Compatto] 50W Carica Rapida | [con Cavo Retrattile Type-C & Porta USB-C/A] Acc,https://www.amazon.it/dp/B0F21QKF44?tag=offertissimes-21,9.99,13.49,25.9,9.99,"Elettronica, Accessori e Gadget Smart","Elettronica, Accessori e Gadget Smart",Lamicall,B0F21QKF44,0,40,88
"JOREST Kit Fusibili Auto Assortiti, 114 Mini + 54 Medio + 1 Estrattore - Auto/Camper/Camion/Moto (2A-40A)",https://www.amazon.it/dp/B093L93DRC?tag=offertissimes-21,19.99,26.99,25.9,19.99,"Elettronica, Accessori e Gadget Smart","Elettronica, Accessori e Gadget Smart",JOREST,B093L93DRC,0,40,88
"Lamicall 3-IN-1 Caricatore Auto Ricarica Rapida - [75% Più Piccolo] | 63W Accendisigari USB, 12/24V Adattatore Accendisigari",https://www.amazon.it/dp/B0GTQ2PYTG?tag=offertissimes-21,20.99,28.34,25.9,20.99,"Elettronica, Accessori e Gadget Smart","Elettronica, Accessori e Gadget Smart",Lamicall,B0GTQ2PYTG,0,40,88
Glangeh Trasmettitore FM Bluetooth Auto [Ricarica Rapida PD 36W+QC3.0 18W] | 2026 Upgrated Adattatore Bluetooth 5.3 Auto Audi,https://www.amazon.it/dp/B0DC6D96WS?tag=offertissimes-21,19.99,26.99,25.9,19.99,"Elettronica, Accessori e Gadget Smart","Elettronica, Accessori e Gadget Smart",Glangeh,B0DC6D96WS,0,40,88
"ProsourceFit Foam Yoga Blocks Set of 2, High Density EVA Yoga Bricks, Sturdy Yoga Prop Large Size 4”x 6” x 9”",https://www.amazon.it/dp/B00IRWIQV8?tag=offertissimes-21,25.18,33.99,25.9,25.18,"Sport, Fitness e Attrezzatura","Sport, Fitness e Attrezzatura",ProsourceFit,B00IRWIQV8,0,40,88
GRIFEMA GA5002 Fasce Elastiche Fitness Set da 4 1.8m – Elastici Palestra,https://www.amazon.it/dp/B0CPSD21L4?tag=offertissimes-21,6.54,8.83,25.9,6.54,"Sport, Fitness e Attrezzatura","Sport, Fitness e Attrezzatura",GRIFEMA,B0CPSD21L4,0,40,88
"ION8 Borraccia a Prova di Perdite, Facile da Aprire, Serratura Sicura, Lavabile in Lavastoviglie, Maniglia per il Trasporto,",https://www.amazon.it/dp/B089KT4M6P?tag=offertissimes-21,11.47,15.48,25.9,11.47,"Sport, Fitness e Attrezzatura","Sport, Fitness e Attrezzatura",ION8,B089KT4M6P,0,40,88
YOLEO Panca pesi regolabile per palestra domestica | Panca da palestra pieghevole | Certificata EN ISO 375 kg | Preassemblata,https://www.amazon.it/dp/B08JLYFX3Q?tag=offertissimes-21,76.79,103.67,25.9,76.79,"Sport, Fitness e Attrezzatura","Sport, Fitness e Attrezzatura",YOLEO,B08JLYFX3Q,0,40,88
"Confezione da 2 Parastinchi Piccoli per Bambini, Calcio, Parastinchi | Calcio Uomo, Mini Parastinchi, Dispositivi di Protezio",https://www.amazon.it/dp/B0D8Q5ZYRT?tag=offertissimes-21,10.99,14.84,25.9,10.99,"Sport, Fitness e Attrezzatura","Sport, Fitness e Attrezzatura",Confezione,B0D8Q5ZYRT,0,40,88
"DANSI Pompa per bicicletta a pedale con valvole AV, SV, DV - Pompa ad aria per bicicletta con manometro grande, adattatori e",https://www.amazon.it/dp/B08YP4QR4P?tag=offertissimes-21,17.98,24.27,25.9,17.98,"Sport, Fitness e Attrezzatura","Sport, Fitness e Attrezzatura",DANSI,B08YP4QR4P,0,40,88
"Tappetino Palestra Antiscivolo 8mm – Tappetino Yoga Antiscivolo e Pilates 183x60 cm con Tracolla, Tappetino Fitness per Ginna",https://www.amazon.it/dp/B01N67BRCF?tag=offertissimes-21,20.74,28.0,25.9,20.74,"Sport, Fitness e Attrezzatura","Sport, Fitness e Attrezzatura",Tappetino,B01N67BRCF,0,40,88
"Samsung Galaxy Fit3 fitness band, batteria a lunga durata, rilevamento cadute/SOS, barometro, IP68, monitoraggio sonno, oltre",https://www.amazon.it/dp/B0DFYW9VZG?tag=offertissimes-21,36.8,49.68,25.9,36.8,"Sport, Fitness e Attrezzatura","Sport, Fitness e Attrezzatura",Samsung,B0DFYW9VZG,0,40,88
"arena Tracks Occhialini Nuoto da Gara Anti-Appannamento Unisex Adulto, Occhialini Piscina con Protezione UV, 4 Ponti Nasali I",https://www.amazon.it/dp/B01GUHTFL6?tag=offertissimes-21,14.75,19.91,25.9,14.75,"Sport, Fitness e Attrezzatura","Sport, Fitness e Attrezzatura",arena,B01GUHTFL6,0,40,88
"BANGTING 3-12 Pezzi Cinturino per Xiaomi Mi Band 10/9/8, Compatibili con Xiaomi Smart Band 10 9 8 - In TPU Premium con Connet",https://www.amazon.it/dp/B0FJFSFHJ5?tag=offertissimes-21,11.99,16.19,25.9,11.99,"Sport, Fitness e Attrezzatura","Sport, Fitness e Attrezzatura",BANGTING,B0FJFSFHJ5,0,40,88
"AIR UP Borraccia Twist Pro Lavender 600ml, con 5 pod aromatizzati | Ricariche pod disponibili separatamente, ideale per pales",https://www.amazon.it/dp/B0FN8TLQHH?tag=offertissimes-21,87.95,118.73,25.9,87.95,"Sport, Fitness e Attrezzatura","Sport, Fitness e Attrezzatura",AIR,B0FN8TLQHH,0,40,88
"Sparrow Borraccia con Cannuccia - Borracce Sport - Tritan Bottiglia | 500ml, 750ml, 1L, Senza Perdite, Lavastoviglie, Senza B",https://www.amazon.it/dp/B0D876RNS6?tag=offertissimes-21,16.59,22.4,25.9,16.59,"Sport, Fitness e Attrezzatura","Sport, Fitness e Attrezzatura",Sparrow,B0D876RNS6,0,40,88
"Vicloon Cronometro Sportivo, Digitale Cronometro Sportivo, Digitale Elettronico Orologio, Chronometer Corsa Sport Palestra Or",https://www.amazon.it/dp/B0B5WZGL5L?tag=offertissimes-21,6.95,9.38,25.9,6.95,"Sport, Fitness e Attrezzatura","Sport, Fitness e Attrezzatura",Vicloon,B0B5WZGL5L,0,40,88
"Xiaomi Smart Band 11 Active, Fitness Tracker Uomo Donna, Nero | Display 1,47'' 60Hz, Finitura Metallica, Monitoraggio Salute",https://www.amazon.it/dp/B0FBWG7S2Y?tag=offertissimes-21,29.99,40.49,25.9,29.99,"Sport, Fitness e Attrezzatura","Sport, Fitness e Attrezzatura",Xiaomi,B0FBWG7S2Y,0,40,88
ARENA The One Junior Occhialini Nuoto per Bambini,https://www.amazon.it/dp/B07DNZQ1BX?tag=offertissimes-21,12.29,16.59,25.9,12.29,"Sport, Fitness e Attrezzatura","Sport, Fitness e Attrezzatura",ARENA,B07DNZQ1BX,0,40,88
"EDIFIT Palla Fitness, Pilates Attrezzi Casa, Incluso il Gonfiatore, Fitball, Yoga Accessori, Palla Gravidanza, Ginnastica Rit",https://www.amazon.it/dp/B09MKR6KSV?tag=offertissimes-21,13.93,18.81,25.9,13.93,"Sport, Fitness e Attrezzatura","Sport, Fitness e Attrezzatura",EDIFIT,B09MKR6KSV,0,40,88
Dunlop Palline da tennis ATP Championship | Raccomandata ATP | Approvata ITF | Nucleo in gomma | Rimbalzo affidabile | Match,https://www.amazon.it/dp/B0DSC7KKFX?tag=offertissimes-21,9.83,13.27,25.9,9.83,"Sport, Fitness e Attrezzatura","Sport, Fitness e Attrezzatura",Dunlop,B0DSC7KKFX,0,40,88
"Superun Tapis Roulant Salvaspazio Pieghevole 1-12km/h con Inclinazione 10%,Tapirulan Elettrico Pieghevole 3,0 CV Mini Walking",https://www.amazon.it/dp/B0FXWXTTK3?tag=offertissimes-21,89.99,121.49,25.9,89.99,"Sport, Fitness e Attrezzatura","Sport, Fitness e Attrezzatura",Superun,B0FXWXTTK3,0,40,88
"Fitgriff® Cavigliere Cavi Palestra V3 (2 Pezzi)- Attrezzi Fitness per Kick Back, Allenamento dei Glutei, Leg Curl, Gym - Ankl",https://www.amazon.it/dp/B0CMY7VF71?tag=offertissimes-21,9.99,13.49,25.9,9.99,"Sport, Fitness e Attrezzatura","Sport, Fitness e Attrezzatura",Fitgriff,B0CMY7VF71,0,40,88
"Amazon Basics - balance disc, cuscino per migliorare la stabilità",https://www.amazon.it/dp/B073WBL9W8?tag=offertissimes-21,12.05,16.27,25.9,12.05,"Sport, Fitness e Attrezzatura","Sport, Fitness e Attrezzatura",Amazon,B073WBL9W8,0,40,88
"Inter - Accappatoio Unisex, Vestaglia da Bagno in Spugna, Colore Blu, Vestibiltà Regolare, Cotone 100%, Prodotto Ufficiale, S",https://www.amazon.it/dp/B0H3T79DXT?tag=offertissimes-21,33.6,45.36,25.9,33.6,"Sport, Fitness e Attrezzatura","Sport, Fitness e Attrezzatura",Inter,B0H3T79DXT,0,40,88
"Blukar Torcia Frontale LED, 2 Pezzi 2000LM Lampada Frontale Ricaricabile | 8 Modalità di Luce, Super Luminosa, Sensore di Mov",https://www.amazon.it/dp/B0BLVT2Y9N?tag=offertissimes-21,23.99,32.39,25.9,23.99,"Sport, Fitness e Attrezzatura","Sport, Fitness e Attrezzatura",Blukar,B0BLVT2Y9N,0,40,88
"Amazon Basics tappetino da yoga, antiscivolo, extra spesso, per esercizi di pilates, 183 x 61 x 1 cm, Nero",https://www.amazon.it/dp/B0CJJNSM9V?tag=offertissimes-21,16.28,21.98,25.9,16.28,"Sport, Fitness e Attrezzatura","Sport, Fitness e Attrezzatura",Amazon,B0CJJNSM9V,0,40,88
"CIRYCASE Luci Bici Kit, Ricaricabile USB & Impermeabili IP65 Luci Bicicletta LED con Fascio Luminoso Spot & Flood, 8+12 Modal",https://www.amazon.it/dp/B0BBPZNXR1?tag=offertissimes-21,17.89,24.15,25.9,17.89,"Sport, Fitness e Attrezzatura","Sport, Fitness e Attrezzatura",CIRYCASE,B0BBPZNXR1,0,40,88
"ROCKBROS Sella Bici Comoda in Gel, Sella Ergonomica per MTB Bicicletta, Sellino Morbido Traspirante, Uomo Donna, con Strisce",https://www.amazon.it/dp/B0DZT34B4T?tag=offertissimes-21,29.99,40.49,25.9,29.99,"Sport, Fitness e Attrezzatura","Sport, Fitness e Attrezzatura",ROCKBROS,B0DZT34B4T,0,40,88
"Blendura Luci Bicicletta LED, Luci Bici Anteriore Posteriori USB Ricaricabili Luci per Bicicletta Luce MTB Adatto per Varie B",https://www.amazon.it/dp/B0FCM969TM?tag=offertissimes-21,9.83,13.27,25.9,9.83,"Sport, Fitness e Attrezzatura","Sport, Fitness e Attrezzatura",Blendura,B0FCM969TM,0,40,88
Tecnifibre Occhiali da squash occhiali protettivi Junior/Adulto,https://www.amazon.it/dp/B084LQZV79?tag=offertissimes-21,21.89,29.55,25.9,21.89,"Sport, Fitness e Attrezzatura","Sport, Fitness e Attrezzatura",Tecnifibre,B084LQZV79,0,40,88
PUMA Teamgoal 23 Jersey Jr Maglietta Bambini e ragazzi (Pacco da 1),https://www.amazon.it/dp/B07XFWG2XC?tag=offertissimes-21,13.51,18.24,25.9,13.51,"Sport, Fitness e Attrezzatura","Sport, Fitness e Attrezzatura",PUMA,B07XFWG2XC,0,40,88
Sequence Otg,https://www.amazon.it/dp/B09MY844MX?tag=offertissimes-21,82.13,110.88,25.9,82.13,"Sport, Fitness e Attrezzatura","Sport, Fitness e Attrezzatura",Sequence,B09MY844MX,0,40,88
"100% Strata, 2 occhiali, occhiali sportivi per motocross e mountain bike, occhiali per ciclisti, occhiali da motocross da uom",https://www.amazon.it/dp/B0CKWDPJRF?tag=offertissimes-21,34.74,46.9,25.9,34.74,"Sport, Fitness e Attrezzatura","Sport, Fitness e Attrezzatura",100,B0CKWDPJRF,0,40,88
"Funny Fashion Maschera per sport Il Calamaro Game, Nero",https://www.amazon.it/dp/B0BWYYPNLK?tag=offertissimes-21,9.8,13.23,25.9,9.8,"Sport, Fitness e Attrezzatura","Sport, Fitness e Attrezzatura",Funny,B0BWYYPNLK,0,40,88
TOSSPER 100 PCS Pet Hamster Ovatta Cage Inverno Caldo di Cotone Colorato Nest Riempimento Attrezzature Animali Colore Casuale,https://www.amazon.it/dp/B096QKFVKS?tag=offertissimes-21,19.58,26.43,25.9,19.58,"Sport, Fitness e Attrezzatura","Sport, Fitness e Attrezzatura",TOSSPER,B096QKFVKS,0,40,88
"Two Horizons Visiera protettiva per casco da sci, protezione visiera per caschi da sci con visiera, protegge dai graffi, pann",https://www.amazon.it/dp/B0DKG8QB85?tag=offertissimes-21,17.95,24.23,25.9,17.95,"Sport, Fitness e Attrezzatura","Sport, Fitness e Attrezzatura",Two,B0DKG8QB85,0,40,88
Giocatore Vintage di Squash Retro Maglietta,https://www.amazon.it/dp/B08XZLQBJ9?tag=offertissimes-21,71.24,96.17,25.9,71.24,"Sport, Fitness e Attrezzatura","Sport, Fitness e Attrezzatura",Giocatore,B08XZLQBJ9,0,40,88
SMITH Squad S Occhiali di sicurezza Unisex - Adulto (Pacco da 1),https://www.amazon.it/dp/B09MZLFDCY?tag=offertissimes-21,19.9,26.86,25.9,19.9,"Sport, Fitness e Attrezzatura","Sport, Fitness e Attrezzatura",SMITH,B09MZLFDCY,0,40,88
"Costume da bagno nero con imbottitura, casual e alla moda, da donna a maniche lunghe, cerniera e colore a contrasto, tuta da",https://www.amazon.it/dp/B0F8QRQG1G?tag=offertissimes-21,31.99,43.19,25.9,31.99,"Sport, Fitness e Attrezzatura","Sport, Fitness e Attrezzatura",Costume,B0F8QRQG1G,0,40,88
"bubbleshirt Tshirt Tutte Le Mamme Fanno Figli Belli, MA LA MIA HA Proprio ESAGERATO - in Cotone by",https://www.amazon.it/dp/B06XFX5JN4?tag=offertissimes-21,9.39,12.68,25.9,9.39,"Sport, Fitness e Attrezzatura","Sport, Fitness e Attrezzatura",bubbleshirt,B06XFX5JN4,0,40,88
"Karakal Junior PRO 2500 Eyeguard, Colori Assortiti",https://www.amazon.it/dp/B000XG65YG?tag=offertissimes-21,27.58,37.23,25.9,27.58,"Sport, Fitness e Attrezzatura","Sport, Fitness e Attrezzatura",Karakal,B000XG65YG,0,40,88
Copertura protettiva in silicone per maschera per occhi volanti per DJI Avatar Goggles 2 (Black),https://www.amazon.it/dp/B0BQ5MVXHY?tag=offertissimes-21,221.16,298.57,25.9,221.16,"Sport, Fitness e Attrezzatura","Sport, Fitness e Attrezzatura",Copertura,B0BQ5MVXHY,0,40,88
"Asics Scarpe da Tennis Uomo Gel-Dedicate 8, Bianco/Arancione Shocking, 44.5 EU",https://www.amazon.it/dp/B0FB9N1Q86?tag=offertissimes-21,19.99,26.99,25.9,19.99,"Sport, Fitness e Attrezzatura","Sport, Fitness e Attrezzatura",Asics,B0FB9N1Q86,0,40,88
"Generisch Occhiali da basket, comodi occhiali da basket, attenzione: occhiali da dribbel, occhiali protettivi sportivi, cingh",https://www.amazon.it/dp/B0FCYGMW6Z?tag=offertissimes-21,19.99,26.99,25.9,19.99,"Sport, Fitness e Attrezzatura","Sport, Fitness e Attrezzatura",Generisch,B0FCYGMW6Z,0,40,88
DUNLOP Occhiali da squash - Giocatori junior,https://www.amazon.it/dp/B0DDQGWYY1?tag=offertissimes-21,19.99,26.99,25.9,19.99,"Sport, Fitness e Attrezzatura","Sport, Fitness e Attrezzatura",DUNLOP,B0DDQGWYY1,0,40,88
SHOT RACE GEAR OCCHIALI ASSAULT 2.0 SOLID NAVY MATT,https://www.amazon.it/dp/B0CS3W3X2X?tag=offertissimes-21,19.99,26.99,25.9,19.99,"Sport, Fitness e Attrezzatura","Sport, Fitness e Attrezzatura",SHOT,B0CS3W3X2X,0,40,88
SMITH Io Mag Occhiali di sicurezza Unisex - Adulto (Pacco da 1),https://www.amazon.it/dp/B09MXDKTDR?tag=offertissimes-21,19.99,26.99,25.9,19.99,"Sport, Fitness e Attrezzatura","Sport, Fitness e Attrezzatura",SMITH,B09MXDKTDR,0,40,88
Under Armour Armour HeatGear Compression Short-Sleeve T-Shirt T-Shirt Uomo,https://www.amazon.it/dp/B0874WD2B2?tag=offertissimes-21,16.39,22.13,25.9,16.39,"Sport, Fitness e Attrezzatura","Sport, Fitness e Attrezzatura",Under,B0874WD2B2,0,40,88
"Under Armour Tech 2.0 Manica Corta T-Shirt Sportiva Leggera e Traspirante, Abbigliamento da Palestra con Tecnologia Anti-Odor",https://www.amazon.it/dp/B0785VMVF4?tag=offertissimes-21,16.35,22.07,25.9,16.35,"Sport, Fitness e Attrezzatura","Sport, Fitness e Attrezzatura",Under,B0785VMVF4,0,40,88
Under Armour UA HG Armour Printed LS-MDN//STL Maglia Uomo,https://www.amazon.it/dp/B0874W4WQ9?tag=offertissimes-21,19.66,26.54,25.9,19.66,"Sport, Fitness e Attrezzatura","Sport, Fitness e Attrezzatura",Under,B0874W4WQ9,0,40,88
"Joma Maglietta Sportiva Donna, 6XS - 3XL - Mantiene Il Contatto con Il Corpo Asciutto, Ideale per la Corsa o Gym - Combi",https://www.amazon.it/dp/B01CSTEWMM?tag=offertissimes-21,6.55,8.84,25.9,6.55,"Sport, Fitness e Attrezzatura","Sport, Fitness e Attrezzatura",Joma,B01CSTEWMM,0,40,88
"Joma Pantaloncini Sportivi da Uomo, 6XS a 3XL - Vita Elastica con Laccio - Treviso",https://www.amazon.it/dp/B06Y693DG7?tag=offertissimes-21,9.84,13.28,25.9,9.84,"Sport, Fitness e Attrezzatura","Sport, Fitness e Attrezzatura",Joma,B06Y693DG7,0,40,88
adidas Uomo Essentials Linear Single Jersey Tee,https://www.amazon.it/dp/B0CZXT2W7W?tag=offertissimes-21,9.88,13.34,25.9,9.88,"Sport, Fitness e Attrezzatura","Sport, Fitness e Attrezzatura",adidas,B0CZXT2W7W,0,40,88
adidas Women T-Shirt Essentials Linear Cotton,https://www.amazon.it/dp/B0CZP48LW1?tag=offertissimes-21,10.66,14.39,25.9,10.66,"Sport, Fitness e Attrezzatura","Sport, Fitness e Attrezzatura",adidas,B0CZP48LW1,0,40,88
"Under Armour Uomo Maglietta Larga con Logo sul Petto Sinistro, Titanium/Clay Green",https://www.amazon.it/dp/B09WD78L62?tag=offertissimes-21,38.09,51.42,25.9,38.09,"Sport, Fitness e Attrezzatura","Sport, Fitness e Attrezzatura",Under,B09WD78L62,0,40,88
"Joma Bermuda da Uomo, 6XS a 3XL – Con Tasche e Vita Elastica con Laccio – Miami",https://www.amazon.it/dp/B06Y33YWQ4?tag=offertissimes-21,18.85,25.45,25.9,18.85,"Sport, Fitness e Attrezzatura","Sport, Fitness e Attrezzatura",Joma,B06Y33YWQ4,0,40,88
"Joma Pantaloncini Sportivi da Uomo, 6XS a 3XL – Con Tasche e Vita Elastica con Laccetto – Drive",https://www.amazon.it/dp/B01DBZV4K0?tag=offertissimes-21,13.11,17.7,25.9,13.11,"Sport, Fitness e Attrezzatura","Sport, Fitness e Attrezzatura",Joma,B01DBZV4K0,0,40,88
PUMA T-Shirt Teamrise Jersey Jr Bambino,https://www.amazon.it/dp/B0916DGS9D?tag=offertissimes-21,9.83,13.27,25.9,9.83,"Sport, Fitness e Attrezzatura","Sport, Fitness e Attrezzatura",PUMA,B0916DGS9D,0,40,88
"LEONE 1947, Basic Paradenti, Nero, Taglia Unica, PD521",https://www.amazon.it/dp/B00PEUEITK?tag=offertissimes-21,4.91,6.63,25.9,4.91,"Sport, Fitness e Attrezzatura","Sport, Fitness e Attrezzatura",LEONE,B00PEUEITK,0,40,88
adidas Kids Short Squadra 25 Junior,https://www.amazon.it/dp/B0CZ9SK93N?tag=offertissimes-21,9.84,13.28,25.9,9.84,"Sport, Fitness e Attrezzatura","Sport, Fitness e Attrezzatura",adidas,B0CZ9SK93N,0,40,88
"Joma Pantaloncini Sportivi Donna, 2XS a 2XL - Vita Elastica con Coulisse - Paris II",https://www.amazon.it/dp/B01E9968LM?tag=offertissimes-21,6.55,8.84,25.9,6.55,"Sport, Fitness e Attrezzatura","Sport, Fitness e Attrezzatura",Joma,B01E9968LM,0,40,88
"Kappa Borgo Pantaloncini Sportivi, Uomo",https://www.amazon.it/dp/B09VPXRMPF?tag=offertissimes-21,22.21,29.98,25.9,22.21,"Sport, Fitness e Attrezzatura","Sport, Fitness e Attrezzatura",Kappa,B09VPXRMPF,0,40,88
Under Armour Tech Graphic Short,https://www.amazon.it/dp/B077XK71ST?tag=offertissimes-21,16.39,22.13,25.9,16.39,"Sport, Fitness e Attrezzatura","Sport, Fitness e Attrezzatura",Under,B077XK71ST,0,40,88
NY Threads Pantaloncini Sportivi Uomo Taglio Ampio con Tasche,https://www.amazon.it/dp/B0DSG3SK64?tag=offertissimes-21,14.99,20.24,25.9,14.99,"Sport, Fitness e Attrezzatura","Sport, Fitness e Attrezzatura",NY,B0DSG3SK64,0,40,88
"Nike - M Nk DF Lge Knit III Short K, Pantaloni Sportivi Uomo",https://www.amazon.it/dp/B0B59FBYNT?tag=offertissimes-21,12.6,17.01,25.9,12.6,"Sport, Fitness e Attrezzatura","Sport, Fitness e Attrezzatura",Nike,B0B59FBYNT,0,40,88
"Joma, Brama, Maglia Termica a maniche lunghe, unisex, da adulto, modello classico",https://www.amazon.it/dp/B089HC9VJC?tag=offertissimes-21,19.2,25.92,25.9,19.2,"Sport, Fitness e Attrezzatura","Sport, Fitness e Attrezzatura",Joma,B089HC9VJC,0,40,88
"SAFEJAWZ Vestibilità Slim Paradenti Sportivo Adulti e Bambini Contatto Completo per Tutti Gli Sport, tra Cui Rugby, MMA, Hock",https://www.amazon.it/dp/B00QS6ZXH0?tag=offertissimes-21,15.99,21.59,25.9,15.99,"Sport, Fitness e Attrezzatura","Sport, Fitness e Attrezzatura",SAFEJAWZ,B00QS6ZXH0,0,40,88
"Under Armour - Tech 2.0 1/2 Zip, Maglia Uomo",https://www.amazon.it/dp/B078141ML8?tag=offertissimes-21,20.48,27.65,25.9,20.48,"Sport, Fitness e Attrezzatura","Sport, Fitness e Attrezzatura",Under,B078141ML8,0,40,88
CMP T-Shirt Girocollo con Logo - 39T7117P,https://www.amazon.it/dp/B0BZ85BZNP?tag=offertissimes-21,12.29,16.59,25.9,12.29,"Sport, Fitness e Attrezzatura","Sport, Fitness e Attrezzatura",CMP,B0BZ85BZNP,0,40,88
adidas Men Short Squadra 25,https://www.amazon.it/dp/B0CZ9RV4XN?tag=offertissimes-21,18.43,24.88,25.9,18.43,"Sport, Fitness e Attrezzatura","Sport, Fitness e Attrezzatura",adidas,B0CZ9RV4XN,0,40,88
Under Armour UA GL Foundation Update SS T-Shirt Uomo,https://www.amazon.it/dp/B0C12SKP5F?tag=offertissimes-21,12.99,17.54,25.9,12.99,"Sport, Fitness e Attrezzatura","Sport, Fitness e Attrezzatura",Under,B0C12SKP5F,0,40,88
"Fisoew Maglietta sportiva da donna, per fitness, a maniche corte, per yoga, leggera, palestra, sport",https://www.amazon.it/dp/B0CSMTW5VL?tag=offertissimes-21,22.99,31.04,25.9,22.99,"Sport, Fitness e Attrezzatura","Sport, Fitness e Attrezzatura",Fisoew,B0CSMTW5VL,0,40,88
"Danfiki Pantaloncini Sportivi da Uomo 2 in 1 Running Shorts con Tasche | Asciugatura Rapida, Vita Elastica con Coulisse Regol",https://www.amazon.it/dp/B09222LWTT?tag=offertissimes-21,19.99,26.99,25.9,19.99,"Sport, Fitness e Attrezzatura","Sport, Fitness e Attrezzatura",Danfiki,B09222LWTT,0,40,88
Arjen Kroos Maglietta Compressione Uomo Canottiera Contenitiva Uomo | Compression Shirt Modellante Dimagrante Fascia Pancia S,https://www.amazon.it/dp/B0FT7QL484?tag=offertissimes-21,19.99,26.99,25.9,19.99,"Sport, Fitness e Attrezzatura","Sport, Fitness e Attrezzatura",Arjen,B0FT7QL484,0,40,88
Puma Teamgoal 23 Casuals Tee,https://www.amazon.it/dp/B07XGWH7DR?tag=offertissimes-21,15.69,21.18,25.9,15.69,"Sport, Fitness e Attrezzatura","Sport, Fitness e Attrezzatura",Puma,B07XGWH7DR,0,40,88
Wayleb Maglietta Sportiva Donna per Running e Palestra Maglia Sportiva Maniche Corte Traspirante Fitness Allenamento,https://www.amazon.it/dp/B0G7ZZJSFF?tag=offertissimes-21,19.99,26.99,25.9,19.99,"Sport, Fitness e Attrezzatura","Sport, Fitness e Attrezzatura",Wayleb,B0G7ZZJSFF,0,40,88
adidas Men Squadra 25 Jersey,https://www.amazon.it/dp/B0CZ9L7ZG4?tag=offertissimes-21,13.11,17.7,25.9,13.11,"Sport, Fitness e Attrezzatura","Sport, Fitness e Attrezzatura",adidas,B0CZ9L7ZG4,0,40,88
"Puma - Individualrise Shorts Jr, Pantaloncini Lavorati a Maglia Unisex - Bambini e Ragazzi",https://www.amazon.it/dp/B0CBN2SYF5?tag=offertissimes-21,7.78,10.5,25.9,7.78,"Sport, Fitness e Attrezzatura","Sport, Fitness e Attrezzatura",Puma,B0CBN2SYF5,0,40,88
Joma T-Shirt Camiseta Brama Academy M/L Blanco Adulto,https://www.amazon.it/dp/B07G9H83CJ?tag=offertissimes-21,9.83,13.27,25.9,9.83,"Sport, Fitness e Attrezzatura","Sport, Fitness e Attrezzatura",Joma,B07G9H83CJ,0,40,88
Venum Predator - Protezione per denti,https://www.amazon.it/dp/B072FPV652?tag=offertissimes-21,16.19,21.86,25.9,16.19,"Sport, Fitness e Attrezzatura","Sport, Fitness e Attrezzatura",Venum,B072FPV652,0,40,88
Adidas Uomo Train Essentials Training Tee,https://www.amazon.it/dp/B0BJBBLNPK?tag=offertissimes-21,23.99,32.39,25.9,23.99,"Sport, Fitness e Attrezzatura","Sport, Fitness e Attrezzatura",Adidas,B0BJBBLNPK,0,40,88
Wayleb T-Shirt Sportiva da Donna Scollo a V Maglietta Sportiva Manica Corta Corsa Asciugatura Rapida Maglia Sport Top Fitness,https://www.amazon.it/dp/B0D4LH3T9G?tag=offertissimes-21,13.99,18.89,25.9,13.99,"Sport, Fitness e Attrezzatura","Sport, Fitness e Attrezzatura",Wayleb,B0D4LH3T9G,0,40,88
"OPRO Paradenti Livello Bronzo - Aderenza Essenziale - Paradenti per Boxe, MMA, Rugby, Hockey - Protezione Dentale per Adulti",https://www.amazon.it/dp/B09PLLJ1RV?tag=offertissimes-21,12.99,17.54,25.9,12.99,"Sport, Fitness e Attrezzatura","Sport, Fitness e Attrezzatura",OPRO,B09PLLJ1RV,0,40,88
Joma Combi Maglia Manica Lunga Uomo,https://www.amazon.it/dp/B07P7M1B82?tag=offertissimes-21,12.3,16.61,25.9,12.3,"Sport, Fitness e Attrezzatura","Sport, Fitness e Attrezzatura",Joma,B07P7M1B82,0,40,88
Nike Nike Sportswear Club Top Uomo,https://www.amazon.it/dp/B07FKCKLHV?tag=offertissimes-21,17.99,24.29,25.9,17.99,"Sport, Fitness e Attrezzatura","Sport, Fitness e Attrezzatura",Nike,B07FKCKLHV,0,40,88
"adidas - Workout Essentials 2in1 Shorts, Pantaloncini Donna",https://www.amazon.it/dp/B0F4XHBTJ1?tag=offertissimes-21,20.48,27.65,25.9,20.48,"Sport, Fitness e Attrezzatura","Sport, Fitness e Attrezzatura",adidas,B0F4XHBTJ1,0,40,88
"Cimic 1, 3, 5 o 7 Pezzi Maglietta Uomo Manica Corta Funzionale Sportiva | Tessuto traspirante ad asciugatura rapida, adatto a",https://www.amazon.it/dp/B09VKG387K?tag=offertissimes-21,38.99,52.64,25.9,38.99,"Sport, Fitness e Attrezzatura","Sport, Fitness e Attrezzatura",Cimic,B09VKG387K,0,40,88
adidas Men Short Essentials Small Logo Chelsea,https://www.amazon.it/dp/B0CZPD55MF?tag=offertissimes-21,17.99,24.29,25.9,17.99,"Sport, Fitness e Attrezzatura","Sport, Fitness e Attrezzatura",adidas,B0CZPD55MF,0,40,88
Under Armour Tech Twist Short Sleeve V Neck T-Shirt Donna (Pacco da 1),https://www.amazon.it/dp/B0C129T1SD?tag=offertissimes-21,14.75,19.91,25.9,14.75,"Sport, Fitness e Attrezzatura","Sport, Fitness e Attrezzatura",Under,B0C129T1SD,0,40,88
Under Armour Women's Fly by Shorts Shorts,https://www.amazon.it/dp/B0C12HV8R1?tag=offertissimes-21,24.59,33.2,25.9,24.59,"Sport, Fitness e Attrezzatura","Sport, Fitness e Attrezzatura",Under,B0C12HV8R1,0,40,88
Ekouaer T-Shirt a Costine da Donna Girocollo e Maniche Corte 1&3 Pack | Vestibilità aderente ed elasticizzata; ideale per l'u,https://www.amazon.it/dp/B0GQLND3RC?tag=offertissimes-21,29.99,40.49,25.9,29.99,"Sport, Fitness e Attrezzatura","Sport, Fitness e Attrezzatura",Ekouaer,B0GQLND3RC,0,40,88
"Marvel Venom Paradenti Sportivo Adulti e Bambini Contatto Completo per Tutti Gli Sport, tra Cui Rugby, MMA, Hockey, Judo Arti",https://www.amazon.it/dp/B0D2NLH65S?tag=offertissimes-21,18.25,24.64,25.9,18.25,"Sport, Fitness e Attrezzatura","Sport, Fitness e Attrezzatura",Marvel,B0D2NLH65S,0,40,88
PUMA Pantaloni Corti Teamliga Shorts 13 Adulto,https://www.amazon.it/dp/B0916BYNTF?tag=offertissimes-21,9.45,12.76,25.9,9.45,"Sport, Fitness e Attrezzatura","Sport, Fitness e Attrezzatura",PUMA,B0916BYNTF,0,40,88
Nike M Nk DF Acd25 SS Top Maglia Lunga Uomo (Pacco da 1),https://www.amazon.it/dp/B0D4F77C48?tag=offertissimes-21,13.7,18.5,25.9,13.7,"Sport, Fitness e Attrezzatura","Sport, Fitness e Attrezzatura",Nike,B0D4F77C48,0,40,88
Under Armour UA Team Issue Wordmark SS Maglietta Uomo,https://www.amazon.it/dp/B078B27N9K?tag=offertissimes-21,14.75,19.91,25.9,14.75,"Sport, Fitness e Attrezzatura","Sport, Fitness e Attrezzatura",Under,B078B27N9K,0,40,88
"Haloumoning Pantaloncini estivi da ragazza, leggings corti per bambini, tinta unita, a vita alta, per yoga, danza, palestra,",https://www.amazon.it/dp/B0GF1VR4C7?tag=offertissimes-21,28.68,38.72,25.9,28.68,"Sport, Fitness e Attrezzatura","Sport, Fitness e Attrezzatura",Haloumoning,B0GF1VR4C7,0,40,88
Under Armour Uaヒートギアアーマー ロングスリーブ モック Allenamento Baselayer Uomo (Pacco da 1),https://www.amazon.it/dp/B08LP16LMG?tag=offertissimes-21,27.83,37.57,25.9,27.83,"Sport, Fitness e Attrezzatura","Sport, Fitness e Attrezzatura",Under,B08LP16LMG,0,40,88
Under Armour Leggings Authentics,https://www.amazon.it/dp/B0CN36D724?tag=offertissimes-21,17.21,23.23,25.9,17.21,"Sport, Fitness e Attrezzatura","Sport, Fitness e Attrezzatura",Under,B0CN36D724,0,40,88
"Inter - Tshirt Campioni d'Italia 2025/26, Maglia Celebrativo Scudetto, Prodotto Ufficiale",https://www.amazon.it/dp/B0GXZLMR2Q?tag=offertissimes-21,12.88,17.39,25.9,12.88,"Sport, Fitness e Attrezzatura","Sport, Fitness e Attrezzatura",Inter,B0GXZLMR2Q,0,40,88
"adidas - Workout Essentials all-Set Short, Pantaloncini Uomo",https://www.amazon.it/dp/B0F54CZCBQ?tag=offertissimes-21,10.24,13.82,25.9,10.24,"Sport, Fitness e Attrezzatura","Sport, Fitness e Attrezzatura",adidas,B0F54CZCBQ,0,40,88
"adidas - Entrada26 Shorts, Pantaloncini Uomo",https://www.amazon.it/dp/B0F38TVMRL?tag=offertissimes-21,5.66,7.64,25.9,5.66,"Sport, Fitness e Attrezzatura","Sport, Fitness e Attrezzatura",adidas,B0F38TVMRL,0,40,88
Joma Pantaloncini Sportivi Uomo e Bambino | Short da Calcio Leggeri,https://www.amazon.it/dp/B00IXMBUJC?tag=offertissimes-21,19.99,26.99,25.9,19.99,"Sport, Fitness e Attrezzatura","Sport, Fitness e Attrezzatura",Joma,B00IXMBUJC,0,40,88
"THE GYM PEOPLE T-Shirt Oversize Cotone Donna Manica Corta Sportiva | Spalla Scesa, Oversize, Collo Tondo, Monocolore, Leggero",https://www.amazon.it/dp/B0C7GWCJ82?tag=offertissimes-21,19.99,26.99,25.9,19.99,"Sport, Fitness e Attrezzatura","Sport, Fitness e Attrezzatura",THE,B0C7GWCJ82,0,40,88
Garlando Garlando Standard Table Football Balls - Biliardino Unisex Adulto,https://www.amazon.it/dp/B009AQSEJ4?tag=offertissimes-21,7.0,9.45,25.9,7.0,"Sport, Fitness e Attrezzatura","Sport, Fitness e Attrezzatura",Garlando,B009AQSEJ4,0,40,88
"Azatemgo Copertura Calcio Balilla, Tessuto Oxford 420D, 160x115x50CM | Ispessito, Protezione UV, Impermeabile, Antivento, Ant",https://www.amazon.it/dp/B09G2P7TBV?tag=offertissimes-21,26.98,36.42,25.9,26.98,"Sport, Fitness e Attrezzatura","Sport, Fitness e Attrezzatura",Azatemgo,B09G2P7TBV,0,40,88
"WeddHuis 10 Pezzi Punte per Stecca da Biliardo, Punte di Ricambio per Tacchetta da Biliardo, Nessuna Colla Richiesta, Sostitu",https://www.amazon.it/dp/B0DD48FL1H?tag=offertissimes-21,6.49,8.76,25.9,6.49,"Sport, Fitness e Attrezzatura","Sport, Fitness e Attrezzatura",WeddHuis,B0DD48FL1H,0,40,88
"GARSEN Stecca da Biliardo da 147,3 cm, 510,3 g, 538,6 g, 567 g, 595,3 g, 4 Pezzi",https://www.amazon.it/dp/B08GY91RTX?tag=offertissimes-21,81.0,109.35,25.9,81.0,"Sport, Fitness e Attrezzatura","Sport, Fitness e Attrezzatura",GARSEN,B08GY91RTX,0,40,88
"ASMPCUE Stecca da Biliardo da 58 Pollici Hardwood Pool Cue 13 mm Punte per Giocatori di Biliardo Professionisti, 1/2 Stecche",https://www.amazon.it/dp/B0DRCRHG1L?tag=offertissimes-21,43.99,59.39,25.9,43.99,"Sport, Fitness e Attrezzatura","Sport, Fitness e Attrezzatura",ASMPCUE,B0DRCRHG1L,0,40,88
"10 Pezzi Gessetti Biliardo Blu, Gesso Professionale per Stecca da Biliardo, Accessori Biliardo per Maggiore Attrito e Precisi",https://www.amazon.it/dp/B0GQT28V3G?tag=offertissimes-21,8.69,11.73,25.9,8.69,"Sport, Fitness e Attrezzatura","Sport, Fitness e Attrezzatura",10,B0GQT28V3G,0,40,88
TEOZBLU Guanto Da Biliardo Mano Sinistra Guanti Da Stecca Dito Mano Processo Di Giunzione Stecche Da Biliardo Professionale G,https://www.amazon.it/dp/B0GTV2SPP1?tag=offertissimes-21,7.69,10.38,25.9,7.69,"Sport, Fitness e Attrezzatura","Sport, Fitness e Attrezzatura",TEOZBLU,B0GTV2SPP1,0,40,88
"VANLAN Stecca da Biliardo in Legno massello, Piccole, per Bambini, con Punte da incollare da 13 mm, Set da 2",https://www.amazon.it/dp/B092JQVRSZ?tag=offertissimes-21,24.0,32.4,25.9,24.0,"Sport, Fitness e Attrezzatura","Sport, Fitness e Attrezzatura",VANLAN,B092JQVRSZ,0,40,88
"CUESOUL Stecca da Biliardo da 58 Pollici, Punta da 21 Once e Punta da 13 mm, Stecca da Biliardo con avvolgimento Irlandese, c",https://www.amazon.it/dp/B0DPMJK4MG?tag=offertissimes-21,71.63,96.7,25.9,71.63,"Sport, Fitness e Attrezzatura","Sport, Fitness e Attrezzatura",CUESOUL,B0DPMJK4MG,0,40,88
"ASMPCUE Stecca da Biliardo, 58"" Biliardo in Legno Duro di Alta qualità, 1/2 Legno Pool Cue Stick, Stecche da Biliardo per Gio",https://www.amazon.it/dp/B0DRCRHRGX?tag=offertissimes-21,43.99,59.39,25.9,43.99,"Sport, Fitness e Attrezzatura","Sport, Fitness e Attrezzatura",ASMPCUE,B0DRCRHRGX,0,40,88
"Holwim Copertura per Tavolo da Biliardino, Copertura Calcio Balilla per Esterno Impermeabile - 420d Oxford, Perfetta Protezio",https://www.amazon.it/dp/B0DX7764J2?tag=offertissimes-21,27.99,37.79,25.9,27.99,"Sport, Fitness e Attrezzatura","Sport, Fitness e Attrezzatura",Holwim,B0DX7764J2,0,40,88
"Guanto da esposizione a tre dita in lycra elastico Zeaye 1PCS, utilizzato per il tiro a biliardo e gli sport da biliardo indo",https://www.amazon.it/dp/B08P416M49?tag=offertissimes-21,8.99,12.14,25.9,8.99,"Sport, Fitness e Attrezzatura","Sport, Fitness e Attrezzatura",Guanto,B08P416M49,0,40,88
"Ahuuen Porta Gessetto Magnetico per Stecca da Biliardo, Portagesso Magnetico con Clip per Biliardo, Accessorio Pratica Sporti",https://www.amazon.it/dp/B0FTL98C7Z?tag=offertissimes-21,12.27,16.56,25.9,12.27,"Sport, Fitness e Attrezzatura","Sport, Fitness e Attrezzatura",Ahuuen,B0FTL98C7Z,0,40,88
CUESOUL Biliardo Snooker Pool Cue Magnetico Chalk Holder con Clip da Cintura,https://www.amazon.it/dp/B00RK5POOU?tag=offertissimes-21,19.99,26.99,25.9,19.99,"Sport, Fitness e Attrezzatura","Sport, Fitness e Attrezzatura",CUESOUL,B00RK5POOU,0,40,88
"FAS Set 10 Palline Calcio Balilla, 33mm, Plastica, Bianco Giallo Arancione, 19g",https://www.amazon.it/dp/B0GYPPJTYG?tag=offertissimes-21,12.5,16.88,25.9,12.5,"Sport, Fitness e Attrezzatura","Sport, Fitness e Attrezzatura",FAS,B0GYPPJTYG,0,40,88
"FAS Palline Calcio Balilla in Sughero Naturale, 33mm, Set 10, Marrone Chiaro, 19g",https://www.amazon.it/dp/B0GYPGGK37?tag=offertissimes-21,12.5,16.88,25.9,12.5,"Sport, Fitness e Attrezzatura","Sport, Fitness e Attrezzatura",FAS,B0GYPGGK37,0,40,88
"FAS PENDEZZA Cartoncino Sottovetro per Calcio Balilla - Protezione e Prestazioni Ottimali, Cartoncino per Biliardino, cm 114,",https://www.amazon.it/dp/B0CHFNFHB8?tag=offertissimes-21,19.99,26.99,25.9,19.99,"Sport, Fitness e Attrezzatura","Sport, Fitness e Attrezzatura",FAS,B0CHFNFHB8,0,40,88
CUESOUL 6 Stück 9-Schicht 14mm Pigskin Queue Spitzen für Billiard,https://www.amazon.it/dp/B00RIJV23U?tag=offertissimes-21,52.99,71.54,25.9,52.99,"Sport, Fitness e Attrezzatura","Sport, Fitness e Attrezzatura",CUESOUL,B00RIJV23U,0,40,88
"COSTWAY Porta Stecche da Biliardo in Legno Massello, Porta Biliardo a Parete Può Ospitare 8 Stecche 15 Palle e 1 Portapalle,",https://www.amazon.it/dp/B0C4396HJR?tag=offertissimes-21,58.79,79.37,25.9,58.79,"Sport, Fitness e Attrezzatura","Sport, Fitness e Attrezzatura",COSTWAY,B0C4396HJR,0,40,88
"CUESOUL Rockin Serie 57 ""21 oz Maple Pool Cue Stick Set con Joint Protector/Albero Protector e Cue tovagliolo",https://www.amazon.it/dp/B01J16MV8M?tag=offertissimes-21,21.99,29.69,25.9,21.99,"Sport, Fitness e Attrezzatura","Sport, Fitness e Attrezzatura",CUESOUL,B01J16MV8M,0,40,88
Kulannder Puntali da Biliardo rigidi da 12 mm Punte di Ricambio avvitabili in Ottone con puntali per Stecca da Biliardo per B,https://www.amazon.it/dp/B07C3ZST6N?tag=offertissimes-21,8.99,12.14,25.9,8.99,"Sport, Fitness e Attrezzatura","Sport, Fitness e Attrezzatura",Kulannder,B07C3ZST6N,0,40,88
"CATOR 6 pezzi Gessi da biliardo, blu, accessori per tavolo da biliardo, tavolo da biliardo gesso, biliardo da tavolo gesso",https://www.amazon.it/dp/B0DT6N2231?tag=offertissimes-21,11.69,15.78,25.9,11.69,"Sport, Fitness e Attrezzatura","Sport, Fitness e Attrezzatura",CATOR,B0DT6N2231,0,40,88
Guanto da biliardo Guanto da biliardo Mano Sinistra Guanti da biliardo per uomo Processo di giunzione Stecca da biliardo Guan,https://www.amazon.it/dp/B0DXTY85QM?tag=offertissimes-21,65.44,88.34,25.9,65.44,"Sport, Fitness e Attrezzatura","Sport, Fitness e Attrezzatura",Guanto,B0DXTY85QM,0,40,88
SusggO Scatola di palline da biliardo professionale palla da biliardo standard - set completo di palline da biliardo american,https://www.amazon.it/dp/B0C6TL48LX?tag=offertissimes-21,21.99,29.69,25.9,21.99,"Sport, Fitness e Attrezzatura","Sport, Fitness e Attrezzatura",SusggO,B0C6TL48LX,0,40,88
"Kit per la pulizia del tavolo da biliardo, potente detergente per eliminare rapidamente gesso e macchie, ripristina la morbid",https://www.amazon.it/dp/B0FT3HKS2T?tag=offertissimes-21,17.04,23.0,25.9,17.04,"Sport, Fitness e Attrezzatura","Sport, Fitness e Attrezzatura",Kit,B0FT3HKS2T,0,40,88
"BILMAG Pool Billard Triangolo Basic - Triangolo in PVC per palline da biliardo da 57,2 mm, nero",https://www.amazon.it/dp/B0C6V8N659?tag=offertissimes-21,7.99,10.79,25.9,7.99,"Sport, Fitness e Attrezzatura","Sport, Fitness e Attrezzatura",BILMAG,B0C6V8N659,0,40,88
"Tokaneit Guanti da biliardo, da biliardo, da biliardo, unisex, estensibili, per accessori da biliardo",https://www.amazon.it/dp/B0BHL43VTL?tag=offertissimes-21,8.99,12.14,25.9,8.99,"Sport, Fitness e Attrezzatura","Sport, Fitness e Attrezzatura",Tokaneit,B0BHL43VTL,0,40,88
Punte per Stecche da Biliardo -✮GARANZIA A VITA✮- Scatola da 10/20 Pezzi- Puntali in Pelle con Vite in Ottone da 10mm - Punta,https://www.amazon.it/dp/B0H67CVYMH?tag=offertissimes-21,19.99,26.99,25.9,19.99,"Sport, Fitness e Attrezzatura","Sport, Fitness e Attrezzatura",Punte,B0H67CVYMH,0,40,88
"Rexmica Custodia per stecca da biliardo, custodia per stecche da biliardo con manico e tracolla staccabile, custodia per stec",https://www.amazon.it/dp/B0D66SL2XZ?tag=offertissimes-21,62.99,85.04,25.9,62.99,"Sport, Fitness e Attrezzatura","Sport, Fitness e Attrezzatura",Rexmica,B0D66SL2XZ,0,40,88
"WUYJI Guanti da biliardo Guanto da biliardo,guanto da biliardo monoblocco,guanto da biliardo antiscivolo,guanto da biliardo d",https://www.amazon.it/dp/B0GFCV424P?tag=offertissimes-21,7.99,10.79,25.9,7.99,"Sport, Fitness e Attrezzatura","Sport, Fitness e Attrezzatura",WUYJI,B0GFCV424P,0,40,88
"XPEX Guanti Biliardo, 3 Finger, Professionali Snooker, Unisex, Estensibili, Nero",https://www.amazon.it/dp/B0DHZR31X2?tag=offertissimes-21,9.99,13.49,25.9,9.99,"Sport, Fitness e Attrezzatura","Sport, Fitness e Attrezzatura",XPEX,B0DHZR31X2,0,40,88
"Notoke Punte per stecche da biliardo, 50 pezzi, 5 misure (9 mm, 10 mm, 11 mm, 12 mm, 13 mm), senza colla e attrezzi, adatte p",https://www.amazon.it/dp/B0FMJG19RH?tag=offertissimes-21,19.99,26.99,25.9,19.99,"Sport, Fitness e Attrezzatura","Sport, Fitness e Attrezzatura",Notoke,B0FMJG19RH,0,40,88
"CUESOUL Guanto da Biliardo per Mano sinistra/destra, Pool Snooker Carambola | Traspirante, fissaggio sicuro al polso, scorrim",https://www.amazon.it/dp/B09NDG6C6Z?tag=offertissimes-21,9.99,13.49,25.9,9.99,"Sport, Fitness e Attrezzatura","Sport, Fitness e Attrezzatura",CUESOUL,B09NDG6C6Z,0,40,88
"THXFUNAREA Guanto da Biliardo Professionale per mancini con Design Teschio, Antiscivolo, Traspirante ed Elastico per Controll",https://www.amazon.it/dp/B0GQM5DLN5?tag=offertissimes-21,98.36,132.79,25.9,98.36,"Sport, Fitness e Attrezzatura","Sport, Fitness e Attrezzatura",THXFUNAREA,B0GQM5DLN5,0,40,88
"Teorema Giocattoli, Tavolo Multigioco 4 in 1 con Calcio Balilla, Tavolo Ping Pong, Air Hockey e Biliardo, Struttura in Legno,",https://www.amazon.it/dp/B0B96XCGJH?tag=offertissimes-21,105.99,143.09,25.9,105.99,"Sport, Fitness e Attrezzatura","Sport, Fitness e Attrezzatura",Teorema,B0B96XCGJH,0,40,88
"AKLOT Stecca da Biliardo Professionale Estensione telescopica,Stecca in Legno d'Acero Canadese con Custodia per Stecche da Bi",https://www.amazon.it/dp/B0FM71TKZR?tag=offertissimes-21,25.98,35.07,25.9,25.98,"Sport, Fitness e Attrezzatura","Sport, Fitness e Attrezzatura",AKLOT,B0FM71TKZR,0,40,88
"Copertura Protettiva per Biliardino in Tessuto Oxford 210D, Impermeabile, Anti-UV e Anti-Polvere, Copertura Foosball 160x115x",https://www.amazon.it/dp/B09G2P6SBY?tag=offertissimes-21,749.95,1012.43,25.9,749.95,"Sport, Fitness e Attrezzatura","Sport, Fitness e Attrezzatura",Copertura,B09G2P6SBY,0,40,88
Tavolo da Biliardo BuckShot Manhattan 9ft - 282 x 155cm- Carambola - Pool Americano - Snooker - Tavoli da Biliardo 9 Piedi -,https://www.amazon.it/dp/B07PHZ37LX?tag=offertissimes-21,12.99,17.54,25.9,12.99,"Sport, Fitness e Attrezzatura","Sport, Fitness e Attrezzatura",Tavolo,B07PHZ37LX,0,40,88
"Portastecche da Parete, Porta Stecche da Biliardo, Accessori da Biliardo | Porta Biliardo in Legno a Parete con 4 Clip per Bi",https://www.amazon.it/dp/B0HBJQ6561?tag=offertissimes-21,28.4,38.34,25.9,28.4,"Sport, Fitness e Attrezzatura","Sport, Fitness e Attrezzatura",Portastecche,B0HBJQ6561,0,40,88
"Estensione per Stecca da Biliardo, prolunga per Stecca da Biliardo Accessori per Biliardo telescopico Estensione per Stecca d",https://www.amazon.it/dp/B08ZSXNLW7?tag=offertissimes-21,13.99,18.89,25.9,13.99,"Sport, Fitness e Attrezzatura","Sport, Fitness e Attrezzatura",Estensione,B08ZSXNLW7,0,40,88
"WRELS Guanti da biliardo professionali antiscivolo per mano sinistra, 3 dita, regolabili, per uomo e donna",https://www.amazon.it/dp/B0GJCCQ5PD?tag=offertissimes-21,7.99,10.79,25.9,7.99,"Sport, Fitness e Attrezzatura","Sport, Fitness e Attrezzatura",WRELS,B0GJCCQ5PD,0,40,88
"GYCAQAC Punte per Stecca da Biliardo, 20 Pezzi, Nessuna Colla o Attrezzi Richiesti, Punte Di Ricambio Per Tacchetta Da Biliar",https://www.amazon.it/dp/B0GQ9J84GC?tag=offertissimes-21,15.93,21.51,25.9,15.93,"Sport, Fitness e Attrezzatura","Sport, Fitness e Attrezzatura",GYCAQAC,B0GQ9J84GC,0,40,88
"Prasacco - 24 pezzi di puntali per stecca da biliardo, puntali di ricambio, si infilano semplicemente, 13 mm",https://www.amazon.it/dp/B0B2HZS968?tag=offertissimes-21,16.99,22.94,25.9,16.99,"Sport, Fitness e Attrezzatura","Sport, Fitness e Attrezzatura",Prasacco,B0B2HZS968,0,40,88
CUESOUL 10pcs / Set 3 Finger Gloves Biliardo Snooker Cue Guanti,https://www.amazon.it/dp/B00RMLW0AI?tag=offertissimes-21,11.56,15.61,25.9,11.56,"Sport, Fitness e Attrezzatura","Sport, Fitness e Attrezzatura",CUESOUL,B00RMLW0AI,0,40,88
"XIHIRCD 40pz Punte per Stecche da Biliardo, Punte del Bastone da Biliardo in 4 Dimensioni Senza Colla o Attrezzi Richiesti 9m",https://www.amazon.it/dp/B0CZ9CK2NC?tag=offertissimes-21,13.31,17.97,25.9,13.31,"Sport, Fitness e Attrezzatura","Sport, Fitness e Attrezzatura",XIHIRCD,B0CZ9CK2NC,0,40,88
"PowerGlide Snooker, Pool or Billiards Triangle Ball Rack | 10 or 15 Ball Capacity | Black Plastic",https://www.amazon.it/dp/B0051CMQRM?tag=offertissimes-21,9.99,13.49,25.9,9.99,"Sport, Fitness e Attrezzatura","Sport, Fitness e Attrezzatura",PowerGlide,B0051CMQRM,0,40,88
"DGMI 8 in 1 Stecca da Biliardo Strumento di Riparazione,Multifunzionale Punta da Biliardo Strumento,Biliardo Pool Cue Puntali",https://www.amazon.it/dp/B0DYMZ6CPR?tag=offertissimes-21,113.95,153.83,25.9,113.95,"Sport, Fitness e Attrezzatura","Sport, Fitness e Attrezzatura",DGMI,B0DYMZ6CPR,0,40,88
"SPORTNOW Tavolo da biliardo pieghevole per adulti, 120 x 63 x 73,5 cm | Tavolo da biliardo, 2 stecche, 16 palline, gesso e tr",https://www.amazon.it/dp/B0G5L2G2Q8?tag=offertissimes-21,119.99,161.99,25.9,119.99,"Sport, Fitness e Attrezzatura","Sport, Fitness e Attrezzatura",SPORTNOW,B0G5L2G2Q8,0,40,88
"KHEALING Stecca da Biliardo Professionale con Decalcomania in Fibra di Carbonio Nera, Diametro Testa 12,5 mm, 147 cm, per Sal",https://www.amazon.it/dp/B0DM5GTVSK?tag=offertissimes-21,9.59,12.95,25.9,9.59,"Sport, Fitness e Attrezzatura","Sport, Fitness e Attrezzatura",KHEALING,B0DM5GTVSK,0,40,88
"Borsa per Stecca da Biliardo, Pool Cue Bag, Stecca da Biliardo Borsa, Portatile per Stecche da Biliardo Borsa per il Bastonci",https://www.amazon.it/dp/B0BPGSBGD9?tag=offertissimes-21,16.95,22.88,25.9,16.95,"Sport, Fitness e Attrezzatura","Sport, Fitness e Attrezzatura",Borsa,B0BPGSBGD9,0,40,88
Snooker Evolution Biliardo da Biliardo da Tavolo da Biliardo Maglietta,https://www.amazon.it/dp/B08SL9Q9SH?tag=offertissimes-21,179.99,242.99,25.9,179.99,"Sport, Fitness e Attrezzatura","Sport, Fitness e Attrezzatura",Snooker,B08SL9Q9SH,0,40,88
"Set da tavolo multi-gioco 5 in 1 per bambini, ping-pong, biliardo, biliardino, hockey su scivolo, tiro al basket interattivo",https://www.amazon.it/dp/B09WV7N34V?tag=offertissimes-21,17.79,24.02,25.9,17.79,"Sport, Fitness e Attrezzatura","Sport, Fitness e Attrezzatura",Set,B09WV7N34V,0,40,88
Set di pennelli per biliardo e rotaia con stecca da biliardo in tessuto,https://www.amazon.it/dp/B08V5L494D?tag=offertissimes-21,35.33,47.7,25.9,35.33,"Sport, Fitness e Attrezzatura","Sport, Fitness e Attrezzatura",Set,B08V5L494D,0,40,88
"aramith Pool Replacement Ball 2 1/4"" – Scegli Il Tuo Numero Palla",https://www.amazon.it/dp/B07K2HQ6MJ?tag=offertissimes-21,19.99,26.99,25.9,19.99,"Sport, Fitness e Attrezzatura","Sport, Fitness e Attrezzatura",aramith,B07K2HQ6MJ,0,40,88
KONLLEN Punta da Biliardo Rainbow con Punta Trasparente SX/SS/S/M/MH/H 11 mm/14 mm 9 Strati Accessorio per Stecca da Biliardo,https://www.amazon.it/dp/B0B8NK6K8D?tag=offertissimes-21,12.79,17.27,25.9,12.79,"Sport, Fitness e Attrezzatura","Sport, Fitness e Attrezzatura",KONLLEN,B0B8NK6K8D,0,40,88
"FHRYNA 40 protezioni per punte di stecca da biliardo, dimensioni 9/10/11/12 mm, senza colla",https://www.amazon.it/dp/B0GRVMYWFW?tag=offertissimes-21,19.99,26.99,25.9,19.99,"Sport, Fitness e Attrezzatura","Sport, Fitness e Attrezzatura",FHRYNA,B0GRVMYWFW,0,40,88
"PATIKIL Punte per stecca da biliardo, punte di ricambio per stecca da biliardo per stecca da biliardo",https://www.amazon.it/dp/B0BNGB936S?tag=offertissimes-21,19.99,26.99,25.9,19.99,"Sport, Fitness e Attrezzatura","Sport, Fitness e Attrezzatura",PATIKIL,B0BNGB936S,0,40,88
"napz Candioli GASTROCURE 2,6 kg per cavalli per la protezione quotidiana dello",https://www.amazon.it/dp/B07BDGNK74?tag=offertissimes-21,82.83,111.82,25.9,82.83,"Sport, Fitness e Attrezzatura","Sport, Fitness e Attrezzatura",napz,B07BDGNK74,0,40,88
FM Italia Grasso per Cuoio 1000 ml,https://www.amazon.it/dp/B08B1WN66Z?tag=offertissimes-21,17.25,23.29,25.9,17.25,"Sport, Fitness e Attrezzatura","Sport, Fitness e Attrezzatura",FM,B08B1WN66Z,0,40,88
Generico Vetra-Mil 100g - Pomata a Base di Miele coadiuvante nella Riparazione tissutale di lesioni superficiali e Profonde d,https://www.amazon.it/dp/B0DJ199ZCT?tag=offertissimes-21,43.0,58.05,25.9,43.0,"Sport, Fitness e Attrezzatura","Sport, Fitness e Attrezzatura",Generico,B0DJ199ZCT,0,40,88
"ON-H Natural Clay Argilla Verde per Cavalli 1 kg | Impacco Naturale per Muscoli, Tendini e Articolazioni | Effetto Rinfrescan",https://www.amazon.it/dp/B0H2WQ6K1N?tag=offertissimes-21,32.0,43.2,25.9,32.0,"Sport, Fitness e Attrezzatura","Sport, Fitness e Attrezzatura",ON-H,B0H2WQ6K1N,0,40,88
"Covalliero Coprisella, Coprisella, Inglese, Nero, Full, Cotone, Cavallo, Lavabile in Lavatrice a 30°C",https://www.amazon.it/dp/B0029OP9HO?tag=offertissimes-21,8.84,11.93,25.9,8.84,"Sport, Fitness e Attrezzatura","Sport, Fitness e Attrezzatura",Covalliero,B0029OP9HO,0,40,88
"Roeckl Sports Guanti da equitazione ROECK-GRIP, Unisex",https://www.amazon.it/dp/B07JQGPGFV?tag=offertissimes-21,50.79,68.57,25.9,50.79,"Sport, Fitness e Attrezzatura","Sport, Fitness e Attrezzatura",Roeckl,B07JQGPGFV,0,40,88
"Wild Horses | Salviette Cuoio & Finimenti con Cera d'Api e Glicerina, Salviette Pronte all'Uso Imbevute con Cera d’Api, Lucid",https://www.amazon.it/dp/B0DJTC95WY?tag=offertissimes-21,17.99,24.29,25.9,17.99,"Sport, Fitness e Attrezzatura","Sport, Fitness e Attrezzatura",Wild,B0DJTC95WY,0,40,88
"MENFORSAN Shampoo alla biotina per cavalli, 1L | BIO - Vegan friendly - 100% naturale | PREMIUM HORSE CARE",https://www.amazon.it/dp/B0CF2623LG?tag=offertissimes-21,16.59,22.4,25.9,16.59,"Sport, Fitness e Attrezzatura","Sport, Fitness e Attrezzatura",MENFORSAN,B0CF2623LG,0,40,88
"CATZUM Frustino in Pelle con Frange per Equitazione, Allenamento Cavalli e Spettacoli, Frustino Corto in Pelle con Frange (Ne",https://www.amazon.it/dp/B0GS9PK1DS?tag=offertissimes-21,8.49,11.46,25.9,8.49,"Sport, Fitness e Attrezzatura","Sport, Fitness e Attrezzatura",CATZUM,B0GS9PK1DS,0,40,88
"12 Rotoli Benda Elastica Coesiva 10cm x4.5m, Bendaggio Adesiva Sportivo Non Tessuto Autoadesivo Benda Salvapelle Fasciature p",https://www.amazon.it/dp/B0FNMLN33N?tag=offertissimes-21,12.99,17.54,25.9,12.99,"Sport, Fitness e Attrezzatura","Sport, Fitness e Attrezzatura",12,B0FNMLN33N,0,40,88
KLEVER BALLISTOL | Polvere sbiancante per trofei,https://www.amazon.it/dp/B009NR3CAQ?tag=offertissimes-21,12.5,16.88,25.9,12.5,"Sport, Fitness e Attrezzatura","Sport, Fitness e Attrezzatura",KLEVER,B009NR3CAQ,0,40,88
"ALPIDEX 6 Rotoli Benda Autoadesiva Elastica 5 cm x 4,5 m Bianco | Vet Wrap, Delicata sulla Pelle, Senza Lattice, Impermeabile",https://www.amazon.it/dp/B0B69FRB56?tag=offertissimes-21,8.99,12.14,25.9,8.99,"Sport, Fitness e Attrezzatura","Sport, Fitness e Attrezzatura",ALPIDEX,B0B69FRB56,0,40,88
"QWORK® 2 Pezzi Striglia a Spirale, Spazzola per Cavalli, 4 Anelli, con Impugnatura Soft Touch",https://www.amazon.it/dp/B0DYP4L9SQ?tag=offertissimes-21,10.75,14.51,25.9,10.75,"Sport, Fitness e Attrezzatura","Sport, Fitness e Attrezzatura",QWORK,B0DYP4L9SQ,0,40,88
"RDDAIPE 16 Rotoli Benda Elastica Autoadesiva, 5cmx4,5m Benda Elastica Coesiva, Nastro Crossfit, Garza Adesiva Coesiva Benda p",https://www.amazon.it/dp/B0DNSRSKNV?tag=offertissimes-21,12.99,17.54,25.9,12.99,"Sport, Fitness e Attrezzatura","Sport, Fitness e Attrezzatura",RDDAIPE,B0DNSRSKNV,0,40,88
"Wild Horses | Crema Gel Geranio & Citronella con Oli Essenziali, Azione Barriera contro gli Insetti, per un Manto Lucido e Pr",https://www.amazon.it/dp/B0CSP8GLNJ?tag=offertissimes-21,16.39,22.13,25.9,16.39,"Sport, Fitness e Attrezzatura","Sport, Fitness e Attrezzatura",Wild,B0CSP8GLNJ,0,40,88
"Cavallo Biotin Zinc Liquido 1000 ml - Cura per pelle, pelo e zoccoli dei cavalli - Biotina, zinco e MSM liquidi per un manto",https://www.amazon.it/dp/B09GBLS39B?tag=offertissimes-21,32.85,44.35,25.9,32.85,"Sport, Fitness e Attrezzatura","Sport, Fitness e Attrezzatura",Cavallo,B09GBLS39B,0,40,88
Pharmakas Pedocan Olio zoc. 475ml con Pennello,https://www.amazon.it/dp/B0BVLC4WQW?tag=offertissimes-21,12.7,17.14,25.9,12.7,"Sport, Fitness e Attrezzatura","Sport, Fitness e Attrezzatura",Pharmakas,B0BVLC4WQW,0,40,88
Fly Stop Repellente Cavalli 1000 ml,https://www.amazon.it/dp/B07F8ZD97S?tag=offertissimes-21,21.99,29.69,25.9,21.99,"Sport, Fitness e Attrezzatura","Sport, Fitness e Attrezzatura",Fly,B07F8ZD97S,0,40,88
NBF Lanes | Ribes Ultra Emulsione Horse - Lenitivo per Pelle Irritata con Ceramidi e Acidi Grassi Essenziali,https://www.amazon.it/dp/B08777JPCY?tag=offertissimes-21,29.0,39.15,25.9,29.0,"Sport, Fitness e Attrezzatura","Sport, Fitness e Attrezzatura",NBF,B08777JPCY,0,40,88
"baleaf Pantaloni da Equitazione Invernali da Donna, in Pile, con Chiusura Lampo",https://www.amazon.it/dp/B0C7V7KCN4?tag=offertissimes-21,42.99,58.04,25.9,42.99,"Sport, Fitness e Attrezzatura","Sport, Fitness e Attrezzatura",baleaf,B0C7V7KCN4,0,40,88
Vetramil Potevoks 120 g.,https://www.amazon.it/dp/B01LYFA09H?tag=offertissimes-21,20.81,28.09,25.9,20.81,"Sport, Fitness e Attrezzatura","Sport, Fitness e Attrezzatura",Vetramil,B01LYFA09H,0,40,88
"Covalliero Scatola per la toelettatura, Riempita con 8 pezzi, Borsa per la toelettatura, Sacchetto per la pulizia, per bambin",https://www.amazon.it/dp/B0042IAX4Y?tag=offertissimes-21,18.84,25.43,25.9,18.84,"Sport, Fitness e Attrezzatura","Sport, Fitness e Attrezzatura",Covalliero,B0042IAX4Y,0,40,88
Arnica per Cavalli 98.2% Gel Raffreddante 500ml Azione Intensa con Artiglio del Diavolo Aloe Vera Mentolo Defaticante Muscola,https://www.amazon.it/dp/B0C9G6CNQF?tag=offertissimes-21,19.99,26.99,25.9,19.99,"Sport, Fitness e Attrezzatura","Sport, Fitness e Attrezzatura",Arnica,B0C9G6CNQF,0,40,88
ANAMPION 9 Rotoli 7.5cmX4.5M Benda Elastica Coesiva | Non Tessuti Bende Elastiche Bendaggio Adesiva Coesiva Nastro Bendaggio,https://www.amazon.it/dp/B0DRJFXBZK?tag=offertissimes-21,16.99,22.94,25.9,16.99,"Sport, Fitness e Attrezzatura","Sport, Fitness e Attrezzatura",ANAMPION,B0DRJFXBZK,0,40,88
"oneisall tosatrice per cavalli pelo lungo professionale Rasoio per cavalli, Tagliacane silenzioso, tagliacapelli professional",https://www.amazon.it/dp/B0BLHCY96J?tag=offertissimes-21,39.99,53.99,25.9,39.99,"Sport, Fitness e Attrezzatura","Sport, Fitness e Attrezzatura",oneisall,B0BLHCY96J,0,40,88
Cavezza per puledro Mini Shetty Cavezza per cavallo in legno – Cavezza per puledro regolabile in 2 posizioni su mento e collo,https://www.amazon.it/dp/B09R3V28ZN?tag=offertissimes-21,14.51,19.59,25.9,14.51,"Sport, Fitness e Attrezzatura","Sport, Fitness e Attrezzatura",Cavezza,B09R3V28ZN,0,40,88
"Wild Horses | Lozione Spray Repellente Zanzare e Antiparassitario per Cavalli, 100% Naturale, 500ml, Made in Italy (Geranio e",https://www.amazon.it/dp/B0B6STY32K?tag=offertissimes-21,14.54,19.63,25.9,14.54,"Sport, Fitness e Attrezzatura","Sport, Fitness e Attrezzatura",Wild,B0B6STY32K,0,40,88
"Setablu Balsamo di Cavallo Gel Effetto Riscaldante – Gel Massaggio Muscolare con Estratto di Ippocastano e Glicerina, Solliev",https://www.amazon.it/dp/B09RV6T5RZ?tag=offertissimes-21,7.97,10.76,25.9,7.97,"Sport, Fitness e Attrezzatura","Sport, Fitness e Attrezzatura",Setablu,B09RV6T5RZ,0,40,88
"WINXMIN 50 Pezzi Chiodo a Ferro di Cavallo,sale per cavalli, 51 mm Chiodi per Zoccoli, Acciaio Carbonio, non Facile Arruggini",https://www.amazon.it/dp/B0GVFRXL7J?tag=offertissimes-21,10.99,14.84,25.9,10.99,"Sport, Fitness e Attrezzatura","Sport, Fitness e Attrezzatura",WINXMIN,B0GVFRXL7J,0,40,88
"Adattatore Pompa Sup,Adattatore Sup Compressore Adatto 8 Valvola Dell'Aria,Accessori Sup Per Pompa Materassino Tavola Surf Pa",https://www.amazon.it/dp/B0F28QHB6W?tag=offertissimes-21,11.99,16.19,25.9,11.99,"Sport, Fitness e Attrezzatura","Sport, Fitness e Attrezzatura",Adattatore,B0F28QHB6W,0,40,88
"HUAREW Adattatore per Pompa di SUP, Adattatore per Kayak, Convertitore di Valvola d'Aria Multifunzionale Gonfiabile per Tavol",https://www.amazon.it/dp/B0FGX1Q3ZK?tag=offertissimes-21,7.99,10.79,25.9,7.99,"Sport, Fitness e Attrezzatura","Sport, Fitness e Attrezzatura",HUAREW,B0FGX1Q3ZK,0,40,88
"OFFCUP Adattatore per Pompa Valvola SUP Adattatore Pompa, Adattatore per Valvola Adattatore Compressore per Tavola SUP, Gommo",https://www.amazon.it/dp/B0FDKRG1Q3?tag=offertissimes-21,11.49,15.51,25.9,11.49,"Sport, Fitness e Attrezzatura","Sport, Fitness e Attrezzatura",OFFCUP,B0FDKRG1Q3,0,40,88
Bassdash Astro Heavy Duty Sure Grip Guanti da Pesca Guanti da Uomo Donna Senza Dita per Gioco Pesca Kayak Paddling Vela MTB,https://www.amazon.it/dp/B0H83TFZJY?tag=offertissimes-21,17.98,24.27,25.9,17.98,"Sport, Fitness e Attrezzatura","Sport, Fitness e Attrezzatura",Bassdash,B0H83TFZJY,0,40,88
Intex Explorer Pro Inflatable Boat,https://www.amazon.it/dp/B005DUW6L8?tag=offertissimes-21,29.99,40.49,25.9,29.99,"Sport, Fitness e Attrezzatura","Sport, Fitness e Attrezzatura",Intex,B005DUW6L8,0,40,88
"Kit Giubbotti di Salvataggio per Imarcazioni (omologati, obbligatori) per Barca, Gommone, Vela, Nautica",https://www.amazon.it/dp/B0CZ747NKL?tag=offertissimes-21,35.0,47.25,25.9,35.0,"Sport, Fitness e Attrezzatura","Sport, Fitness e Attrezzatura",Kit,B0CZ747NKL,0,40,88
Abahub Paddle Leash 1/2PCS Kayak Paddle Leash Guinzaglio di Sicurezza Corda di Sicurezza Elastica con moschettone per SUP Kay,https://www.amazon.it/dp/B0DX1QLQ5Q?tag=offertissimes-21,7.99,10.79,25.9,7.99,"Sport, Fitness e Attrezzatura","Sport, Fitness e Attrezzatura",Abahub,B0DX1QLQ5Q,0,40,88
Supporto Sonar Deeper per Barche radiocomandate Accessori per pesca alla carpa per Barche radiocomandate compatibili con il s,https://www.amazon.it/dp/B0B1VXSPWB?tag=offertissimes-21,37.45,50.56,25.9,37.45,"Sport, Fitness e Attrezzatura","Sport, Fitness e Attrezzatura",Supporto,B0B1VXSPWB,0,40,88
Owntop Aiuto al Galleggiamento per Adulti | Giubbotto Galleggiante in Neoprene Leggero | Gilet Sportivo Pieghevole con Doppie,https://www.amazon.it/dp/B0G2452W5Y?tag=offertissimes-21,58.99,79.64,25.9,58.99,"Sport, Fitness e Attrezzatura","Sport, Fitness e Attrezzatura",Owntop,B0G2452W5Y,0,40,88
DHWEKU 6 PCS Portachiavi Spirale Portachiavi a Molla Spirale con Moschettone Portachiavi Estensibile Cordini da Pesca Cordino,https://www.amazon.it/dp/B0D2RMY8K4?tag=offertissimes-21,8.99,12.14,25.9,8.99,"Sport, Fitness e Attrezzatura","Sport, Fitness e Attrezzatura",DHWEKU,B0D2RMY8K4,0,40,88
"QWORK® 2 Pezzi Porta Canna da Pesca - Regolabile a 360 Gradi - Montaggio Orizzontalmente/su Pareti/su Rotaie - per Ringhiere,",https://www.amazon.it/dp/B0C5R4H16R?tag=offertissimes-21,22.86,30.86,25.9,22.86,"Sport, Fitness e Attrezzatura","Sport, Fitness e Attrezzatura",QWORK,B0C5R4H16R,0,40,88
"Owntop Aiuti di Galleggiamento Adulti, Schiuma Giubbotto di Galleggiamento con Cinturino all'imbracatura Tasca interna Unisex",https://www.amazon.it/dp/B0GV4SQWC8?tag=offertissimes-21,62.99,85.04,25.9,62.99,"Sport, Fitness e Attrezzatura","Sport, Fitness e Attrezzatura",Owntop,B0GV4SQWC8,0,40,88
Owntop Giubbotto Galleggiante per Adulti | Aiuto al Galleggiamento in Neoprene Pieghevole con Doppie Cinghie in Vita | Gilet,https://www.amazon.it/dp/B0G23ZGMWP?tag=offertissimes-21,59.99,80.99,25.9,59.99,"Sport, Fitness e Attrezzatura","Sport, Fitness e Attrezzatura",Owntop,B0G23ZGMWP,0,40,88
"Abahub Pagaia Kayak 210–230/230-250 cm, Regolabile, Alluminio, Doppio Remo | Alluminio per gambo, lame in plastica, 12 colori",https://www.amazon.it/dp/B0DK16S2XX?tag=offertissimes-21,44.99,60.74,25.9,44.99,"Sport, Fitness e Attrezzatura","Sport, Fitness e Attrezzatura",Abahub,B0DK16S2XX,0,40,88
"Intex Explorer K2 Kayak, 2-Person Inflatable Kayak Set with Aluminum Oars and High Output Air Pump",https://www.amazon.it/dp/B00AIQ8LGG?tag=offertissimes-21,113.07,152.64,25.9,113.07,"Sport, Fitness e Attrezzatura","Sport, Fitness e Attrezzatura",Intex,B00AIQ8LGG,0,40,88
"Owntop Aiuti per La Galleggiabilità per Adulti e Adolescenti con Zaino Idratazione, Fischietto e Tasche - Giubbotto Galleggia",https://www.amazon.it/dp/B0G13C7H1G?tag=offertissimes-21,59.99,80.99,25.9,59.99,"Sport, Fitness e Attrezzatura","Sport, Fitness e Attrezzatura",Owntop,B0G13C7H1G,0,40,88
"PEUTIER 4pz Tappi di Scarico per Barche, Tappi di Scarico con Filo in Nylon da 1,9cm di Diametro Kit di Tappi per Ombrinali p",https://www.amazon.it/dp/B0D9PVKS3H?tag=offertissimes-21,11.99,16.19,25.9,11.99,"Sport, Fitness e Attrezzatura","Sport, Fitness e Attrezzatura",PEUTIER,B0D9PVKS3H,0,40,88
"VEVOR Carrello Porta Barca Kayak Canoe in Alluminio capacità Carico con Ruote Design Staccabile, Carrello Porta Kayak con Cin",https://www.amazon.it/dp/B0FQ61NPBJ?tag=offertissimes-21,34.3,46.3,25.9,34.3,"Sport, Fitness e Attrezzatura","Sport, Fitness e Attrezzatura",VEVOR,B0FQ61NPBJ,0,40,88
"JRILUO 2 PCS Adattatori Valvola SUP per Pompa E Compressore, Accessori Gonfiaggio Paddle Board, Kit Adattatori Universali per",https://www.amazon.it/dp/B0FN83BS5Z?tag=offertissimes-21,7.89,10.65,25.9,7.89,"Sport, Fitness e Attrezzatura","Sport, Fitness e Attrezzatura",JRILUO,B0FN83BS5Z,0,40,88
"Adattatore Pompa SUP, Valvola per Paddleboard, Kayak e Canoe",https://www.amazon.it/dp/B0FHPDWY6Y?tag=offertissimes-21,7.88,10.64,25.9,7.88,"Sport, Fitness e Attrezzatura","Sport, Fitness e Attrezzatura",Adattatore,B0FHPDWY6Y,0,40,88
"Seibertron Unisex Guanti da Arrampicata Mezza Dita Imbottiti Leggeri e Traspiranti per Arrampicata, Salvataggio, Avventura, V",https://www.amazon.it/dp/B081TT955Z?tag=offertissimes-21,20.99,28.34,25.9,20.99,"Sport, Fitness e Attrezzatura","Sport, Fitness e Attrezzatura",Seibertron,B081TT955Z,0,40,88
"AJNZAU 2 Pezzi Pompa Sup, Robusto E Durevole Forte Tenuta, Adattatore Pompa Aria Per Barche Da Pesca, Gommoni (Plastica, 2 Pe",https://www.amazon.it/dp/B0H35JV322?tag=offertissimes-21,9.99,13.49,25.9,9.99,"Sport, Fitness e Attrezzatura","Sport, Fitness e Attrezzatura",AJNZAU,B0H35JV322,0,40,88
"FitsT4 - Guanti da vela a 3/4, con impugnatura a 3/4, ideali per vela, yachting, paddling, kayak, pesca, sport acquatici per",https://www.amazon.it/dp/B07JPGX3V1?tag=offertissimes-21,39.99,53.99,25.9,39.99,"Sport, Fitness e Attrezzatura","Sport, Fitness e Attrezzatura",FitsT4,B07JPGX3V1,0,40,88
Abahub 218/230/241 cm Pagaia Kayak Alluminio Doppia Remi Kayak Paddle Pagaie da Kayak con Paddle Line per Kayak Barca a Remi,https://www.amazon.it/dp/B086LDL156?tag=offertissimes-21,47.99,64.79,25.9,47.99,"Sport, Fitness e Attrezzatura","Sport, Fitness e Attrezzatura",Abahub,B086LDL156,0,40,88
"VEVOR Carrello Porta Barca Kayak Canoe in Alluminio capacità Carico Design Staccabile, Carrello Porta Kayak con Cinghie di Fi",https://www.amazon.it/dp/B0FKHCH1KL?tag=offertissimes-21,42.9,57.91,25.9,42.9,"Sport, Fitness e Attrezzatura","Sport, Fitness e Attrezzatura",VEVOR,B0FKHCH1KL,0,40,88
Helly Hansen Unisex Glove Sailing Short,https://www.amazon.it/dp/B01N8W6V10?tag=offertissimes-21,31.72,42.82,25.9,31.72,"Sport, Fitness e Attrezzatura","Sport, Fitness e Attrezzatura",Helly,B01N8W6V10,0,40,88
"JeoPoom Adattatore per pompa di supporto, adattatore per kayak, adattatore per valvola, convertitore di valvola d'aria multif",https://www.amazon.it/dp/B09D364SLJ?tag=offertissimes-21,12.99,17.54,25.9,12.99,"Sport, Fitness e Attrezzatura","Sport, Fitness e Attrezzatura",JeoPoom,B09D364SLJ,0,40,88
"Kasmole Kayak Vela - Vela a da 42 Pollici per pagaia per Kayak - Facile Installazione e distribuzione Rapida, Accessorio per",https://www.amazon.it/dp/B0C2WGWVZK?tag=offertissimes-21,19.83,26.77,25.9,19.83,"Sport, Fitness e Attrezzatura","Sport, Fitness e Attrezzatura",Kasmole,B0C2WGWVZK,0,40,88
OVERMONT Pagaia per Kayak Pagaia Canoa in Alluminio,https://www.amazon.it/dp/B07BN9BXL1?tag=offertissimes-21,28.72,38.77,25.9,28.72,"Sport, Fitness e Attrezzatura","Sport, Fitness e Attrezzatura",OVERMONT,B07BN9BXL1,0,40,88
"Puleggia, Bozzello per Barche a Vela, Carrucola Marina Silenziosa per Canoe (Senza bloccaggio)",https://www.amazon.it/dp/B0D64V2G7N?tag=offertissimes-21,19.99,26.99,25.9,19.99,"Sport, Fitness e Attrezzatura","Sport, Fitness e Attrezzatura",Puleggia,B0D64V2G7N,0,40,88
"IMLDUY 2 Pezzi Adattatore Pompa Kayak, Adattatore Valvola per Gommone Gonfiabile, Raccordo per Pompa a Pedale Compatibile con",https://www.amazon.it/dp/B0HDT1DR86?tag=offertissimes-21,9.99,13.49,25.9,9.99,"Sport, Fitness e Attrezzatura","Sport, Fitness e Attrezzatura",IMLDUY,B0HDT1DR86,0,40,88
"Icyowls 2 Pezzi Adattatore valvola SUP – per compressore, Pompa Bici o gonfiatore, per Stand up Paddle, Kayak, Barca, gommone",https://www.amazon.it/dp/B0FNL43KH1?tag=offertissimes-21,8.29,11.19,25.9,8.29,"Sport, Fitness e Attrezzatura","Sport, Fitness e Attrezzatura",Icyowls,B0FNL43KH1,0,40,88
"Intex 59623 - Coppia di Remi, Alluminio e PVC, 122 cm",https://www.amazon.it/dp/B0000VVB4S?tag=offertissimes-21,16.0,21.6,25.9,16.0,"Sport, Fitness e Attrezzatura","Sport, Fitness e Attrezzatura",Intex,B0000VVB4S,0,40,88
Barre per Portapacchi da Tetto Morbido Universali per Auto per Trasporto Kayak/Tavola da Surf/Sci con Cinghie di Ormeggio e B,https://www.amazon.it/dp/B0BFHQMZR9?tag=offertissimes-21,58.99,79.64,25.9,58.99,"Sport, Fitness e Attrezzatura","Sport, Fitness e Attrezzatura",Barre,B0BFHQMZR9,0,40,88
"4 Pezzi Portachiavi in Sughero, 35mm Portachiavi Sughero Galleggiante | Galleggiante Chiave Leggero Accessori Sport Acquatici",https://www.amazon.it/dp/B0FH6JMQG2?tag=offertissimes-21,9.99,13.49,25.9,9.99,"Sport, Fitness e Attrezzatura","Sport, Fitness e Attrezzatura",4,B0FH6JMQG2,0,40,88
"Restokki Toppa di riparazione in PVC, Non-self-adhesive toppa di riparazione per gommone Kit di riparazione per barche per pi",https://www.amazon.it/dp/B09BQV7C6F?tag=offertissimes-21,10.29,13.89,25.9,10.29,"Sport, Fitness e Attrezzatura","Sport, Fitness e Attrezzatura",Restokki,B09BQV7C6F,0,40,88
"1 patch di riparazione in PVC, patch di kayak addimensionali ad ispessioni da 5x100 cm Patch di riparazione gonfiabile in pvc",https://www.amazon.it/dp/B0FLXZ422W?tag=offertissimes-21,13.99,18.89,25.9,13.99,"Sport, Fitness e Attrezzatura","Sport, Fitness e Attrezzatura",1,B0FLXZ422W,0,40,88
Northcore Cuscinetti per Barre sul Tetto ad Ampia Copertura per Camuffamento,https://www.amazon.it/dp/B07QS19J8R?tag=offertissimes-21,25.99,35.09,25.9,25.99,"Sport, Fitness e Attrezzatura","Sport, Fitness e Attrezzatura",Northcore,B07QS19J8R,0,40,88
"SWYZOR 4 Pezzi Portachiavi Galleggiante, Per Barca e Mare, Compatto e Portatile, Proteggere le Chiavi o Piccoli Oggetti che A",https://www.amazon.it/dp/B0GTBCZ3H3?tag=offertissimes-21,7.99,10.79,25.9,7.99,"Sport, Fitness e Attrezzatura","Sport, Fitness e Attrezzatura",SWYZOR,B0GTBCZ3H3,0,40,88
"MMOBIEL Cuscino Antiscivolo per Sedile Kayak Cuscino Impermeabile per Sedile in Gel - Seduta portatile a U per Kayak, Barca,",https://www.amazon.it/dp/B0DJMN1J9Y?tag=offertissimes-21,32.99,44.54,25.9,32.99,"Sport, Fitness e Attrezzatura","Sport, Fitness e Attrezzatura",MMOBIEL,B0DJMN1J9Y,0,40,88
"Intex Kayak Unisex Multicolore, Taglia Unica",https://www.amazon.it/dp/B08DJ8R3RQ?tag=offertissimes-21,127.62,172.29,25.9,127.62,"Sport, Fitness e Attrezzatura","Sport, Fitness e Attrezzatura",Intex,B08DJ8R3RQ,0,40,88
"MOPHOEXII - Guinzaglio per kayak, leggero, a spirale, per SUP, kayak, canoa, pesca, canottaggio",https://www.amazon.it/dp/B0C4SXY84L?tag=offertissimes-21,6.84,9.23,25.9,6.84,"Sport, Fitness e Attrezzatura","Sport, Fitness e Attrezzatura",MOPHOEXII,B0C4SXY84L,0,40,88
"Telo di copertura per kayak, telo di protezione antipolvere per canoa, telo di protezione UV per pozzetto della canoa, teli d",https://www.amazon.it/dp/B0GVMWTG9Y?tag=offertissimes-21,41.29,55.74,25.9,41.29,"Sport, Fitness e Attrezzatura","Sport, Fitness e Attrezzatura",Telo,B0GVMWTG9Y,0,40,88
"Aiuto al Galleggiamento Adulti, Giubbotto Solido, Ideale per Sport Acquatici, kayak, Sup, Canottaggio, Snorkeling",https://www.amazon.it/dp/B08YJNBQYL?tag=offertissimes-21,25.99,35.09,25.9,25.99,"Sport, Fitness e Attrezzatura","Sport, Fitness e Attrezzatura",Aiuto,B08YJNBQYL,0,40,88
"Rmeet Adattatore per pompa SUP, 2 adattatori per valvole per gommoni e | Adattatore per pompe ad aria con chiusura ermetica,",https://www.amazon.it/dp/B0H4SV5V3X?tag=offertissimes-21,52.99,71.54,25.9,52.99,"Sport, Fitness e Attrezzatura","Sport, Fitness e Attrezzatura",Rmeet,B0H4SV5V3X,0,40,88
Owntop Gilet da Nuoto Junior | Aiuto al Galleggiamento per Ragazzi e Bambini | Giubbotto Galleggiante in Neoprene Leggero con,https://www.amazon.it/dp/B0G1LZ2LSK?tag=offertissimes-21,31.1,41.99,25.9,31.1,"Sport, Fitness e Attrezzatura","Sport, Fitness e Attrezzatura",Owntop,B0G1LZ2LSK,0,40,88
"Lomo Borsa galleggiante per kayak – Portello principale, taglia 14",https://www.amazon.it/dp/B06XS1BZLZ?tag=offertissimes-21,64.9,87.62,25.9,64.9,"Sport, Fitness e Attrezzatura","Sport, Fitness e Attrezzatura",Lomo,B06XS1BZLZ,0,40,88
"12skipper giubbotto di salvataggio automatico 165N ISO, rosso",https://www.amazon.it/dp/B07ZCT8NCD?tag=offertissimes-21,34.46,46.52,25.9,34.46,"Sport, Fitness e Attrezzatura","Sport, Fitness e Attrezzatura",12skipper,B07ZCT8NCD,0,40,88
OVERMONT Aluminum Alloy SUP Paddle - 3 Piece Adjustable Stand Up Paddleboard Paddle,https://www.amazon.it/dp/B088BHC974?tag=offertissimes-21,15.0,20.25,25.9,15.0,"Sport, Fitness e Attrezzatura","Sport, Fitness e Attrezzatura",OVERMONT,B088BHC974,0,40,88
Wiltec Supporto a Parete Porta Canoa Kayak tavola da Surf Staffe con Montaggio a Muro,https://www.amazon.it/dp/B07KX5SBKJ?tag=offertissimes-21,20.87,28.17,25.9,20.87,"Sport, Fitness e Attrezzatura","Sport, Fitness e Attrezzatura",Wiltec,B07KX5SBKJ,0,40,88
"Lalizas 70991 Giubbotto di Salvataggio, Unisex Adulto, Arancione, Universale",https://www.amazon.it/dp/B005UZY010?tag=offertissimes-21,499.99,674.99,25.9,499.99,"Sport, Fitness e Attrezzatura","Sport, Fitness e Attrezzatura",Lalizas,B005UZY010,0,40,88
BUZIFU 2 Pezzi Valvola dell'Aria Gonfiabile Valvola Tappo a Vite Gommone Barca Valvola Gonfiabile Valvola a Vite Materasso Vi,https://www.amazon.it/dp/B0C7BX1Z23?tag=offertissimes-21,10.99,14.84,25.9,10.99,"Sport, Fitness e Attrezzatura","Sport, Fitness e Attrezzatura",BUZIFU,B0C7BX1Z23,0,40,88
"Abahub 320cm/420cm Kayak Gonfiabile 1/2 Posti 320/420x89x23cm Azzurro | Kayak Gonfiabile Adulti con Sedile Kayak Pagaia, Pogg",https://www.amazon.it/dp/B0DK59SG1B?tag=offertissimes-21,29.99,40.49,25.9,29.99,"Sport, Fitness e Attrezzatura","Sport, Fitness e Attrezzatura",Abahub,B0DK59SG1B,0,40,88
"HAGNA 4 Pezzi D-Ring Pad Marine, Patch In Acciaio Inox Con Anello A D Per Canotto Kayak Sup, Accessorio Per Canoa, Per Fibbia",https://www.amazon.it/dp/B0GSZPYM8Y?tag=offertissimes-21,239.0,322.65,25.9,239.0,"Sport, Fitness e Attrezzatura","Sport, Fitness e Attrezzatura",HAGNA,B0GSZPYM8Y,0,40,88
"COR Surf Imbracatura da parete imbottita per kayak e kayak, supporto da parete per kayak e SUP, funziona con tutti i kayak e",https://www.amazon.it/dp/B01KGX7XRI?tag=offertissimes-21,19.63,26.5,25.9,19.63,"Sport, Fitness e Attrezzatura","Sport, Fitness e Attrezzatura",COR,B01KGX7XRI,0,40,88
"Aqua Marina, Betta 13'6"", Kayak, Multicolore, U, Adulti Unisex. | Sedili con schienale alto, poggiapiedi regolabili, borsa pe",https://www.amazon.it/dp/B09MM7JCQK?tag=offertissimes-21,12.13,16.38,25.9,12.13,"Sport, Fitness e Attrezzatura","Sport, Fitness e Attrezzatura",Aqua,B09MM7JCQK,0,40,88
Speedo Power Plus - Pagaie a Nuoto Unisex Adulto,https://www.amazon.it/dp/B07ZJC5275?tag=offertissimes-21,19.99,26.99,25.9,19.99,"Sport, Fitness e Attrezzatura","Sport, Fitness e Attrezzatura",Speedo,B07ZJC5275,0,40,88
"4 toppe ad anello a D in acciaio inox per gommoni, sup, kayak, gommoni, sup board, stand-up, paddleboard, patch ad anello a D",https://www.amazon.it/dp/B0D2LCXL2T?tag=offertissimes-21,19.99,26.99,25.9,19.99,"Sport, Fitness e Attrezzatura","Sport, Fitness e Attrezzatura",4,B0D2LCXL2T,0,40,88
"HANSKA 100 Guanti Monouso Nitrile Viola, M | Senza Polvere, Usa e Getta- Ambidestri, Non Sterili, Base di Gomma, Adatti per A",https://www.amazon.it/dp/B0CK22H8QN?tag=offertissimes-21,6.18,8.34,25.9,6.18,"Sport, Fitness e Attrezzatura","Sport, Fitness e Attrezzatura",HANSKA,B0CK22H8QN,0,40,88
"New Era 879076 K 940 MLB Bas Yan Cappellino, Giovane (Youth), Nero",https://www.amazon.it/dp/B00DI9S2TG?tag=offertissimes-21,10.61,14.32,25.9,10.61,"Sport, Fitness e Attrezzatura","Sport, Fitness e Attrezzatura",New,B00DI9S2TG,0,40,88
New Era Berretto da Baseball MLB League Essential Cappellino Regolabile 9Twenty NY LA,https://www.amazon.it/dp/B0CKHLX631?tag=offertissimes-21,13.93,18.81,25.9,13.93,"Sport, Fitness e Attrezzatura","Sport, Fitness e Attrezzatura",New,B0CKHLX631,0,40,88
"UEFA Champions League Football, Size 5, Officially Licensed, Training, Match, Merchandise, Collectible For Kids and Adults, G",https://www.amazon.it/dp/B091Z48J81?tag=offertissimes-21,15.45,20.86,25.9,15.45,"Sport, Fitness e Attrezzatura","Sport, Fitness e Attrezzatura",UEFA,B091Z48J81,0,40,88
"CITYSPORTS Tapis Roulant Elettrico Pieghevole 1-12km/h, Salvaspazio Con Display a LED, Supporto per App e Tablet a 360°, Comp",https://www.amazon.it/dp/B0C6KTPFGB?tag=offertissimes-21,204.99,276.74,25.9,204.99,"Sport, Fitness e Attrezzatura","Sport, Fitness e Attrezzatura",CITYSPORTS,B0C6KTPFGB,0,40,88
"Inter - Set Asciugamano, Kit Uno Grande e Piccolo, Cm.40x60, Cm.60x100, Colore Blu, Cotone 100%, Serie A, Prodotto Ufficiale",https://www.amazon.it/dp/B0H3T1KBWR?tag=offertissimes-21,16.39,22.13,25.9,16.39,"Sport, Fitness e Attrezzatura","Sport, Fitness e Attrezzatura",Inter,B0H3T1KBWR,0,40,88
New Era 11198848_blau_osfa Cappello Nessun Genere,https://www.amazon.it/dp/B01417WAGE?tag=offertissimes-21,14.71,19.86,25.9,14.71,"Sport, Fitness e Attrezzatura","Sport, Fitness e Attrezzatura",New,B01417WAGE,0,40,88
Mondo Toys 13404 - Pallone da Calcio Cucito INTER - Prodotto Ufficiale - misura 5-300 g - Bianco/Blu/Nero,https://www.amazon.it/dp/B09C6JQTYL?tag=offertissimes-21,8.11,10.95,25.9,8.11,"Sport, Fitness e Attrezzatura","Sport, Fitness e Attrezzatura",Mondo,B09C6JQTYL,0,40,88
New Era York Yankees MLB Seasonal Basic Nero Berretto 9Fifty Snapback Regolabile,https://www.amazon.it/dp/B00DI9RSFK?tag=offertissimes-21,10.65,14.38,25.9,10.65,"Sport, Fitness e Attrezzatura","Sport, Fitness e Attrezzatura",New,B00DI9RSFK,0,40,88
"EDIMAX, Guanti da Lavoro, 12 Paia di Guanti, Resistenti all'Abrasione e Antitaglio Livello 2, Rivestiti in nylon PU, Versatil",https://www.amazon.it/dp/B09SJ26SJQ?tag=offertissimes-21,9.83,13.27,25.9,9.83,"Sport, Fitness e Attrezzatura","Sport, Fitness e Attrezzatura",EDIMAX,B09SJ26SJQ,0,40,88
CHAPS Merchandising GmbH AS Roma Palla Peluche con Toppa in Tessuto,https://www.amazon.it/dp/B0CCPNSWBZ?tag=offertissimes-21,10.57,14.27,25.9,10.57,"Sport, Fitness e Attrezzatura","Sport, Fitness e Attrezzatura",CHAPS,B0CCPNSWBZ,0,40,88
New Era Unisex MLB Essential Cuff Beanie,https://www.amazon.it/dp/B084T6MWMT?tag=offertissimes-21,14.75,19.91,25.9,14.75,"Sport, Fitness e Attrezzatura","Sport, Fitness e Attrezzatura",New,B084T6MWMT,0,40,88
"AS Roma Maglione Natale, Unisex-Adulto",https://www.amazon.it/dp/B0DK5SZ95H?tag=offertissimes-21,34.07,45.99,25.9,34.07,"Sport, Fitness e Attrezzatura","Sport, Fitness e Attrezzatura",AS,B0DK5SZ95H,0,40,88
AS Roma Sciarpa Ufficiale,https://www.amazon.it/dp/B0DHH6F3H9?tag=offertissimes-21,16.39,22.13,25.9,16.39,"Sport, Fitness e Attrezzatura","Sport, Fitness e Attrezzatura",AS,B0DHH6F3H9,0,40,88
"Mondo 13401, Pallone da Calcio Cucito F.C. JUVENTUS, Nero e Bianco",https://www.amazon.it/dp/B09C6GKQ3M?tag=offertissimes-21,7.34,9.91,25.9,7.34,"Sport, Fitness e Attrezzatura","Sport, Fitness e Attrezzatura",Mondo,B09C6GKQ3M,0,40,88
Nike Dri-Fit Park VIII S T-Shirt Uomo (Pacco da 1),https://www.amazon.it/dp/B0F9PMKC21?tag=offertissimes-21,19.18,25.89,25.9,19.18,"Sport, Fitness e Attrezzatura","Sport, Fitness e Attrezzatura",Nike,B0F9PMKC21,0,40,88
Mondo Toys - Pallone da Calcio Cucito INTER PRO - Prodotto Ufficiale - misura 5 - 400 g - colore Nero Azzurro - 13402,https://www.amazon.it/dp/B09C6H4FBV?tag=offertissimes-21,11.75,15.86,25.9,11.75,"Sport, Fitness e Attrezzatura","Sport, Fitness e Attrezzatura",Mondo,B09C6H4FBV,0,40,88
Mondo Toys - Pallone da Calcio Cucito A.C. MILAN - Prodotto Ufficiale - misura 5-300 g - colore Rosso Nero - 13449,https://www.amazon.it/dp/B09C6GC6XK?tag=offertissimes-21,8.94,12.07,25.9,8.94,"Sport, Fitness e Attrezzatura","Sport, Fitness e Attrezzatura",Mondo,B09C6GC6XK,0,40,88
"Inter - Set Bagno, Kit Formato da Porta Sapone, Contenitore, Bicchiere, Colore Blu, Plastica 100%, Taglia Unica, Serie A, Pro",https://www.amazon.it/dp/B0H3T9Y3TQ?tag=offertissimes-21,12.29,16.59,25.9,12.29,"Sport, Fitness e Attrezzatura","Sport, Fitness e Attrezzatura",Inter,B0H3T9Y3TQ,0,40,88
"New Era Wmn Essential 940 New York Yankees Optic White Women's cap, White, One Size (Manufacturer Size: OSFA)",https://www.amazon.it/dp/B06Y169DFV?tag=offertissimes-21,13.93,18.81,25.9,13.93,"Sport, Fitness e Attrezzatura","Sport, Fitness e Attrezzatura",New,B06Y169DFV,0,40,88
"Juventus Sacca Scuola, Best Match, Bianco e Nera, Accessori Juventus, Sport e Tempo libero",https://www.amazon.it/dp/B0875D9SBT?tag=offertissimes-21,10.27,13.86,25.9,10.27,"Sport, Fitness e Attrezzatura","Sport, Fitness e Attrezzatura",Juventus,B0875D9SBT,0,40,88
Inter Maglia Lautaro Martinez 10 Replica Ufficiale 2026-2027,https://www.amazon.it/dp/B0H94FM3SS?tag=offertissimes-21,33.9,45.77,25.9,33.9,"Sport, Fitness e Attrezzatura","Sport, Fitness e Attrezzatura",Inter,B0H94FM3SS,0,40,88
"BALLERS FIFA World Cup 2026™ / Coppa del Mondo FIFA 2026 Series 1, Confezione da 2 by ZURU - Figurine Calciatori da Collezion",https://www.amazon.it/dp/B0FJJ9KFBC?tag=offertissimes-21,11.9,16.07,25.9,11.9,"Sport, Fitness e Attrezzatura","Sport, Fitness e Attrezzatura",BALLERS,B0FJJ9KFBC,0,40,88
"Inter - Pallone da Calcio Vintage 115 anni, Taglia 5, Inclusa Pompa ad Aria, Pallone di Alta qualità con Scritte in Oro, Adat",https://www.amazon.it/dp/B0BT5QPNDX?tag=offertissimes-21,28.68,38.72,25.9,28.68,"Sport, Fitness e Attrezzatura","Sport, Fitness e Attrezzatura",Inter,B0BT5QPNDX,0,40,88
"arena The One Mask Junior Occhialini Nuoto Anti-Appannamento per Bambini, Maschera Piscina con Grandi Lenti Specchiate, Prote",https://www.amazon.it/dp/B08NDSX9WK?tag=offertissimes-21,13.07,17.64,25.9,13.07,"Sport, Fitness e Attrezzatura","Sport, Fitness e Attrezzatura",arena,B08NDSX9WK,0,40,88
"ARENA 95167 Tappanaso, Flesh, Taglia Unica",https://www.amazon.it/dp/B001TWV4F8?tag=offertissimes-21,7.0,9.45,25.9,7.0,"Sport, Fitness e Attrezzatura","Sport, Fitness e Attrezzatura",ARENA,B001TWV4F8,0,40,88
"Limmys Cuffia Nuoto Capelli Lunghi Donna e Uomo – Spazio Extra, Antiscivolo",https://www.amazon.it/dp/B09SGQN6BB?tag=offertissimes-21,16.99,22.94,25.9,16.99,"Sport, Fitness e Attrezzatura","Sport, Fitness e Attrezzatura",Limmys,B09SGQN6BB,0,40,88
Amazon Basics - Cuffia da Bagno Unisex in Silicone,https://www.amazon.it/dp/B09RYPZ4HJ?tag=offertissimes-21,6.0,8.1,25.9,6.0,"Sport, Fitness e Attrezzatura","Sport, Fitness e Attrezzatura",Amazon,B09RYPZ4HJ,0,40,88
ARENA Zoom X-fit Mirror Occhialini Unisex - Adulto,https://www.amazon.it/dp/B0DMFVYBPT?tag=offertissimes-21,11.06,14.93,25.9,11.06,"Sport, Fitness e Attrezzatura","Sport, Fitness e Attrezzatura",ARENA,B0DMFVYBPT,0,40,88
Puma Swmisuit 100000072 Costume da Bagno Donna,https://www.amazon.it/dp/B084R2GPHK?tag=offertissimes-21,19.82,26.76,25.9,19.82,"Sport, Fitness e Attrezzatura","Sport, Fitness e Attrezzatura",Puma,B084R2GPHK,0,40,88
"Arena Spider Occhialini Nuoto Anti-Appannamento Unisex Adulto, Occhialini Piscina con Protezione UV, Ponte Nasale Autoregolan",https://www.amazon.it/dp/B073PDZSJD?tag=offertissimes-21,10.66,14.39,25.9,10.66,"Sport, Fitness e Attrezzatura","Sport, Fitness e Attrezzatura",Arena,B073PDZSJD,0,40,88
"Speedo Uomo Pantaloncini da bagno Jammer ECO Endurance+, Resistenza al cloro, Tessuto riciclato,Vestibilità comoda, Allenamen",https://www.amazon.it/dp/B094DQLJ22?tag=offertissimes-21,21.3,28.76,25.9,21.3,"Sport, Fitness e Attrezzatura","Sport, Fitness e Attrezzatura",Speedo,B094DQLJ22,0,40,88
Lahtak Cuffia Piscina Capelli Lunghi - Cuffia Nuoto Extra Large - Cuffia Piscina Donna e Uomo - Cuffia Docia - Cuffia Piscina,https://www.amazon.it/dp/B07D9423VH?tag=offertissimes-21,16.99,22.94,25.9,16.99,"Sport, Fitness e Attrezzatura","Sport, Fitness e Attrezzatura",Lahtak,B07D9423VH,0,40,88
ARENA Tracks Junior Mirror Occhialini Nuoto Gara per Bambini,https://www.amazon.it/dp/B01IFDN4MY?tag=offertissimes-21,7.37,9.95,25.9,7.37,"Sport, Fitness e Attrezzatura","Sport, Fitness e Attrezzatura",ARENA,B01IFDN4MY,0,40,88
"LAKJUOZ 2 Pezzi Cappello da Nuoto Rosa per Bambine, Motivo Unicorno, Taglia Versatile per Ragazze 1-7 Anni",https://www.amazon.it/dp/B0DK6VL2XJ?tag=offertissimes-21,9.49,12.81,25.9,9.49,"Sport, Fitness e Attrezzatura","Sport, Fitness e Attrezzatura",LAKJUOZ,B0DK6VL2XJ,0,40,88
KIDVERSE Cuffia da nuoto impermeabile per bambini con gommini antiscivolo – Cuffia da bagno per bambini – Protezione UV per b,https://www.amazon.it/dp/B0DSG69MPX?tag=offertissimes-21,12.9,17.42,25.9,12.9,"Sport, Fitness e Attrezzatura","Sport, Fitness e Attrezzatura",KIDVERSE,B0DSG69MPX,0,40,88
CRESSI dal 1946 - Light Fins - Pinne Corte per Adulti - Morbida Scarpetta Chiusa e Pala Reattiva per Muscolatura Gambe Ideali,https://www.amazon.it/dp/B000O3SXSO?tag=offertissimes-21,32.0,43.2,25.9,32.0,"Sport, Fitness e Attrezzatura","Sport, Fitness e Attrezzatura",CRESSI,B000O3SXSO,0,40,88
Arena Kickboard - Galleggiante da Allenamento Unisex Adulto,https://www.amazon.it/dp/B0DFYT57DS?tag=offertissimes-21,25.71,34.71,25.9,25.71,"Sport, Fitness e Attrezzatura","Sport, Fitness e Attrezzatura",Arena,B0DFYT57DS,0,40,88
"arena Astuccio per Occhialini da Nuoto, Custodia Occhialini, Astuccio Rigido, Goggle Case, Colore Nero",https://www.amazon.it/dp/B073CWL849?tag=offertissimes-21,8.19,11.06,25.9,8.19,"Sport, Fitness e Attrezzatura","Sport, Fitness e Attrezzatura",arena,B073CWL849,0,40,88
"kina - Cuffia da Nuoto Bambini per Piscina, in Silicone, Ipoallergenica, Elastica e Soffice al tatto per Capelli corti e lung",https://www.amazon.it/dp/B0DJH5VDLJ?tag=offertissimes-21,7.92,10.69,25.9,7.92,"Sport, Fitness e Attrezzatura","Sport, Fitness e Attrezzatura",kina,B0DJH5VDLJ,0,40,88
"adidas Unisex - Adulto Performance Towel Small Towel, black/white, One size",https://www.amazon.it/dp/B0F79PMFTL?tag=offertissimes-21,13.93,18.81,25.9,13.93,"Sport, Fitness e Attrezzatura","Sport, Fitness e Attrezzatura",adidas,B0F79PMFTL,0,40,88
"LAFROI - Protezione Contro Le eruzioni cutanee da Uomo, a Maniche Corte UPF 50+, Uomo",https://www.amazon.it/dp/B088CX1P1X?tag=offertissimes-21,24.99,33.74,25.9,24.99,"Sport, Fitness e Attrezzatura","Sport, Fitness e Attrezzatura",LAFROI,B088CX1P1X,0,40,88
"Winline Occhialini da Nuoto, Anti-appannamento Anti-perdite con Protezione UV Visione chiara Facile da regolare Con Ponte Nas",https://www.amazon.it/dp/B0BCWRJ8JW?tag=offertissimes-21,16.11,21.75,25.9,16.11,"Sport, Fitness e Attrezzatura","Sport, Fitness e Attrezzatura",Winline,B0BCWRJ8JW,0,40,88
Arena Tappanaso Cinturino,https://www.amazon.it/dp/B01BLH070I?tag=offertissimes-21,8.99,12.14,25.9,8.99,"Sport, Fitness e Attrezzatura","Sport, Fitness e Attrezzatura",Arena,B01BLH070I,0,40,88
"JATEKA Occhialini Nuoto Bambini Unisex Anti-Appannamento Occhiali per Bambina & Ragazzino, Onte nasale Anti-Appannamento, Ant",https://www.amazon.it/dp/B0BXPJ82ZM?tag=offertissimes-21,9.99,13.49,25.9,9.99,"Sport, Fitness e Attrezzatura","Sport, Fitness e Attrezzatura",JATEKA,B0BXPJ82ZM,0,40,88
"Fit-Flip Asciugamani microfibra, il perfetto telo mare grande",https://www.amazon.it/dp/B06XJ9MY96?tag=offertissimes-21,9.99,13.49,25.9,9.99,"Sport, Fitness e Attrezzatura","Sport, Fitness e Attrezzatura",Fit-Flip,B06XJ9MY96,0,40,88
"Vicloon Cronometro Digitale Sportivo, Cronografo con Fischietto in Acciaio Inox per Calcio, Pallacanestro, Corsa, Nuoto, Spor",https://www.amazon.it/dp/B075N7JSHB?tag=offertissimes-21,10.99,14.84,25.9,10.99,"Sport, Fitness e Attrezzatura","Sport, Fitness e Attrezzatura",Vicloon,B075N7JSHB,0,40,88
"ARENA Light Sensation II Cuffia, Unisex Adulto,Taglia Unica",https://www.amazon.it/dp/B07T93Z4XF?tag=offertissimes-21,11.06,14.93,25.9,11.06,"Sport, Fitness e Attrezzatura","Sport, Fitness e Attrezzatura",ARENA,B07T93Z4XF,0,40,88
Speedo Uomo Essential 41 cm,https://www.amazon.it/dp/B08173RTWP?tag=offertissimes-21,16.39,22.13,25.9,16.39,"Sport, Fitness e Attrezzatura","Sport, Fitness e Attrezzatura",Speedo,B08173RTWP,0,40,88
Arena M Dynamo 5.5cm Brief R Costume a Slip Uomo (Pacco da 1),https://www.amazon.it/dp/B0BMJ4KGZW?tag=offertissimes-21,13.52,18.25,25.9,13.52,"Sport, Fitness e Attrezzatura","Sport, Fitness e Attrezzatura",Arena,B0BMJ4KGZW,0,40,88
"CEYOMUR Fototrappola 48MP 4K, Fotocamera caccia con IR Visione Notturna | Timer e Design, scheda SD da 32GB, 4 x AA batterie,",https://www.amazon.it/dp/B0B25BT346?tag=offertissimes-21,39.99,53.99,25.9,39.99,"Sport, Fitness e Attrezzatura","Sport, Fitness e Attrezzatura",CEYOMUR,B0B25BT346,0,40,88
"ISEYOU Coltello da Caccia, Lama in Acciaio Inossidabile 3Cr13 con Rivestimento in Titanio, Portatile Clip per Tasca, Multifun",https://www.amazon.it/dp/B0D7ZPXLG6?tag=offertissimes-21,18.99,25.64,25.9,18.99,"Sport, Fitness e Attrezzatura","Sport, Fitness e Attrezzatura",ISEYOU,B0D7ZPXLG6,0,40,88
"ZONSUSE Fondina Universale IWB, Fondina per Pistola Nascosta, Fondina Tattica per Pancake in Pelle PU per Pistola per Uomo/Do",https://www.amazon.it/dp/B08RZ3C5ZJ?tag=offertissimes-21,12.99,17.54,25.9,12.99,"Sport, Fitness e Attrezzatura","Sport, Fitness e Attrezzatura",ZONSUSE,B08RZ3C5ZJ,0,40,88
BERETTA Olio per Pulizia Armi Spray ANTICORROSIONE LUBRIFICANTE Fucile Pistola,https://www.amazon.it/dp/B0095GZDKC?tag=offertissimes-21,25.0,33.75,25.9,25.0,"Sport, Fitness e Attrezzatura","Sport, Fitness e Attrezzatura",BERETTA,B0095GZDKC,0,40,88
"iZEEKER Fototrappola, 36MP HD Fotocamera Caccia con LED Infrarossi Invisibili 940nm, Visione Notturna Attivata dal Movimento,",https://www.amazon.it/dp/B0BKG3BB1K?tag=offertissimes-21,32.56,43.96,25.9,32.56,"Sport, Fitness e Attrezzatura","Sport, Fitness e Attrezzatura",iZEEKER,B0BKG3BB1K,0,40,88
Simpeak Cintura Tattica 125cm Regolabile Nylon Militare Esercito con Moschettone+Portachiavi+Appendi Bottiglia d'acqua + Fibb,https://www.amazon.it/dp/B09P4NNZH8?tag=offertissimes-21,13.99,18.89,25.9,13.99,"Sport, Fitness e Attrezzatura","Sport, Fitness e Attrezzatura",Simpeak,B09P4NNZH8,0,40,88
"CEYOMUR 4K UHD Fototrappola Solare, Wifi 6 Fototrappola Notturna | 120° Rilevamento, Batteria Ricaricabile da 5200mAh, Fotoca",https://www.amazon.it/dp/B09Y8KLBPN?tag=offertissimes-21,62.99,85.04,25.9,62.99,"Sport, Fitness e Attrezzatura","Sport, Fitness e Attrezzatura",CEYOMUR,B09Y8KLBPN,0,40,88
"UWJOWP Borsa per la Caccia ai Funghi, Borsa per la Raccolta della Frutta, Borsa per la Raccolta della Frutta con Custodia in",https://www.amazon.it/dp/B0H5JDFNWV?tag=offertissimes-21,9.69,13.08,25.9,9.69,"Sport, Fitness e Attrezzatura","Sport, Fitness e Attrezzatura",UWJOWP,B0H5JDFNWV,0,40,88
"DFGRD 4G LTE Fototrappola con SIM, 2K Telecamera Esterna con Pannello Solare Senza Fili, 360° PTZ Visione Notturna a Colori e",https://www.amazon.it/dp/B0FBGGMZTH?tag=offertissimes-21,59.84,80.78,25.9,59.84,"Sport, Fitness e Attrezzatura","Sport, Fitness e Attrezzatura",DFGRD,B0FBGGMZTH,0,40,88
"VEVOR Cassaforte per 2 Fucili, Cassaforte per Armi con Serratura e Tastiera Digitale, Armadietto per Armi ad Accesso Rapido c",https://www.amazon.it/dp/B0C3V3X9CW?tag=offertissimes-21,141.9,191.57,25.9,141.9,"Sport, Fitness e Attrezzatura","Sport, Fitness e Attrezzatura",VEVOR,B0C3V3X9CW,0,40,88
"WOLFANG Fototrappola 4K 48MP HD, Fotocamera Caccia con 38 LED a Infrarossi Invisibili 940nm, Infrarossi Rilevatore di Movimen",https://www.amazon.it/dp/B0CGZTZWBT?tag=offertissimes-21,26.04,35.15,25.9,26.04,"Sport, Fitness e Attrezzatura","Sport, Fitness e Attrezzatura",WOLFANG,B0CGZTZWBT,0,40,88
"CEYOMUR Fototrappola Solare 68MP 4K 30fps, Wifi Bluetooth Fototrappola | Batteria Ricaricabile da 5200mA, Angolo di Rilevamen",https://www.amazon.it/dp/B0BDK93M91?tag=offertissimes-21,79.99,107.99,25.9,79.99,"Sport, Fitness e Attrezzatura","Sport, Fitness e Attrezzatura",CEYOMUR,B0BDK93M91,0,40,88
"Sitong Rotolo di Rete Mimetica, Rete Militare da Caccia, Decorazione per Feste, Reti Mimetiche, Parasole",https://www.amazon.it/dp/B075SVTGJZ?tag=offertissimes-21,13.0,17.55,25.9,13.0,"Sport, Fitness e Attrezzatura","Sport, Fitness e Attrezzatura",Sitong,B075SVTGJZ,0,40,88
SIVENKE Cintura Tattica da Combattimento Cintura Esterna Regolabile Utilità Militare per Equipaggiamento di Polizia per Eserc,https://www.amazon.it/dp/B089YR5H8S?tag=offertissimes-21,15.99,21.59,25.9,15.99,"Sport, Fitness e Attrezzatura","Sport, Fitness e Attrezzatura",SIVENKE,B089YR5H8S,0,40,88
"LEMNOI Fotocamera da caccia, 4G Fototrappola Solare con Scheda SIM Preinstallato, Telecamera Solare 2K PTZ Esterna con Pannel",https://www.amazon.it/dp/B0CGLLMXT6?tag=offertissimes-21,51.19,69.11,25.9,51.19,"Sport, Fitness e Attrezzatura","Sport, Fitness e Attrezzatura",LEMNOI,B0CGLLMXT6,0,40,88
"WOLFANG Fototrappola 4G con SIM, 2K 48MP HD Fotocamera Caccia con Infrarossi Rilevatore di Movimento Visione Notturna IP66 Im",https://www.amazon.it/dp/B0FLDQ1HKC?tag=offertissimes-21,49.31,66.57,25.9,49.31,"Sport, Fitness e Attrezzatura","Sport, Fitness e Attrezzatura",WOLFANG,B0FLDQ1HKC,0,40,88
BERETTA Kit Pulizia per Pistola Calibro 9 mm.,https://www.amazon.it/dp/B0849NBYPL?tag=offertissimes-21,45.0,60.75,25.9,45.0,"Sport, Fitness e Attrezzatura","Sport, Fitness e Attrezzatura",BERETTA,B0849NBYPL,0,40,88
"Elastico Rinforzato da Tiro, da Intrattenimento per Lo Sport e l'Outdoor, da Pastura nella Pesca in Lago, Professionale di Pr",https://www.amazon.it/dp/B0CYZRG5NG?tag=offertissimes-21,10.99,14.84,25.9,10.99,"Sport, Fitness e Attrezzatura","Sport, Fitness e Attrezzatura",Elastico,B0CYZRG5NG,0,40,88
"Beretta Paraorecchie unisex New Prevail, Nero, Taglia unica",https://www.amazon.it/dp/B09HKK3PVT?tag=offertissimes-21,60.0,81.0,25.9,60.0,"Sport, Fitness e Attrezzatura","Sport, Fitness e Attrezzatura",Beretta,B09HKK3PVT,0,40,88
"GardePro A3S Fototrappola, Scheda SD da 64 GB, 64MP 1296P H.264 Vidéo | Fototrappola Notturna No-Glow da 940 nm, Foto Trappol",https://www.amazon.it/dp/B0F3CX21WG?tag=offertissimes-21,89.99,121.49,25.9,89.99,"Sport, Fitness e Attrezzatura","Sport, Fitness e Attrezzatura",GardePro,B0F3CX21WG,0,40,88
"MATCH LATA METAL 250 - CAL: 4,5",https://www.amazon.it/dp/B072JBL46K?tag=offertissimes-21,7.12,9.61,25.9,7.12,"Sport, Fitness e Attrezzatura","Sport, Fitness e Attrezzatura",MATCH,B072JBL46K,0,40,88
"Docksnet Fondina Pistola Nascosta Elastica Universale - Cintura Tattica Antiscippo Multiuso anche per Telefono, Portafoglio e",https://www.amazon.it/dp/B0GNYRG8VM?tag=offertissimes-21,11.99,16.19,25.9,11.99,"Sport, Fitness e Attrezzatura","Sport, Fitness e Attrezzatura",Docksnet,B0GNYRG8VM,0,40,88
Tourbon Caccia Fucilazione Calcio della Pistola della Recoil Pad,https://www.amazon.it/dp/B011ILQP80?tag=offertissimes-21,16.99,22.94,25.9,16.99,"Sport, Fitness e Attrezzatura","Sport, Fitness e Attrezzatura",Tourbon,B011ILQP80,0,40,88
Armadio Portafucili Armi Blindato Fuciliera In Acciaio Con Cassetto Tesoretto Con Serratura E Chiave A Doppia Mappa Cassafort,https://www.amazon.it/dp/B08FXD73DK?tag=offertissimes-21,134.9,182.12,25.9,134.9,"Sport, Fitness e Attrezzatura","Sport, Fitness e Attrezzatura",Armadio,B08FXD73DK,0,40,88
"LEMNOI Fototrappola 4G Solare con SIM Preinstallate, Fotocamera da Caccia con Pannello Solare, Telecamera Esterna 2K PTZ Impe",https://www.amazon.it/dp/B0FH9C9WHY?tag=offertissimes-21,62.99,85.04,25.9,62.99,"Sport, Fitness e Attrezzatura","Sport, Fitness e Attrezzatura",LEMNOI,B0FH9C9WHY,0,40,88
"iZEEKER 2 in 1 Fototrappola Cloud 4G & Standard, 2K HD 48MP Fototrappola con Sim Visione Notturna Motion Attivato Senza Wi-Fi",https://www.amazon.it/dp/B0FP5WQ7BZ?tag=offertissimes-21,38.61,52.12,25.9,38.61,"Sport, Fitness e Attrezzatura","Sport, Fitness e Attrezzatura",iZEEKER,B0FP5WQ7BZ,0,40,88
"GardePro E8 Fototrappola WiFi Bluetooth con App, 64MP 1296P H.264 Vidéo | Fototrappola Notturna, IP66 Foto Trappola per Anima",https://www.amazon.it/dp/B097H6B788?tag=offertissimes-21,59.05,79.72,25.9,59.05,"Sport, Fitness e Attrezzatura","Sport, Fitness e Attrezzatura",GardePro,B097H6B788,0,40,88
FREE SOLDIER Cintura Tattica da Combattimento Cintura Esterna Regolabile Utilità Militare per Equipaggiamento di Polizia per,https://www.amazon.it/dp/B01GNKFLWW?tag=offertissimes-21,15.99,21.59,25.9,15.99,"Sport, Fitness e Attrezzatura","Sport, Fitness e Attrezzatura",FREE,B01GNKFLWW,0,40,88
"TZEKING Borsa per la Raccolta dei Funghi in Rete con Tracolla Regolabile | Borsa Raccoglifunghi Riutilizzabile in Rete,ideale",https://www.amazon.it/dp/B0HG53V173?tag=offertissimes-21,11.99,16.19,25.9,11.99,"Sport, Fitness e Attrezzatura","Sport, Fitness e Attrezzatura",TZEKING,B0HG53V173,0,40,88
"by Amazon Grainfree Recipe Dry Cat Food (STERILISED/Light) with Fresh Chicken - 3kg (Precedentemente Un Marchio Lifelong, Ste",https://www.amazon.it/dp/B07VQYLBJR?tag=offertissimes-21,13.41,18.1,25.9,13.41,Animali Domestici (Pet Care),Animali Domestici (Pet Care),by,B07VQYLBJR,1,40,88
"FELIX Soup Time Original Cibo Umido per Gatti Adulti, 48 Bustine da 48g | Cibo Umido Complementare Con Manzo, Pollo e Tonno",https://www.amazon.it/dp/B07XFX3B1F?tag=offertissimes-21,19.92,26.89,25.9,19.92,Animali Domestici (Pet Care),Animali Domestici (Pet Care),FELIX,B07XFX3B1F,1,40,88
"Cesar Ricette di Campagna 6 x 4 x 150 g Vaschetta per cani adulti, confezione da 4, con manzo, agnello, pollame, bocconcini d",https://www.amazon.it/dp/B092RLX4F5?tag=offertissimes-21,19.47,26.28,25.9,19.47,Animali Domestici (Pet Care),Animali Domestici (Pet Care),Cesar,B092RLX4F5,1,40,88
"Pedigree Dentastix Snack per la Igiene Orale (Cane Piccolo 5-10 kg), 110 g 105 Pezzi - 15 Confezioni da 7 pezzi (105 Pezzi to",https://www.amazon.it/dp/B0B5LQ2S53?tag=offertissimes-21,20.0,27.0,25.9,20.0,Animali Domestici (Pet Care),Animali Domestici (Pet Care),Pedigree,B0B5LQ2S53,1,40,88
"GimCat Malt-Soft Pasta Extra, Anti-Hairball Snack per gatti che favorisce l’espulsione dei boli di pelo, 1 tubetto, 1 x 200 g",https://www.amazon.it/dp/B00JDI9TLG?tag=offertissimes-21,11.99,16.19,25.9,11.99,Animali Domestici (Pet Care),Animali Domestici (Pet Care),GimCat,B00JDI9TLG,1,40,88
Candure Tagliaunghie Cane e Gatto con Guardia per Protezione Cani - Acciaio Inossidabile Tagliaunghie Gatto Professionale per,https://www.amazon.it/dp/B074N6RHP6?tag=offertissimes-21,9.95,13.43,25.9,9.95,Animali Domestici (Pet Care),Animali Domestici (Pet Care),Candure,B074N6RHP6,1,40,88
"GOURMET GOLD Cibo umido per gatti adulti Mousse con Merluzzo e Delicate Carote, 24 lattine da 85g",https://www.amazon.it/dp/B075VR168L?tag=offertissimes-21,24.0,32.4,25.9,24.0,Animali Domestici (Pet Care),Animali Domestici (Pet Care),GOURMET,B075VR168L,1,40,88
"Purina Felix Party Mix Snack Gatto Original Mix al Gusto di Salmone, Merluzzo e Trota - 8 confezioni da 60 g ciascuna (Confez",https://www.amazon.it/dp/B01M5F56KT?tag=offertissimes-21,8.72,11.77,25.9,8.72,Animali Domestici (Pet Care),Animali Domestici (Pet Care),Purina,B01M5F56KT,1,40,88
Frontline Combo Cani x3 Antiparassitario Contro Pulci E Zecche (2-10Kg) | Prodotto per Cani e Cuccioli. Protegge Anche la Cas,https://www.amazon.it/dp/B00E4KYZVW?tag=offertissimes-21,20.99,28.34,25.9,20.99,Animali Domestici (Pet Care),Animali Domestici (Pet Care),Frontline,B00E4KYZVW,1,40,88
"Cesar Ricette Classiche 14 x 150 g Vaschetta per cani adulti, ricco di pollo con bocconcini di manzo in paté (Confezione da 1",https://www.amazon.it/dp/B07JW6XHSH?tag=offertissimes-21,11.06,14.93,25.9,11.06,Animali Domestici (Pet Care),Animali Domestici (Pet Care),Cesar,B07JW6XHSH,1,40,88
"Sheba Sauce Collection Selezione Assortita Cibo Umido per Gatti, 32 Vaschette da 85 g",https://www.amazon.it/dp/B0CP2G2SZ5?tag=offertissimes-21,19.99,26.99,25.9,19.99,Animali Domestici (Pet Care),Animali Domestici (Pet Care),Sheba,B0CP2G2SZ5,1,40,88
"PETKIT Filtri Fontanella per Gatti, 5 Pezzi Filtro per Fontana per Gatti,Unità Filtranti per EverSWEET 2, EVERSWEET 3 e CYBER",https://www.amazon.it/dp/B0BK923TZY?tag=offertissimes-21,19.99,26.99,25.9,19.99,Animali Domestici (Pet Care),Animali Domestici (Pet Care),PETKIT,B0BK923TZY,1,40,88
GOURMET Perle Gatto Filettini in Salsa con Pollo | Linea Perle | Confezione 26x85g,https://www.amazon.it/dp/B09S4C6VZJ?tag=offertissimes-21,17.94,24.22,25.9,17.94,Animali Domestici (Pet Care),Animali Domestici (Pet Care),GOURMET,B09S4C6VZJ,1,40,88
"Edgard & Cooper Crochette Cani Adulti, Senza Cereali Per Cani Di Taglia Medium (2.5kg), Agnello Fresco, Ricetta Ipoallergenic",https://www.amazon.it/dp/B07H8KHVRL?tag=offertissimes-21,24.79,33.47,25.9,24.79,Animali Domestici (Pet Care),Animali Domestici (Pet Care),Edgard,B07H8KHVRL,1,40,88
"Happy Snack by Feliway Gustosi snack calmanti per gatti, 6 stick | Aiuta il tuo gatto a sentirsi più tranquillo e rafforza il",https://www.amazon.it/dp/B0C3R74GL9?tag=offertissimes-21,10.03,13.54,25.9,10.03,Animali Domestici (Pet Care),Animali Domestici (Pet Care),Happy,B0C3R74GL9,1,40,88
"GOURMET Perle - Cibo Umido Gatto Adulto, Filettini in Salsa con Manzo, Pollo, Salmone, Tonno. 96 Buste da 85 g",https://www.amazon.it/dp/B0BJVD9MK6?tag=offertissimes-21,61.49,83.01,25.9,61.49,Animali Domestici (Pet Care),Animali Domestici (Pet Care),GOURMET,B0BJVD9MK6,1,40,88
"Edipets, Sacchetti Cane, 405 o 540 pezzi, Extra Spesso, a prova di Perdite, non Profumati, Sacchettini per Cani, Raccogli Fec",https://www.amazon.it/dp/B09TWS83NS?tag=offertissimes-21,14.89,20.1,25.9,14.89,Animali Domestici (Pet Care),Animali Domestici (Pet Care),Edipets,B09TWS83NS,1,40,88
Veddelholzer VINCITORE CERTIFICATO 2024 Compresse per le articolazioni dei cani integratori per cani con cozza dalle labbra v,https://www.amazon.it/dp/B08B3VCGCH?tag=offertissimes-21,28.96,39.1,25.9,28.96,Animali Domestici (Pet Care),Animali Domestici (Pet Care),Veddelholzer,B08B3VCGCH,1,40,88
"Sheba Paté Classics Cibo Umido per Gatti con Pollo, Patè Morbido e Raffinato, 22 Vaschette da 85 g, Totale 1.870g",https://www.amazon.it/dp/B07BZMN1Q7?tag=offertissimes-21,17.16,23.17,25.9,17.16,Animali Domestici (Pet Care),Animali Domestici (Pet Care),Sheba,B07BZMN1Q7,1,40,88
"PURINA ONE Bifensis Sterilcat Crocchette Gatti Adulti, Sacco da 2,8 kg | Crocchette per Gatti Sterilizzati con Manzo, Formula",https://www.amazon.it/dp/B01LYI5MIK?tag=offertissimes-21,14.99,20.24,25.9,14.99,Animali Domestici (Pet Care),Animali Domestici (Pet Care),PURINA,B01LYI5MIK,1,40,88
"Ever Clean Lettiera Multiple Cat Ever Clean, 10 Litri, Profumata - 9000 g",https://www.amazon.it/dp/B00V7XP662?tag=offertissimes-21,14.91,20.13,25.9,14.91,Animali Domestici (Pet Care),Animali Domestici (Pet Care),Ever,B00V7XP662,1,40,88
"by Amazon - Alimento secco completo per gatti adulti con salmone, tonno e verdure, 1 confezione da 3 kg",https://www.amazon.it/dp/B07GFLKX7J?tag=offertissimes-21,10.26,13.85,25.9,10.26,Animali Domestici (Pet Care),Animali Domestici (Pet Care),by,B07GFLKX7J,1,40,88
Advance Veterinary Diets Renal Cibo Umido per Gatti Multipack 12 bustine da 85g,https://www.amazon.it/dp/B0BDG1KLQM?tag=offertissimes-21,13.0,17.55,25.9,13.0,Animali Domestici (Pet Care),Animali Domestici (Pet Care),Advance,B0BDG1KLQM,1,40,88
"Catisfactions Snack per Gatto, Confezione mista con Pollo, Formaggio e Salmone, 1 Confezione (12 x 60 g)",https://www.amazon.it/dp/B0C8PMNPD4?tag=offertissimes-21,12.67,17.1,25.9,12.67,Animali Domestici (Pet Care),Animali Domestici (Pet Care),Catisfactions,B0C8PMNPD4,1,40,88
Sanicat - Lettiera per gatti agglomerante senza profumo | A base di minerali naturali per garantire il controllo dei cattivi,https://www.amazon.it/dp/B00O4B8ISW?tag=offertissimes-21,5.98,8.07,25.9,5.98,Animali Domestici (Pet Care),Animali Domestici (Pet Care),Sanicat,B00O4B8ISW,1,40,88
"by Amazon Cibo umido per gatti senza cereali, in barattolo, paté di pollo, 12 x 400 g",https://www.amazon.it/dp/B0DBLG65W3?tag=offertissimes-21,10.2,13.77,25.9,10.2,Animali Domestici (Pet Care),Animali Domestici (Pet Care),by,B0DBLG65W3,1,40,88
"Feliway Optimum Diffusore di Feromoni Calmanti per Gatti, Starter Kit | Risolve lo stress nei gatti e gattini. Raccomandato d",https://www.amazon.it/dp/B08X25K5C9?tag=offertissimes-21,27.44,37.04,25.9,27.44,Animali Domestici (Pet Care),Animali Domestici (Pet Care),Feliway,B08X25K5C9,1,40,88
Trainer Natural Cibo per Cani Small & Toy Manzo e Riso 7kg,https://www.amazon.it/dp/B074618M1R?tag=offertissimes-21,27.49,37.11,25.9,27.49,Animali Domestici (Pet Care),Animali Domestici (Pet Care),Trainer,B074618M1R,1,40,88
"BioNike Triderm D.S. - Shampoo Trattamento per Dermatite Seborroica, Azione Seboregolatrice e Lenitiva, Allevia Prurito, Irri",https://www.amazon.it/dp/B08WJZXC4Y?tag=offertissimes-21,11.81,15.94,25.9,11.81,Animali Domestici (Pet Care),Animali Domestici (Pet Care),BioNike,B08WJZXC4Y,1,40,88
"Beurer BiteX Go Dopopuntura per punture di insetti con connessione USB-C per smartphone Android e iPhone, trattamento con cal",https://www.amazon.it/dp/B0GXGDW89G?tag=offertissimes-21,20.48,27.65,25.9,20.48,Animali Domestici (Pet Care),Animali Domestici (Pet Care),Beurer,B0GXGDW89G,1,40,88
"HERCHR Cattura Insetti, Forte Aspirazione Manico Lungo del PC Trasparente a Batteria Alimentata a Ragno Grabber con Luce a LE",https://www.amazon.it/dp/B0F9YHNWCG?tag=offertissimes-21,26.89,36.3,25.9,26.89,Animali Domestici (Pet Care),Animali Domestici (Pet Care),HERCHR,B0F9YHNWCG,1,40,88
"3 Pezzi Cattura Insetti, Attrezzo Cattura Insetti Vivi, Acchiappa Insetti per Uso Domestico e di Giardinaggio, Design a Misur",https://www.amazon.it/dp/B0H3KRSPL8?tag=offertissimes-21,13.99,18.89,25.9,13.99,Animali Domestici (Pet Care),Animali Domestici (Pet Care),3,B0H3KRSPL8,1,40,88
VITALX® Pack Risparmio 15 Trappole Tarme Alimentari e Farfalline del Cibo | con Feromone Incluse | Atossiche e Sicure per Ali,https://www.amazon.it/dp/B0H3BXHS5B?tag=offertissimes-21,10.99,14.84,25.9,10.99,Animali Domestici (Pet Care),Animali Domestici (Pet Care),VITALX,B0H3BXHS5B,1,40,88
"Protemax Siringa Gel Scarafaggi 7 g, 314",https://www.amazon.it/dp/B0F7J353QQ?tag=offertissimes-21,9.35,12.62,25.9,9.35,Animali Domestici (Pet Care),Animali Domestici (Pet Care),Protemax,B0F7J353QQ,1,40,88
"Scatola Ibarnazione Tartarughe per Trattenere l'Umidità (Nero, 33x22x15cm) | Contenitore per Tartarughe Igiene, Facile da Pul",https://www.amazon.it/dp/B0H83KYPK8?tag=offertissimes-21,19.69,26.58,25.9,19.69,Animali Domestici (Pet Care),Animali Domestici (Pet Care),Scatola,B0H83KYPK8,1,40,88
"UWJOWP 2 Pezzi Cattura insetti,Acchiappa Insetti con Lente d'Ingrandimento,per catturare gli insetti vivi, per bambini e adul",https://www.amazon.it/dp/B0HB4HQF1N?tag=offertissimes-21,13.99,18.89,25.9,13.99,Animali Domestici (Pet Care),Animali Domestici (Pet Care),UWJOWP,B0HB4HQF1N,1,40,88
"ESHA 2000 - Preparato combinato da 20 ml per 800 litri, per infezioni batteriche, mucose, vermi e parassiti",https://www.amazon.it/dp/B07L1GDPC9?tag=offertissimes-21,17.0,22.95,25.9,17.0,Animali Domestici (Pet Care),Animali Domestici (Pet Care),ESHA,B07L1GDPC9,1,40,88
"TRIXIE Sabbia di Base per terrari desertici – Grana fine – Giallo, 5 kg | Senza coloranti né additivi, buona conducibilità te",https://www.amazon.it/dp/B002YJS2YG?tag=offertissimes-21,28.6,38.61,25.9,28.6,Animali Domestici (Pet Care),Animali Domestici (Pet Care),TRIXIE,B002YJS2YG,1,40,88
"Apritsce 2 Pezzi Acchiappa Insetti con Lente d'Ingrandimento,Cattura Insetti,Cattura Rapida Cattura Ragni,Acchiappa Ragni per",https://www.amazon.it/dp/B0H7VS292S?tag=offertissimes-21,11.99,16.19,25.9,11.99,Animali Domestici (Pet Care),Animali Domestici (Pet Care),Apritsce,B0H7VS292S,1,40,88
"Bombola di elio da 0,25 m³. Heliarium",https://www.amazon.it/dp/B0BBVXH8L1?tag=offertissimes-21,27.5,37.12,25.9,27.5,Animali Domestici (Pet Care),Animali Domestici (Pet Care),Bombola,B0BBVXH8L1,1,40,88
"Nebulizzatore Terrario,GuKKK Sistema di Nebulizzazione per Rettili, Umidificatore per Rettili Automatico con Timer e Rotazion",https://www.amazon.it/dp/B0DXV3L69L?tag=offertissimes-21,32.97,44.51,25.9,32.97,Animali Domestici (Pet Care),Animali Domestici (Pet Care),Nebulizzatore,B0DXV3L69L,1,40,88
"Estrattore Aspirazione Primo Soccorso Morso Insetto | Ventosa Estrattore Veleno con Scatola Immagazzinaggio, Strumento Puntur",https://www.amazon.it/dp/B0DLB9Q7LZ?tag=offertissimes-21,20.99,28.34,25.9,20.99,Animali Domestici (Pet Care),Animali Domestici (Pet Care),Estrattore,B0DLB9Q7LZ,1,40,88
"Vasca da Bagno per Tartarughe con Terrario Per Rettili, 30.5 x 15 x 6 cm | Piscina d'acqua per Tartarughe, con Rampa da Arram",https://www.amazon.it/dp/B0H4LVGRK6?tag=offertissimes-21,15.99,21.59,25.9,15.99,Animali Domestici (Pet Care),Animali Domestici (Pet Care),Vasca,B0H4LVGRK6,1,40,88
Candipolline – Candito con Polline | Nutritivo Proteico per Api | Supporta lo Sviluppo delle Famiglie Api | Perfetto in Assen,https://www.amazon.it/dp/B0GFWCHN92?tag=offertissimes-21,14.9,20.12,25.9,14.9,Animali Domestici (Pet Care),Animali Domestici (Pet Care),Candipolline,B0GFWCHN92,1,40,88
Dopopuntura per Punture di Zanzara Adatto per L'uso Domestico e in Viaggio | Dispositivo Elettrico Dopopuntura Zanzare per Al,https://www.amazon.it/dp/B0H7QXTL44?tag=offertissimes-21,17.99,24.29,25.9,17.99,Animali Domestici (Pet Care),Animali Domestici (Pet Care),Dopopuntura,B0H7QXTL44,1,40,88
"Mondo Ape Apifonda – Candito per Api a Base di Saccarosio | 12,5 kg - 5 Buste da 2,5 kg | Candito Bianco Zuccherino | Uso Pri",https://www.amazon.it/dp/B0BDSRG5X4?tag=offertissimes-21,40.5,54.68,25.9,40.5,Animali Domestici (Pet Care),Animali Domestici (Pet Care),Mondo,B0BDSRG5X4,1,40,88
"Gabbia per Farfalle Cubiche con Porta a Maniche, Gabbie per Habitat di Insetti e Farfalle Gabbia Portatile per Habitat di Far",https://www.amazon.it/dp/B0DFH6X9VD?tag=offertissimes-21,25.99,35.09,25.9,25.99,Animali Domestici (Pet Care),Animali Domestici (Pet Care),Gabbia,B0DFH6X9VD,1,40,88
Gabbia per Insetti Farfalle 40×40×60 cm Casetta Pieghevole per Farfalle | bangminda Gabbia Habitat Ventilazione per Farfalle,https://www.amazon.it/dp/B0DHRR7RHG?tag=offertissimes-21,18.55,25.04,25.9,18.55,Animali Domestici (Pet Care),Animali Domestici (Pet Care),Gabbia,B0DHRR7RHG,1,40,88
Mondo Ape APIHERB Candy – Candito Autunnale per Api con ApiHerb | con Estratti Naturali | Alta Appetibilità - Apicoltura 3 Bu,https://www.amazon.it/dp/B0DFGZ76YX?tag=offertissimes-21,22.2,29.97,25.9,22.2,Animali Domestici (Pet Care),Animali Domestici (Pet Care),Mondo,B0DFGZ76YX,1,40,88
"Farfalle Habitat - Gabbia a rete per bambini, 2 pezzi di insetto e farfalla",https://www.amazon.it/dp/B0D8PJZ5J7?tag=offertissimes-21,17.09,23.07,25.9,17.09,Animali Domestici (Pet Care),Animali Domestici (Pet Care),Farfalle,B0D8PJZ5J7,1,40,88
5x Trappola a forbice per talpa e arvicola di alta qualità,https://www.amazon.it/dp/B09Q6B7B2N?tag=offertissimes-21,16.99,22.94,25.9,16.99,Animali Domestici (Pet Care),Animali Domestici (Pet Care),5x,B09Q6B7B2N,1,40,88
"Woid Casaletto per tartarughe di alta qualità in legno massiccio bruciato (SH6) Resistente alle intemperie, con fondo e porta",https://www.amazon.it/dp/B0B2M4HN96?tag=offertissimes-21,103.7,140.0,25.9,103.7,Animali Domestici (Pet Care),Animali Domestici (Pet Care),Woid,B0B2M4HN96,1,40,88
"MacaKit, Il Kit per Allevare in Casa Le Farfalle Macaone - Esperimento educativo, Kit educativi scientifici per Bambini, Idee",https://www.amazon.it/dp/B0DZHJ5FVV?tag=offertissimes-21,39.99,53.99,25.9,39.99,Animali Domestici (Pet Care),Animali Domestici (Pet Care),MacaKit,B0DZHJ5FVV,1,40,88
AntHouse Mix di Semi di Tipo I da 50 g per colonie di formiche e formiche Regine granivore,https://www.amazon.it/dp/B07D5YQJMS?tag=offertissimes-21,16.99,22.94,25.9,16.99,Animali Domestici (Pet Care),Animali Domestici (Pet Care),AntHouse,B07D5YQJMS,1,40,88
"Exylosluxek Set di 6 accessori per ragni saltatori, kit a magneti potenti per terrario e recinto di ragni saltatori, arricchi",https://www.amazon.it/dp/B0H1HKGWDD?tag=offertissimes-21,18.99,25.64,25.9,18.99,Animali Domestici (Pet Care),Animali Domestici (Pet Care),Exylosluxek,B0H1HKGWDD,1,40,88
SEBKIL 20 strisce per il controllo degli acari delle api,https://www.amazon.it/dp/B0HC3VYMGJ?tag=offertissimes-21,44.95,60.68,25.9,44.95,Animali Domestici (Pet Care),Animali Domestici (Pet Care),SEBKIL,B0HC3VYMGJ,1,40,88
Kit Nido Di Formiche In Acrilico Con Sabbia A Forma Di T Mini - Sandwich 14x5x14 Cm E Cassa Di Foraggiamento - Formicaio Con,https://www.amazon.it/dp/B0DM1S4B17?tag=offertissimes-21,27.79,37.52,25.9,27.79,Animali Domestici (Pet Care),Animali Domestici (Pet Care),Kit,B0DM1S4B17,1,40,88
"Adiwo Acchiapparagni Manico Lungo Pieghevole, Scarafaggi Strumento per Afferrare Ragni, Adatto per Catturare in Sicurezza Ins",https://www.amazon.it/dp/B0H1HBYHB6?tag=offertissimes-21,19.99,26.99,25.9,19.99,Animali Domestici (Pet Care),Animali Domestici (Pet Care),Adiwo,B0H1HBYHB6,1,40,88
"Mondo Ape Fogli cerei, Cera d'Api al 100%, Confezione con 10 Fogli cerei da Nido Convenzionali - Apicoltura - Made in Itay",https://www.amazon.it/dp/B0C94VK6SR?tag=offertissimes-21,41.5,56.03,25.9,41.5,Animali Domestici (Pet Care),Animali Domestici (Pet Care),Mondo,B0C94VK6SR,1,40,88
Ant Farm Area di alimentazione dell'acqua Ciotola per formiche formiche formicaio nido di formiche grande capacità alimentato,https://www.amazon.it/dp/B0D8B8CB28?tag=offertissimes-21,9.44,12.74,25.9,9.44,Animali Domestici (Pet Care),Animali Domestici (Pet Care),Ant,B0D8B8CB28,1,40,88
"Trappola per ragni extra lungo, acchiappasogni vivo senza contatto, con manico lungo 83 cm, per scarafaggi con manico pieghev",https://www.amazon.it/dp/B0GXW82ZH2?tag=offertissimes-21,16.99,22.94,25.9,16.99,Animali Domestici (Pet Care),Animali Domestici (Pet Care),Trappola,B0GXW82ZH2,1,40,88
XIHIRCD Kit di Accessori per Terrario per Ragni Saltatori | Nascondiglio Palla Muschio Magnetico con Ciotola per Il Cibo Reti,https://www.amazon.it/dp/B0HFMZ3PCL?tag=offertissimes-21,17.99,24.29,25.9,17.99,Animali Domestici (Pet Care),Animali Domestici (Pet Care),XIHIRCD,B0HFMZ3PCL,1,40,88
"XIHIRCD 4 Chiavi per Stazioni di Esche Roditori/Scatole per Topi | Chiave Scatola di Esche per Topi Compatibile con EZ KLEAN,",https://www.amazon.it/dp/B0HJ4WD49Q?tag=offertissimes-21,25.11,33.9,25.9,25.11,Animali Domestici (Pet Care),Animali Domestici (Pet Care),XIHIRCD,B0HJ4WD49Q,1,40,88
"Scatola Allevamento Bachi da Seta, Osservazione Chiara, Plastico | Studenti, Banchi Aula e Contenitori, Pareti Alte Ventilate",https://www.amazon.it/dp/B0HLG4CD4D?tag=offertissimes-21,9.0,12.15,25.9,9.0,Animali Domestici (Pet Care),Animali Domestici (Pet Care),Scatola,B0HLG4CD4D,1,40,88
"Esschert Set 2 Attrezzi Telescopici Per Ecosistema Terrarium, Argento, 3 cm x 1.7 cm Dimensione",https://www.amazon.it/dp/B07PGXYXKR?tag=offertissimes-21,64.9,87.62,25.9,64.9,Animali Domestici (Pet Care),Animali Domestici (Pet Care),Esschert,B07PGXYXKR,1,40,88
"Stick 8g Dopopuntura Naturale - Sollievo Immediato da Prurito e Rossore per Punture di Zanzare, Vespe, Api, Zecche, Pulci, Me",https://www.amazon.it/dp/B0DB66BG5B?tag=offertissimes-21,54.99,74.24,25.9,54.99,Animali Domestici (Pet Care),Animali Domestici (Pet Care),Stick,B0DB66BG5B,1,40,88
"Anthouse Kit Terra Formicaio con Colonia di Formiche Vive 15x20 cm | Include termoigrometro digitale, abbeveratoio, mangiatoi",https://www.amazon.it/dp/B0HDZ3P2WH?tag=offertissimes-21,16.99,22.94,25.9,16.99,Animali Domestici (Pet Care),Animali Domestici (Pet Care),Anthouse,B0HDZ3P2WH,1,40,88
Growithu Bug Hunting Kit per bambini: 23 pezzi Bug Catcher per bambini Outdoor Explorer giocattoli per 3 4 5 6 7 anni (blu),https://www.amazon.it/dp/B0GYNX71L1?tag=offertissimes-21,44.95,60.68,25.9,44.95,Animali Domestici (Pet Care),Animali Domestici (Pet Care),Growithu,B0GYNX71L1,1,40,88
Kit Nido Di Formiche In Acrilico Con Schiuma In Forma Di T Mini - Panino 14x5x14 Cm E Scatola Di Raccolta - Formicaio Con For,https://www.amazon.it/dp/B0DNFM9QLG?tag=offertissimes-21,11.99,16.19,25.9,11.99,Animali Domestici (Pet Care),Animali Domestici (Pet Care),Kit,B0DNFM9QLG,1,40,88
ALFETRAP TRAPPOLA ADESIVA PER SCARAFAGGI CON PASTIGLIA ATTRATTIVA CONF. DA 5 PEZZI,https://www.amazon.it/dp/B00S9U2GWI?tag=offertissimes-21,13.0,17.55,25.9,13.0,Animali Domestici (Pet Care),Animali Domestici (Pet Care),ALFETRAP,B00S9U2GWI,1,40,88
Colla TOPICIDA per Topi e Ratti in Tubo - Pack da 5 Tubi 135 gr,https://www.amazon.it/dp/B0CST5VCH5?tag=offertissimes-21,2.61,3.52,25.9,2.61,Animali Domestici (Pet Care),Animali Domestici (Pet Care),Colla,B0CST5VCH5,1,40,88
"SYLVANIA Kerbl 299820 - Tubo di Ricambio per MiniKill, 4 W",https://www.amazon.it/dp/B008A29H4A?tag=offertissimes-21,20.49,27.66,25.9,20.49,Animali Domestici (Pet Care),Animali Domestici (Pet Care),SYLVANIA,B008A29H4A,1,40,88
"3 Pezzi Acchiappa Insetti Manuale, Cattura Ragni e Cimici Vive, Strumento di Osservazione per Bambini",https://www.amazon.it/dp/B0HB4NK67Y?tag=offertissimes-21,54.99,74.24,25.9,54.99,Animali Domestici (Pet Care),Animali Domestici (Pet Care),3,B0HB4NK67Y,1,40,88
Cer'8 Stickers Dopo Puntura 30 Pezzi,https://www.amazon.it/dp/B0899S8KY3?tag=offertissimes-21,52.99,71.54,25.9,52.99,Animali Domestici (Pet Care),Animali Domestici (Pet Care),Cer'8,B0899S8KY3,1,40,88
AntHouse piccolo formicaio Basic Kit (ANT con Regina Free),https://www.amazon.it/dp/B07CQK1898?tag=offertissimes-21,19.56,26.41,25.9,19.56,Animali Domestici (Pet Care),Animali Domestici (Pet Care),AntHouse,B07CQK1898,1,40,88
Cartoni Adesivi di Ricambio per Zanzariera Stickfly a Norme HACCP Confezione da 6 Pezzi cm 34 x 44,https://www.amazon.it/dp/B07GFRG531?tag=offertissimes-21,18.9,25.52,25.9,18.9,Animali Domestici (Pet Care),Animali Domestici (Pet Care),Cartoni,B07GFRG531,1,40,88
SWISSINNO Nastro adesivo antiformiche per insetti striscianti 5 cm x 5 m – protezione naturale degli alberi | ant tape | faci,https://www.amazon.it/dp/B0CCJHHQLX?tag=offertissimes-21,54.99,74.24,25.9,54.99,Animali Domestici (Pet Care),Animali Domestici (Pet Care),SWISSINNO,B0CCJHHQLX,1,40,88
1 PZ COPYRMATIC COMBI EROGATORE AUTOMATICO PROGRAMABILE INSETTICIDA DEODORANTE COPRY,https://www.amazon.it/dp/B07BQFYP1Z?tag=offertissimes-21,31.06,41.93,25.9,31.06,Animali Domestici (Pet Care),Animali Domestici (Pet Care),1,B07BQFYP1Z,1,40,88
"Formicaio T-Small Pro Galleria 3D, colore grigio, con formiche vive, kit completo, nuovo sistema di umidità efficace",https://www.amazon.it/dp/B0DMQQQ543?tag=offertissimes-21,19.49,26.31,25.9,19.49,Animali Domestici (Pet Care),Animali Domestici (Pet Care),Formicaio,B0DMQQQ543,1,40,88
"Rengue Dita in Gomma per Spennapolli 100 Pezzi, Ricambio per Spennatura | Spiumatura Pulita in Gomma Morbida, Antiusura, Faci",https://www.amazon.it/dp/B0HHFBLCD2?tag=offertissimes-21,12.8,17.28,25.9,12.8,Animali Domestici (Pet Care),Animali Domestici (Pet Care),Rengue,B0HHFBLCD2,1,40,88
"Sinbana 18pz Accessori Terrario per Ragni Saltatori Set, Altalena in Corda di Cotone Altalena con Piattaforma con Nido Acqua",https://www.amazon.it/dp/B0GMGYSVHF?tag=offertissimes-21,13.75,18.56,25.9,13.75,Animali Domestici (Pet Care),Animali Domestici (Pet Care),Sinbana,B0GMGYSVHF,1,40,88
Lagoon protection roll on dopopuntura 15 ml,https://www.amazon.it/dp/B0CB56GCXF?tag=offertissimes-21,37.84,51.08,25.9,37.84,Animali Domestici (Pet Care),Animali Domestici (Pet Care),Lagoon,B0CB56GCXF,1,40,88
Raccoglitore Feci Tartaruga Vaschetta Cattura Rifiuti Rotonda Grande | per Tartarughe Per Pulizia Escrementi Percorsi Nuoto,https://www.amazon.it/dp/B0HGQJZRXK?tag=offertissimes-21,38.9,52.52,25.9,38.9,Animali Domestici (Pet Care),Animali Domestici (Pet Care),Raccoglitore,B0HGQJZRXK,1,40,88
"Grape T Design DIY Nido Area Formiche, Acrilico, Villa Mania",https://www.amazon.it/dp/B07XNWFMF2?tag=offertissimes-21,70.99,95.84,25.9,70.99,Animali Domestici (Pet Care),Animali Domestici (Pet Care),Grape,B07XNWFMF2,1,40,88
"Casetta per tartarughe di terra in legno multistrato, resistente alle intemperie, senza fondo, ventilazione regolabile ricore",https://www.amazon.it/dp/B0FV98WMF5?tag=offertissimes-21,19.99,26.99,25.9,19.99,Animali Domestici (Pet Care),Animali Domestici (Pet Care),Casetta,B0FV98WMF5,1,40,88
TECNIMED - Ecosave - Elettrostimolatore dopopuntura - Dispositivo di primo intervento contro punture e morsi velenosi tramite,https://www.amazon.it/dp/B00LAVZWWO?tag=offertissimes-21,19.99,26.99,25.9,19.99,Animali Domestici (Pet Care),Animali Domestici (Pet Care),TECNIMED,B00LAVZWWO,1,40,88
"Tetra AquaSafe - Biocondizionatore per acquario, flacone da 500 ml | Per un'acqua dell'acquario naturale e sicura per i pesci",https://www.amazon.it/dp/B000LXUWN6?tag=offertissimes-21,26.65,35.98,25.9,26.65,Animali Domestici (Pet Care),Animali Domestici (Pet Care),Tetra,B000LXUWN6,1,40,88
"Tetra FilterActive Bacteria - Prodotto per la Cura dell'Acqua, 250 ml | Batteri starter vivi & batteri detergenti che riducon",https://www.amazon.it/dp/B00MBEFGUM?tag=offertissimes-21,8.19,11.06,25.9,8.19,Animali Domestici (Pet Care),Animali Domestici (Pet Care),Tetra,B00MBEFGUM,1,40,88
"Tetra Goldfish Flakes - Mangime in Fiocchi per Pesci Rossi, 1 L | Per tutti i pesci rossi e altri pesci d'acqua fredda | Fioc",https://www.amazon.it/dp/B000LY0W80?tag=offertissimes-21,11.99,16.19,25.9,11.99,Animali Domestici (Pet Care),Animali Domestici (Pet Care),Tetra,B000LY0W80,1,40,88
"Tetra EasyCrystal Filter Pack C250/300 - Materiale filtrante, 3 Pezzi | Cartucce filtranti con carbone attivo | Cuscinetti fi",https://www.amazon.it/dp/B000XAAD4U?tag=offertissimes-21,9.42,12.72,25.9,9.42,Animali Domestici (Pet Care),Animali Domestici (Pet Care),Tetra,B000XAAD4U,1,40,88
"TetraMin Mini Granules - Mangime per piccoli pesci ornamentali, 100 ml | Granulato fine | A lento affondamento | Per piccoli",https://www.amazon.it/dp/B000LXV0AK?tag=offertissimes-21,3.51,4.74,25.9,3.51,Animali Domestici (Pet Care),Animali Domestici (Pet Care),TetraMin,B000LXV0AK,1,40,88
"Flintronic Mini Pompa Acqua, Sommergibile Ultra-Silenzioso, 5W 350L/H | Pompa Per Acquario Fontane Acqua Sistemi Circolazione",https://www.amazon.it/dp/B0C6K8B88T?tag=offertissimes-21,11.99,16.19,25.9,11.99,Animali Domestici (Pet Care),Animali Domestici (Pet Care),Flintronic,B0C6K8B88T,1,40,88
"Tetra Goldfish Gold Colour - Mangime granulare Premium, Pesci Rossi, 250 ml | Cibo granulare per pesci rossi e altri pesci d'",https://www.amazon.it/dp/B00965GVFS?tag=offertissimes-21,16.15,21.8,25.9,16.15,Animali Domestici (Pet Care),Animali Domestici (Pet Care),Tetra,B00965GVFS,1,40,88
"Amtra Klima EVO - Riscaldatore automatico per acquari fino a 75 litri, regolabile da 18 a 34 gradi, provetta in quarzo infran",https://www.amazon.it/dp/B088S88FCX?tag=offertissimes-21,14.7,19.84,25.9,14.7,Animali Domestici (Pet Care),Animali Domestici (Pet Care),Amtra,B088S88FCX,1,40,88
"Tetra Goldfish Granules - Mangime granulare per Pesci Rossi e Altri Pesci d'Acqua Fredda, lattina da 500 ml",https://www.amazon.it/dp/B008RKF8MU?tag=offertissimes-21,14.61,19.72,25.9,14.61,Animali Domestici (Pet Care),Animali Domestici (Pet Care),Tetra,B008RKF8MU,1,40,88
Tetra Pleco Veggie Wafers 250 ml - Mangime completo in wafer per un'alimentazione ottimale dei pesci erbivori che si nutrono,https://www.amazon.it/dp/B000LXWYPA?tag=offertissimes-21,8.77,11.84,25.9,8.77,Animali Domestici (Pet Care),Animali Domestici (Pet Care),Tetra,B000LXWYPA,1,40,88
"Askoll 280191 Ovatta Sintetica per Filtri, 250 ml",https://www.amazon.it/dp/B075FQSCXB?tag=offertissimes-21,3.17,4.28,25.9,3.17,Animali Domestici (Pet Care),Animali Domestici (Pet Care),Askoll,B075FQSCXB,1,40,88
"Tetra Pro Energy Multi-Crisps - Mangime per pesci premium con concentrato energetico per una maggiore vitalità, lattina da 50",https://www.amazon.it/dp/B000XACA8W?tag=offertissimes-21,15.86,21.41,25.9,15.86,Animali Domestici (Pet Care),Animali Domestici (Pet Care),Tetra,B000XACA8W,1,40,88
"Flintronic Filtro per Acquario, 300L/H Filtro | Interno per Acquario per 60L Piccoli Acquari, Acquari Freddi o Tropicali, Acq",https://www.amazon.it/dp/B09T73KFLX?tag=offertissimes-21,13.09,17.67,25.9,13.09,Animali Domestici (Pet Care),Animali Domestici (Pet Care),Flintronic,B09T73KFLX,1,40,88
"Tetra Discus Granules - Mangime per tutti i pesci disco, favorisce la salute, il colore e la crescita, lattina da 250 ml",https://www.amazon.it/dp/B000LXV0OG?tag=offertissimes-21,19.94,26.92,25.9,19.94,Animali Domestici (Pet Care),Animali Domestici (Pet Care),Tetra,B000LXV0OG,1,40,88
"Tetra Test 7in1 - Test dell'acqua per acquario, 1 x 50 strisce reattive | Verifica rapida e semplice della qualità dell'acqua",https://www.amazon.it/dp/B0FQ63D94J?tag=offertissimes-21,13.33,18.0,25.9,13.33,Animali Domestici (Pet Care),Animali Domestici (Pet Care),Tetra,B0FQ63D94J,1,40,88
"Tetra EasyBalance - Trattamento per l'acqua a lunga durata, 500 ml | Per un'acqua dell'acquario biologicamente sana | Riduce",https://www.amazon.it/dp/B000LXYXI6?tag=offertissimes-21,13.49,18.21,25.9,13.49,Animali Domestici (Pet Care),Animali Domestici (Pet Care),Tetra,B000LXYXI6,1,40,88
"Tetra Guppy Colour Mini Flakes - Mangime per tutti i guppy, cibo in scaglie fini per colori vivaci, lattina da 250 ml",https://www.amazon.it/dp/B005WU8TFQ?tag=offertissimes-21,11.84,15.98,25.9,11.84,Animali Domestici (Pet Care),Animali Domestici (Pet Care),Tetra,B005WU8TFQ,1,40,88
"Nobleza - Filtro per Acquario 5W, 230L/H Filtro Interno per Acquario Silenzioso e Potente, Adatto per Acquario 20 a 50 Litri",https://www.amazon.it/dp/B0BB6LW8H2?tag=offertissimes-21,12.27,16.56,25.9,12.27,Animali Domestici (Pet Care),Animali Domestici (Pet Care),Nobleza,B0BB6LW8H2,1,40,88
"Tetra Pond Sticks - Mangime per Tutti i Pesci da laghetto, 10 L | Cibo per tutti i pesci da laghetto | Favorisce la salute de",https://www.amazon.it/dp/B000LY0TBA?tag=offertissimes-21,22.99,31.04,25.9,22.99,Animali Domestici (Pet Care),Animali Domestici (Pet Care),Tetra,B000LY0TBA,1,40,88
"Tetra CO2 Plus - Fertilizzante liquido a base di carbonio per piante d'acquario rigogliose, flacone da 250 ml",https://www.amazon.it/dp/B00FAUNSA4?tag=offertissimes-21,11.12,15.01,25.9,11.12,Animali Domestici (Pet Care),Animali Domestici (Pet Care),Tetra,B00FAUNSA4,1,40,88
"Tetra ReptoSafe, 100 ml",https://www.amazon.it/dp/B002B839HU?tag=offertissimes-21,5.2,7.02,25.9,5.2,Animali Domestici (Pet Care),Animali Domestici (Pet Care),Tetra,B002B839HU,1,40,88
Tetra EasyCrystal - Filtro interno per acquario IN 250 | Filtro per acquari da 10 a 40 L | Per un'acqua cristallina e sana |,https://www.amazon.it/dp/B000XA8PWW?tag=offertissimes-21,26.22,35.4,25.9,26.22,Animali Domestici (Pet Care),Animali Domestici (Pet Care),Tetra,B000XA8PWW,1,40,88
"Amtra Legno Mystic Wood - Decorazione per acquario naturale, per acquario, paludari e terrari, 15-20 CM",https://www.amazon.it/dp/B01AXVXDEA?tag=offertissimes-21,7.37,9.95,25.9,7.37,Animali Domestici (Pet Care),Animali Domestici (Pet Care),Amtra,B01AXVXDEA,1,40,88
"Amtra Flora X - Integratore di Ferro e microelementi per acquari, Fertilizzante per piante d'acquario, per acqua dolce, 300 m",https://www.amazon.it/dp/B07XS7S4SZ?tag=offertissimes-21,11.47,15.48,25.9,11.47,Animali Domestici (Pet Care),Animali Domestici (Pet Care),Amtra,B07XS7S4SZ,1,40,88
"Flintronic Ossigenatore Per Acquario, Pompa Ad Aria Per Acquario | Regolabile Ultra-Silenziosa, Con Tubo in Silicone, Air Sto",https://www.amazon.it/dp/B0B39F7QQV?tag=offertissimes-21,13.49,18.21,25.9,13.49,Animali Domestici (Pet Care),Animali Domestici (Pet Care),Flintronic,B0B39F7QQV,1,40,88
Medicinale Cura malattia Puntini Bianchi Sera Protazol 25ml,https://www.amazon.it/dp/B001B5UYRW?tag=offertissimes-21,10.14,13.69,25.9,10.14,Animali Domestici (Pet Care),Animali Domestici (Pet Care),Medicinale,B001B5UYRW,1,40,88
Lnicez 25W 1500L/H Pompa ad Acqua Sommergibile per Acquario Fontane da Tavolo Stagno Giardini Acqua con 5 ugelli 1.5M Tubo Tr,https://www.amazon.it/dp/B09LCCYQRQ?tag=offertissimes-21,23.99,32.39,25.9,23.99,Animali Domestici (Pet Care),Animali Domestici (Pet Care),Lnicez,B09LCCYQRQ,1,40,88
JULIAQUA Classic Riscaldatore per Acquario per Pesci e Tartarughe Riscaldamento dell'acquario Riscaldatore Regolabile 100W,https://www.amazon.it/dp/B0CWYD5QQK?tag=offertissimes-21,13.68,18.47,25.9,13.68,Animali Domestici (Pet Care),Animali Domestici (Pet Care),JULIAQUA,B0CWYD5QQK,1,40,88
"Tetra EX 700 Plus Set - Filtro esterno per acquario, 100 - 200 L | Filtro potente | Per acquari da 100 a 200 L | Garantisce u",https://www.amazon.it/dp/B09M8VQ8DM?tag=offertissimes-21,73.77,99.59,25.9,73.77,Animali Domestici (Pet Care),Animali Domestici (Pet Care),Tetra,B09M8VQ8DM,1,40,88
"Kesote 4mm(diametro interno) x 6mm(diametro esterno) Tubo Flessibile in PVC, Tubo Trasparente di 5 Metri Ideale per Serbatoio",https://www.amazon.it/dp/B07CSMGQL7?tag=offertissimes-21,8.99,12.14,25.9,8.99,Animali Domestici (Pet Care),Animali Domestici (Pet Care),Kesote,B07CSMGQL7,1,40,88
"TetraMin Baby - Mangime per pesci in microfibre per avannotti di pesci ornamentali fino a 1 cm di lunghezza, alimento special",https://www.amazon.it/dp/B015CKVYHU?tag=offertissimes-21,15.72,21.22,25.9,15.72,Animali Domestici (Pet Care),Animali Domestici (Pet Care),TetraMin,B015CKVYHU,1,40,88
"Tetra Guppy Mini Flakes - Mangime per Tutti i Guppy, mangime in Scaglie Fini per Una Dieta equilibrata e Ricca di nutrienti,",https://www.amazon.it/dp/B000XACAP0?tag=offertissimes-21,7.34,9.91,25.9,7.34,Animali Domestici (Pet Care),Animali Domestici (Pet Care),Tetra,B000XACAP0,1,40,88
"Nobleza - Luce LED per acquario, pesci serbatoio lampada illuminazione per piante da acquario con diversa tensione lunghezza(",https://www.amazon.it/dp/B0CM8LCHPF?tag=offertissimes-21,15.99,21.59,25.9,15.99,Animali Domestici (Pet Care),Animali Domestici (Pet Care),Nobleza,B0CM8LCHPF,1,40,88
"Carbone Attivo Acquario 1000 ml - Carbopure Acqua Cristallina | Carbone attivo attivato a vapore con sacchetto filtro, elimin",https://www.amazon.it/dp/B009SFYY7I?tag=offertissimes-21,8.11,10.95,25.9,8.11,Animali Domestici (Pet Care),Animali Domestici (Pet Care),Carbone,B009SFYY7I,1,40,88
"Tetra Goldfish AquaSafe 250 ml, Rende l'Acqua del Rubinetto Sicura per i Pesci",https://www.amazon.it/dp/B000XACCCG?tag=offertissimes-21,9.99,13.49,25.9,9.99,Animali Domestici (Pet Care),Animali Domestici (Pet Care),Tetra,B000XACCCG,1,40,88
"AMTRA GHIAIA NOA, ghiaia naturale dell'acquario, pavimento decorativo, grani grossolani bianchi dimensioni 2-5 mm, formato 2K",https://www.amazon.it/dp/B0713T7VV6?tag=offertissimes-21,4.09,5.52,25.9,4.09,Animali Domestici (Pet Care),Animali Domestici (Pet Care),AMTRA,B0713T7VV6,1,40,88
Tetra HT 50 - Potente riscaldatore per acquari Completamente Elettrico con LED di Stato a 3 Livelli per Il Controllo della Te,https://www.amazon.it/dp/B0DDXS3NWZ?tag=offertissimes-21,22.94,30.97,25.9,22.94,Animali Domestici (Pet Care),Animali Domestici (Pet Care),Tetra,B0DDXS3NWZ,1,40,88
"QWORK® Pompa d'aria per acquario 3W, pompa di ossigeno per acquario 2L/min, incluso tubo in silicone da 120 cm, pietra porosa",https://www.amazon.it/dp/B0D8FCDD8L?tag=offertissimes-21,11.03,14.89,25.9,11.03,Animali Domestici (Pet Care),Animali Domestici (Pet Care),QWORK,B0D8FCDD8L,1,40,88
Amtra Pro Caridina Stick 100ml - Mangime in stick affondanti a base vegetale per l’alimentazione di gamberetti d’acqua dolce,https://www.amazon.it/dp/B07S9ZKVF6?tag=offertissimes-21,6.94,9.37,25.9,6.94,Animali Domestici (Pet Care),Animali Domestici (Pet Care),Amtra,B07S9ZKVF6,1,40,88
Tetra Pleco Tablets - Confezione da 120 Tablets da 36 gr,https://www.amazon.it/dp/B00IIPEF1O?tag=offertissimes-21,16.88,22.79,25.9,16.88,Animali Domestici (Pet Care),Animali Domestici (Pet Care),Tetra,B00IIPEF1O,1,40,88
Newa - 00306085 Filtro/Pompa per Acquario.,https://www.amazon.it/dp/B00URV64MA?tag=offertissimes-21,8.85,11.95,25.9,8.85,Animali Domestici (Pet Care),Animali Domestici (Pet Care),Newa,B00URV64MA,1,40,88
"Tetra Goldfish Gold Japan - Mangime di alta qualità in mini stick per pesci rossi giapponesi e altri pesci rossi esotici, lat",https://www.amazon.it/dp/B008RKF870?tag=offertissimes-21,16.14,21.79,25.9,16.14,Animali Domestici (Pet Care),Animali Domestici (Pet Care),Tetra,B008RKF870,1,40,88
"Amtra Stream 480 - Pompa per acquario ad immersione, silenziosa, portata d'acqua regolabile, 480 lt/h - 4,3W - 230v, Piccola",https://www.amazon.it/dp/B004XVIN88?tag=offertissimes-21,16.02,21.63,25.9,16.02,Animali Domestici (Pet Care),Animali Domestici (Pet Care),Amtra,B004XVIN88,1,40,88
"Juwel - Aquarium - 88049 - Bioflow 3.0 / Compact, Ovatta filtrante",https://www.amazon.it/dp/B000G04LWM?tag=offertissimes-21,2.66,3.59,25.9,2.66,Animali Domestici (Pet Care),Animali Domestici (Pet Care),Juwel,B000G04LWM,1,40,88
"hygger Sommergibile Illuminazione per Acquario,24/7 Spettro Completo Luce LED per Acquario,14W Submersible Lampada Aquarium L",https://www.amazon.it/dp/B0DB86TMV8?tag=offertissimes-21,33.99,45.89,25.9,33.99,Animali Domestici (Pet Care),Animali Domestici (Pet Care),hygger,B0DB86TMV8,1,40,88
"Tetra Algizit, Combatte rapidamente tutti i tipi di alghe - 10 compresse | Prodotto antialghe predosato con rapido effetto bi",https://www.amazon.it/dp/B000LXUWX6?tag=offertissimes-21,7.45,10.06,25.9,7.45,Animali Domestici (Pet Care),Animali Domestici (Pet Care),Tetra,B000LXUWX6,1,40,88
"Mini Termometro Digitale per Acquario, Indicatore LED, Sensore di Temperatura ad Alta Precisione, Adatto per Acquari Marini d",https://www.amazon.it/dp/B0CF9S6FPG?tag=offertissimes-21,9.59,12.95,25.9,9.59,Animali Domestici (Pet Care),Animali Domestici (Pet Care),Mini,B0CF9S6FPG,1,40,88
Askoll AC350013 Kit Ricambio filtranti per Pure M-L-XL,https://www.amazon.it/dp/B00KJI3TZ6?tag=offertissimes-21,19.74,26.65,25.9,19.74,Animali Domestici (Pet Care),Animali Domestici (Pet Care),Askoll,B00KJI3TZ6,1,40,88
envii Aquarium Klear - Antialghe Acquario Dolce Batteri Trattamento per l'acqua - Trattamento Naturale per Acqua Cristallina,https://www.amazon.it/dp/B077FR51B7?tag=offertissimes-21,15.99,21.59,25.9,15.99,Animali Domestici (Pet Care),Animali Domestici (Pet Care),envii,B077FR51B7,1,40,88
"Biocondizionatore Acqua Acquario 236 ml - Xtreme Anticloro | Neutralizza cloro, metalli pesanti, ammoniaca e nitriti, per cam",https://www.amazon.it/dp/B00BDZ1ZPU?tag=offertissimes-21,13.51,18.24,25.9,13.51,Animali Domestici (Pet Care),Animali Domestici (Pet Care),Biocondizionatore,B00BDZ1ZPU,1,40,88
"AMTRA GHIAIA NOA - Ghiaia naturale dell'acquario, pavimento decorativo, grani grossolani bianchi dimensioni 4-8 mm, formato 5",https://www.amazon.it/dp/B00ZGKY5L4?tag=offertissimes-21,17.75,23.96,25.9,17.75,Animali Domestici (Pet Care),Animali Domestici (Pet Care),AMTRA,B00ZGKY5L4,1,40,88
"Tetra PlantaStart compresse di fertilizzante (per piante acquatiche in acquario, favorisce la formazione delle radici, ottima",https://www.amazon.it/dp/B000LY0SKM?tag=offertissimes-21,9.99,13.49,25.9,9.99,Animali Domestici (Pet Care),Animali Domestici (Pet Care),Tetra,B000LY0SKM,1,40,88
"Amtra Sabbia Ambra - Sabbia per acquario,fondale per acquario acqua dolce e marina, naturale, atossico, 1-2 MM/5KG",https://www.amazon.it/dp/B0185UMT9G?tag=offertissimes-21,8.78,11.85,25.9,8.78,Animali Domestici (Pet Care),Animali Domestici (Pet Care),Amtra,B0185UMT9G,1,40,88
"Mobiclinic® pets, Boccia per pesci, Rotondo, Nemo, 4 litri, Plastica pet eco, Design trasparente, 20x20x17, 5cm, Facile puliz",https://www.amazon.it/dp/B0CVXDD1H2?tag=offertissimes-21,11.07,14.94,25.9,11.07,Animali Domestici (Pet Care),Animali Domestici (Pet Care),Mobiclinic,B0CVXDD1H2,1,40,88
"ARNICA 100'S - Arnica per Cavalli, Gel Extraforte Raffreddante Pearson | Crema Arnica Gel Forte con Artiglio del Diavolo e Me",https://www.amazon.it/dp/B07MNWPS3F?tag=offertissimes-21,30.78,41.55,25.9,30.78,Animali Domestici (Pet Care),Animali Domestici (Pet Care),ARNICA,B07MNWPS3F,1,40,88
"tigratigro 6 Rotoli Benda Elastica Coesiva 10cm x4.5m, Bendaggio Adesiva Coesiva Nastro Bendaggio Sportivo Non Tessuto Autoad",https://www.amazon.it/dp/B0CCLLN2QT?tag=offertissimes-21,9.99,13.49,25.9,9.99,Animali Domestici (Pet Care),Animali Domestici (Pet Care),tigratigro,B0CCLLN2QT,1,40,88
"ARNICA 100'S® - Arnica per Cavalli, Gel Extraforte Riscaldante Pearson | Crema Arnica Forte Con Artiglio Del Diavolo e Winter",https://www.amazon.it/dp/B07MNWQD13?tag=offertissimes-21,30.79,41.57,25.9,30.79,Animali Domestici (Pet Care),Animali Domestici (Pet Care),ARNICA,B07MNWQD13,1,40,88
"OFFICINALIS FOR HORSES - Arnica 90% Per Cavalli Uso Umano Prodotta in Italia - 500 Ml, Gel 90% di Arnica Montana per Massaggi",https://www.amazon.it/dp/B01N1JNB5B?tag=offertissimes-21,39.99,53.99,25.9,39.99,Animali Domestici (Pet Care),Animali Domestici (Pet Care),OFFICINALIS,B01N1JNB5B,1,40,88
"Delizia dadi ricompensa Classic, mangime per cavalli, integratore, 3 kg/secchio, mela, cavalli, minerali, vitamine",https://www.amazon.it/dp/B001RTTXTM?tag=offertissimes-21,11.97,16.16,25.9,11.97,Animali Domestici (Pet Care),Animali Domestici (Pet Care),Delizia,B001RTTXTM,1,40,88
"Blocco di sale dell’Himalaya per cavalli, provenienza Pakistan - A28566",https://www.amazon.it/dp/B003YVO2TM?tag=offertissimes-21,8.0,10.8,25.9,8.0,Animali Domestici (Pet Care),Animali Domestici (Pet Care),Blocco,B003YVO2TM,1,40,88
"PFERDEPFLEGE24 Repellente Insetti Cavallo Spray 1l - Protezione immediata, con Aloe Vera trattante - Effetto di Lunga Durata",https://www.amazon.it/dp/B09RPYD5PT?tag=offertissimes-21,25.99,35.09,25.9,25.99,Animali Domestici (Pet Care),Animali Domestici (Pet Care),PFERDEPFLEGE24,B09RPYD5PT,1,40,88
"LEONE 1947 AB705 - Bendaggi, Unisex – Adulto",https://www.amazon.it/dp/B0D636Q1JR?tag=offertissimes-21,17.21,23.23,25.9,17.21,Animali Domestici (Pet Care),Animali Domestici (Pet Care),LEONE,B0D636Q1JR,1,40,88
"Crema Riscaldante Muscoli Sportiva 600ml Balsamo Cavallo Riscaldante con Arnica Per Cavalli, Lavanda e Artiglio del Diavolo p",https://www.amazon.it/dp/B0G1CV4RN2?tag=offertissimes-21,19.9,26.86,25.9,19.9,Animali Domestici (Pet Care),Animali Domestici (Pet Care),Crema,B0G1CV4RN2,1,40,88
STRIKE Pasta Orale (35 gr) – Contro i Vermi intestinali dei Cavalli,https://www.amazon.it/dp/B0C9MXL384?tag=offertissimes-21,22.0,29.7,25.9,22.0,Animali Domestici (Pet Care),Animali Domestici (Pet Care),STRIKE,B0C9MXL384,1,40,88
Animalintex Hoof Shaped,https://www.amazon.it/dp/B00D3HW3XE?tag=offertissimes-21,10.8,14.58,25.9,10.8,Animali Domestici (Pet Care),Animali Domestici (Pet Care),Animalintex,B00D3HW3XE,1,40,88
"Delizia dadi ricompensa Classic, mangime per cavalli, integratore, 3 kg/secchio, fragola, cavalli, minerali, vitamine",https://www.amazon.it/dp/B006TR2AHY?tag=offertissimes-21,10.85,14.65,25.9,10.85,Animali Domestici (Pet Care),Animali Domestici (Pet Care),Delizia,B006TR2AHY,1,40,88
+Watt Sali+ Electrolyte - Soluzione ipotonica di carboidrati ed elettroliti per il supporto energetico - Doypack da 600 g - G,https://www.amazon.it/dp/B08DJ832HV?tag=offertissimes-21,12.75,17.21,25.9,12.75,Animali Domestici (Pet Care),Animali Domestici (Pet Care),+Watt,B08DJ832HV,1,40,88
"CLOSTER Olio di Neem per Cavalli Spray 750ml, Made in Italy - Contro Tafani, Zecche, Mosche, Pulci, Zanzare, Insetti con Gera",https://www.amazon.it/dp/B0F9YW6LPS?tag=offertissimes-21,16.8,22.68,25.9,16.8,Animali Domestici (Pet Care),Animali Domestici (Pet Care),CLOSTER,B0F9YW6LPS,1,40,88
"ARNICA 100'S - Arnica per Cavalli, Gel Extraforte Balsamica Pearson | Crema Arnica Gel Forte Con Artiglio Del Diavolo e Canfo",https://www.amazon.it/dp/B08L3VKX8H?tag=offertissimes-21,30.99,41.84,25.9,30.99,Animali Domestici (Pet Care),Animali Domestici (Pet Care),ARNICA,B08L3VKX8H,1,40,88
"AMUSI Olio di Neem per Cavalli Spray 750 ml - Antimosche per Cavalli con Citronella e Geraniolo, Repellente per Cavallo Non U",https://www.amazon.it/dp/B0H6GP3DJL?tag=offertissimes-21,17.99,24.29,25.9,17.99,Animali Domestici (Pet Care),Animali Domestici (Pet Care),AMUSI,B0H6GP3DJL,1,40,88
"PFERDEPFLEGE24 Lo Spray per Coda & Criniera del cavallo in 0,5l, 1l, 2,5l & 5l - Lucentezza splendente, pettinabilità facile",https://www.amazon.it/dp/B0B3DGLNPD?tag=offertissimes-21,19.99,26.99,25.9,19.99,Animali Domestici (Pet Care),Animali Domestici (Pet Care),PFERDEPFLEGE24,B0B3DGLNPD,1,40,88
"ALPIDEX 12 Rotoli Benda Autoadesiva Elastica 10 cm x 4,5 m Nero | Vet Wrap, Delicata sulla Pelle, Senza Lattice, Impermeabile",https://www.amazon.it/dp/B0B69JF77N?tag=offertissimes-21,18.99,25.64,25.9,18.99,Animali Domestici (Pet Care),Animali Domestici (Pet Care),ALPIDEX,B0B69JF77N,1,40,88
"Wild Horses | Grasso per Zoccoli al Burro di Karitè, Rigenera, Isola e Protegge, Cura le Falangi Fragili, Secche o Screpolate",https://www.amazon.it/dp/B0B6SXRF1L?tag=offertissimes-21,19.99,26.99,25.9,19.99,Animali Domestici (Pet Care),Animali Domestici (Pet Care),Wild,B0B6SXRF1L,1,40,88
Kerbl Delizia Sweeties Mela 1 kg,https://www.amazon.it/dp/B002B588WE?tag=offertissimes-21,6.2,8.37,25.9,6.2,Animali Domestici (Pet Care),Animali Domestici (Pet Care),Kerbl,B002B588WE,1,40,88
Pharmakas Grasso Cuoio 1L 0,https://www.amazon.it/dp/B0D6R97VSV?tag=offertissimes-21,12.29,16.59,25.9,12.29,Animali Domestici (Pet Care),Animali Domestici (Pet Care),Pharmakas,B0D6R97VSV,1,40,88
Harrison Howard CareMaster Pro - Maschera antimosche a mezza faccia con imbottitura in pile a maglia fine luminosa e resisten,https://www.amazon.it/dp/B07PZ96PQD?tag=offertissimes-21,23.73,32.04,25.9,23.73,Animali Domestici (Pet Care),Animali Domestici (Pet Care),Harrison,B07PZ96PQD,1,40,88
FM Blu Spray Italia disinfettante per ferite del Cavallo 200ml | cavalli,https://www.amazon.it/dp/B0725RJ67L?tag=offertissimes-21,16.99,22.94,25.9,16.99,Animali Domestici (Pet Care),Animali Domestici (Pet Care),FM,B0725RJ67L,1,40,88
Gardemia Olio di Neem per Cavalli Spray 750ml Sgradito a Zecche Mosche Pulci Zanzare Tafani Insetti con Geranio e Citronella,https://www.amazon.it/dp/B0BS9Y9HYY?tag=offertissimes-21,16.9,22.82,25.9,16.9,Animali Domestici (Pet Care),Animali Domestici (Pet Care),Gardemia,B0BS9Y9HYY,1,40,88
Centrovete SWAT-Clear unguento 200gr-Insettorepellente per Cavalli,https://www.amazon.it/dp/B0CGV9LFV8?tag=offertissimes-21,38.7,52.25,25.9,38.7,Animali Domestici (Pet Care),Animali Domestici (Pet Care),Centrovete,B0CGV9LFV8,1,40,88
"Adiwo Maschera Antimosche per Cavallo, Maschera Mosche Cavallo Rete Morbida con Paraorecchie, Elasticità Maschera da Mosca pe",https://www.amazon.it/dp/B0DFC1R4RX?tag=offertissimes-21,9.69,13.08,25.9,9.69,Animali Domestici (Pet Care),Animali Domestici (Pet Care),Adiwo,B0DFC1R4RX,1,40,88
Krauterhoff Balsamo Cavallo Riscaldante 250ml,https://www.amazon.it/dp/B086H2CKLG?tag=offertissimes-21,12.95,17.48,25.9,12.95,Animali Domestici (Pet Care),Animali Domestici (Pet Care),Krauterhoff,B086H2CKLG,1,40,88
"ARNICA 100'S - Arnica per Cavalli, Gel Extraforte Rilassante Pearson | Crema Arnica Forte Con Artiglio Del Diavolo e Salicila",https://www.amazon.it/dp/B07RLS54ZW?tag=offertissimes-21,30.97,41.81,25.9,30.97,Animali Domestici (Pet Care),Animali Domestici (Pet Care),ARNICA,B07RLS54ZW,1,40,88
Terra di Cuma Pomata Verde Plus - 500 g,https://www.amazon.it/dp/B07Y1TMF9L?tag=offertissimes-21,19.19,25.91,25.9,19.19,Animali Domestici (Pet Care),Animali Domestici (Pet Care),Terra,B07Y1TMF9L,1,40,88
"FIGHTR® Premium Bende Boxe Max. stabilità e Sicurezza | 4m Mezzo Bendaggi Elastici con Anello per Il Pollice per Boxe, MMA, M",https://www.amazon.it/dp/B082MF2SWT?tag=offertissimes-21,14.9,20.12,25.9,14.9,Animali Domestici (Pet Care),Animali Domestici (Pet Care),FIGHTR,B082MF2SWT,1,40,88
Padovan Naturalmix Cocorite - Alimento Completo per cocorite - 5 kg,https://www.amazon.it/dp/B071JHC1HW?tag=offertissimes-21,20.0,27.0,25.9,20.0,Animali Domestici (Pet Care),Animali Domestici (Pet Care),Padovan,B071JHC1HW,1,40,88
"Yaheetech Gabbia Voliera Uccelli con Ruote Metalliche 79 × 51,8 × 132 cm | Voliera Metallica per Calopsite e Inseparabili, Ba",https://www.amazon.it/dp/B07HM93SW5?tag=offertissimes-21,95.99,129.59,25.9,95.99,Animali Domestici (Pet Care),Animali Domestici (Pet Care),Yaheetech,B07HM93SW5,1,40,88
"Croci Sandy 5 kg – Sabbia Igienica per Volatili, Lettiera per Gabbie e Voliere – Assorbe Odori, per Canarini, Pappagalli e Uc",https://www.amazon.it/dp/B017CVTJ5Q?tag=offertissimes-21,6.61,8.92,25.9,6.61,Animali Domestici (Pet Care),Animali Domestici (Pet Care),Croci,B017CVTJ5Q,1,40,88
Padovan Naturalmix Tortore - Alimento Completo per tortore e quaglie - Miscela di Cereali - 5 kg,https://www.amazon.it/dp/B07N8PQCBT?tag=offertissimes-21,9.8,13.23,25.9,9.8,Animali Domestici (Pet Care),Animali Domestici (Pet Care),Padovan,B07N8PQCBT,1,40,88
"AF® Camole della Farina Essiccate 300g, 2,5L Mangime Uccelli Selvatici Tenebrio Molitor 52% Proteine, Snack Naturale per Pett",https://www.amazon.it/dp/B0G1L4FNLN?tag=offertissimes-21,9.95,13.43,25.9,9.95,Animali Domestici (Pet Care),Animali Domestici (Pet Care),AF,B0G1L4FNLN,1,40,88
Aimé - Miglio in rami e semi per uccelli 250 g - Snack uccelli domestici a base di miglio - Mangime pappagalli e altri volati,https://www.amazon.it/dp/B07RZDPBCP?tag=offertissimes-21,3.87,5.22,25.9,3.87,Animali Domestici (Pet Care),Animali Domestici (Pet Care),Amazon Choice,B07RZDPBCP,1,40,88
"ZOMAPET spighe di panico per pappagalli 500gr, mangime pappagalli naturale ideale anche per cocorite e uccelli esotici - Made",https://www.amazon.it/dp/B0FM7XN4GK?tag=offertissimes-21,11.99,16.19,25.9,11.99,Animali Domestici (Pet Care),Animali Domestici (Pet Care),ZOMAPET,B0FM7XN4GK,1,40,88
"Padovan Naturalmix Parrocchetti - Alimento Completo per parrocchetti - 4,5 kg",https://www.amazon.it/dp/B071456SN8?tag=offertissimes-21,22.0,29.7,25.9,22.0,Animali Domestici (Pet Care),Animali Domestici (Pet Care),Padovan,B071456SN8,1,40,88
Aimé Cibo nutri' Bilancia,https://www.amazon.it/dp/B00F5RPPD0?tag=offertissimes-21,5.11,6.9,25.9,5.11,Animali Domestici (Pet Care),Animali Domestici (Pet Care),Amazon Choice,B00F5RPPD0,1,40,88
"Ferplast Nido per Uccelli, Casetta Uccellini, Nido per Uccellini in Legno FSC, da Esterno, 13 X 12 X H 17 cm.",https://www.amazon.it/dp/B001N03XIC?tag=offertissimes-21,6.52,8.8,25.9,6.52,Animali Domestici (Pet Care),Animali Domestici (Pet Care),Ferplast,B001N03XIC,1,40,88
"Best Friend Mangime Completo per Inseparabili e Parrocchetti, 8 pacchi | Mangime per gli uccelli con Cardo Mariano. Ingredien",https://www.amazon.it/dp/B0DJ3GV9T3?tag=offertissimes-21,25.1,33.89,25.9,25.1,Animali Domestici (Pet Care),Animali Domestici (Pet Care),Best,B0DJ3GV9T3,1,40,88
"PARROT 1000g - è un mangime ricco, a base di ingredienti naturali selezionati, sviluppato per grandi pappagalli",https://www.amazon.it/dp/B07BFFK95G?tag=offertissimes-21,7.97,10.76,25.9,7.97,Animali Domestici (Pet Care),Animali Domestici (Pet Care),PARROT,B07BFFK95G,1,40,88
Padovan Naturalmix Colombi - 5000 gr,https://www.amazon.it/dp/B06X9RGYZM?tag=offertissimes-21,9.79,13.22,25.9,9.79,Animali Domestici (Pet Care),Animali Domestici (Pet Care),Padovan,B06X9RGYZM,1,40,88
COCKATIEL 700g - Misto di granaglie e semi per cacatuidi e altri pappagalli di medie dimensioni,https://www.amazon.it/dp/B005TK9UHA?tag=offertissimes-21,4.49,6.06,25.9,4.49,Animali Domestici (Pet Care),Animali Domestici (Pet Care),COCKATIEL,B005TK9UHA,1,40,88
"Yaheetech Gabbia Voliera Pappagalli Metallo Legno 59 × 59 × 150 cm | Voliera Metallo-Legno per Pappagalli, con Carrello Mobil",https://www.amazon.it/dp/B07K2B3QQV?tag=offertissimes-21,79.99,107.99,25.9,79.99,Animali Domestici (Pet Care),Animali Domestici (Pet Care),Yaheetech,B07K2B3QQV,1,40,88
Versele-Laga B14 | 800 g | Alimento di mantenimento per cocorite e altri piccoli pappagalli | Supporto per la flora intestina,https://www.amazon.it/dp/B000LXTUSE?tag=offertissimes-21,6.64,8.96,25.9,6.64,Animali Domestici (Pet Care),Animali Domestici (Pet Care),Versele-Laga,B000LXTUSE,1,40,88
"Nekton S - Integratore Vitaminico per Uccelli, 1 Pezzo (35 G)",https://www.amazon.it/dp/B0002DILSI?tag=offertissimes-21,10.0,13.5,25.9,10.0,Animali Domestici (Pet Care),Animali Domestici (Pet Care),Nekton,B0002DILSI,1,40,88
"DADECARE Broncare Respiratorio 250 ml con ADEC - Polli, Uccelli da Cortile ed Esotici - Oli Essenziali, Supporto Immunitario",https://www.amazon.it/dp/B0DPNMBNR3?tag=offertissimes-21,19.95,26.93,25.9,19.95,Animali Domestici (Pet Care),Animali Domestici (Pet Care),DADECARE,B0DPNMBNR3,1,40,88
NutriBird A21 | Pappa da imbecco per pulcini | 250 g | Con prebiotici | Versele-Laga | Alimento completo | Per pulcini con el,https://www.amazon.it/dp/B09KCLQ85F?tag=offertissimes-21,12.42,16.77,25.9,12.42,Animali Domestici (Pet Care),Animali Domestici (Pet Care),NutriBird,B09KCLQ85F,1,40,88
"Multivitaminico 6 in 1 250ml Uccelli | Vitamine A-E-D-C-B| Mangime complementare per abbeveratoio galline, polli, piccioni, p",https://www.amazon.it/dp/B0DPNMKFFT?tag=offertissimes-21,19.95,26.93,25.9,19.95,Animali Domestici (Pet Care),Animali Domestici (Pet Care),Multivitaminico,B0DPNMKFFT,1,40,88
Aurora biofarma Siliplus Pasta 30gr,https://www.amazon.it/dp/B0F52NN48H?tag=offertissimes-21,23.25,31.39,25.9,23.25,Animali Domestici (Pet Care),Animali Domestici (Pet Care),Aurora,B0F52NN48H,1,40,88
"BAKAJI Gabbia Voliera per Uccelli con Vassoio Scorrevole e Posatoi in Legno, Gabbietta in Metallo Impilabile, Ideale per Papp",https://www.amazon.it/dp/B0D7QGYQ51?tag=offertissimes-21,29.9,40.37,25.9,29.9,Animali Domestici (Pet Care),Animali Domestici (Pet Care),BAKAJI,B0D7QGYQ51,1,40,88
VERSELE-LAGA - NutriBird P15 Tropical - Pellet estrusi - Alimento di mantenimento per pappagalli - Multicolore - 3kg,https://www.amazon.it/dp/B09N72SQDD?tag=offertissimes-21,32.96,44.5,25.9,32.96,Animali Domestici (Pet Care),Animali Domestici (Pet Care),VERSELE-LAGA,B09N72SQDD,1,40,88
Versele-Laga Lori | 700 g | Alimento completo per Lori e Loriculus | Con minerali naturali di argilla,https://www.amazon.it/dp/B000LXR5HM?tag=offertissimes-21,19.98,26.97,25.9,19.98,Animali Domestici (Pet Care),Animali Domestici (Pet Care),Versele-Laga,B000LXR5HM,1,40,88
AGRI-CULTURA® | Mangime Uccelli Selvatici 800g | Miscela Semi e Granaglie Naturali per Tutti i tipi di Uccelli | Alimentazion,https://www.amazon.it/dp/B0GY28X7MS?tag=offertissimes-21,11.97,16.16,25.9,11.97,Animali Domestici (Pet Care),Animali Domestici (Pet Care),AGRI-CULTURA,B0GY28X7MS,1,40,88
"Loro Parque Pappagalli Africani Versele Laga - 2,5 kg",https://www.amazon.it/dp/B083ZFHTV2?tag=offertissimes-21,19.23,25.96,25.9,19.23,Animali Domestici (Pet Care),Animali Domestici (Pet Care),Loro,B083ZFHTV2,1,40,88
"Mangime per Pulcini Appena Nati, Mangime Pulcini Primo Periodo con 23% di Proteine, Vitamine, Minerali e Oli Essenziali, Adat",https://www.amazon.it/dp/B0HB5TSM4Y?tag=offertissimes-21,19.99,26.99,25.9,19.99,Animali Domestici (Pet Care),Animali Domestici (Pet Care),Mangime,B0HB5TSM4Y,1,40,88
"Yaheetech Gabbia Voliera Metallo per Pappagalli 81 × 77 × 160 cm, Nero | Voliera Spaziosa con Piedistallo, Adatta a Uccelli G",https://www.amazon.it/dp/B08HSXW352?tag=offertissimes-21,169.99,229.49,25.9,169.99,Animali Domestici (Pet Care),Animali Domestici (Pet Care),Yaheetech,B08HSXW352,1,40,88
Nature Mix+ Mélange de graines - Pour oiseaux de la nature - 1kg (Confezione da 3),https://www.amazon.it/dp/B0G54CR5R8?tag=offertissimes-21,12.42,16.77,25.9,12.42,Animali Domestici (Pet Care),Animali Domestici (Pet Care),Nature,B0G54CR5R8,1,40,88
"Bagno per uccelli per gabbia, ciotola per uccelli sospesa, accessori per gabbia per uccelli adatti a uccelli di piccole e med",https://www.amazon.it/dp/B0FLTJ1Z5H?tag=offertissimes-21,23.99,32.39,25.9,23.99,Animali Domestici (Pet Care),Animali Domestici (Pet Care),Bagno,B0FLTJ1Z5H,1,40,88
"Yaheetech Gabbia Voliera Uccelli Metallo Legno 46 × 35,5 × 99 cm | Voliera Metallo-Legno per Pappagalli, Calopsite e Insepara",https://www.amazon.it/dp/B07JNB83LK?tag=offertissimes-21,49.99,67.49,25.9,49.99,Animali Domestici (Pet Care),Animali Domestici (Pet Care),Yaheetech,B07JNB83LK,1,40,88
"Zupreem Multifrutas Futter für Begleitvögel - Früchte und Vitamine - Futter für Vögel Geeignet für Papageien, Aras, Kakadus,",https://www.amazon.it/dp/B0DB1QJ5CT?tag=offertissimes-21,27.58,37.23,25.9,27.58,Animali Domestici (Pet Care),Animali Domestici (Pet Care),Zupreem,B0DB1QJ5CT,1,40,88
Nekton Bio per piumaggio 35gm (1 Once),https://www.amazon.it/dp/B0002DIM3C?tag=offertissimes-21,16.98,22.92,25.9,16.98,Animali Domestici (Pet Care),Animali Domestici (Pet Care),Nekton,B0002DIM3C,1,40,88
"Giocattoli per pappagalli per uccelli, 18 pezzi accessori per gabbia per uccelli, giocattolo per scaletta, giocattolo da mast",https://www.amazon.it/dp/B0C2PX5CNG?tag=offertissimes-21,18.98,25.62,25.9,18.98,Animali Domestici (Pet Care),Animali Domestici (Pet Care),Giocattoli,B0C2PX5CNG,1,40,88
NutriBird G14 Original | Pellet per parrocchetti grandi | 1 kg | prebiotici | Versele-Laga | Alimento completo | Può sostener,https://www.amazon.it/dp/B000LXVSE8?tag=offertissimes-21,11.0,14.85,25.9,11.0,Animali Domestici (Pet Care),Animali Domestici (Pet Care),NutriBird,B000LXVSE8,1,40,88
"Arquivet Abbeveratoio in plastica per uccelli, 13 cm, 85 cc",https://www.amazon.it/dp/B01G7FZBGY?tag=offertissimes-21,4.89,6.6,25.9,4.89,Animali Domestici (Pet Care),Animali Domestici (Pet Care),Arquivet,B01G7FZBGY,1,40,88
"PHCOZY 3 PCS Osso di Seppia,Osso di Seppia per Pappagalli,Osso di Seppia per Tartarughe,Osso di Seppia per Uccelli,Osso di Se",https://www.amazon.it/dp/B0CPM4X7JX?tag=offertissimes-21,10.99,14.84,25.9,10.99,Animali Domestici (Pet Care),Animali Domestici (Pet Care),PHCOZY,B0CPM4X7JX,1,40,88
"FUGLUS 10 pcs Ossi di Seppia Naturali,Osso di Seppia Naturale,Osso di Seppia per Uccelli,Osso di Seppia per Tartarughe,per Uc",https://www.amazon.it/dp/B0FPD7PC4X?tag=offertissimes-21,8.99,12.14,25.9,8.99,Animali Domestici (Pet Care),Animali Domestici (Pet Care),FUGLUS,B0FPD7PC4X,1,40,88
AGRI-CULTURA® | Disabituante per Cani e Gatti 1L Anti-URINA | Repellente per Cani e Gatti Anti Urina Pronto Uso | Barriera Na,https://www.amazon.it/dp/B0CNNPCR9B?tag=offertissimes-21,15.97,21.56,25.9,15.97,Animali Domestici (Pet Care),Animali Domestici (Pet Care),AGRI-CULTURA,B0CNNPCR9B,1,40,88
"RIO Mangime completo per pappagalli di grandi dimensioni | 1 kg | Per inseparabili, calopsitte | Miscela equilibrata di semi",https://www.amazon.it/dp/B00OFPMEUU?tag=offertissimes-21,10.25,13.84,25.9,10.25,Animali Domestici (Pet Care),Animali Domestici (Pet Care),RIO,B00OFPMEUU,1,40,88
Versele Laga Cibo snack con frutta per pappagalli Exotic Light - 750 gr,https://www.amazon.it/dp/B0047N1F14?tag=offertissimes-21,6.0,8.1,25.9,6.0,Animali Domestici (Pet Care),Animali Domestici (Pet Care),Versele,B0047N1F14,1,40,88
"Riga - Menu Mix Grandi Parrucche E Pappagalli - Cibo per Uccelli - 20 Ingredienti - Arachidi - Oligoelementi - Digestione, Cr",https://www.amazon.it/dp/B0BDM47HVQ?tag=offertissimes-21,13.38,18.06,25.9,13.38,Animali Domestici (Pet Care),Animali Domestici (Pet Care),Riga,B0BDM47HVQ,1,40,88
"Riga - Menu Premium per Uccelli Esotici - Miscela di Semi, Cereali e Proteine Vegetali - Concetto Tri-Nutrition - Aiuta a un",https://www.amazon.it/dp/B0952QLDZL?tag=offertissimes-21,6.68,9.02,25.9,6.68,Animali Domestici (Pet Care),Animali Domestici (Pet Care),Riga,B0952QLDZL,1,40,88
"GXGM 8 Pezzi Osso di Seppia,Osso di Seppia per Pappagalli,Osso di Seppia per Tartarughe,Osso di Seppia per Uccelli,Osso di Se",https://www.amazon.it/dp/B0FGN4H56V?tag=offertissimes-21,10.99,14.84,25.9,10.99,Animali Domestici (Pet Care),Animali Domestici (Pet Care),GXGM,B0FGN4H56V,1,40,88
Padovan Naturalmix Canarini - Alimento Completo per canarini - 5 kg,https://www.amazon.it/dp/B0743MGS21?tag=offertissimes-21,11.0,14.85,25.9,11.0,Animali Domestici (Pet Care),Animali Domestici (Pet Care),Padovan,B0743MGS21,1,40,88
"DADECARE Preventivo Parassiti Interni Naturale 250 ml - Polli, Pollame ed Esotici - Previene e Tratta Problemi digestivi - Fo",https://www.amazon.it/dp/B0DGNKV2LM?tag=offertissimes-21,19.53,26.37,25.9,19.53,Animali Domestici (Pet Care),Animali Domestici (Pet Care),DADECARE,B0DGNKV2LM,1,40,88
"PULCINELLI 2 Pz Ciotola per Uccelli in Acciaio Inox da Appendere 10X4,5 cm | Mangiatoia per Uccelli da Gabbia, Bird Feeder, C",https://www.amazon.it/dp/B0H3PGBMV9?tag=offertissimes-21,11.99,16.19,25.9,11.99,Animali Domestici (Pet Care),Animali Domestici (Pet Care),PULCINELLI,B0H3PGBMV9,1,40,88
"PLABBDPL 2 pcs Copertura per Gabbia, coperture universali per gabbie per uccelli, Copertura in Rete, per pappagalli regolabil",https://www.amazon.it/dp/B0D7PXMF1G?tag=offertissimes-21,9.99,13.49,25.9,9.99,Animali Domestici (Pet Care),Animali Domestici (Pet Care),PLABBDPL,B0D7PXMF1G,1,40,88
"CANARY 250g - alimento di base di tutte le varietà di canarini, cereali e semi di erba,",https://www.amazon.it/dp/B0777PR18X?tag=offertissimes-21,2.49,3.36,25.9,2.49,Animali Domestici (Pet Care),Animali Domestici (Pet Care),CANARY,B0777PR18X,1,40,88
"UGF - Gamberetti essiccati - 75 g in un secchio da 500 ml, Insetti gamberetti, Cibo per uccelli selvatici (tutto l'anno), Sna",https://www.amazon.it/dp/B0D4M2CYW2?tag=offertissimes-21,9.99,13.49,25.9,9.99,Animali Domestici (Pet Care),Animali Domestici (Pet Care),UGF,B0D4M2CYW2,1,40,88
"UGF - Larve di mosca soldato essiccate - 75 g in un secchio da 500 ml, Hermetia (simili ai vermi della farina), cibo per ucce",https://www.amazon.it/dp/B0BSR3W8BP?tag=offertissimes-21,9.99,13.49,25.9,9.99,Animali Domestici (Pet Care),Animali Domestici (Pet Care),UGF,B0BSR3W8BP,1,40,88
"Mangiatoia automatica per uccelli, mangiatoia per gabbia per uccelli con trespolo per parrocchetto canarino calopsitta fringu",https://www.amazon.it/dp/B0D6V9MYKX?tag=offertissimes-21,16.99,22.94,25.9,16.99,Animali Domestici (Pet Care),Animali Domestici (Pet Care),Mangiatoia,B0D6V9MYKX,1,40,88
"by Amazon Alimento completo per cani adulti, Selezione di carne in salsa, 4.8 kg, 48 confezioni da 100g",https://www.amazon.it/dp/B0958BDB5C?tag=offertissimes-21,13.85,18.7,25.9,13.85,Animali Domestici (Pet Care),Animali Domestici (Pet Care),by,B0958BDB5C,1,40,88
"Pedigree Dentastix Snack per la Igiene Orale (Cane Medio 10-25 kg), 180g 105 Pezzi - 15 Confezioni da 7 pezzi (105 Pezzi tota",https://www.amazon.it/dp/B07ZHD3R53?tag=offertissimes-21,21.6,29.16,25.9,21.6,Animali Domestici (Pet Care),Animali Domestici (Pet Care),Pedigree,B07ZHD3R53,1,40,88
AdTab Compresse Masticabili per cani >22-45 Kg - 3 compresse,https://www.amazon.it/dp/B0CTKM5PBT?tag=offertissimes-21,27.3,36.86,25.9,27.3,Animali Domestici (Pet Care),Animali Domestici (Pet Care),AdTab,B0CTKM5PBT,1,40,88
VECTRA 3D Antiparassitario per Cane 3 Pipette Antipulci Antizecche e Antizanzare per cani da 10 a 25 kg Protegge da Pulci Zec,https://www.amazon.it/dp/B01M0PWK70?tag=offertissimes-21,23.19,31.31,25.9,23.19,Animali Domestici (Pet Care),Animali Domestici (Pet Care),VECTRA,B01M0PWK70,1,40,88
PURINA DENTALIFE Daily Oral Care Snack per Cani Sticks Dentali 2 Confezioni | Sticks Dentali per Igiene Orale Cane Adulto Tag,https://www.amazon.it/dp/B08L8Y4PPJ?tag=offertissimes-21,20.99,28.34,25.9,20.99,Animali Domestici (Pet Care),Animali Domestici (Pet Care),PURINA,B08L8Y4PPJ,1,40,88
"by Amazon - Alimento secco completo per cani adulti ricco di agnello e riso, 1 confezione da 5 kg",https://www.amazon.it/dp/B07GG2Z566?tag=offertissimes-21,12.35,16.67,25.9,12.35,Animali Domestici (Pet Care),Animali Domestici (Pet Care),by,B07GG2Z566,1,40,88
BactPro - BactPets elimina odori e Macchie per Cani e Gatti - Rimuove urina da Tessuti e superfici - Attivatore Biologico Pro,https://www.amazon.it/dp/B099ZZ9DJ2?tag=offertissimes-21,15.99,21.59,25.9,15.99,Animali Domestici (Pet Care),Animali Domestici (Pet Care),BactPro,B099ZZ9DJ2,1,40,88
"Schesir, Cibo Secco per Cani Adulti di Taglia Grande al Gusto Pesce, Linea Mantenimento in Crocchette - Formato Sacco da 12Kg",https://www.amazon.it/dp/B089R8489S?tag=offertissimes-21,28.59,38.6,25.9,28.59,Animali Domestici (Pet Care),Animali Domestici (Pet Care),Schesir,B089R8489S,1,40,88
Natural Trainer Ideal Weight Small & Toy Cibo per Cani Adulti Light in fat con Tacchino - 2kg,https://www.amazon.it/dp/B07V5B8QJ7?tag=offertissimes-21,27.21,36.73,25.9,27.21,Animali Domestici (Pet Care),Animali Domestici (Pet Care),Natural,B07V5B8QJ7,1,40,88
"Amazon Basics Sacchetti per Escrementi e Rifiuti di Cani Senza Dispenser, Inodori, 300 Sacchetti (20 Confezioni da 15 Sacchet",https://www.amazon.it/dp/B0DP9ZS1PF?tag=offertissimes-21,7.48,10.1,25.9,7.48,Animali Domestici (Pet Care),Animali Domestici (Pet Care),Amazon,B0DP9ZS1PF,1,40,88
"Frontline Spot On Cani x3 Antiparassitario Contro Pulci E Zecche (2-10Kg) | Lunga Durata, Protegge da Zecche, Pulci e Pidocch",https://www.amazon.it/dp/B0DGXDR6RN?tag=offertissimes-21,15.78,21.3,25.9,15.78,Animali Domestici (Pet Care),Animali Domestici (Pet Care),Frontline,B0DGXDR6RN,1,40,88
"Scalibor - Collare Antiparassitario 48cm | Antipulci, Antizecche, Leishmaniosi, Per Cani di Taglia Media e Piccola, 12 Mesi d",https://www.amazon.it/dp/B00JOKL3XA?tag=offertissimes-21,24.08,32.51,25.9,24.08,Animali Domestici (Pet Care),Animali Domestici (Pet Care),Scalibor,B00JOKL3XA,1,40,88
"Bau Probiotici per Cani, Fermenti Lattici Cane Malassezia, Supporto Gastrointestinale Digestivo per Cani Prurito, Integratore",https://www.amazon.it/dp/B0FKH6HRWY?tag=offertissimes-21,34.9,47.12,25.9,34.9,Animali Domestici (Pet Care),Animali Domestici (Pet Care),Bau,B0FKH6HRWY,1,40,88
Candioli Evexia Fast 50 CPR. Mangime complementare per Can,https://www.amazon.it/dp/B0DJRK5VT7?tag=offertissimes-21,37.0,49.95,25.9,37.0,Animali Domestici (Pet Care),Animali Domestici (Pet Care),Candioli,B0DJRK5VT7,1,40,88
"Petsly Repellente per Gatti e Cani Anti Urina Uso Interno e Esterno, 500ml | Spray Addestrativo Disabituante Gatti - Doppia A",https://www.amazon.it/dp/B094RFX5NF?tag=offertissimes-21,13.99,18.89,25.9,13.99,Animali Domestici (Pet Care),Animali Domestici (Pet Care),Petsly,B094RFX5NF,1,40,88
"MERSJO Dog Treats - 92% ad alto contenuto di carne, Senza Cereali e Zuccheri, crocchette per cani come integratore quotidiano",https://www.amazon.it/dp/B0C5M9ZMVW?tag=offertissimes-21,13.86,18.71,25.9,13.86,Animali Domestici (Pet Care),Animali Domestici (Pet Care),MERSJO,B0C5M9ZMVW,1,40,88
KYG Coprisedile Auto per Cani Telo Posteriore Auto per Animali Domestici Rivestimento per Sedile dell'Auto di Panno Oxford Im,https://www.amazon.it/dp/B07S1NJBGW?tag=offertissimes-21,33.99,45.89,25.9,33.99,Animali Domestici (Pet Care),Animali Domestici (Pet Care),KYG,B07S1NJBGW,1,40,88
"NBF Lanes | Artikrill Dol Cane, 60 Perle Appetibili, Supporto Metabolismo Articolare in caso di Osteoartrite del Cane Adulto",https://www.amazon.it/dp/B07S9C2Y7Y?tag=offertissimes-21,33.49,45.21,25.9,33.49,Animali Domestici (Pet Care),Animali Domestici (Pet Care),NBF,B07S9C2Y7Y,1,40,88
"Trainer Natural Cibo per Cani Medium Adult, Prosciutto Crudo, 3 Kg",https://www.amazon.it/dp/B075VR64XY?tag=offertissimes-21,9.06,12.23,25.9,9.06,Animali Domestici (Pet Care),Animali Domestici (Pet Care),Trainer,B075VR64XY,1,40,88
"Snackomio Venandi Animal Croccante Bastoncino Da Masticare A Base Di Filetto Di Petto Di Pollo - Mastica Premium Per Cani,70G",https://www.amazon.it/dp/B08Y8TDVTF?tag=offertissimes-21,3.0,4.05,25.9,3.0,Animali Domestici (Pet Care),Animali Domestici (Pet Care),Snackomio,B08Y8TDVTF,1,40,88
Aurora Biofarma Kanadol 50 Compresse - Mangime complementare utile per la normale funzione del sistema nocicettivo ed endocan,https://www.amazon.it/dp/B0C6CY9J1G?tag=offertissimes-21,30.49,41.16,25.9,30.49,Animali Domestici (Pet Care),Animali Domestici (Pet Care),Aurora,B0C6CY9J1G,1,40,88
"Trainer Natural Cibo per Cani Small and Toy Adult, Prosciutto Crudo, 2 Kg",https://www.amazon.it/dp/B07543KLL6?tag=offertissimes-21,26.19,35.36,25.9,26.19,Animali Domestici (Pet Care),Animali Domestici (Pet Care),Trainer,B07543KLL6,1,40,88
Natural Trainer Ideal Weight Medium&Maxi Cibo per Cani Adulti Light in fat con Tacchino - 12kg,https://www.amazon.it/dp/B07V5BBMTC?tag=offertissimes-21,44.99,60.74,25.9,44.99,Animali Domestici (Pet Care),Animali Domestici (Pet Care),Natural,B07V5BBMTC,1,40,88
"NBF Lanes | Carobin Pet Forte Cane Gatto, 30 Compresse Appetibili, Riduzione Disturbi Acuti dell’Assorbimento Intestinale, Di",https://www.amazon.it/dp/B09Y9JYYR2?tag=offertissimes-21,19.89,26.85,25.9,19.89,Animali Domestici (Pet Care),Animali Domestici (Pet Care),NBF,B09Y9JYYR2,1,40,88
"Earth Rated Salviette ipoallergeniche per Cani, puliscono ed eliminano Gli odori da Zampe, Corpo e Sedere, Senza Profumo, 100",https://www.amazon.it/dp/B07NHL31CC?tag=offertissimes-21,6.55,8.84,25.9,6.55,Animali Domestici (Pet Care),Animali Domestici (Pet Care),Earth,B07NHL31CC,1,40,88
Innovet Condrostress Mobility per Cani Adulti e Anziani Che Soffrono di Rigidità Articolare – 90 Soft Chews – Supporta Il Met,https://www.amazon.it/dp/B0DJ17VJLK?tag=offertissimes-21,58.24,78.62,25.9,58.24,Animali Domestici (Pet Care),Animali Domestici (Pet Care),Innovet,B0DJ17VJLK,1,40,88
"WOW BITES osso per cani premium - masticativi di lunga durata di latte naturale - snack al formaggio Piccolo (140 g, set da 4",https://www.amazon.it/dp/B0C7LCL868?tag=offertissimes-21,9.99,13.49,25.9,9.99,Animali Domestici (Pet Care),Animali Domestici (Pet Care),WOW,B0C7LCL868,1,40,88
"PETKIT Distributore Automatico Cibo Gatti, 3L Distributore Automatico Cibo Cani,2.4G WiFi,1-10 Pasti,1-15 Giorni,Ciotola in A",https://www.amazon.it/dp/B0CD7NRW37?tag=offertissimes-21,79.99,107.99,25.9,79.99,Animali Domestici (Pet Care),Animali Domestici (Pet Care),PETKIT,B0CD7NRW37,1,40,88
"Trainer Sensitive No Gluten Smalltoy Adult Con Salmone E Cereali Integrali, Agnello, 2 kg",https://www.amazon.it/dp/B07V37GSFV?tag=offertissimes-21,10.42,14.07,25.9,10.42,Animali Domestici (Pet Care),Animali Domestici (Pet Care),Trainer,B07V37GSFV,1,40,88
"Animal House Corna di Cervo Premium per Cani Sezionate, L | 100% Naturali e Resistenti, Migliora l'Igiene Orale, Adatte a Tut",https://www.amazon.it/dp/B09BJF279H?tag=offertissimes-21,12.19,16.46,25.9,12.19,Animali Domestici (Pet Care),Animali Domestici (Pet Care),Animal,B09BJF279H,1,40,88
Aurora Biofarma GastroTaxil 120 ml - Utile al Supporto del Fisiologico Trofismo delle Mucose Gastroesofagee e del Processo Di,https://www.amazon.it/dp/B0CVQNRVFR?tag=offertissimes-21,28.59,38.6,25.9,28.59,Animali Domestici (Pet Care),Animali Domestici (Pet Care),Aurora,B0CVQNRVFR,1,40,88
"Stuzzy Cibo Umido per Cani con Manzo in Gelatina, in Busta, Alimento Completo, Ingredienti Naturali, Cotto al Vapore, Alto Co",https://www.amazon.it/dp/B01E1FSKK6?tag=offertissimes-21,14.88,20.09,25.9,14.88,Animali Domestici (Pet Care),Animali Domestici (Pet Care),Stuzzy,B01E1FSKK6,1,40,88
Innovet Senilife Plus - 60 Capsule Birillo - Supporto al Benessere Cerebrale di Cani e Gatti Anziani - Aiuta Memoria e Funzio,https://www.amazon.it/dp/B08PKZVJJG?tag=offertissimes-21,49.99,67.49,25.9,49.99,Animali Domestici (Pet Care),Animali Domestici (Pet Care),Innovet,B08PKZVJJG,1,40,88
"Trixie Denta Fun Bastoncini da masticare con anatra, 12 cm, pacco da 10 pezzi",https://www.amazon.it/dp/B00B8RNYPM?tag=offertissimes-21,2.55,3.44,25.9,2.55,Animali Domestici (Pet Care),Animali Domestici (Pet Care),Trixie,B00B8RNYPM,1,40,88
"FEANDREA Cuccia per Cani di Taglia Grande, Ortopedica, 104 x 69 x 18 cm | Rivestimento Impermeabile, Bordi Rialzati, Sfoderab",https://www.amazon.it/dp/B0DR24ZDGG?tag=offertissimes-21,38.99,52.64,25.9,38.99,Animali Domestici (Pet Care),Animali Domestici (Pet Care),FEANDREA,B0DR24ZDGG,1,40,88
Simple Solution Nuovi ‘True Fit’ Pannolini Monuso per Cani Femmina con Idicatore di Bagnato Medio – 12 pezzi,https://www.amazon.it/dp/B000BHHD84?tag=offertissimes-21,6.52,8.8,25.9,6.52,Animali Domestici (Pet Care),Animali Domestici (Pet Care),Simple,B000BHHD84,1,40,88
"Tetra ReptoMin Sticks - Alimento Base per Tartarughe acquatiche, 250 ml | Cibo per tartarughe acquatiche | Bastoncini gallegg",https://www.amazon.it/dp/B000LY0T5Q?tag=offertissimes-21,15.61,21.07,25.9,15.61,Animali Domestici (Pet Care),Animali Domestici (Pet Care),Tetra,B000LY0T5Q,1,40,88
"COMPO ZOO, Lettiera Per Tartarughe e Terrari, 10L | Substrato naturale altamente assorbente per rettili e ambienti umidi, eli",https://www.amazon.it/dp/B0D45PLP24?tag=offertissimes-21,17.58,23.73,25.9,17.58,Animali Domestici (Pet Care),Animali Domestici (Pet Care),COMPO,B0D45PLP24,1,40,88
"TempPro TP49 2 Pezzi Igrometro Digitale Termometro Ambiente Interno | Monitor Preciso Umidità e Temperatura, dispone di indic",https://www.amazon.it/dp/B08V12CT4C?tag=offertissimes-21,14.99,20.24,25.9,14.99,Animali Domestici (Pet Care),Animali Domestici (Pet Care),TempPro,B08V12CT4C,1,40,88
"Tetra Gammarus Turtle Food - Mangime per tartarughe, 250 ml | Cibo naturale a base di gamberetti d'acqua dolce interi | Alime",https://www.amazon.it/dp/B000LXWVHG?tag=offertissimes-21,15.66,21.14,25.9,15.66,Animali Domestici (Pet Care),Animali Domestici (Pet Care),Tetra,B000LXWVHG,1,40,88
"PewinGo Lampada uvb Tartarughe, Lampada Rettile e Anfibio con 50W Lampadina UVA UVB a Punto Basking e Morsetto Girevole a 360",https://www.amazon.it/dp/B0B7W6P6LR?tag=offertissimes-21,18.99,25.64,25.9,18.99,Animali Domestici (Pet Care),Animali Domestici (Pet Care),PewinGo,B0B7W6P6LR,1,40,88
"AF® - Mix Semi per Tartarughe di Terra, Formulazione Rapida 40g | Cicoria, Trifoglio, Cardo Mariano, Erba per Tartarughe da C",https://www.amazon.it/dp/B0GTJQK9MM?tag=offertissimes-21,9.95,13.43,25.9,9.95,Animali Domestici (Pet Care),Animali Domestici (Pet Care),AF,B0GTJQK9MM,1,40,88
"Tetra ReptoMin Energy Turtle Food - Alimento premium bilanciato e ricco di nutrienti con krill e gamberetti, lattina da 250 m",https://www.amazon.it/dp/B002ZG8770?tag=offertissimes-21,14.2,19.17,25.9,14.2,Animali Domestici (Pet Care),Animali Domestici (Pet Care),Tetra,B002ZG8770,1,40,88
"AF® Mangime Tartarughe Acqua Adulte, 5L Pellet Galleggianti 5mm, 28% Proteine per Carapace Forte, Acqua Pulita e Senza Odori,",https://www.amazon.it/dp/B0FG5WZ9WM?tag=offertissimes-21,27.95,37.73,25.9,27.95,Animali Domestici (Pet Care),Animali Domestici (Pet Care),AF,B0FG5WZ9WM,1,40,88
"ReptoMin Menu Turtle Food - Mangime 3 in 1 assortito con bastoncini, krill e gamberetti per tartarughe acquatiche, lattina da",https://www.amazon.it/dp/B002ZG877U?tag=offertissimes-21,5.69,7.68,25.9,5.69,Animali Domestici (Pet Care),Animali Domestici (Pet Care),ReptoMin,B002ZG877U,1,40,88
"Tetra ReptoClean - Biocondizionatore vasca/acquario per tartarughe, 100 ml | Degrada mangime, residui vegetali ed escrementi",https://www.amazon.it/dp/B09MM2KYJJ?tag=offertissimes-21,9.02,12.18,25.9,9.02,Animali Domestici (Pet Care),Animali Domestici (Pet Care),Tetra,B09MM2KYJJ,1,40,88
"Lampada Riscaldante UVA UVB Tartarughe, E27 25W/50W, Acquario Terrario | Luminosa regolabile Kit Illuminazione Riscaldante Im",https://www.amazon.it/dp/B0CMT4BR13?tag=offertissimes-21,18.98,25.62,25.9,18.98,Animali Domestici (Pet Care),Animali Domestici (Pet Care),Lampada,B0CMT4BR13,1,40,88
"testyu Lampada Riscaldante Tartarughe a Due Teste, 25W+50W Lampada Tartarughe Acqua E27, UVA+UVB Lampadas Riscaldante Rettile",https://www.amazon.it/dp/B0BKG3NM56?tag=offertissimes-21,25.99,35.09,25.9,25.99,Animali Domestici (Pet Care),Animali Domestici (Pet Care),testyu,B0BKG3NM56,1,40,88
AGRI-CULTURA® | Terra per Tartarughe da Terra 20 L | Substrato specifico per Tartarughe di Terra e terrario.,https://www.amazon.it/dp/B0CNQF2G9P?tag=offertissimes-21,27.97,37.76,25.9,27.97,Animali Domestici (Pet Care),Animali Domestici (Pet Care),AGRI-CULTURA,B0CNQF2G9P,1,40,88
"AGRI-CULTURA® | Semi Erba Per Tartarughe Di Terra In Miscuglio【15gr】| Mix contenente 6 erbe con Trifoglio, Tarassaco e Lattug",https://www.amazon.it/dp/B0C7465BRF?tag=offertissimes-21,6.97,9.41,25.9,6.97,Animali Domestici (Pet Care),Animali Domestici (Pet Care),AGRI-CULTURA,B0C7465BRF,1,40,88
"Zoomed Forest Floor - substrato naturale per terrari e rettilari, pacciame in legno di cipresso, adatto per serpenti, rane, t",https://www.amazon.it/dp/B0002AQDYA?tag=offertissimes-21,17.67,23.85,25.9,17.67,Animali Domestici (Pet Care),Animali Domestici (Pet Care),Zoomed,B0002AQDYA,1,40,88
MaNeaz 2 Pezzi Ciotola Per Tartarughe Di Terra Abbeveratoio Per Tartarughe Di Terra Teca Per Rettili Bacino Idrico Del Bacino,https://www.amazon.it/dp/B0DLVB56PQ?tag=offertissimes-21,9.89,13.35,25.9,9.89,Animali Domestici (Pet Care),Animali Domestici (Pet Care),MaNeaz,B0DLVB56PQ,1,40,88
"Trixie 76152 Humus in Fibra di Cocco, substrato, pressato, Produce 2 l | Design ergonomico e resistente. Ideale per l'uso quo",https://www.amazon.it/dp/B002YJXKT8?tag=offertissimes-21,2.55,3.44,25.9,2.55,Animali Domestici (Pet Care),Animali Domestici (Pet Care),Trixie,B002YJXKT8,1,40,88
"WeddHuis 6 Pezzi Osso di Seppia Premium per Tartarughe, Uccelli, Rettili, Draghi Barbuti e Lumache, Fonte Naturale di Calcio",https://www.amazon.it/dp/B0DFM4TR8M?tag=offertissimes-21,8.99,12.14,25.9,8.99,Animali Domestici (Pet Care),Animali Domestici (Pet Care),WeddHuis,B0DFM4TR8M,1,40,88
"Detox Organica Camole della Farina Essiccate 800g/5000ml PRODOTTO GERMANIA | Qualità Premium, 100% Naturale Tarme della Farin",https://www.amazon.it/dp/B0996BT1QY?tag=offertissimes-21,21.9,29.57,25.9,21.9,Animali Domestici (Pet Care),Animali Domestici (Pet Care),Detox,B0996BT1QY,1,40,88
Lucky Reptile Tortoise Mix 800g vegetale e ricco di fibra grezza - Miscela di erbe di prato con carote e fiori di calendula -,https://www.amazon.it/dp/B00MTEUIUM?tag=offertissimes-21,7.99,10.79,25.9,7.99,Animali Domestici (Pet Care),Animali Domestici (Pet Care),Lucky,B00MTEUIUM,1,40,88
"Adiwo 2 Pezzi 60W Lampadina Riscaldante in Ceramica, E27 Rettile Lampada a Infrarossi Riscaldante, Lampada Rettile, per Anfib",https://www.amazon.it/dp/B0CLNV48L7?tag=offertissimes-21,13.99,18.89,25.9,13.99,Animali Domestici (Pet Care),Animali Domestici (Pet Care),Adiwo,B0CLNV48L7,1,40,88
"Tetra ReptoMin Baby Turtle Food - Cibo in stick specifico per tartarughe acquatiche molto giovani, lattina da 250 ml",https://www.amazon.it/dp/B008RKFBHW?tag=offertissimes-21,15.6,21.06,25.9,15.6,Animali Domestici (Pet Care),Animali Domestici (Pet Care),Tetra,B008RKFBHW,1,40,88
"OFFCUP Sfagno per Piante 150g, Muschio Terrario Rettile, Sphagnum Moss | Complesso di Alta Qualità per Rettili, Muschio Verde",https://www.amazon.it/dp/B0F43J54W5?tag=offertissimes-21,9.99,13.49,25.9,9.99,Animali Domestici (Pet Care),Animali Domestici (Pet Care),OFFCUP,B0F43J54W5,1,40,88
MANGOLè Lettiera per Tartarughe e Rettili 10 L Substrato Naturale per Terrari Terriccio Fine per Interramento e Deposizione U,https://www.amazon.it/dp/B0GWK1QBF7?tag=offertissimes-21,15.9,21.47,25.9,15.9,Animali Domestici (Pet Care),Animali Domestici (Pet Care),Amazon Choice,B0GWK1QBF7,1,40,88
"PewinGo Lampada uvb Tartarughe, Lampada Rettile e Anfibio con 2 Lampadine UVA UVB a Punto Basking e Morsetto Girevole a 360 °",https://www.amazon.it/dp/B085ZDX2W6?tag=offertissimes-21,25.99,35.09,25.9,25.99,Animali Domestici (Pet Care),Animali Domestici (Pet Care),PewinGo,B085ZDX2W6,1,40,88
"EWL Naturprodukte Vermi della Farina essiccati 2 kg (13 L), Snack a base di Insetti per Uccelli, Pesci, Tartarughe, Roditori",https://www.amazon.it/dp/B08424YM4W?tag=offertissimes-21,34.95,47.18,25.9,34.95,Animali Domestici (Pet Care),Animali Domestici (Pet Care),EWL,B08424YM4W,1,40,88
"Zoo Med Repti Calcium - Integratore per rettili e anfibi, Carbonato di Calcio per rettili senza D3 - 3OZ/85GR",https://www.amazon.it/dp/B005FTMGYO?tag=offertissimes-21,7.99,10.79,25.9,7.99,Animali Domestici (Pet Care),Animali Domestici (Pet Care),Zoo,B005FTMGYO,1,40,88
"PewinGo Lampada Tartarughe (con 1 lampadine da 50W), Dimmerabile, Lampada Rettile UVA UVB, per Serpente, Lucertola, Cacatua,",https://www.amazon.it/dp/B0DL591L4T?tag=offertissimes-21,16.99,22.94,25.9,16.99,Animali Domestici (Pet Care),Animali Domestici (Pet Care),PewinGo,B0DL591L4T,1,40,88
"ReptilHábitat Lampada UVB 5.0 UVA 26W per Terrario di rettili, piante e tartarughe, Lampadina E27 Ideale per Tartarughe e Pog",https://www.amazon.it/dp/B0DYV981S5?tag=offertissimes-21,17.9,24.16,25.9,17.9,Animali Domestici (Pet Care),Animali Domestici (Pet Care),Amazon Choice,B0DYV981S5,1,40,88
"UGF - Mix universale di cibo per tartarughe - 500 g in un secchio da 3 litri, cibo bilanciato per tartarughe, gammarus, bachi",https://www.amazon.it/dp/B0DMQKLJ6F?tag=offertissimes-21,23.99,32.39,25.9,23.99,Animali Domestici (Pet Care),Animali Domestici (Pet Care),UGF,B0DMQKLJ6F,1,40,88
BPS Mangime per tartarughe in bastoncini - 5 modelli tra cui scegliere (bastoncino alimentare 750 ml) BPS-4093,https://www.amazon.it/dp/B084GCMS2Z?tag=offertissimes-21,14.89,20.1,25.9,14.89,Animali Domestici (Pet Care),Animali Domestici (Pet Care),BPS,B084GCMS2Z,1,40,88
"WeddHuis 2 Pezzi per l'alimentazione dei rettili,in acciaio inox,extra lunghe,con punta in gomma,pinzette dritte e curve,stru",https://www.amazon.it/dp/B0DRZQ3J3B?tag=offertissimes-21,7.99,10.79,25.9,7.99,Animali Domestici (Pet Care),Animali Domestici (Pet Care),WeddHuis,B0DRZQ3J3B,1,40,88
"Trixie Flower Mix rettili Food 75 g,",https://www.amazon.it/dp/B0085JZE7W?tag=offertissimes-21,9.88,13.34,25.9,9.88,Animali Domestici (Pet Care),Animali Domestici (Pet Care),Trixie,B0085JZE7W,1,40,88
Exo Terra Rettile Calcium & D3 90 g (confezione da 1),https://www.amazon.it/dp/B001B57INA?tag=offertissimes-21,3.97,5.36,25.9,3.97,Animali Domestici (Pet Care),Animali Domestici (Pet Care),Exo,B001B57INA,1,40,88
"COMPO ZOO Lettiera Universale Per Terrari, Pezzatura Media, 5-10mm | Substrato naturale per rettili e anfibi: assorbe gli odo",https://www.amazon.it/dp/B0D45PH97D?tag=offertissimes-21,14.55,19.64,25.9,14.55,Animali Domestici (Pet Care),Animali Domestici (Pet Care),COMPO,B0D45PH97D,1,40,88
"vsshe Lampada Tartarughe, Lampada Rettile con 1 Portalampada E27 e 2 50W Lampadine UVA UVB a Punto Basking e Morsetto Girevol",https://www.amazon.it/dp/B0C6TV1LS3?tag=offertissimes-21,21.99,29.69,25.9,21.99,Animali Domestici (Pet Care),Animali Domestici (Pet Care),vsshe,B0C6TV1LS3,1,40,88
Zoomed T6016104 Lettiera,https://www.amazon.it/dp/B0009KMG80?tag=offertissimes-21,7.98,10.77,25.9,7.98,Animali Domestici (Pet Care),Animali Domestici (Pet Care),Zoomed,B0009KMG80,1,40,88
Lampada repti glo uvb 5.0 25watt exoterra,https://www.amazon.it/dp/B00101JI2Y?tag=offertissimes-21,21.44,28.94,25.9,21.44,Animali Domestici (Pet Care),Animali Domestici (Pet Care),Lampada,B00101JI2Y,1,40,88
Flora Gard Tartarughe di substrato 50 L,https://www.amazon.it/dp/B07BB1W69M?tag=offertissimes-21,21.61,29.17,25.9,21.61,Animali Domestici (Pet Care),Animali Domestici (Pet Care),Flora,B07BB1W69M,1,40,88
"Floragard Tartaruga e substrato terrario 20 l, lettiera naturale per rettili",https://www.amazon.it/dp/B01JGHLD6C?tag=offertissimes-21,13.9,18.77,25.9,13.9,Animali Domestici (Pet Care),Animali Domestici (Pet Care),Floragard,B01JGHLD6C,1,40,88
"Ossa di Seppia M (10-15 cm) 12 pezzi - per pappagalli, tartarughe, cocorite, canarini, lumache - Ossa di seppia 100% naturale",https://www.amazon.it/dp/B0GX5BH7ZG?tag=offertissimes-21,16.9,22.82,25.9,16.9,Animali Domestici (Pet Care),Animali Domestici (Pet Care),Ossa,B0GX5BH7ZG,1,40,88
PYEF CRAFTS Terrarium Kit XL per un Ecosistema Autosufficiente - DIY Kit Terrario Piante Vetro 4L - Terrarium Vetro XL per Gi,https://www.amazon.it/dp/B0CXQLCZW7?tag=offertissimes-21,39.99,53.99,25.9,39.99,Animali Domestici (Pet Care),Animali Domestici (Pet Care),PYEF,B0CXQLCZW7,1,40,88
"Caldarax Lampadina Riscaldante E27 50W UVA Basking Spot, Lampada Calore Rettili, Lampadina Termica Riscaldante Tartaruga E27",https://www.amazon.it/dp/B0CF2BTT6F?tag=offertissimes-21,14.99,20.24,25.9,14.99,Animali Domestici (Pet Care),Animali Domestici (Pet Care),Caldarax,B0CF2BTT6F,1,40,88
"Mix Semi di erbe spontanee Per Tartarughe Di Terra con, a rotazione stagionale, 40 tipi di erbe spontanee (Trifoglio, Cicoria",https://www.amazon.it/dp/B0FBHQ2ZT2?tag=offertissimes-21,12.9,17.42,25.9,12.9,Animali Domestici (Pet Care),Animali Domestici (Pet Care),Mix,B0FBHQ2ZT2,1,40,88
"EASYIVY Lampadina Riscaldante per Rettili E27 Lampada UVA UVB Tartarughe 50W Dimmerabile, 230V Lampade Riscaldanti per Terrar",https://www.amazon.it/dp/B0CLVNDVC7?tag=offertissimes-21,15.99,21.59,25.9,15.99,Animali Domestici (Pet Care),Animali Domestici (Pet Care),EASYIVY,B0CLVNDVC7,1,40,88
"Trixie Paglia di faggio, Substrato Naturale, 10 Litri",https://www.amazon.it/dp/B002YJS3IG?tag=offertissimes-21,7.99,10.79,25.9,7.99,Animali Domestici (Pet Care),Animali Domestici (Pet Care),Trixie,B002YJS3IG,1,40,88
"Lucky Reptile Turtle Mix Adult 200 g – Mangime per Tartarughe d'Acqua con Importanti proteine e Fibre, mangime per Tartarughe",https://www.amazon.it/dp/B00MTEULTA?tag=offertissimes-21,10.6,14.31,25.9,10.6,Animali Domestici (Pet Care),Animali Domestici (Pet Care),Lucky,B00MTEULTA,1,40,88
"Portalampada con Riflettore 14cm e Griglia Protettiva per Terrario Tartarughe Rettili, Base Ceramica E27 max 60W, Cavo 180cm,",https://www.amazon.it/dp/B07L65P16V?tag=offertissimes-21,22.5,30.38,25.9,22.5,Animali Domestici (Pet Care),Animali Domestici (Pet Care),Portalampada,B07L65P16V,1,40,88
Pet Tribe Cavo Riscaldante 80 W 6 Mt Waterproof Doppio Rivestimento in Silicone con Sondino Incorporato Made in Italy Terrari,https://www.amazon.it/dp/B07L62ZB4Y?tag=offertissimes-21,23.5,31.73,25.9,23.5,Animali Domestici (Pet Care),Animali Domestici (Pet Care),Pet,B07L62ZB4Y,1,40,88
"Tappetino Riscaldante, Tappetino Riscaldante per Rettili, 7W Tappetino Riscaldante Rettili, Tappetini Riscaldanti per Rettili",https://www.amazon.it/dp/B0DN68MS81?tag=offertissimes-21,11.99,16.19,25.9,11.99,Animali Domestici (Pet Care),Animali Domestici (Pet Care),Tappetino,B0DN68MS81,1,40,88
"PeSandy Tappetino Riscaldanti Rettili Regolabile, 42x28CM Termoforo Non Adesivo per Tartaruga Serpenti Lucertola Geco Granchi",https://www.amazon.it/dp/B08M3FKC4V?tag=offertissimes-21,24.98,33.72,25.9,24.98,Animali Domestici (Pet Care),Animali Domestici (Pet Care),PeSandy,B08M3FKC4V,1,40,88
"Ossa di Seppia frammentati 200 grammi - per pappagalli, tartarughe, cocorite, canarini, lumache - Ossa di seppia 100% natural",https://www.amazon.it/dp/B0GX52CJL8?tag=offertissimes-21,14.9,20.12,25.9,14.9,Animali Domestici (Pet Care),Animali Domestici (Pet Care),Ossa,B0GX52CJL8,1,40,88
"PewinGo 50W*4 Lampadine Tartarughe, Lampadine Rettile e Anfibio per Lampada Calore, E27 UVA UVB per Tartaruga, Serpente, Luce",https://www.amazon.it/dp/B0CH2XF2YS?tag=offertissimes-21,15.99,21.59,25.9,15.99,Animali Domestici (Pet Care),Animali Domestici (Pet Care),PewinGo,B0CH2XF2YS,1,40,88
"KINGYEENUO Lampada di Calore rettile a Doppia Testa con Timer, Lampadine a 3 Pacchetti: 2x50W 1x25W UVA + UVB E27 Basking Luc",https://www.amazon.it/dp/B0FXMT84Y9?tag=offertissimes-21,24.99,33.74,25.9,24.99,Animali Domestici (Pet Care),Animali Domestici (Pet Care),KINGYEENUO,B0FXMT84Y9,1,40,88
"Termostato digitale,Regolatore di Temperatura,Digitale Termostato Regolatore Temperatura LCD Multifunzione con Timer e Sonda",https://www.amazon.it/dp/B0DHCJ1MLB?tag=offertissimes-21,19.99,26.99,25.9,19.99,Animali Domestici (Pet Care),Animali Domestici (Pet Care),Termostato,B0DHCJ1MLB,1,40,88
Nature Mix+ Mélange de graines - Pour oiseaux de la nature - 1kg,https://www.amazon.it/dp/B00F5RPOPE?tag=offertissimes-21,4.14,5.59,25.9,4.14,Animali Domestici (Pet Care),Animali Domestici (Pet Care),Nature,B00F5RPOPE,1,40,88
Mangime Uccelli Selvatici - qualità Premium - Miscela di Semi Four Seasons - 5kg,https://www.amazon.it/dp/B009E6W4EQ?tag=offertissimes-21,15.07,20.34,25.9,15.07,Animali Domestici (Pet Care),Animali Domestici (Pet Care),Mangime,B009E6W4EQ,1,40,88
AIME Eco Box - Palline di grasso x 30,https://www.amazon.it/dp/B0BYZW1TRM?tag=offertissimes-21,10.69,14.43,25.9,10.69,Animali Domestici (Pet Care),Animali Domestici (Pet Care),AIME,B0BYZW1TRM,1,40,88
"Dehner Natura Premium mangime per Uccelli Selvatici, Semi di Girasole Non decorticati Mangime integrativo per Tutto L'Anno, C",https://www.amazon.it/dp/B00ANZL56K?tag=offertissimes-21,12.16,16.42,25.9,12.16,Animali Domestici (Pet Care),Animali Domestici (Pet Care),Dehner,B00ANZL56K,1,40,88
"Dehner Natura Premium Mangime per uccelli selvatici, palline per cinciallegre, rete biologica, 30 pezzi, 90 grammi ciascuno (",https://www.amazon.it/dp/B0BZTDP7J5?tag=offertissimes-21,11.56,15.61,25.9,11.56,Animali Domestici (Pet Care),Animali Domestici (Pet Care),Dehner,B0BZTDP7J5,1,40,88
"Fidelio Mangime per uccelli selvatici, 100 pezzi, 8,3kg | Mangime per uccelli selvatici tutto l'anno, ricco di proteine ed en",https://www.amazon.it/dp/B07FN13V9K?tag=offertissimes-21,19.99,26.99,25.9,19.99,Animali Domestici (Pet Care),Animali Domestici (Pet Care),Fidelio,B07FN13V9K,1,40,88
"Dehner Natura Premium Mangime per uccelli selvatici, palline per cinciallegre, senza rete, 30 pezzi, 90 grammi ciascuno (2,7",https://www.amazon.it/dp/B00CR9BDZS?tag=offertissimes-21,12.95,17.48,25.9,12.95,Animali Domestici (Pet Care),Animali Domestici (Pet Care),Dehner,B00CR9BDZS,1,40,88
"Fagottino per uccelli senza rete Fidelio, mangime per uccelli di alta qualità per tutto l'anno, 30 pezzi, 2,5 kg (Confezione",https://www.amazon.it/dp/B0G55XZYCX?tag=offertissimes-21,15.6,21.06,25.9,15.6,Animali Domestici (Pet Care),Animali Domestici (Pet Care),Fagottino,B0G55XZYCX,1,40,88
"Dehner Natura, Mangime per Uccelli Selvatici, Arachidi Intere/Mezze, 3,4 kg",https://www.amazon.it/dp/B00ANZL5BA?tag=offertissimes-21,12.72,17.17,25.9,12.72,Animali Domestici (Pet Care),Animali Domestici (Pet Care),Dehner,B00ANZL5BA,1,40,88
"Dehner Natura Premium palline di insetti senza rete, ricche di proteine ed energia, cibo di alta qualità per uccelli selvatic",https://www.amazon.it/dp/B0CKY3455Q?tag=offertissimes-21,20.04,27.05,25.9,20.04,Animali Domestici (Pet Care),Animali Domestici (Pet Care),Dehner,B0CKY3455Q,1,40,88
"UGF - Mangime per uccelli selvatici per tutto l'anno 800g, con semi di girasole, larve di mosca soldato nera e pellet con ver",https://www.amazon.it/dp/B0DY1QP5QZ?tag=offertissimes-21,9.99,13.49,25.9,9.99,Animali Domestici (Pet Care),Animali Domestici (Pet Care),UGF,B0DY1QP5QZ,1,40,88
Eggersmann volaris Vermi della farina essiccati 5kg – Mangime per uccelli selvatici ricco di proteine e naturale – Vermi dell,https://www.amazon.it/dp/B0CQPKG7SV?tag=offertissimes-21,48.41,65.35,25.9,48.41,Animali Domestici (Pet Care),Animali Domestici (Pet Care),Eggersmann,B0CQPKG7SV,1,40,88
"Eggersmann volaris Gnocchi di mangime senza rete, 100 pezzi, 9 kg MEISENkugel | Gnocchi di cereali per uccelli selvatici | Ma",https://www.amazon.it/dp/B0BWYP1N15?tag=offertissimes-21,23.21,31.33,25.9,23.21,Animali Domestici (Pet Care),Animali Domestici (Pet Care),Eggersmann,B0BWYP1N15,1,40,88
Versele-Laga Prestige Loro Parque African Parakeet Mix | 1 kg | Miscela di semi per parrocchetti africani,https://www.amazon.it/dp/B001IUSVB6?tag=offertissimes-21,8.43,11.38,25.9,8.43,Animali Domestici (Pet Care),Animali Domestici (Pet Care),Versele-Laga,B001IUSVB6,1,40,88
"Dehner Natura Premium palline per cinciallegre senza rete, ricche di proteine ed energia, cibo di alta qualità per uccelli se",https://www.amazon.it/dp/B0919LMCSR?tag=offertissimes-21,27.82,37.56,25.9,27.82,Animali Domestici (Pet Care),Animali Domestici (Pet Care),Dehner,B0919LMCSR,1,40,88
Donath Mix cibo per uccelli selvatici,https://www.amazon.it/dp/B08DGLNNHM?tag=offertissimes-21,9.06,12.23,25.9,9.06,Animali Domestici (Pet Care),Animali Domestici (Pet Care),Donath,B08DGLNNHM,1,40,88
Versele Laga Nutribird P15 Original,https://www.amazon.it/dp/B000LXXXDC?tag=offertissimes-21,16.0,21.6,25.9,16.0,Animali Domestici (Pet Care),Animali Domestici (Pet Care),Versele,B000LXXXDC,1,40,88
NutriBird A21 | Polvere per nidiacei | 800 g | Imbecco con vitamine | Versele-Laga | Alimento per imbecco | Per il supporto n,https://www.amazon.it/dp/B000LXXXOQ?tag=offertissimes-21,16.0,21.6,25.9,16.0,Animali Domestici (Pet Care),Animali Domestici (Pet Care),NutriBird,B000LXXXOQ,1,40,88
Eggersmann Volaris Palla di Grasso per Uccelli - 100 Pz con Rete 9 kg - Alimentazione per Tutto l'Anno per Uccelli Selvatici,https://www.amazon.it/dp/B0BWYLD9M6?tag=offertissimes-21,24.35,32.87,25.9,24.35,Animali Domestici (Pet Care),Animali Domestici (Pet Care),Eggersmann,B0BWYLD9M6,1,40,88
Versele-Laga Loro Parque Amazone Parrot Mix | 1 kg | Alimento complementare per pappagalli sudamericani | Per supportare la v,https://www.amazon.it/dp/B001JCWKH4?tag=offertissimes-21,5.94,8.02,25.9,5.94,Animali Domestici (Pet Care),Animali Domestici (Pet Care),Versele-Laga,B001JCWKH4,1,40,88
"HappyFarms larve di mosca soldati secchi – alternativa naturale ai vermi della farina, 10 kg di mangime ricco di proteine per",https://www.amazon.it/dp/B0DVQT26DK?tag=offertissimes-21,57.9,78.17,25.9,57.9,Animali Domestici (Pet Care),Animali Domestici (Pet Care),HappyFarms,B0DVQT26DK,1,40,88
"Detox Organica Camole della Farina Essiccate 160gr/1000ml PRODOTTO GERMANIA | Qualità Premium, 100% Naturale Tarme della Fari",https://www.amazon.it/dp/B0FK3TW68B?tag=offertissimes-21,9.99,13.49,25.9,9.99,Animali Domestici (Pet Care),Animali Domestici (Pet Care),Detox,B0FK3TW68B,1,40,88
"Mobiclinic®, Mangiatoia per Uccellini da Esterno, Capacità 1,2L, Balcone e Giardino, Didattica all'aperto, Becco, Alimentazio",https://www.amazon.it/dp/B0CWS471L7?tag=offertissimes-21,13.89,18.75,25.9,13.89,Animali Domestici (Pet Care),Animali Domestici (Pet Care),Mobiclinic,B0CWS471L7,1,40,88
"WildYard Bat Box da Esterno - 1 Camera, Nera, fino a 30 Pipistrelli | Bat box a 1 camera per oltre 30 pipistrelli, interno no",https://www.amazon.it/dp/B0BRXHZJ94?tag=offertissimes-21,29.99,40.49,25.9,29.99,Animali Domestici (Pet Care),Animali Domestici (Pet Care),WildYard,B0BRXHZJ94,1,40,88
Versele-Laga Prestige Loro-Parque African Parrot Mix | 1 kg | Miscela di semi per pappagalli africani | Con granuli estrusi V,https://www.amazon.it/dp/B001JD09BC?tag=offertissimes-21,9.52,12.85,25.9,9.52,Animali Domestici (Pet Care),Animali Domestici (Pet Care),Versele-Laga,B001JD09BC,1,40,88
"Rayher, 62414000, casetta per uccelli in legno FSC Mix Credit, 13,5 x 7,5 x 10 cm",https://www.amazon.it/dp/B009LI2B1S?tag=offertissimes-21,4.09,5.52,25.9,4.09,Animali Domestici (Pet Care),Animali Domestici (Pet Care),Rayher,B009LI2B1S,1,40,88
"Abbeveratoio A Serbatoio In Plastica, 30L, Bianco/Rosso",https://www.amazon.it/dp/B0042IDAW6?tag=offertissimes-21,42.4,57.24,25.9,42.4,Animali Domestici (Pet Care),Animali Domestici (Pet Care),Abbeveratoio,B0042IDAW6,1,40,88
"Fidelio - Secchiello per insetti, 2.5 kg",https://www.amazon.it/dp/B07FTPVMCJ?tag=offertissimes-21,6.83,9.22,25.9,6.83,Animali Domestici (Pet Care),Animali Domestici (Pet Care),Fidelio,B07FTPVMCJ,1,40,88
"Relaxdays Panca da Giardino, Poggia Ginocchia, Cuscino Soffice, 2 Tasche, Giardinaggio, Max.150 kg, 50x60x27,5, Verde",https://www.amazon.it/dp/B07TF9X42H?tag=offertissimes-21,31.14,42.04,25.9,31.14,Animali Domestici (Pet Care),Animali Domestici (Pet Care),Relaxdays,B07TF9X42H,1,40,88
"Relaxdays Casetta per Ricci, Rifugio da Giardino, 2 Camere, HLP: 24x46x33,5 cm, Tana Contro Predatori, Legno Fiammato",https://www.amazon.it/dp/B0DG2Q1G9P?tag=offertissimes-21,35.24,47.57,25.9,35.24,Animali Domestici (Pet Care),Animali Domestici (Pet Care),Relaxdays,B0DG2Q1G9P,1,40,88
Semi di girasole neri - 25 kg. nuovo raccolto,https://www.amazon.it/dp/B08W8NMRNF?tag=offertissimes-21,37.87,51.12,25.9,37.87,Animali Domestici (Pet Care),Animali Domestici (Pet Care),Semi,B08W8NMRNF,1,40,88
"Agrarzone ALLROUND Mangime per uccelli selvatici 20 kg - Miscela di alta qualità senza additivi, per 4 stagioni - Con prezios",https://www.amazon.it/dp/B0BNMSSYWD?tag=offertissimes-21,32.99,44.54,25.9,32.99,Animali Domestici (Pet Care),Animali Domestici (Pet Care),Agrarzone,B0BNMSSYWD,1,40,88
MIGNINI Mix per cardellini allegri 1kg - Alimenti uccelli,https://www.amazon.it/dp/B01H3VBM2I?tag=offertissimes-21,7.29,9.84,25.9,7.29,Animali Domestici (Pet Care),Animali Domestici (Pet Care),MIGNINI,B01H3VBM2I,1,40,88
"Mangiatoia per Scoiattoli, Casetta per Mangime Scoiattolo in Legno, Mangiatoia per scoiattolo, Mangiatoia Scoiattoli Esterno,",https://www.amazon.it/dp/B0GVDRLF2Y?tag=offertissimes-21,23.69,31.98,25.9,23.69,Animali Domestici (Pet Care),Animali Domestici (Pet Care),Mangiatoia,B0GVDRLF2Y,1,40,88
KOTARBAU® Mangiatoia per Uccelli Da Esterno - 22x26x22 cm - Legno Bruciato Chiaro - Casetta per Uccelli - Selvatici - Design,https://www.amazon.it/dp/B0BSFZ58RL?tag=offertissimes-21,27.79,37.52,25.9,27.79,Animali Domestici (Pet Care),Animali Domestici (Pet Care),KOTARBAU,B0BSFZ58RL,1,40,88
"FANHAO Mangiatoia Uccelli da Finestra 2 in 1, Metallo Senza Forare | Vassoio in Rete Metallica, Tetto Inclinato, 2 Bicchieri",https://www.amazon.it/dp/B0GXZMFWQY?tag=offertissimes-21,28.99,39.14,25.9,28.99,Animali Domestici (Pet Care),Animali Domestici (Pet Care),FANHAO,B0GXZMFWQY,1,40,88
"Dehner Natura Premium mangime per uccelli selvatici, con uvetta, non solforato, 2 kg",https://www.amazon.it/dp/B00WMJGKJC?tag=offertissimes-21,10.84,14.63,25.9,10.84,Animali Domestici (Pet Care),Animali Domestici (Pet Care),Dehner,B00WMJGKJC,1,40,88
"Relaxdays Casetta per Ricci in Legno, Rifugio da Giardino, 2 Scomparti, 21,5x40x40 cm, Tana Contro Predatori, Marrone",https://www.amazon.it/dp/B0C5Y2VPYP?tag=offertissimes-21,30.32,40.93,25.9,30.32,Animali Domestici (Pet Care),Animali Domestici (Pet Care),Relaxdays,B0C5Y2VPYP,1,40,88
"Dehner Natura - Mangime per uccelli selvatici, semi di girasole, 5 kg | Mangime per tutto l'anno, ricco di proteine, alto con",https://www.amazon.it/dp/B00ANZL59W?tag=offertissimes-21,14.76,19.93,25.9,14.76,Animali Domestici (Pet Care),Animali Domestici (Pet Care),Dehner,B00ANZL59W,1,40,88
"Dehner Natura Premium mangime per uccelli selvatici, arachidi tritate, 5 kg",https://www.amazon.it/dp/B00ANZL2VS?tag=offertissimes-21,24.99,33.74,25.9,24.99,Animali Domestici (Pet Care),Animali Domestici (Pet Care),Dehner,B00ANZL2VS,1,40,88
Toboli Mangiatoia per uccelli con supporto in legno di abete 115cm Per uccelli selvatici Con abbaini,https://www.amazon.it/dp/B0BRNQRBFV?tag=offertissimes-21,63.48,85.7,25.9,63.48,Animali Domestici (Pet Care),Animali Domestici (Pet Care),Toboli,B0BRNQRBFV,1,40,88
"Fidelio Mangime per uccelli selvatici, mangime per cince, mangime energetico per tutte le stagioni, 10 x 1 kg",https://www.amazon.it/dp/B0DWXV1BJM?tag=offertissimes-21,24.9,33.62,25.9,24.9,Animali Domestici (Pet Care),Animali Domestici (Pet Care),Fidelio,B0DWXV1BJM,1,40,88
"Cassetta nido per uccelli – Gitano Legno – 16 cm – Per cincia azzurra, lucherino & scricciolo – Abete resistente alle intempe",https://www.amazon.it/dp/B08LZH7D4F?tag=offertissimes-21,10.02,13.53,25.9,10.02,Animali Domestici (Pet Care),Animali Domestici (Pet Care),Cassetta,B08LZH7D4F,1,40,88
Care4Nature 30 Palline di Grasso per Uccelli Selvatici con Rete - Palla di Grasso per Uccellini da Esterno - Ingredienti Natu,https://www.amazon.it/dp/B09LD1NJX9?tag=offertissimes-21,29.99,40.49,25.9,29.99,Animali Domestici (Pet Care),Animali Domestici (Pet Care),Care4Nature,B09LD1NJX9,1,40,88
"FANHAO Mangiatoia per Uccelli in Metallo, Pulizia Facile, Resiste a Pioggia | Metallo resistente, design decorativo, uso este",https://www.amazon.it/dp/B0FL6N7KKM?tag=offertissimes-21,26.9,36.31,25.9,26.9,Animali Domestici (Pet Care),Animali Domestici (Pet Care),FANHAO,B0FL6N7KKM,1,40,88
PSITTACUS - PSITTACUS FORMULA ALTA ENERGIA 800 GR. - 2153,https://www.amazon.it/dp/B00L37YMZ8?tag=offertissimes-21,20.9,28.21,25.9,20.9,Animali Domestici (Pet Care),Animali Domestici (Pet Care),PSITTACUS,B00L37YMZ8,1,40,88
"Natuverra Menù per scoiattolo, 1 kg, mix premium di semi, cereali, noci, frutta e verdura, ricco di proteine ed energia, cibo",https://www.amazon.it/dp/B0G2MC3YKD?tag=offertissimes-21,17.65,23.83,25.9,17.65,Animali Domestici (Pet Care),Animali Domestici (Pet Care),Natuverra,B0G2MC3YKD,1,40,88
"Casetta per pipipistrelli in legno, con sistema a 3 camere, resistente alle intemperie, per pipistrello, per esterni, giardin",https://www.amazon.it/dp/B0GZL7C3ZN?tag=offertissimes-21,17.99,24.29,25.9,17.99,Animali Domestici (Pet Care),Animali Domestici (Pet Care),Casetta,B0GZL7C3ZN,1,40,88
PET-Fat 589.257 palle in rosso Nets Confezione da 100,https://www.amazon.it/dp/B004NT2SN6?tag=offertissimes-21,29.9,40.37,25.9,29.9,Animali Domestici (Pet Care),Animali Domestici (Pet Care),PET-Fat,B004NT2SN6,1,40,88
UGF - Larve di mosca soldato Hermetia - Meglio delle larve della farina essiccate (250 g) - 85 volte più calcio delle larve d,https://www.amazon.it/dp/B0D1RGZDFS?tag=offertissimes-21,9.99,13.49,25.9,9.99,Animali Domestici (Pet Care),Animali Domestici (Pet Care),UGF,B0D1RGZDFS,1,40,88
"Il Contadino - Antichi Becchimi | FAVINO NERO AD USO ZOOTECNICO | Essenza di semi Selezionati e Super Ventilati, No OGM, 100%",https://www.amazon.it/dp/B07MTQ7QSG?tag=offertissimes-21,20.9,28.21,25.9,20.9,Animali Domestici (Pet Care),Animali Domestici (Pet Care),Il,B07MTQ7QSG,1,40,88
Care4Nature 100 Palline di Grasso per Uccelli Selvatici - Palla di Grasso per Uccellini da Esterno - Ingredienti Naturali e A,https://www.amazon.it/dp/B09QSQKDMX?tag=offertissimes-21,56.99,76.94,25.9,56.99,Animali Domestici (Pet Care),Animali Domestici (Pet Care),Care4Nature,B09QSQKDMX,1,40,88
"Relaxdays, beige Cassetta per la Posta Antica, Casella Postale in Stile Vintage, Design Shabby, Metallo, HLP 30x20x8 cm",https://www.amazon.it/dp/B07DPSSYSY?tag=offertissimes-21,39.34,53.11,25.9,39.34,Animali Domestici (Pet Care),Animali Domestici (Pet Care),Relaxdays,B07DPSSYSY,1,40,88
"Alitree Abbeveratoio per Uccelli in Piedi Grande con Base Stabile | Ideale per Esterni Giardino Balcone Cortile, Uccelli Selv",https://www.amazon.it/dp/B0G4VV14JB?tag=offertissimes-21,16.39,22.13,25.9,16.39,Animali Domestici (Pet Care),Animali Domestici (Pet Care),Alitree,B0G4VV14JB,1,40,88
"Kit Alimentazione Pappagalli 15 Pezzi, Siringhe per Imbecco Manuale con Tubi in Silicone, Set Svezzamento per Uccellini, Nidi",https://www.amazon.it/dp/B0H951CH3J?tag=offertissimes-21,8.99,12.14,25.9,8.99,Animali Domestici (Pet Care),Animali Domestici (Pet Care),Kit,B0H951CH3J,1,40,88
"VERSELE-LAGA - Prestige Loro Parque Amazon Parrot Mix - Mix di semi arricchiti, completi e vari - 15 kg",https://www.amazon.it/dp/B086X3YVKS?tag=offertissimes-21,51.6,69.66,25.9,51.6,Animali Domestici (Pet Care),Animali Domestici (Pet Care),VERSELE-LAGA,B086X3YVKS,1,40,88
"Relaxdays Casetta per Ricci in Legno, Rifugio Giardino, 2 Camere, 21,5x40x40 cm, Tana Anti Predatori, Marrone Naturale",https://www.amazon.it/dp/B0C5Y34BYH?tag=offertissimes-21,31.14,42.04,25.9,31.14,Animali Domestici (Pet Care),Animali Domestici (Pet Care),Relaxdays,B0C5Y34BYH,1,40,88
"Psittacus Omega 800 g | Mangime completo per Ara, ecletti, cenerini ed altri pappagalli africani | Alimento premium per uccel",https://www.amazon.it/dp/B00L37Z3E2?tag=offertissimes-21,23.02,31.08,25.9,23.02,Animali Domestici (Pet Care),Animali Domestici (Pet Care),Psittacus,B00L37Z3E2,1,40,88
"Bebeconfort Manga i-Fix Alzatina Auto ISOFIX, 128–150cm, Tinted Black | Rialzo Auto, Seduta Auto Bambini 6–12 Anni, Seggiolin",https://www.amazon.it/dp/B000O6OAG0?tag=offertissimes-21,49.99,67.49,25.9,49.99,Prima Infanzia e Maternità,Prima Infanzia e Maternità,Bebeconfort,B000O6OAG0,1,40,88
Clenny A Beccuccio Per Aspiratore Nasale - Morbido Beccuccio con Filtro Antimicrobico Nanomolecolare - Per utilizzo su Neonat,https://www.amazon.it/dp/B01AIB0BPE?tag=offertissimes-21,4.2,5.67,25.9,4.2,Prima Infanzia e Maternità,Prima Infanzia e Maternità,Clenny,B01AIB0BPE,1,40,88
"Niimo® Cuscino Gravidanza e Allattamento – 2-in-1 per Dormire Laterale | 200 x 70 cm, 100% Cotone, OEKO-TEX® Standard 100, Tr",https://www.amazon.it/dp/B0GFCNK2ZY?tag=offertissimes-21,41.99,56.69,25.9,41.99,Prima Infanzia e Maternità,Prima Infanzia e Maternità,Niimo,B0GFCNK2ZY,1,40,88
"MAM Biberon Anticolica Easy Start 160 ml (Set da 2), Tettarella 1, Verde | Da 0+ mesi, Valvola anticolica, Riduce bolle d'ari",https://www.amazon.it/dp/B0D26HD12C?tag=offertissimes-21,14.75,19.91,25.9,14.75,Prima Infanzia e Maternità,Prima Infanzia e Maternità,MAM,B0D26HD12C,1,40,88
Physiomer® Plus Spray Nasale 135 ml - Congestione Forte - 3in1: Decongestiona │ Allevia │ Ripristina - Acqua di Mare Pura al,https://www.amazon.it/dp/B00RTCUIX6?tag=offertissimes-21,9.63,13.0,25.9,9.63,Prima Infanzia e Maternità,Prima Infanzia e Maternità,Physiomer,B00RTCUIX6,1,40,88
Zamboo Parapioggia Passeggino Universale – Trasparente | Telo antipioggia | Finestra richiudibile | Doppia cerniera | Senza s,https://www.amazon.it/dp/B08DQRXY73?tag=offertissimes-21,17.99,24.29,25.9,17.99,Prima Infanzia e Maternità,Prima Infanzia e Maternità,Zamboo,B08DQRXY73,1,40,88
Chicco Bimba 0-24 Set di 5 Bavaglie 100% Cotone NOS | 100% Cotone NOS,https://www.amazon.it/dp/B0DM9QH9HD?tag=offertissimes-21,16.39,22.13,25.9,16.39,Prima Infanzia e Maternità,Prima Infanzia e Maternità,Chicco,B0DM9QH9HD,1,40,88
"Abbinata Ialuronico Plus Crema, 50 g Totali, Crema Idratante con Acido Ialuronico 0,4%, Azione Rigenerante ed Emolliente, Per",https://www.amazon.it/dp/B0GCDVMTLS?tag=offertissimes-21,8.11,10.95,25.9,8.11,Prima Infanzia e Maternità,Prima Infanzia e Maternità,Abbinata,B0GCDVMTLS,1,40,88
"Septeamay 10 Pezzi Sicurezza Cassetti Bambini, Bambini Chiusure Sicurezza per Armadietto,Cassetto,Armadio,Frigorifero, Blocca",https://www.amazon.it/dp/B09F656CBN?tag=offertissimes-21,9.99,13.49,25.9,9.99,Prima Infanzia e Maternità,Prima Infanzia e Maternità,Septeamay,B09F656CBN,1,40,88
"Fisher-Price Peluche, Lontra Coccolosa | Generatore di suoni portatile, movimento respiratorio, fino a 30 minuti di musica e",https://www.amazon.it/dp/B07N1JP56L?tag=offertissimes-21,28.19,38.06,25.9,28.19,Prima Infanzia e Maternità,Prima Infanzia e Maternità,Fisher-Price,B07N1JP56L,1,40,88
"Aveeno Baby Daily Care Salviettine umidificate, Per pelli secche, 72 pezzi | Per neonati e bambini, Con Estratto di Avena e A",https://www.amazon.it/dp/B07R9WR79M?tag=offertissimes-21,1.66,2.24,25.9,1.66,Prima Infanzia e Maternità,Prima Infanzia e Maternità,Aveeno,B07R9WR79M,1,40,88
molis&co. Sacco Nanna con piedini - Sacco nanna primaverile e autunno - Sacco nanna 1 tog - Leggermente Imbotito - 100% Coton,https://www.amazon.it/dp/B0DSW9595P?tag=offertissimes-21,6.48,8.75,25.9,6.48,Prima Infanzia e Maternità,Prima Infanzia e Maternità,molis,B0DSW9595P,1,40,88
"CARE for You, Spray Nasale Isotonico - Spray Lavaggi Nasali Nebulizzato, con Acqua di Mare Ricca di Oligoelementi, per la Pul",https://www.amazon.it/dp/B0DM2FV6JB?tag=offertissimes-21,24.99,33.74,25.9,24.99,Prima Infanzia e Maternità,Prima Infanzia e Maternità,CARE,B0DM2FV6JB,1,40,88
Koala Babycare - Mussole Neonato Cotone 100% - 6 Pz 30x30cm - Ideale come Regalo Neonati Azzurra,https://www.amazon.it/dp/B0B5LCT5LT?tag=offertissimes-21,2.29,3.09,25.9,2.29,Prima Infanzia e Maternità,Prima Infanzia e Maternità,Koala,B0B5LCT5LT,1,40,88
"Chicco POP Balsamo Districante Vanilla Wrap, per Bambini alla Vaniglia, Balsamo per Capelli condizionante e delicato, Formula",https://www.amazon.it/dp/B0F1D3KMWK?tag=offertissimes-21,11.4,15.39,25.9,11.4,Prima Infanzia e Maternità,Prima Infanzia e Maternità,Chicco,B0F1D3KMWK,1,40,88
Pantene Pro-V Shampoo Lisci Effetto Seta 1000ml | per capelli Crespi e Opachi con Pro-V e Active Nutri-Plex,https://www.amazon.it/dp/B08F6SNSC3?tag=offertissimes-21,36.05,48.67,25.9,36.05,Prima Infanzia e Maternità,Prima Infanzia e Maternità,Pantene,B08F6SNSC3,1,40,88
"Huggies Little Movers Mutandina, 104 Pannolini, Taglia 5 (12-17 Kg) | Pannolini mutandina Taglia 5, Doppie Fasce Laterali, Pe",https://www.amazon.it/dp/B0C2J6XRT9?tag=offertissimes-21,18.99,25.64,25.9,18.99,Prima Infanzia e Maternità,Prima Infanzia e Maternità,Huggies,B0C2J6XRT9,1,40,88
"15 Pezzi Ricarica Mangiapannolini, Sacchetti Mangiapannolini Antiodore Inodore Addensata, Ricarica Mangiapannolini Compatibil",https://www.amazon.it/dp/B0DPKGSZ2D?tag=offertissimes-21,14.63,19.75,25.9,14.63,Prima Infanzia e Maternità,Prima Infanzia e Maternità,15,B0DPKGSZ2D,1,40,88
"BioDerm Pasta Barriera Crema Cambio Pannolino con Ossido di Zinco 300 ml | Pasta lenitiva protettiva per anziani, allettati,",https://www.amazon.it/dp/B08DG7K6WM?tag=offertissimes-21,69.88,94.34,25.9,69.88,Prima Infanzia e Maternità,Prima Infanzia e Maternità,BioDerm,B08DG7K6WM,1,40,88
"Kinderkraft COMFORT UP I-SIZE 76-150 cm Seggiolino auto 9-36 kg, Poggiatesta Regolabile di 11 livelli, Seduta spaziosa, Cintu",https://www.amazon.it/dp/B0BYP9MTBX?tag=offertissimes-21,33.51,45.24,25.9,33.51,Prima Infanzia e Maternità,Prima Infanzia e Maternità,Kinderkraft,B0BYP9MTBX,1,40,88
"Naty BioEmbrace Pannolini, Taglia 4 (7–18kg), 88 pezzi | Ipoallergenico per Pelle Sensibile, Fino a 12 Ore di Protezione dall",https://www.amazon.it/dp/B0F8BDX3SB?tag=offertissimes-21,35.36,47.74,25.9,35.36,Prima Infanzia e Maternità,Prima Infanzia e Maternità,Naty,B0F8BDX3SB,1,40,88
"Huggies Little Movers Mutandina, 120 Pannolini Mutandina, Taglia 4, 9-14 Kg | Pannolini mutandina Taglia 4, Doppie Fasce Late",https://www.amazon.it/dp/B0C2J8971H?tag=offertissimes-21,51.22,69.15,25.9,51.22,Prima Infanzia e Maternità,Prima Infanzia e Maternità,Huggies,B0C2J8971H,1,40,88
"Momcozy Marsupio Neonato Ergonomico Regolabile 3,2-20 kg (3-24 Mesi) Cachi | Facile da Indossare a Mani Libere, Ideale a Casa",https://www.amazon.it/dp/B0FJRR17NX?tag=offertissimes-21,12.45,16.81,25.9,12.45,Prima Infanzia e Maternità,Prima Infanzia e Maternità,Momcozy,B0FJRR17NX,1,40,88
"Philips Avent Salute e Controllo Sch480/00 Termometro Digitale, 160 G",https://www.amazon.it/dp/B07WKN8NQQ?tag=offertissimes-21,19.99,26.99,25.9,19.99,Prima Infanzia e Maternità,Prima Infanzia e Maternità,Philips,B07WKN8NQQ,1,40,88
"Sunsilk, Shampoo Bye Bye Crespo, Shampoo per Capelli Crespi, Rende i Capelli Morbidi e Nutriti, Formula Arricchita con Anti-F",https://www.amazon.it/dp/B0FYQ66RFP?tag=offertissimes-21,2.15,2.9,25.9,2.15,Prima Infanzia e Maternità,Prima Infanzia e Maternità,Sunsilk,B0FYQ66RFP,1,40,88
"Euphidra - AmidoMio Pasta di Hoffmann, Azione Lenitiva e Protettiva con Olio di Oliva e Ossido di Zinco, Perfetto per Protegg",https://www.amazon.it/dp/B01MSWHLDM?tag=offertissimes-21,7.12,9.61,25.9,7.12,Prima Infanzia e Maternità,Prima Infanzia e Maternità,Euphidra,B01MSWHLDM,1,40,88
"Vichy Dercos Eco-Ricarica Shampoo Anti-Forfora DS per Capelli Secchi, Azione Anti-Prurito e Anti-Ricomparsa, Arricchito Con S",https://www.amazon.it/dp/B0F1FXH4X1?tag=offertissimes-21,16.64,22.46,25.9,16.64,Prima Infanzia e Maternità,Prima Infanzia e Maternità,Vichy,B0F1FXH4X1,1,40,88
"Johnson's Baby Shampoo bambini delicato e ipoallergenico, Shampoo neonati con formula Non Più Lacrime, Adatto per capelli del",https://www.amazon.it/dp/B07TK8XTB5?tag=offertissimes-21,2.32,3.13,25.9,2.32,Prima Infanzia e Maternità,Prima Infanzia e Maternità,Johnson's,B07TK8XTB5,1,40,88
"Euphidra - AmidoMio, Polvere Finissima, 40% Amido di Riso, Azione Lenitiva e Rinfrescante, Mantiene la Pelle Asciutta e Prote",https://www.amazon.it/dp/B01MY6YXJI?tag=offertissimes-21,3.52,4.75,25.9,3.52,Prima Infanzia e Maternità,Prima Infanzia e Maternità,Euphidra,B01MY6YXJI,1,40,88
"Bionike Tridem Baby - Shampoo Ultradelicato Neonato e Bambino per Pelli Sensibili, Deterge Delicatamente e Non Irrita gli Occ",https://www.amazon.it/dp/B07ZM78CTL?tag=offertissimes-21,8.39,11.33,25.9,8.39,Prima Infanzia e Maternità,Prima Infanzia e Maternità,Bionike,B07ZM78CTL,1,40,88
"Braun Aspiratore nasale 1 , Dispositivo per la rimozione del muco , Sollievo per il naso bloccato |Aspirazione elettrica |Ada",https://www.amazon.it/dp/B07LD5NYWF?tag=offertissimes-21,23.15,31.25,25.9,23.15,Prima Infanzia e Maternità,Prima Infanzia e Maternità,Braun,B07LD5NYWF,1,40,88
"Momcozy Lima Unghie Neonato, Tagliaunghie Elettrico per Neonati, 7 Testine | Luce 360°, Arresto automatico al contatto, rumor",https://www.amazon.it/dp/B0DH1FHZBJ?tag=offertissimes-21,29.99,40.49,25.9,29.99,Prima Infanzia e Maternità,Prima Infanzia e Maternità,Momcozy,B0DH1FHZBJ,1,40,88
"5 flaconi soluzione fisiologica NaCl 0,9% 500 ml sodiocloruro sodio cloruro",https://www.amazon.it/dp/B08HNBXT9X?tag=offertissimes-21,14.67,19.8,25.9,14.67,Prima Infanzia e Maternità,Prima Infanzia e Maternità,5,B08HNBXT9X,1,40,88
Vaschetta Bagnetto Neonato Pieghevole - Vaschetta Bagnetto Bambini 1-3 Anni Con Cuscino Da Bagno - Vaschetta Bagno Neonato Co,https://www.amazon.it/dp/B0CGMPNGSG?tag=offertissimes-21,28.61,38.62,25.9,28.61,Prima Infanzia e Maternità,Prima Infanzia e Maternità,Vaschetta,B0CGMPNGSG,1,40,88
"Felce Azzurra - Talco in Polvere Profumato Classico in Barattolo Assorbente, Rinfrescante, Lenitivo per Adulti, Bambini e Bag",https://www.amazon.it/dp/B00E4KYCF6?tag=offertissimes-21,1.89,2.55,25.9,1.89,Prima Infanzia e Maternità,Prima Infanzia e Maternità,Felce,B00E4KYCF6,1,40,88
"Vichy Dercos, Shampoo Energizzante Eco-Ricarica, Azione Anti-Caduta, 400 ml | Per Tutti i Tipi di Capelli, Capelli Sani e For",https://www.amazon.it/dp/B0F1G3G8GW?tag=offertissimes-21,12.01,16.21,25.9,12.01,Prima Infanzia e Maternità,Prima Infanzia e Maternità,Vichy,B0F1G3G8GW,1,40,88
"Brencco Lima elettrica per unghie per bambini con sei teste di affilatura intercambiabili, lima unghie neonato a basso rumore",https://www.amazon.it/dp/B0BQ33K7TF?tag=offertissimes-21,8.57,11.57,25.9,8.57,Prima Infanzia e Maternità,Prima Infanzia e Maternità,Brencco,B0BQ33K7TF,1,40,88
"Momcozy Aspiratore Nasale Neonato Elettrico 2 in 1 con Spray, 65 kPa | 4 livelli regolabili, silicone senza BPA, spray con st",https://www.amazon.it/dp/B0H3ZB6GJP?tag=offertissimes-21,62.99,85.04,25.9,62.99,Prima Infanzia e Maternità,Prima Infanzia e Maternità,Momcozy,B0H3ZB6GJP,1,40,88
"Chicco Baby Moments Bagno Corpo senza Lacrime, Bagnoschiuma Per Bambini, con Formula Naturale, Con Estratto di Cotone e Glice",https://www.amazon.it/dp/B09J55VNL8?tag=offertissimes-21,2.77,3.74,25.9,2.77,Prima Infanzia e Maternità,Prima Infanzia e Maternità,Chicco,B09J55VNL8,1,40,88
"Mixa 10-in-1 Cica Repair+ Trattamento Riparatore Screpolature, 150 ml | per Zone Ruvide, Idratazione Intensa, Pelle Lenita e",https://www.amazon.it/dp/B0GR9JBHXT?tag=offertissimes-21,5.57,7.52,25.9,5.57,Prima Infanzia e Maternità,Prima Infanzia e Maternità,Mixa,B0GR9JBHXT,1,40,88
"Chicco Baby Moments Amido di Riso, Lenitivo e Rinfrescante, Pulizia Gentile Senza Irritare o Asciugare La Pelle, Azione Emoll",https://www.amazon.it/dp/B09JSLTSG8?tag=offertissimes-21,4.91,6.63,25.9,4.91,Prima Infanzia e Maternità,Prima Infanzia e Maternità,Chicco,B09JSLTSG8,1,40,88
"Narhinel Ricambi Morbidi per Aspiratore Nasale, Neonati e Bambini, 20 Pezzi | Ricambi Usa e Getta",https://www.amazon.it/dp/B00D3I010U?tag=offertissimes-21,6.47,8.73,25.9,6.47,Prima Infanzia e Maternità,Prima Infanzia e Maternità,Narhinel,B00D3I010U,1,40,88
"Mustela Olio Bagno Detergente con Perseose di Avocado BIO, Corpo e Capelli, Neonati e Tutta la Famiglia - Non Brucia agli Occ",https://www.amazon.it/dp/B07TCJ785D?tag=offertissimes-21,11.19,15.11,25.9,11.19,Prima Infanzia e Maternità,Prima Infanzia e Maternità,Mustela,B07TCJ785D,1,40,88
Libenar Soluzione Ipretonica 3% per Aerosol │30 Flaconcini da 4ml | Indicata per facilitare l’eliminazione di muco e secrezio,https://www.amazon.it/dp/B0F31MVPZX?tag=offertissimes-21,6.8,9.18,25.9,6.8,Prima Infanzia e Maternità,Prima Infanzia e Maternità,Libenar,B0F31MVPZX,1,40,88
"CARE For you, Spray Nasale Ipertonico - Spray Nasale Raffreddore ed Allergie, Soluzione con Acqua di Mare, per Inalazione e A",https://www.amazon.it/dp/B0DM2N15NR?tag=offertissimes-21,6.48,8.75,25.9,6.48,Prima Infanzia e Maternità,Prima Infanzia e Maternità,CARE,B0DM2N15NR,1,40,88
Air Max dilatatore nasale - Pacchetto di Prova - Dispositivo anti russamento - 76% Flusso d’Aria per Respirare Meglio | Misur,https://www.amazon.it/dp/B00B4S61QE?tag=offertissimes-21,13.95,18.83,25.9,13.95,Prima Infanzia e Maternità,Prima Infanzia e Maternità,Air,B00B4S61QE,1,40,88
Bioderm Dermoliquido Detergente Delicato Neonati e Pelle Sensibile 500 ml | Bagnoschiuma e detergente intimo delicato per tut,https://www.amazon.it/dp/B071DJMGW6?tag=offertissimes-21,5.09,6.87,25.9,5.09,Prima Infanzia e Maternità,Prima Infanzia e Maternità,Bioderm,B071DJMGW6,1,40,88
A&M Italia Set Irrigatore Nasale Bambini - Made in Italy - 2 Siringhe 20ml + 5 Olive x Lavaggio Naso,https://www.amazon.it/dp/B0CLJXRD2C?tag=offertissimes-21,7.49,10.11,25.9,7.49,Prima Infanzia e Maternità,Prima Infanzia e Maternità,A,B0CLJXRD2C,1,40,88
"Bebeconfort Manga i-Safe Rialzo Auto Bambini, da 128 cm, Tinted Black | Seggiolino Auto, Alzatina Auto Bimbi 6-12 anni, Boost",https://www.amazon.it/dp/B000O6MFQC?tag=offertissimes-21,64.15,86.6,25.9,64.15,Prima Infanzia e Maternità,Prima Infanzia e Maternità,Bebeconfort,B000O6MFQC,1,40,88
"Chicco Bebècare Easy-Tech Dispositivo Anti Abbandono Universale Per Seggiolino Auto, Bianco Blu, ‎16 x 11 x 2.5 cm, 60 grammi",https://www.amazon.it/dp/B07Y342Q9K?tag=offertissimes-21,25.0,33.75,25.9,25.0,Prima Infanzia e Maternità,Prima Infanzia e Maternità,Chicco,B07Y342Q9K,1,40,88
"CBX by CYBEX Seggiolino Auto per Bambini Solution X i-Fix, Per Auto Con e Senza ISOFIX, Per Bambini da circa 3 a 12 Anni (100",https://www.amazon.it/dp/B0C58QGJNG?tag=offertissimes-21,119.49,161.31,25.9,119.49,Prima Infanzia e Maternità,Prima Infanzia e Maternità,CBX,B0C58QGJNG,1,40,88
"Specchietto Retrovisore Bambini Baby Uma - Specchietto Retrovisore Auto Infrangibile, Facile da Montare, Specchio Auto Neonat",https://www.amazon.it/dp/B0FV8G8VF4?tag=offertissimes-21,9.99,13.49,25.9,9.99,Prima Infanzia e Maternità,Prima Infanzia e Maternità,Specchietto,B0FV8G8VF4,1,40,88
"Graco Seggiolino Junior Maxi i-Size R129, Rialzo per Seggiolino, Braccioli e Poggiatesta Regolabili in Altezza, Leggero, con",https://www.amazon.it/dp/B0BMGNDJHV?tag=offertissimes-21,55.0,74.25,25.9,55.0,Prima Infanzia e Maternità,Prima Infanzia e Maternità,Graco,B0BMGNDJHV,1,40,88
"Kinderkraft JUNIOR FIX2 PRO I-SIZE Seggiolino auto 15-36 kg, Gruppo 2-3, 100-150 cm, con Isofix, Poggiatesta regolabile, Sist",https://www.amazon.it/dp/B0FKBWNF2G?tag=offertissimes-21,74.9,101.12,25.9,74.9,Prima Infanzia e Maternità,Prima Infanzia e Maternità,Kinderkraft,B0FKBWNF2G,1,40,88
"Onco Specchietto Auto Neonato Sedile Posteriore - Infrangibile, 360° | Specchio per macchina 100% infrangibile con rotazione",https://www.amazon.it/dp/B01FCMV5RM?tag=offertissimes-21,19.99,26.99,25.9,19.99,Prima Infanzia e Maternità,Prima Infanzia e Maternità,Onco,B01FCMV5RM,1,40,88
"Cybex Solution G2/Magic Black-black PU1, Magia nera, Soluzione G2, Comfort",https://www.amazon.it/dp/B0DJMCGDP8?tag=offertissimes-21,159.9,215.87,25.9,159.9,Prima Infanzia e Maternità,Prima Infanzia e Maternità,Cybex,B0DJMCGDP8,1,40,88
LIONSTRONG® Protettori per Sedile Auto [COMPATIBILE ISOFIX] - negro | Protezione per Seggiolino Auto - Impermeabile - Poliest,https://www.amazon.it/dp/B074XCPNXV?tag=offertissimes-21,29.9,40.37,25.9,29.9,Prima Infanzia e Maternità,Prima Infanzia e Maternità,LIONSTRONG,B074XCPNXV,1,40,88
"TIPPY PAD dispositivo anti abbandono, multicolore",https://www.amazon.it/dp/B078W8BBFK?tag=offertissimes-21,30.94,41.77,25.9,30.94,Prima Infanzia e Maternità,Prima Infanzia e Maternità,TIPPY,B078W8BBFK,1,40,88
"Bebeconfort RevolveFix 360 i-Size Girevole 360, Seggiolino Auto 0-36 Kg, 0-12 anni, ISOFIX con Top Tether, Seggiolino Reclina",https://www.amazon.it/dp/B0F4JZ3V7H?tag=offertissimes-21,169.99,229.49,25.9,169.99,Prima Infanzia e Maternità,Prima Infanzia e Maternità,Bebeconfort,B0F4JZ3V7H,1,40,88
"Kinderkraft SAFETY FIX 3 PRO I-SIZE 76-150 cm Seggiolino Auto 9-36 kg isofix, Alzatina auto bimbi, Poggiatesta regolazione, C",https://www.amazon.it/dp/B0FGDM2ZTS?tag=offertissimes-21,99.0,133.65,25.9,99.0,Prima Infanzia e Maternità,Prima Infanzia e Maternità,Kinderkraft,B0FGDM2ZTS,1,40,88
"Maxi-Cosi Tanza i-Size, Seggiolino Auto ISOFIX, 100–150 cm, Full Black",https://www.amazon.it/dp/B0CZ47FKZL?tag=offertissimes-21,89.99,121.49,25.9,89.99,Prima Infanzia e Maternità,Prima Infanzia e Maternità,Maxi-Cosi,B0CZ47FKZL,1,40,88
"Tendine parasole bambini Buio Ottimale con protezione UV certificata - accessori auto, 2 pezzi 51x31cm, protezione solare rag",https://www.amazon.it/dp/B07Q19CC5W?tag=offertissimes-21,9.99,13.49,25.9,9.99,Prima Infanzia e Maternità,Prima Infanzia e Maternità,Tendine,B07Q19CC5W,1,40,88
Tataway Alzabimbo Sao Black 125-150 Cm I-Size R129 | Seggiolino Auto Rialzo Bambini Nero E Grigio | Booster Auto Compatto Con,https://www.amazon.it/dp/B0F24D7ZMV?tag=offertissimes-21,23.99,32.39,25.9,23.99,Prima Infanzia e Maternità,Prima Infanzia e Maternità,Tataway,B0F24D7ZMV,1,40,88
"Reecle I-Size Girevole Seggiolino Auto con ISOFIX, 40-150cm, ca. 0-12 anni | 360 Girevole",https://www.amazon.it/dp/B0GRFX6HKC?tag=offertissimes-21,77.99,105.29,25.9,77.99,Prima Infanzia e Maternità,Prima Infanzia e Maternità,Reecle,B0GRFX6HKC,1,40,88
"Bebeconfort Ride 2-in-1 i-Size Seggiolino Auto Bambini, 100–150 cm, 3,5–12 anni, Seggiolino Auto ISOFIX, Schienale Rimovibile",https://www.amazon.it/dp/B0H3LGWWMS?tag=offertissimes-21,34.9,47.12,25.9,34.9,Prima Infanzia e Maternità,Prima Infanzia e Maternità,Bebeconfort,B0H3LGWWMS,1,40,88
"Foppapedretti Seggiolino Auto Babyroad New I-Size, per bambini da 76 a 150 cm di altezza, 15mesi-12 anni, conforme ECE R129,",https://www.amazon.it/dp/B0CV1DLNCS?tag=offertissimes-21,178.89,241.5,25.9,178.89,Prima Infanzia e Maternità,Prima Infanzia e Maternità,Foppapedretti,B0CV1DLNCS,1,40,88
"Kinderkraft I-BOOST 2 PRO, Seggiolino per Bambini da 125-150 cm e da 6 a 12 anni, Installazione ISOFIX, molto leggero (2,36 k",https://www.amazon.it/dp/B0F1QTW3BP?tag=offertissimes-21,137.97,186.26,25.9,137.97,Prima Infanzia e Maternità,Prima Infanzia e Maternità,Kinderkraft,B0F1QTW3BP,1,40,88
"Foppapedretti Seggiolino Auto Circle I-Size, Seduta Girevole a 360°, per bambini da 40 a 150 cm di altezza, 0-12 anni, confor",https://www.amazon.it/dp/B0C657HYRX?tag=offertissimes-21,16.99,22.94,25.9,16.99,Prima Infanzia e Maternità,Prima Infanzia e Maternità,Foppapedretti,B0C657HYRX,1,40,88
"Kinderkraft I-GROW Car Seat, I-SIZE 40-150 cm, Isofix, Baby Car Seat, for Children, Adjustable, Saddle, RWF, FWF, Universal C",https://www.amazon.it/dp/B0BZ89X9YC?tag=offertissimes-21,154.99,209.24,25.9,154.99,Prima Infanzia e Maternità,Prima Infanzia e Maternità,Kinderkraft,B0BZ89X9YC,1,40,88
"Tendine Parasole Auto,2 Pezzi, Accessori Block Raggi UV Anti-Zanzara, Protegge Bambini e Animali Domestici,Universali Finestr",https://www.amazon.it/dp/B0869GQGDR?tag=offertissimes-21,299.0,403.65,25.9,299.0,Prima Infanzia e Maternità,Prima Infanzia e Maternità,Tendine,B0869GQGDR,1,40,88
"LIONELO Bastiaan i-Size Seggiolino Auto Evolutivo 4 in 1 40-150 cm ISOFIX | Per Bambini 0-12 Anni, Protezione Laterale, Rotaz",https://www.amazon.it/dp/B0CJC56Z5H?tag=offertissimes-21,16.99,22.94,25.9,16.99,Prima Infanzia e Maternità,Prima Infanzia e Maternità,LIONELO,B0CJC56Z5H,1,40,88
"Inglesina Halley Pro, Black, Seggiolino Auto Rotante 360° ISOFIX, da 0 a 12 Anni (40-150 cm), Reclinabile e Traspirante, Omol",https://www.amazon.it/dp/B0F7RV5F8B?tag=offertissimes-21,98.9,133.52,25.9,98.9,Prima Infanzia e Maternità,Prima Infanzia e Maternità,Inglesina,B0F7RV5F8B,1,40,88
"Zamboo Parapioggia Ovetto Universale, senza PVC, Finestra di contatto",https://www.amazon.it/dp/B01MAY49EZ?tag=offertissimes-21,19.99,26.99,25.9,19.99,Prima Infanzia e Maternità,Prima Infanzia e Maternità,Zamboo,B01MAY49EZ,1,40,88
"Kinderkraft FIX2GO Seggiolino per bambini i-Size, 76-150 cm, Isofix, Top Tether, saferide sensor, fino a ca. 12 anni, sistemi",https://www.amazon.it/dp/B0DP7TG8KY?tag=offertissimes-21,195.59,264.05,25.9,195.59,Prima Infanzia e Maternità,Prima Infanzia e Maternità,Kinderkraft,B0DP7TG8KY,1,40,88
oasser Poggiatesta Auto Bambini e Adulti 360° Regolabile Supporto per Collo e Testa CA1 Nero,https://www.amazon.it/dp/B08N4X46CF?tag=offertissimes-21,19.99,26.99,25.9,19.99,Prima Infanzia e Maternità,Prima Infanzia e Maternità,oasser,B08N4X46CF,1,40,88
"Chicco Unico Evo I-Size, Seggiolino Auto 0-36 Kg, omologato ECE R129/03, Isofix Girevole A 360° E Reclinabile, Gruppo 0+/1/2/",https://www.amazon.it/dp/B0C6KZCY6Z?tag=offertissimes-21,19.99,26.99,25.9,19.99,Prima Infanzia e Maternità,Prima Infanzia e Maternità,Chicco,B0C6KZCY6Z,1,40,88
"Tataway Alzabimbo Nero Seggiolino Auto I-Size 126-150 Cm R129, Protezione Totale, Rotazione 360°, Comfort E Sicurezza Per Bam",https://www.amazon.it/dp/B0DTJC6M9X?tag=offertissimes-21,23.99,32.39,25.9,23.99,Prima Infanzia e Maternità,Prima Infanzia e Maternità,Tataway,B0DTJC6M9X,1,40,88
"Kinderkraft I-COMFY, Seggiolino auto, Per bambini, Regolabile (76-150 cm), Schienale regolabile, Cintura di sicurezza a 5 pun",https://www.amazon.it/dp/B0F9YPF1V1?tag=offertissimes-21,69.9,94.37,25.9,69.9,Prima Infanzia e Maternità,Prima Infanzia e Maternità,Kinderkraft,B0F9YPF1V1,1,40,88
"Funsland Giocattolo a Spirale Passeggino Neonato - Giochi Passeggino Neonati Regalo per 0 3 6 Mesi, Peluche Giocattolo a Spir",https://www.amazon.it/dp/B0DQV4S4N1?tag=offertissimes-21,21.99,29.69,25.9,21.99,Prima Infanzia e Maternità,Prima Infanzia e Maternità,Funsland,B0DQV4S4N1,1,40,88
"Chicco Seggiolino Auto Mokita I-Size, con sistema Isofix, per bambini di altezza compresa tra 76 e 150 cm, utilizzabile a par",https://www.amazon.it/dp/B0DJM9RTQ9?tag=offertissimes-21,162.95,219.98,25.9,162.95,Prima Infanzia e Maternità,Prima Infanzia e Maternità,Chicco,B0DJM9RTQ9,1,40,88
"LIONELO Levi i-Size Seggiolino Auto per Bambini 76-150 cm, 15 Mesi-12 Anni | Protezione Laterale, Poggiatesta a 10 Livelli, B",https://www.amazon.it/dp/B0D5QWB4W6?tag=offertissimes-21,94.99,128.24,25.9,94.99,Prima Infanzia e Maternità,Prima Infanzia e Maternità,LIONELO,B0D5QWB4W6,1,40,88
Parasole per Bambini Con Protezione UV Certificata UPF50+ - Autoadesivo - Certificato DEKRA - Materiale Pregiato GSM 105 - Ac,https://www.amazon.it/dp/B01HXY5TH4?tag=offertissimes-21,11.78,15.9,25.9,11.78,Prima Infanzia e Maternità,Prima Infanzia e Maternità,Parasole,B01HXY5TH4,1,40,88
"Clementoni Baby Sonaglino Elettronico Baby Piano, Sonaglio Neonato 3+ Mesi, Gioco Prima Infanzia con Anelli, Luce e 3 Tasti M",https://www.amazon.it/dp/B079H774GR?tag=offertissimes-21,7.2,9.72,25.9,7.2,Prima Infanzia e Maternità,Prima Infanzia e Maternità,Clementoni,B079H774GR,1,40,88
"Maxentico Specchietto Retrovisore Bambini, Specchio Auto Neonato Sedile | Posteriore Specchio Macchina Neonato, Specchio Bamb",https://www.amazon.it/dp/B0D5Y7FBWZ?tag=offertissimes-21,9.21,12.43,25.9,9.21,Prima Infanzia e Maternità,Prima Infanzia e Maternità,Maxentico,B0D5Y7FBWZ,1,40,88
LIONSTRONG® Organizer Bambino per Sedile [IMPERMEABILE] - Tasca grande | 2 pezzi Protezione Sedile Auto - Compatibile Univers,https://www.amazon.it/dp/B0813QX8QR?tag=offertissimes-21,34.9,47.12,25.9,34.9,Prima Infanzia e Maternità,Prima Infanzia e Maternità,LIONSTRONG,B0813QX8QR,1,40,88
"Lamicall Specchietto Retrovisore Bambini - [2025 Gancio Triangolo] 100% Infrangibile, 360° Rotazione e 45° Inclinabile, con 1",https://www.amazon.it/dp/B0DN1GTTQW?tag=offertissimes-21,21.99,29.69,25.9,21.99,Prima Infanzia e Maternità,Prima Infanzia e Maternità,Lamicall,B0DN1GTTQW,1,40,88
"Giordani Jupiter Seggiolino Auto 40-150 cm I-Size, Base Girevole 360°Omologato R129/03, Connettori Isofix e Top Tether, Recli",https://www.amazon.it/dp/B0H267W1PH?tag=offertissimes-21,179.9,242.87,25.9,179.9,Prima Infanzia e Maternità,Prima Infanzia e Maternità,Giordani,B0H267W1PH,1,40,88
"Alaoo 1pcs Cuscino Poggiatesta Auto, Nero Con Finiture Nero | Poggiatesta da Viaggio Ortopedico, Supporto per Seggiolino, Rim",https://www.amazon.it/dp/B0FSKHM93R?tag=offertissimes-21,12.99,17.54,25.9,12.99,Prima Infanzia e Maternità,Prima Infanzia e Maternità,Alaoo,B0FSKHM93R,1,40,88
"Vicloon Giocattolo per Passeggino, Giocattolo a Spirale per Culla con Sonagli, Specchio e Massaggiagengive, Passeggino Educat",https://www.amazon.it/dp/B0B3RN5KSH?tag=offertissimes-21,17.99,24.29,25.9,17.99,Prima Infanzia e Maternità,Prima Infanzia e Maternità,Vicloon,B0B3RN5KSH,1,40,88
"Kinderkraft I-SPARK 2 PRO Seggiolino Auto i-Size 100-150 cm, Verde",https://www.amazon.it/dp/B0G5Z8HBRY?tag=offertissimes-21,64.9,87.62,25.9,64.9,Prima Infanzia e Maternità,Prima Infanzia e Maternità,Kinderkraft,B0G5Z8HBRY,1,40,88
"Fehn Gioco attività Orsetto – Con clip per neonati | Con elementi da afferrare e suoni – con clip per casa e viaggio, fin dal",https://www.amazon.it/dp/B00NQGHU44?tag=offertissimes-21,14.76,19.93,25.9,14.76,Prima Infanzia e Maternità,Prima Infanzia e Maternità,Fehn,B00NQGHU44,1,40,88
"Babify Onboard Seggiolone Auto Isofix I-Size per Bambini da 0 Mesi - 12 Anni, 40-150cm, Seduta Auto Bimbi Regolabile e Reclin",https://www.amazon.it/dp/B07RYWKS9Z?tag=offertissimes-21,149.99,202.49,25.9,149.99,Prima Infanzia e Maternità,Prima Infanzia e Maternità,Babify,B07RYWKS9Z,1,40,88
"ATHLON TOOLS tappetino di protezione dello schienale rivestito, tappetino di protezione dello schienale dell'auto - con tasch",https://www.amazon.it/dp/B0CCDM8W75?tag=offertissimes-21,11.9,16.07,25.9,11.9,Prima Infanzia e Maternità,Prima Infanzia e Maternità,ATHLON,B0CCDM8W75,1,40,88
"hahaland Giocattolo Spirale Passeggino Neonato 0-6 Mesi, Sonaglio Peluche | Giochi Passeggino Appeso, Gioco Sensoriale Neonat",https://www.amazon.it/dp/B0BGXML34N?tag=offertissimes-21,21.99,29.69,25.9,21.99,Prima Infanzia e Maternità,Prima Infanzia e Maternità,hahaland,B0BGXML34N,1,40,88
"Nania Seggiolino auto per bambini isofix Lima I-size 76-150 cm - Gruppo 1/2/3 da 9 a 36 kg, 15 mesi a 12 anni, testata regola",https://www.amazon.it/dp/B08HSG2ZZ9?tag=offertissimes-21,69.99,94.49,25.9,69.99,Prima Infanzia e Maternità,Prima Infanzia e Maternità,Nania,B08HSG2ZZ9,1,40,88
Cybex Pallas G2 Plus/Moon Black-black PU1,https://www.amazon.it/dp/B0DPHQJRNT?tag=offertissimes-21,269.95,364.43,25.9,269.95,Prima Infanzia e Maternità,Prima Infanzia e Maternità,Cybex,B0DPHQJRNT,1,40,88
"Kinderkraft UNITY 2 i-Size, Seggiolino auto pieghevole 100–150 cm, 3,5 a 12 anni, Poggiatesta regolabile, Con sistema AIR FLO",https://www.amazon.it/dp/B0DSL9ZD8J?tag=offertissimes-21,89.88,121.34,25.9,89.88,Prima Infanzia e Maternità,Prima Infanzia e Maternità,Kinderkraft,B0DSL9ZD8J,1,40,88
"KIDUKU Seggiolino auto con coprisedile, cresce con il bambino, sedile, universale, approvato con la normativa ECE R129/03, 9-",https://www.amazon.it/dp/B0DPQNYNBD?tag=offertissimes-21,79.9,107.87,25.9,79.9,Prima Infanzia e Maternità,Prima Infanzia e Maternità,KIDUKU,B0DPQNYNBD,1,40,88
"Vinabo Specchietto Retrovisore Bambini, Specchietto Auto Infrangibile, Specchio per Auto per Bambini con Rotazione Regolabile",https://www.amazon.it/dp/B0F5HKK2XB?tag=offertissimes-21,9.01,12.16,25.9,9.01,Prima Infanzia e Maternità,Prima Infanzia e Maternità,Vinabo,B0F5HKK2XB,1,40,88
"Tataway Coppia Tendine Parasole Laterali Auto per Bambini, Set da 2, Protezione UV e Riduzione del Calore Interno (Stitch)",https://www.amazon.it/dp/B0CL557GVY?tag=offertissimes-21,8.89,12.0,25.9,8.89,Prima Infanzia e Maternità,Prima Infanzia e Maternità,Tataway,B0CL557GVY,1,40,88
"Vinabo Specchio per auto per bambini, infrangibile, specchio per auto regolabile a 360°, specchietto posteriore per bambini,",https://www.amazon.it/dp/B0C2CBNXG8?tag=offertissimes-21,12.97,17.51,25.9,12.97,Prima Infanzia e Maternità,Prima Infanzia e Maternità,Vinabo,B0C2CBNXG8,1,40,88
"Chicco Quasar i-Size, Seggiolino Auto Bambini 7-12 Anni (126-150 cm), Peso 23-36 kg, Gruppo 3, Facile da Installare con Cintu",https://www.amazon.it/dp/B0DW9BQ3PL?tag=offertissimes-21,31.0,41.85,25.9,31.0,Prima Infanzia e Maternità,Prima Infanzia e Maternità,Chicco,B0DW9BQ3PL,1,40,88
"Gimars XL Protettore di Sedili Auto, 2 pezzi, [Compatibile ISOFIX] Universale Antiscivolo Impermeabile Tessuto Oxford 600D Co",https://www.amazon.it/dp/B0D6GHDZXL?tag=offertissimes-21,17.96,24.25,25.9,17.96,Prima Infanzia e Maternità,Prima Infanzia e Maternità,Gimars,B0D6GHDZXL,1,40,88
"Kinderkraft I-360 2 PRO Seggiolino auto 0-36 kg, I-SIZE 40-150 cm, Seggiolino 360 girevole, con Isofix Base, Reclinabile Posi",https://www.amazon.it/dp/B0F9YQSN5Q?tag=offertissimes-21,165.0,222.75,25.9,165.0,Prima Infanzia e Maternità,Prima Infanzia e Maternità,Kinderkraft,B0F9YQSN5Q,1,40,88
"AiQInu 2 Pezzi Protezione, Impermeabile Antisporco Organizer Sedile Auto per Bambini Cani Gatti(Nero)",https://www.amazon.it/dp/B0CWTTRJQ5?tag=offertissimes-21,10.65,14.38,25.9,10.65,Prima Infanzia e Maternità,Prima Infanzia e Maternità,AiQInu,B0CWTTRJQ5,1,40,88
Bambebe Protezione Testa per Neonato Morbido Cuscino Anticaduta Bambino Proteggi Testa Bambini Regolabile Zaino Salva Testa N,https://www.amazon.it/dp/B0DJ2ZXBR4?tag=offertissimes-21,20.99,28.34,25.9,20.99,Prima Infanzia e Maternità,Prima Infanzia e Maternità,Bambebe,B0DJ2ZXBR4,1,40,88
"Chicco Baby Moments Quadrotti in Cotone Morbido, 360 Pezzi, 100% Cotone Puro, Multipack 6x60, Pacco scorta",https://www.amazon.it/dp/B0F636T4HM?tag=offertissimes-21,14.07,18.99,25.9,14.07,Prima Infanzia e Maternità,Prima Infanzia e Maternità,Chicco,B0F636T4HM,1,40,88
"Pampers Baby Dry Mutandino XXL, Taglia 7 (17+ kg), 90 Pannolini Bambino | Formato Scorta, Barriera Stop&Protect, Anti-Fuorius",https://www.amazon.it/dp/B0DJPQTM44?tag=offertissimes-21,38.13,51.48,25.9,38.13,Prima Infanzia e Maternità,Prima Infanzia e Maternità,Pampers,B0DJPQTM44,1,40,88
"Salviettine al 99% acqua LILLYDOO, 300 pz, delicate come acqua e cotone | Tessuto 100% senza plastica, zero profumi: la scelt",https://www.amazon.it/dp/B0DBVQ6GFX?tag=offertissimes-21,13.52,18.25,25.9,13.52,Prima Infanzia e Maternità,Prima Infanzia e Maternità,Salviettine,B0DBVQ6GFX,1,40,88
"WaterWipes Sensitive+ Body & Intimate XL Wipes, 99,9% Acqua, senza profumo | 3 confezioni, salvietta corpo e zona intima, sen",https://www.amazon.it/dp/B0DD7TRXX4?tag=offertissimes-21,9.43,12.73,25.9,9.43,Prima Infanzia e Maternità,Prima Infanzia e Maternità,WaterWipes,B0DD7TRXX4,1,40,88
"Rabb 1st Riduttore wc bambini, sedile rialzato maschi e femmine, pedana antiscivolo anti-spruzzo scala per water,Blu Giallo",https://www.amazon.it/dp/B0CN14V74T?tag=offertissimes-21,39.99,53.99,25.9,39.99,Prima Infanzia e Maternità,Prima Infanzia e Maternità,Rabb,B0CN14V74T,1,40,88
"Huggies Pure Salviette Umidificate per Bambini, 12 Pacchi da 48 Pezzi, 576 Pz",https://www.amazon.it/dp/B0GRJM8K8R?tag=offertissimes-21,14.99,20.24,25.9,14.99,Prima Infanzia e Maternità,Prima Infanzia e Maternità,Huggies,B0GRJM8K8R,1,40,88
"Nuby My Real Potty Vasino Bambini con Sciacquone & Suoni Realistici, 18M+ | Vasino realistico come un vero water, facile da p",https://www.amazon.it/dp/B07VZ2KVR1?tag=offertissimes-21,24.58,33.18,25.9,24.58,Prima Infanzia e Maternità,Prima Infanzia e Maternità,Nuby,B07VZ2KVR1,1,40,88
IRPot - eBOX 864 SALVIETTINE TRUDI BABY CARE 12 CONF.,https://www.amazon.it/dp/B01985JQNY?tag=offertissimes-21,25.07,33.84,25.9,25.07,Prima Infanzia e Maternità,Prima Infanzia e Maternità,IRPot,B01985JQNY,1,40,88
"Fria Baby Igiene Salviette per Cambio Pannolino, con Olio di Argan e Nutrimilk ad Effetto Idratante sulla Pelle, Dermatologic",https://www.amazon.it/dp/B00ID5LIA0?tag=offertissimes-21,3.26,4.4,25.9,3.26,Prima Infanzia e Maternità,Prima Infanzia e Maternità,Fria,B00ID5LIA0,1,40,88
Riduttore WC Bambini con Scaletta – Sedile WC Pieghevole per Apprendimento Autonomo – Adattatore Toilette con Gradino Antisci,https://www.amazon.it/dp/B0F57K69V4?tag=offertissimes-21,24.51,33.09,25.9,24.51,Prima Infanzia e Maternità,Prima Infanzia e Maternità,Riduttore,B0F57K69V4,1,40,88
"keeeper Stitch - Sedile WC per bambini, a partire da 24 mesi a circa 4 anni, antiscivolo, colore: Bianco",https://www.amazon.it/dp/B0DP58TTSF?tag=offertissimes-21,11.44,15.44,25.9,11.44,Prima Infanzia e Maternità,Prima Infanzia e Maternità,keeeper,B0DP58TTSF,1,40,88
"Bioderm Cellusoft 50 Panni Monouso Salviette Asciutte Anziani Post Parto | Igiene del corpo e intima, incontinenza, degenza,",https://www.amazon.it/dp/B07F6LQPK5?tag=offertissimes-21,4.09,5.52,25.9,4.09,Prima Infanzia e Maternità,Prima Infanzia e Maternità,Bioderm,B07F6LQPK5,1,40,88
"COSYLAND Torre Educativa Bambini, 4-in-1, L, Naturale Classico | Piedini anti-ribaltamento, gradini antiscivolo, aiuta a part",https://www.amazon.it/dp/B0FR9B96Z7?tag=offertissimes-21,55.17,74.48,25.9,55.17,Prima Infanzia e Maternità,Prima Infanzia e Maternità,COSYLAND,B0FR9B96Z7,1,40,88
"Munchkin Sturdy Seggiolino per il vasino per bambini, Seduta per addestramento vasino con maniglie, ottimo per bambini piccol",https://www.amazon.it/dp/B0CNF1BGK3?tag=offertissimes-21,10.65,14.38,25.9,10.65,Prima Infanzia e Maternità,Prima Infanzia e Maternità,Munchkin,B0CNF1BGK3,1,40,88
Dermovitamina - Proctocare Salviette Detergenti - Confezione da 15 Pezzi | Salviette Detergenti - Trattamento Emorroidi - Azi,https://www.amazon.it/dp/B0899TKCVJ?tag=offertissimes-21,2.75,3.71,25.9,2.75,Prima Infanzia e Maternità,Prima Infanzia e Maternità,Dermovitamina,B0899TKCVJ,1,40,88
IRIDIL LAVAOCCHI 14SALV MON,https://www.amazon.it/dp/B08QMYPKHY?tag=offertissimes-21,6.97,9.41,25.9,6.97,Prima Infanzia e Maternità,Prima Infanzia e Maternità,IRIDIL,B08QMYPKHY,1,40,88
ACQUA NON ACQUA FIOCCHI DI RISO Salviette Detergenti - 8 Confezioni da 60 pezzi,https://www.amazon.it/dp/B07N2YY5RJ?tag=offertissimes-21,26.5,35.78,25.9,26.5,Prima Infanzia e Maternità,Prima Infanzia e Maternità,ACQUA,B07N2YY5RJ,1,40,88
FISSAN Salviettine Delicate - Per Neonati e Bambini - Dermatologicamente Testate - 96% Ingredienti di Origine Naturale - con,https://www.amazon.it/dp/B084XMTZVN?tag=offertissimes-21,25.5,34.43,25.9,25.5,Prima Infanzia e Maternità,Prima Infanzia e Maternità,FISSAN,B084XMTZVN,1,40,88
"Vasino Per Bambini Wc Con Suono Per L'apprendimento Del Vasino - Wc Per Bambini E Neonati - Confortevole, Antiscivolo Con Suo",https://www.amazon.it/dp/B0B8H8FWR7?tag=offertissimes-21,27.78,37.5,25.9,27.78,Prima Infanzia e Maternità,Prima Infanzia e Maternità,Vasino,B0B8H8FWR7,1,40,88
"DETERMONDO 880 Salviette Neonato Igienizzanti Umidificate e Profumate all'Aloe Senza Alcool, Ideali come Detergenti Cambio Pa",https://www.amazon.it/dp/B0CRDZTX8R?tag=offertissimes-21,19.99,26.99,25.9,19.99,Prima Infanzia e Maternità,Prima Infanzia e Maternità,DETERMONDO,B0CRDZTX8R,1,40,88
"864 Salviette Neonato Babylino Sensitive con delicata profumazione alla Camomilla, formula 98% Naturale che ripristina il PH",https://www.amazon.it/dp/B09MJLYX5H?tag=offertissimes-21,24.58,33.18,25.9,24.58,Prima Infanzia e Maternità,Prima Infanzia e Maternità,864,B09MJLYX5H,1,40,88
"HiPP - Salviette Neonato, Detergenti & Delicate Neonati, 15 Confezioni da 48 Salviettine Ciascuna, Salviette Umidificate, Sen",https://www.amazon.it/dp/B0D2LXN9G2?tag=offertissimes-21,25.89,34.95,25.9,25.89,Prima Infanzia e Maternità,Prima Infanzia e Maternità,HiPP,B0D2LXN9G2,1,40,88
"WaterWipes Sensitive +Soothing Wipes, Salviette Lenitive, 6 Confezioni | 360 salviette 3 in 1, detergono, proteggono e lenisc",https://www.amazon.it/dp/B0DD7VLLDQ?tag=offertissimes-21,18.03,24.34,25.9,18.03,Prima Infanzia e Maternità,Prima Infanzia e Maternità,WaterWipes,B0DD7VLLDQ,1,40,88
"Naty Pannolini a Mutandina, Taglia 4, 22 pezzi | Per pelli sensibili, mutandino ipoallergeniche, Assorbente, Fino a 12h di pr",https://www.amazon.it/dp/B002IOWL0S?tag=offertissimes-21,10.82,14.61,25.9,10.82,Prima Infanzia e Maternità,Prima Infanzia e Maternità,Naty,B002IOWL0S,1,40,88
"Salviettine LILLYDOO gettabili nel WC, 720 pz, delicate sulla pelle | Tessuto 100% senza plastica, zero profumi: pensate per",https://www.amazon.it/dp/B0DCNW6TWQ?tag=offertissimes-21,21.96,29.65,25.9,21.96,Prima Infanzia e Maternità,Prima Infanzia e Maternità,Salviettine,B0DCNW6TWQ,1,40,88
Mustela Salviette Compostabili Prof. 120pz (Confezione da 2),https://www.amazon.it/dp/B0DDQ5C9WN?tag=offertissimes-21,5.54,7.48,25.9,5.54,Prima Infanzia e Maternità,Prima Infanzia e Maternità,Mustela,B0DDQ5C9WN,1,40,88
"Huggies Pure, Salviette neonato, 99% acqua pura, 65% fibre assorbenti naturali, 672 Pz (12 x 56)",https://www.amazon.it/dp/B017UO2QJQ?tag=offertissimes-21,21.85,29.5,25.9,21.85,Prima Infanzia e Maternità,Prima Infanzia e Maternità,Huggies,B017UO2QJQ,1,40,88
OKBABY Pasha - Vasino per Bambini con Seduta Anatomica e Schienale Rialzato - Rosa,https://www.amazon.it/dp/B00T9L1H1C?tag=offertissimes-21,11.48,15.5,25.9,11.48,Prima Infanzia e Maternità,Prima Infanzia e Maternità,OKBABY,B00T9L1H1C,1,40,88
"Ingenuity My Size Potty Pro, Vasino per Bambini Realistico 2-in-1 con Suono di Scarico - Riduttore WC Rimovibile - Facile da",https://www.amazon.it/dp/B0BZ2PFVSN?tag=offertissimes-21,24.58,33.18,25.9,24.58,Prima Infanzia e Maternità,Prima Infanzia e Maternità,Ingenuity,B0BZ2PFVSN,1,40,88
"Neutro Roberts, Salviette per Igiene Intima, 6 x 12 Pezzi | Con Camomilla, Adatto a Pelli Sensibili, per Donne e Bambini",https://www.amazon.it/dp/B09FGW8NJK?tag=offertissimes-21,16.99,22.94,25.9,16.99,Prima Infanzia e Maternità,Prima Infanzia e Maternità,Neutro,B09FGW8NJK,1,40,88
"Tataway WC Morbido Bambini con Maniglie - Riduttore WC con Grafica di Bing- Seduta Comfort Antiscivolo, Facile da Pulire",https://www.amazon.it/dp/B0F8P3TR91?tag=offertissimes-21,36.99,49.94,25.9,36.99,Prima Infanzia e Maternità,Prima Infanzia e Maternità,Tataway,B0F8P3TR91,1,40,88
"COOSEYA Riduttore Wc Bambini,Vasino Con Scaletta Per Bambini Wc,Verde | Sicuro e robusto, regolabile in altezza, pieghevole,",https://www.amazon.it/dp/B0CD33MQLQ?tag=offertissimes-21,62.99,85.04,25.9,62.99,Prima Infanzia e Maternità,Prima Infanzia e Maternità,COOSEYA,B0CD33MQLQ,1,40,88
"Growaystory Torre Montessoriana, Learning Tower Sicura con Altezze Regolabili, Torre di apprendimento con Doppia Barra di Pro",https://www.amazon.it/dp/B0F1FJLMYC?tag=offertissimes-21,7.99,10.79,25.9,7.99,Prima Infanzia e Maternità,Prima Infanzia e Maternità,Growaystory,B0F1FJLMYC,1,40,88
"Amore Mio | 110 Salviette al Latte e Miele Formato Maxi, Igienizzanti e Purificanti, per Il Manto di Cani, Gatti e Animali Do",https://www.amazon.it/dp/B0D3HQNYWH?tag=offertissimes-21,13.86,18.71,25.9,13.86,Prima Infanzia e Maternità,Prima Infanzia e Maternità,Amore,B0D3HQNYWH,1,40,88
BIOLANE - Salviette neonato all’Acqua - 225 Salviettine (3x75) - Detergenti Delicate per Neonati - 99% Ingredienti di Origine,https://www.amazon.it/dp/B0H463CJ2S?tag=offertissimes-21,1.69,2.28,25.9,1.69,Prima Infanzia e Maternità,Prima Infanzia e Maternità,BIOLANE,B0H463CJ2S,1,40,88
"Fria Baby Sensation Acqua Pura Salviette per Cambio Pannolino, Formula con 98% di Acqua Purificata ad Azione Detergente sulla",https://www.amazon.it/dp/B07Q82RNCK?tag=offertissimes-21,99.99,134.99,25.9,99.99,Prima Infanzia e Maternità,Prima Infanzia e Maternità,Fria,B07Q82RNCK,1,40,88
"labebe torre montessoriana bambini, grandi dimensioni torre montessoriana pieghevole in legno, torretta montessoriana multifu",https://www.amazon.it/dp/B0GL84MRYR?tag=offertissimes-21,79.99,107.99,25.9,79.99,Prima Infanzia e Maternità,Prima Infanzia e Maternità,labebe,B0GL84MRYR,1,40,88
"COSYLAND Torre Educativa Bambini, 80 x 45 x 40 cm, Naturale Classico | Piattaforma regolabile che cresce con il bambino, grad",https://www.amazon.it/dp/B0FY6FT45K?tag=offertissimes-21,19.99,26.99,25.9,19.99,Prima Infanzia e Maternità,Prima Infanzia e Maternità,COSYLAND,B0FY6FT45K,1,40,88
FedMois 5 paia calzini antiscivolo in cotone bimbi bambini motivi animali,https://www.amazon.it/dp/B09QZJWDVQ?tag=offertissimes-21,11.99,16.19,25.9,11.99,Prima Infanzia e Maternità,Prima Infanzia e Maternità,FedMois,B09QZJWDVQ,1,40,88
"Pampers Baby Dry Mutandino XL, Taglia 6 (15+ kg), 90 Pannoolini Bambino | Formato Scorta, Barriera Stop&Protect, Anti-Fuorius",https://www.amazon.it/dp/B0DJPT1N9X?tag=offertissimes-21,41.17,55.58,25.9,41.17,Prima Infanzia e Maternità,Prima Infanzia e Maternità,Pampers,B0DJPT1N9X,1,40,88
"Simpeak 4 Paia Calzini Antiscivolo Bambino Cotone Bimbi Bambini, Neonato Calze para 0-5 Anni Bambino, Con Motivo a Cartoni An",https://www.amazon.it/dp/B0BY8T9GWR?tag=offertissimes-21,8.99,12.14,25.9,8.99,Prima Infanzia e Maternità,Prima Infanzia e Maternità,Simpeak,B0BY8T9GWR,1,40,88
Levi's Classic Batwing Infant Hat Bodysuit Bootie Set 3pc Tutina per bambino e neonato Unisex - Bimbi 0-24,https://www.amazon.it/dp/B082L94X82?tag=offertissimes-21,16.66,22.49,25.9,16.66,Prima Infanzia e Maternità,Prima Infanzia e Maternità,Levi's,B082L94X82,1,40,88
Chicco Bimba 0-24 Set di 4 Body a Maniche Corte a Maniche Corte in 100% Cotone NOS_1,https://www.amazon.it/dp/B0DM9NSQQZ?tag=offertissimes-21,20.48,27.65,25.9,20.48,Prima Infanzia e Maternità,Prima Infanzia e Maternità,Chicco,B0DM9NSQQZ,1,40,88
"Pampers Progressi Mutandino Maxi, Taglia 4 (8-15 kg), 76 Pannolini Bambino | Formato Scorta, Barriera Stop&Protect, Pelli Del",https://www.amazon.it/dp/B0DJPR4P4W?tag=offertissimes-21,32.45,43.81,25.9,32.45,Prima Infanzia e Maternità,Prima Infanzia e Maternità,Pampers,B0DJPR4P4W,1,40,88
Gerber Pacco da 3 Pantaloni Jogger per Bimbo 0-24 Mesi,https://www.amazon.it/dp/B095FGH29K?tag=offertissimes-21,18.99,25.64,25.9,18.99,Prima Infanzia e Maternità,Prima Infanzia e Maternità,Gerber,B095FGH29K,1,40,88
"Dotty Fish - Ragazzi Scarpe da Bambino in Pelle, Scarpe da Bambini Unisex - Bambini e Ragazzi",https://www.amazon.it/dp/B01CU7KQBI?tag=offertissimes-21,27.99,37.79,25.9,27.99,Prima Infanzia e Maternità,Prima Infanzia e Maternità,Dotty,B01CU7KQBI,1,40,88
"YANWANG Calzini Alla Caviglia Antiscivolo per Neonati, Bambini, Bambine, Ragazze, 6 Paia Di Calzini Con Impugnatura a Cartone",https://www.amazon.it/dp/B0C45VXFQ5?tag=offertissimes-21,11.99,16.19,25.9,11.99,Prima Infanzia e Maternità,Prima Infanzia e Maternità,YANWANG,B0C45VXFQ5,1,40,88
Amazon Essentials x Sofia Grainge Set Con Felpa E Pantaloni Sportivi Unisex - Bimbi 0-24,https://www.amazon.it/dp/B0FFJS1RRC?tag=offertissimes-21,11.99,16.19,25.9,11.99,Prima Infanzia e Maternità,Prima Infanzia e Maternità,Amazon,B0FFJS1RRC,1,40,88
"VEGCOO 7 Paia Calzini Antiscivolo Cotone, Animali Stampa Calze in Cotone Traspirante per Neonati, Bambini, Bambine",https://www.amazon.it/dp/B0D3BWTFCB?tag=offertissimes-21,75.0,101.25,25.9,75.0,Prima Infanzia e Maternità,Prima Infanzia e Maternità,VEGCOO,B0D3BWTFCB,1,40,88
Naturino Scarpine Primi Passi in Suede,https://www.amazon.it/dp/B07D6WQLZ5?tag=offertissimes-21,10.65,14.38,25.9,10.65,Prima Infanzia e Maternità,Prima Infanzia e Maternità,Naturino,B07D6WQLZ5,1,40,88
Chicco Bimbo 0-24 Babbucce Confezione Inclusa NOS | Confezione Inclusa NOS,https://www.amazon.it/dp/B0BPTHFKLV?tag=offertissimes-21,14.97,20.21,25.9,14.97,Prima Infanzia e Maternità,Prima Infanzia e Maternità,Chicco,B0BPTHFKLV,1,40,88
Amazon Essentials Bimba 0-24 Abito Senza Maniche in Cotone piqué,https://www.amazon.it/dp/B0FTZ3TXP5?tag=offertissimes-21,12.99,17.54,25.9,12.99,Prima Infanzia e Maternità,Prima Infanzia e Maternità,Amazon,B0FTZ3TXP5,1,40,88
Mantella Pioggia Minnie Topolino Bambino Bambina Impermeabile Anni Poncho Antipioggia Mantellina Bimba Bambini Giacca Bimbo K,https://www.amazon.it/dp/B0BTMQZMS7?tag=offertissimes-21,19.66,26.54,25.9,19.66,Prima Infanzia e Maternità,Prima Infanzia e Maternità,Mantella,B0BTMQZMS7,1,40,88
YANWANG 8 Paia di Calzini Antiscivolo con Grip per Bambini Piccoli Calzini Traspiranti per Neonati Bambini Bambina,https://www.amazon.it/dp/B0FN2XBYNV?tag=offertissimes-21,11.99,16.19,25.9,11.99,Prima Infanzia e Maternità,Prima Infanzia e Maternità,YANWANG,B0FN2XBYNV,1,40,88
adidas Unisex - Bimbi BIG LOGO ESSENTIALS JOGGER,https://www.amazon.it/dp/B0CZPNH8MY?tag=offertissimes-21,11.99,16.19,25.9,11.99,Prima Infanzia e Maternità,Prima Infanzia e Maternità,adidas,B0CZPNH8MY,1,40,88
FedMois 5 paia calzini antiscivolo invernali termici in cotone bimbi bambini,https://www.amazon.it/dp/B0BFB1B315?tag=offertissimes-21,13.68,18.47,25.9,13.68,Prima Infanzia e Maternità,Prima Infanzia e Maternità,FedMois,B0BFB1B315,1,40,88
FedMois 6 paia calzini antiscivolo in cotone bimbi bambini motivi animali,https://www.amazon.it/dp/B0B5D5ZX25?tag=offertissimes-21,13.99,18.89,25.9,13.99,Prima Infanzia e Maternità,Prima Infanzia e Maternità,FedMois,B0B5D5ZX25,1,40,88
Prénatal|Baby Girls|In Morbido Cotone Fw25|1|Completo Tuta con Pantalone Lungo e Felpa,https://www.amazon.it/dp/B0FLDNBMBD?tag=offertissimes-21,9.99,13.49,25.9,9.99,Prima Infanzia e Maternità,Prima Infanzia e Maternità,Amazon Choice,B0FLDNBMBD,1,40,88
o-day Accappatoio Neonato a Triangolo in Spugna Puro Cotone 100% con Cappuccio Animale Asciugamani Neonato Super Assorbenti e,https://www.amazon.it/dp/B0H69JN743?tag=offertissimes-21,21.3,28.76,25.9,21.3,Prima Infanzia e Maternità,Prima Infanzia e Maternità,o-day,B0H69JN743,1,40,88
LEON D'ORO Calze Neonato Calzino Regalo Scarpine Babbucce bambini Primi Mesi Taglia Unica Made in Italy,https://www.amazon.it/dp/B0F1DN5DJY?tag=offertissimes-21,17.99,24.29,25.9,17.99,Prima Infanzia e Maternità,Prima Infanzia e Maternità,LEON,B0F1DN5DJY,1,40,88
Chicco Bimbo 0-24 Set Tutine con Pratico Piedino Integrato in Morbido Cotone NOS_2,https://www.amazon.it/dp/B0DW43MJZF?tag=offertissimes-21,32.6,44.01,25.9,32.6,Prima Infanzia e Maternità,Prima Infanzia e Maternità,Chicco,B0DW43MJZF,1,40,88
"Sxkayxr, Tutina per neonati in stile cartone animato, ispirata a Goku, unisex",https://www.amazon.it/dp/B08ZCHC139?tag=offertissimes-21,18.99,25.64,25.9,18.99,Prima Infanzia e Maternità,Prima Infanzia e Maternità,Sxkayxr,B08ZCHC139,1,40,88
"Amazon Essentials Leggings Bambine e Ragazze, Confezioni Multiple",https://www.amazon.it/dp/B09Q3YY3NW?tag=offertissimes-21,11.99,16.19,25.9,11.99,Prima Infanzia e Maternità,Prima Infanzia e Maternità,Amazon,B09Q3YY3NW,1,40,88
"HaimoBurg 12 Paia di Calze Antiscivolo in Cotone Traspirante per Bambini da 1 a 5 Anni,Calzini Bambino Bambina Neonato",https://www.amazon.it/dp/B0FR8RRLSF?tag=offertissimes-21,28.68,38.72,25.9,28.68,Prima Infanzia e Maternità,Prima Infanzia e Maternità,HaimoBurg,B0FR8RRLSF,1,40,88
QIYIENDIAN Calzini in cotone morbido 5 paia di calzini elastici colori solidi bambini Ragazzi Ragazze,https://www.amazon.it/dp/B0DCV5SZ62?tag=offertissimes-21,11.47,15.48,25.9,11.47,Prima Infanzia e Maternità,Prima Infanzia e Maternità,QIYIENDIAN,B0DCV5SZ62,1,40,88
Chicco Bimba 0-24 Set Tutine con Pratico Piedino Integrato in Ciniglia NOS | con Pratico Piedino Integrato in Ciniglia NOS,https://www.amazon.it/dp/B08XJWL82Z?tag=offertissimes-21,13.25,17.89,25.9,13.25,Prima Infanzia e Maternità,Prima Infanzia e Maternità,Chicco,B08XJWL82Z,1,40,88
Chicco Bimba 0-24 Body a Manica Lunga in Morbido Cotone 263_3 | in Morbido Cotone 263_3,https://www.amazon.it/dp/B0G1CW28P6?tag=offertissimes-21,19.99,26.99,25.9,19.99,Prima Infanzia e Maternità,Prima Infanzia e Maternità,Chicco,B0G1CW28P6,1,40,88
K-Pop Demon Hunters - Huntrix Huntr/X Golden Trio Pose Kids T Shirt,https://www.amazon.it/dp/B0FL7FVYTJ?tag=offertissimes-21,19.99,26.99,25.9,19.99,Prima Infanzia e Maternità,Prima Infanzia e Maternità,K-Pop,B0FL7FVYTJ,1,40,88
Baby Uma Ganci Passeggino Porta Borse - Moschettoni [2 Pezzi] | La confezione include 2 ganci universali con cinturino antisc,https://www.amazon.it/dp/B01C39KST8?tag=offertissimes-21,12.99,17.54,25.9,12.99,Prima Infanzia e Maternità,Prima Infanzia e Maternità,Baby,B01C39KST8,1,40,88
"Chicco Urbino, Passeggino 0+ Mesi-22 Kg, Passeggino Leggero con Chiusura Smart e Compatta, Capotte Estensibile con Trattament",https://www.amazon.it/dp/B0DLWYQ2G3?tag=offertissimes-21,113.93,153.81,25.9,113.93,Prima Infanzia e Maternità,Prima Infanzia e Maternità,Chicco,B0DLWYQ2G3,1,40,88
"JRYXDS Cinture Universali per Seggiolone Cinghie per Seggiolone a 5 Punti, Regolabile Cintura di Sicurezza per Bambini per Se",https://www.amazon.it/dp/B0CZD58XG5?tag=offertissimes-21,9.99,13.49,25.9,9.99,Prima Infanzia e Maternità,Prima Infanzia e Maternità,JRYXDS,B0CZD58XG5,1,40,88
"Inglesina Passeggino leggero Quid 2, fino a 22kg, Compatto, Ottimo per Aereo, Elephant Grey, Verde",https://www.amazon.it/dp/B0D33RRVCZ?tag=offertissimes-21,163.11,220.2,25.9,163.11,Prima Infanzia e Maternità,Prima Infanzia e Maternità,Inglesina,B0D33RRVCZ,1,40,88
Zamboo Zanzariera Passeggino Universale – Grigio Nero | Rete a maglia fine | Pieghevole e lavabile | Universale per carrozzin,https://www.amazon.it/dp/B01HH1MZ6G?tag=offertissimes-21,9.99,13.49,25.9,9.99,Prima Infanzia e Maternità,Prima Infanzia e Maternità,Zamboo,B01HH1MZ6G,1,40,88
"Chicco Echo Lite Passeggino Leggero da 0 Mesi a 22 kg, Schienale Reclinabile in 4 Posizioni, Seduta Spaziosa, Manicotto Parac",https://www.amazon.it/dp/B0DLWJ2NQG?tag=offertissimes-21,74.9,101.12,25.9,74.9,Prima Infanzia e Maternità,Prima Infanzia e Maternità,Chicco,B0DLWJ2NQG,1,40,88
"Inglesina Parapioggia Per Passeggino, Compatibile Con Aptica, Aptica Xt, Trilogy E Quad, ‎15 x 2 10 cm; 400 grammi",https://www.amazon.it/dp/B07DSC18QN?tag=offertissimes-21,28.28,38.18,25.9,28.28,Prima Infanzia e Maternità,Prima Infanzia e Maternità,Inglesina,B07DSC18QN,1,40,88
"Leonardo Baby Passeggino Leggero Pieghevole 0-36 Mesi - Chiusura a Una Mano, Schienale Reclinabile, Cintura 5 Punti, Barra Re",https://www.amazon.it/dp/B0H95JG4GP?tag=offertissimes-21,59.9,80.87,25.9,59.9,Prima Infanzia e Maternità,Prima Infanzia e Maternità,Leonardo,B0H95JG4GP,1,40,88
"Vihir Pedana passeggino universale con sellino incluso compatibile con quasi tutti i modelli, Pedana buggy board per bambini",https://www.amazon.it/dp/B09BC1YY9Q?tag=offertissimes-21,46.67,63.0,25.9,46.67,Prima Infanzia e Maternità,Prima Infanzia e Maternità,Vihir,B09BC1YY9Q,1,40,88
"Inglesina Sacco Termico Passeggino 3 in 1, Interno in Caldo Fleece, Esterno Trapuntato Water-Resistant, Cappuccio Removibile,",https://www.amazon.it/dp/B0H94S798J?tag=offertissimes-21,72.3,97.61,25.9,72.3,Prima Infanzia e Maternità,Prima Infanzia e Maternità,Inglesina,B0H94S798J,1,40,88
4 Pezzi Ganci Passeggino Universali Macla - Ganci per Passeggino Porta Borse in Alluminio - Portaoggetti Passeggino con Chius,https://www.amazon.it/dp/B08KFH4C98?tag=offertissimes-21,8.47,11.43,25.9,8.47,Prima Infanzia e Maternità,Prima Infanzia e Maternità,4,B08KFH4C98,1,40,88
Stokke Vassoio Tripp Trapp® - Accessorio per Seggiolone - Bianco Vaniglia | Pratico per i pasti. Si aggancia in pochi secondi,https://www.amazon.it/dp/B0F9HNVWZ4?tag=offertissimes-21,53.0,71.55,25.9,53.0,Prima Infanzia e Maternità,Prima Infanzia e Maternità,Stokke,B0F9HNVWZ4,1,40,88
"Kinderkraft GRANDE PLUS Passeggino Leggero dalla Nascita fino 22 kg, Pieghevole con una Mano, Posizione Sdraiata, L'ammortizz",https://www.amazon.it/dp/B0B214SPFN?tag=offertissimes-21,116.3,157.0,25.9,116.3,Prima Infanzia e Maternità,Prima Infanzia e Maternità,Kinderkraft,B0B214SPFN,1,40,88
"Orzbow Zanzariera Universale per Passeggino, Nero | Rete Zanzare Neonato per Carrozzina con Doppia Cerniera e 3D Supporto PVC",https://www.amazon.it/dp/B09Q8XY883?tag=offertissimes-21,9.99,13.49,25.9,9.99,Prima Infanzia e Maternità,Prima Infanzia e Maternità,Orzbow,B09Q8XY883,1,40,88
"Parapioggia Passeggino Universale, Parapioggia Passeggino,Protezione Contro il Vento, Impermeabile, Protezione Dal Sole, Polv",https://www.amazon.it/dp/B08K75WMWR?tag=offertissimes-21,15.29,20.64,25.9,15.29,Prima Infanzia e Maternità,Prima Infanzia e Maternità,Parapioggia,B08K75WMWR,1,40,88
"Cybex Solution G2 Plus/Stormy Blue-light blue PU1, Blu tempestoso, Soluzione G2, Plus",https://www.amazon.it/dp/B0DJMCLC2D?tag=offertissimes-21,189.95,256.43,25.9,189.95,Prima Infanzia e Maternità,Prima Infanzia e Maternità,Cybex,B0DJMCLC2D,1,40,88
"Orzbow Parapioggia Passeggino Universale, Trasparenza | Copri Passeggino Pioggia, Porta Arrotolabile a Zip per un Accesso Fac",https://www.amazon.it/dp/B0FYPG93PP?tag=offertissimes-21,16.99,22.94,25.9,16.99,Prima Infanzia e Maternità,Prima Infanzia e Maternità,Orzbow,B0FYPG93PP,1,40,88
Medi Partners Coperta neonato ovetto Sacco per Passeggino - 100% Cotone universale Blanket 85x85cm fodera protettiva Morbida,https://www.amazon.it/dp/B09XQLRH6H?tag=offertissimes-21,23.27,31.41,25.9,23.27,Prima Infanzia e Maternità,Prima Infanzia e Maternità,Medi,B09XQLRH6H,1,40,88
"Bramble - Borsa da Trasporto Passeggino per Aereo Gate Check - Nylon Balistico Idrorepellente con Spallacci Neoprene, Sacca &",https://www.amazon.it/dp/B0DBLWYS47?tag=offertissimes-21,28.99,39.14,25.9,28.99,Prima Infanzia e Maternità,Prima Infanzia e Maternità,Bramble,B0DBLWYS47,1,40,88
"Kinderkraft APINO Passeggino Leggero fino 22 kg, Solo 7,5 Kg, Passeggino Da Viaggio, Pieghevole automatico, Schienale Regolab",https://www.amazon.it/dp/B0CHMND6XP?tag=offertissimes-21,93.85,126.7,25.9,93.85,Prima Infanzia e Maternità,Prima Infanzia e Maternità,Kinderkraft,B0CHMND6XP,1,40,88
"Inglesina Maior Passeggino Compatto e Leggero 7,9 kg, Ruote Grandi Ammortizzate, Seduta Ampia All Season, Chiusura con Una Ma",https://www.amazon.it/dp/B0G1T1C4XB?tag=offertissimes-21,245.84,331.88,25.9,245.84,Prima Infanzia e Maternità,Prima Infanzia e Maternità,Inglesina,B0G1T1C4XB,1,40,88
"HOMYBABY® Copri manubrio universale per passeggino, in tessuto lavabile, resistente e facile da installare, colore nero",https://www.amazon.it/dp/B0C5XZ58BL?tag=offertissimes-21,9.99,13.49,25.9,9.99,Prima Infanzia e Maternità,Prima Infanzia e Maternità,HOMYBABY,B0C5XZ58BL,1,40,88
KIDUKU® 3 in 1 Passeggino Completo Trio | Passeggino Sistema Combinato con Navicella Ovetto Seggiolino Auto Coprigambe | Pneu,https://www.amazon.it/dp/B09GGB9T5Q?tag=offertissimes-21,257.79,348.02,25.9,257.79,Prima Infanzia e Maternità,Prima Infanzia e Maternità,KIDUKU,B09GGB9T5Q,1,40,88
Zamboo Copriruota Passeggino Set 4 Coperture – Nero | Copriruote impermeabili per buggy e carrozzina | proteggono auto e casa,https://www.amazon.it/dp/B0DWN3WWVM?tag=offertissimes-21,9.99,13.49,25.9,9.99,Prima Infanzia e Maternità,Prima Infanzia e Maternità,Zamboo,B0DWN3WWVM,1,40,88
"Inglesina Parapioggia Per Passeggino Quid³, Compatibile Con Quid³, Trasparente",https://www.amazon.it/dp/B0F94KHSG7?tag=offertissimes-21,30.32,40.93,25.9,30.32,Prima Infanzia e Maternità,Prima Infanzia e Maternità,Inglesina,B0F94KHSG7,1,40,88
"URAQT Ganci Passeggino 2 Pezzi, Nero Ganci per Passeggino Gancio per borsa della spesa, Gancio Passeggino Universale Sicuri R",https://www.amazon.it/dp/B0D947WRJ3?tag=offertissimes-21,7.99,10.79,25.9,7.99,Prima Infanzia e Maternità,Prima Infanzia e Maternità,URAQT,B0D947WRJ3,1,40,88
MIMUSELINA Borsa Passeggino Universale e Cambio Bambino | Borsa Fasciatoio Neonato con Ampia Capacità e Scomparti Interni | O,https://www.amazon.it/dp/B0C6M58RZQ?tag=offertissimes-21,35.99,48.59,25.9,35.99,Prima Infanzia e Maternità,Prima Infanzia e Maternità,MIMUSELINA,B0C6M58RZQ,1,40,88
"Reer 72049 Parapioggia Universale, senza PVC",https://www.amazon.it/dp/B000P0YVKA?tag=offertissimes-21,9.48,12.8,25.9,9.48,Prima Infanzia e Maternità,Prima Infanzia e Maternità,Reer,B000P0YVKA,1,40,88
"Foppapedretti Tictoc Coprigambe, Olive",https://www.amazon.it/dp/B0C62H8G86?tag=offertissimes-21,36.8,49.68,25.9,36.8,Prima Infanzia e Maternità,Prima Infanzia e Maternità,Foppapedretti,B0C62H8G86,1,40,88
"Momcozy Marsupio Ergonomico Neonati Supporto Addominale 3D,fino a 20kg | Supporto Addominale 3D ed Ergonomico per Neonati, Id",https://www.amazon.it/dp/B0CSN6SMRK?tag=offertissimes-21,48.99,66.14,25.9,48.99,Prima Infanzia e Maternità,Prima Infanzia e Maternità,Momcozy,B0CSN6SMRK,1,40,88
Marsupio a fascia Upsie Ergobaby per bambini 6 ai 48 mesi | Ideale per utilizzi brevi - Ideale per i bambini piccoli sempre i,https://www.amazon.it/dp/B0FMYMNY23?tag=offertissimes-21,49.1,66.29,25.9,49.1,Prima Infanzia e Maternità,Prima Infanzia e Maternità,Marsupio,B0FMYMNY23,1,40,88
"LIONELO Margareet Air Marsupio Ergonomico per Bambini da 4 Mesi a 20 kg | 3 Posizioni d'Uso, Materiale Traspirante, Cappuccio",https://www.amazon.it/dp/B0FKBS9SY2?tag=offertissimes-21,40.98,55.32,25.9,40.98,Prima Infanzia e Maternità,Prima Infanzia e Maternità,LIONELO,B0FKBS9SY2,1,40,88
"AOOWU Fascia Neonato Porta Bebè, Regolabile Fascia per Neonati | Leggera e Pratica per il Massimo Comfort del Neonato, Facile",https://www.amazon.it/dp/B0FQC8PN6X?tag=offertissimes-21,19.99,26.99,25.9,19.99,Prima Infanzia e Maternità,Prima Infanzia e Maternità,AOOWU,B0FQC8PN6X,1,40,88
"AOOWU Fascia Porta Bebè Preannodata, Marsupio Neonato Ergonomico | Extra Morbido Fascia per Neonati in Cotone, Facile da Indo",https://www.amazon.it/dp/B0FR44VNPB?tag=offertissimes-21,25.99,35.09,25.9,25.99,Prima Infanzia e Maternità,Prima Infanzia e Maternità,AOOWU,B0FR44VNPB,1,40,88
"Ergobaby Omni Breeze Marsupio per neonati, 4 posizioni SoftFlex Mesh ergonomico frontale, Heathered Denim Blue",https://www.amazon.it/dp/B0GP1TNQYL?tag=offertissimes-21,147.46,199.07,25.9,147.46,Prima Infanzia e Maternità,Prima Infanzia e Maternità,Ergobaby,B0GP1TNQYL,1,40,88
"Boppy Comfyfit Evolution Portabebè, Semplice da Indossare e Regolabile, Portabebè Neonato Fronte Mamma Ergonomico con Support",https://www.amazon.it/dp/B0C7LF27YM?tag=offertissimes-21,53.71,72.51,25.9,53.71,Prima Infanzia e Maternità,Prima Infanzia e Maternità,Boppy,B0C7LF27YM,1,40,88
"GAGAKU Marsupio per bambole con cinghie regolabili, morbido trasportino per bambole",https://www.amazon.it/dp/B0H29JTB7X?tag=offertissimes-21,19.99,26.99,25.9,19.99,Prima Infanzia e Maternità,Prima Infanzia e Maternità,GAGAKU,B0H29JTB7X,1,40,88
"Marsupio Neonato,Marsupio Neonato 0-24 Mesi,Fascia Porta Bebe,Marsupio Neonati Ergonomico, Porta Bambino da 0-24 Mesi(Inferio",https://www.amazon.it/dp/B0D2T9Y29G?tag=offertissimes-21,28.04,37.85,25.9,28.04,Prima Infanzia e Maternità,Prima Infanzia e Maternità,Marsupio,B0D2T9Y29G,1,40,88
"Boba Fascia ad Anelli Ring Sling, Lino Bambù, Neonato-Bimbo, Lino Segale | Tessuto Arioso che tiene fresco il bebè d'estate,",https://www.amazon.it/dp/B0D43CZ11Z?tag=offertissimes-21,69.99,94.49,25.9,69.99,Prima Infanzia e Maternità,Prima Infanzia e Maternità,Boba,B0D43CZ11Z,1,40,88
"Tbintul Marsupio Flip Advanced,Regolabile Portantina Bebè,Marsupio per Neonati Dalla Nascita per Neonato e Bambino fino a 15k",https://www.amazon.it/dp/B0G2BJGD48?tag=offertissimes-21,18.99,25.64,25.9,18.99,Prima Infanzia e Maternità,Prima Infanzia e Maternità,Tbintul,B0G2BJGD48,1,40,88
"DROMADER Zaino Porta Bambino Montagna | Porta Bimbo Trekking con Parasole | Telaio in alluminio, sedile con cinture · Sistema",https://www.amazon.it/dp/B08HZ9M4BH?tag=offertissimes-21,179.99,242.99,25.9,179.99,Prima Infanzia e Maternità,Prima Infanzia e Maternità,DROMADER,B08HZ9M4BH,1,40,88
"Fascia portabebè regolabile | Regolabile davanti e dietro, fascia a anello,comodo portabebè per bambini, fascia portabebè per",https://www.amazon.it/dp/B0G3M57D1X?tag=offertissimes-21,26.99,36.44,25.9,26.99,Prima Infanzia e Maternità,Prima Infanzia e Maternità,Fascia,B0G3M57D1X,1,40,88
"AOOWU Fascia Porta Bebe, Laterale Fascia Neonat Regolabile, Fascia Neonato Ergonomico 0-36 Mesi, Traspirante Baby Carrier Fac",https://www.amazon.it/dp/B0FN3SH55L?tag=offertissimes-21,7.99,10.79,25.9,7.99,Prima Infanzia e Maternità,Prima Infanzia e Maternità,AOOWU,B0FN3SH55L,1,40,88
Fascia Neonato Cotone Organico Traspirante con 2 Bavaglini Inclusi Fascia Porta Bambino Fino a 15 kg Elastica Ergonomica 100%,https://www.amazon.it/dp/B082XYFT5K?tag=offertissimes-21,24.95,33.68,25.9,24.95,Prima Infanzia e Maternità,Prima Infanzia e Maternità,Fascia,B082XYFT5K,1,40,88
"SUNVENO - Seggiolino ergonomico per bambini, con cintura regolabile e tasca, per bambini da 0 a 20 kg（Grigio）",https://www.amazon.it/dp/B081G8DLVF?tag=offertissimes-21,39.0,52.65,25.9,39.0,Prima Infanzia e Maternità,Prima Infanzia e Maternità,SUNVENO,B081G8DLVF,1,40,88
"Marsupio Ergonomico V3.0 – Fascia Porta Bebè Laterale 6-36 Mesi | Marsupio laterale ergonomico 6-36 mesi, leggero e compatto,",https://www.amazon.it/dp/B0DJCHX4JK?tag=offertissimes-21,38.99,52.64,25.9,38.99,Prima Infanzia e Maternità,Prima Infanzia e Maternità,Marsupio,B0DJCHX4JK,1,40,88
"Boba X Marsupio Ergonomico Neonato-Bimbo, Regolabile, Grigio | Pannello e Spallacci Regolabili, cresce da 3 a 20 kg, Spalle I",https://www.amazon.it/dp/B07CZML8M5?tag=offertissimes-21,150.0,202.5,25.9,150.0,Prima Infanzia e Maternità,Prima Infanzia e Maternità,Boba,B07CZML8M5,1,40,88
"IBOPUXIU Marsupio Neonato Regolabile Traspirante 0-36 Mesi Ergonomico | Traspirante, Ergonomico, Regolabile, Per Neonati 0-36",https://www.amazon.it/dp/B0F43ZLP5D?tag=offertissimes-21,17.99,24.29,25.9,17.99,Prima Infanzia e Maternità,Prima Infanzia e Maternità,IBOPUXIU,B0F43ZLP5D,1,40,88
"Chicco Airy Hip Fit Marsupio Ergonomico 3-in-1 | Tessuto Traspirante 3D Flyknit, Supporto Base Removibile per Distribuzione P",https://www.amazon.it/dp/B0GQJCLS4X?tag=offertissimes-21,86.89,117.3,25.9,86.89,Prima Infanzia e Maternità,Prima Infanzia e Maternità,Chicco,B0GQJCLS4X,1,40,88
"Foppapedretti Marsupio Porta Bimbo Marsupi8, bambini da 3.5 a 9 Kg, rinforzo lombare, spallacci imbottiti, fibbie laterali, u",https://www.amazon.it/dp/B079HVD5RW?tag=offertissimes-21,54.8,73.98,25.9,54.8,Prima Infanzia e Maternità,Prima Infanzia e Maternità,Foppapedretti,B079HVD5RW,1,40,88
"Stokke Navicella Pieghevole YOYO³ 0+ - Trio Passeggino, Stone | 1ª tappa del sistema trio dalla nascita: materasso, capottina",https://www.amazon.it/dp/B0CXZRKVDM?tag=offertissimes-21,149.95,202.43,25.9,149.95,Prima Infanzia e Maternità,Prima Infanzia e Maternità,Stokke,B0CXZRKVDM,1,40,88
"Bebear Marsupio,Bebamour Marsupio per 0-36 mesi, marsupio traspirante da neonato a bambino, approvato dagli standard di sicur",https://www.amazon.it/dp/B096RSSWC2?tag=offertissimes-21,55.99,75.59,25.9,55.99,Prima Infanzia e Maternità,Prima Infanzia e Maternità,Bebear,B096RSSWC2,1,40,88
"Zamboo Copri Marsupio Neonato Universale, Antivento in Pile, Nero | Copertura per marsupio in pile, protegge il bambino dal f",https://www.amazon.it/dp/B0FY6X58LV?tag=offertissimes-21,39.9,53.87,25.9,39.9,Prima Infanzia e Maternità,Prima Infanzia e Maternità,Zamboo,B0FY6X58LV,1,40,88
IULONEE Marsupio Neonati Fascia Porta Bebè Mesh Neonato Carrier Colorato | Marsupi a Fascia Per Marsupio Regolabile Porta Beb,https://www.amazon.it/dp/B0CP5K62XJ?tag=offertissimes-21,30.99,41.84,25.9,30.99,Prima Infanzia e Maternità,Prima Infanzia e Maternità,IULONEE,B0CP5K62XJ,1,40,88
"NEKO Switch Baby Marsupio Ergonomico Neonato da 0-24 Mesi | Tessuto Premium a Trama Diagonale, Marsupio Certificato IHDI",https://www.amazon.it/dp/B09H3QYJRX?tag=offertissimes-21,189.0,255.15,25.9,189.0,Prima Infanzia e Maternità,Prima Infanzia e Maternità,NEKO,B09H3QYJRX,1,40,88
"BABYBJÖRN Copertina per Marsupio, Nero",https://www.amazon.it/dp/B07L7VGTLP?tag=offertissimes-21,40.98,55.32,25.9,40.98,Prima Infanzia e Maternità,Prima Infanzia e Maternità,Amazon Choice,B07L7VGTLP,1,40,88
"VIDSTW Portatile Fascia Neonato, Adatto a Tutte Le Stagioni Marsupio Neonato, Pieghevole Koala Babycare Fascia, Sicuro Marsup",https://www.amazon.it/dp/B0GYDB4DNG?tag=offertissimes-21,22.98,31.02,25.9,22.98,Prima Infanzia e Maternità,Prima Infanzia e Maternità,VIDSTW,B0GYDB4DNG,1,40,88
"HOTUT Baby Carrier Ergonomico, Hipseat Marsupi Sicurezza Supporto, Porta Bambino Cintura Regolabile e Tasca, per Bambini da 0",https://www.amazon.it/dp/B0DP4P7RKW?tag=offertissimes-21,25.99,35.09,25.9,25.99,Prima Infanzia e Maternità,Prima Infanzia e Maternità,HOTUT,B0DP4P7RKW,1,40,88
"Beco Marsupio Bambino 24-48 Mesi, Cotone, Seduta Larga, Grigio | Porta a Zaino o Frontale per trekking e viaggi, Cappuccio Na",https://www.amazon.it/dp/B0CCFQWWB1?tag=offertissimes-21,86.07,116.19,25.9,86.07,Prima Infanzia e Maternità,Prima Infanzia e Maternità,Beco,B0CCFQWWB1,1,40,88
"Grupo Erik Marie Aristogatti Album Fotografico 10x15 cm | 100 Foto Ricordo | Album Foto, Copertina Rigida, Regalo Disney",https://www.amazon.it/dp/B0DT1J2ZPV?tag=offertissimes-21,4.58,6.18,25.9,4.58,Prima Infanzia e Maternità,Prima Infanzia e Maternità,Grupo,B0DT1J2ZPV,1,40,88
LALFOF® Cornice Impronta Mani e Piedi Neonati 7in1 Con Nome e Porta Oggetti. Cornice Impronte Neonato Personalizzabile (lista,https://www.amazon.it/dp/B07YRK6TYK?tag=offertissimes-21,23.97,32.36,25.9,23.97,Prima Infanzia e Maternità,Prima Infanzia e Maternità,LALFOF,B07YRK6TYK,1,40,88
Album Nascita Bambina e Bambino Il Mio Primo Anno Copertina In Lino e 75 Pagine + Adesivi | Libro Ricordi Neonato Ideale per,https://www.amazon.it/dp/B0F88N519V?tag=offertissimes-21,21.95,29.63,25.9,21.95,Prima Infanzia e Maternità,Prima Infanzia e Maternità,Album,B0F88N519V,1,40,88
Sophie la Girafe - Cofanetto GCF Giraffe Conservation - Dalla Nascita,https://www.amazon.it/dp/B08VK9N4BP?tag=offertissimes-21,16.94,22.87,25.9,16.94,Prima Infanzia e Maternità,Prima Infanzia e Maternità,Sophie,B08VK9N4BP,1,40,88
"HuBorns - Kit Impronte Neonato con Argilla e Cornice | Calco Mani e Piedi, Idea Regalo Nascita o Battesimo, Ricordo Originale",https://www.amazon.it/dp/B07YB5FCY6?tag=offertissimes-21,19.95,26.93,25.9,19.95,Prima Infanzia e Maternità,Prima Infanzia e Maternità,HuBorns,B07YB5FCY6,1,40,88
"Grupo Erik Album Fotografico 10x15 cm Cute Rabbit | Album Foto 200 Tasche | Copertina Rigida, 2 Foto per Pagina, Personalizza",https://www.amazon.it/dp/B084K9PH58?tag=offertissimes-21,9.83,13.27,25.9,9.83,Prima Infanzia e Maternità,Prima Infanzia e Maternità,Grupo,B084K9PH58,1,40,88
"Chicco Libro Nascita Per Neonati E Bambini, Album dei Ricordi, Diario Con Spazi Per Note E Fotografie, Rosa, ‎27.5x25x3 cm, I",https://www.amazon.it/dp/B009FWE21M?tag=offertissimes-21,19.55,26.39,25.9,19.55,Prima Infanzia e Maternità,Prima Infanzia e Maternità,Chicco,B009FWE21M,1,40,88
"HuBorns - Kit Impronte Neonato con Argilla e Cornice | Calco Mani e Piedi, Idea Regalo Nascita o Battesimo, Ricordo Originale",https://www.amazon.it/dp/B097FBL3R4?tag=offertissimes-21,23.95,32.33,25.9,23.95,Prima Infanzia e Maternità,Prima Infanzia e Maternità,HuBorns,B097FBL3R4,1,40,88
"8 Bustine Corredino Neonato Ospedale Teddy Bear con Pennarello | Indispensabili per una Borsa Parto Più Ordinata, Riutilizzab",https://www.amazon.it/dp/B0BD2H14PS?tag=offertissimes-21,8.99,12.14,25.9,8.99,Prima Infanzia e Maternità,Prima Infanzia e Maternità,8,B0BD2H14PS,1,40,88
"HuBorns - Album Nascita Bambina e Bambino per Incollare Foto e Scritte con +50 Pagine e Adesivi, Album Fotografico Neonato pe",https://www.amazon.it/dp/B0CVXNSVL8?tag=offertissimes-21,18.95,25.58,25.9,18.95,Prima Infanzia e Maternità,Prima Infanzia e Maternità,HuBorns,B0CVXNSVL8,1,40,88
"GOLDGE 10 Bustine Corredino del Neonato Ospedale, 38 * 25 cm, Trasparente | Sacchetti Cambio Neonato Ospedale Riutilizzabili",https://www.amazon.it/dp/B089YJZMP3?tag=offertissimes-21,8.99,12.14,25.9,8.99,Prima Infanzia e Maternità,Prima Infanzia e Maternità,GOLDGE,B089YJZMP3,1,40,88
Teddy Bag 8 Bustine Corredino Neonato 100% Made In Italy Sacchetti Cambio Bimbo Borsone Nascita per Future Mamme Borsa Parto,https://www.amazon.it/dp/B081M8VZ94?tag=offertissimes-21,16.9,22.82,25.9,16.9,Prima Infanzia e Maternità,Prima Infanzia e Maternità,Teddy,B081M8VZ94,1,40,88
"Album Nascita Bambino/a, Design Neutro ed Elegante | Libro Nascita Bimbo/a con Adesivi Oro, Album Ricordi Neonato, Tanto Spaz",https://www.amazon.it/dp/B0CVV4CYJB?tag=offertissimes-21,15.99,21.59,25.9,15.99,Prima Infanzia e Maternità,Prima Infanzia e Maternità,Album,B0CVV4CYJB,1,40,88
"HuBorns - Album Nascita Bambina e Bambino per Incollare Foto e Scritte | +50 Pagine e Adesivi, Album Fotografico Neonato, Pri",https://www.amazon.it/dp/B0FY6N3X2D?tag=offertissimes-21,18.95,25.58,25.9,18.95,Prima Infanzia e Maternità,Prima Infanzia e Maternità,HuBorns,B0FY6N3X2D,1,40,88
"Grupo Erik Art Lover Album Fotografico 13x20 cm | Album Foto con 200 Tasche | Copertina Rigida, Compatibile con Foto 10x15, 1",https://www.amazon.it/dp/B0DVT2CQ5Q?tag=offertissimes-21,6.47,8.73,25.9,6.47,Prima Infanzia e Maternità,Prima Infanzia e Maternità,Grupo,B0DVT2CQ5Q,1,40,88
"Album Nascita Bambino/a, Copertina in Lino Personalizzabile e Adesivi Oro | Crea Ricordi da Custodire e Amare, Libro Nascita",https://www.amazon.it/dp/B0DPCRYF73?tag=offertissimes-21,16.99,22.94,25.9,16.99,Prima Infanzia e Maternità,Prima Infanzia e Maternità,Album,B0DPCRYF73,1,40,88
"Chicco, Set Regalo Nascita My Sweet DouDou, Morbido DouDou Copertina Topolino, Tenero Portaciuccio in Velluto Soffice, Massag",https://www.amazon.it/dp/B0C5S8TV7W?tag=offertissimes-21,11.28,15.23,25.9,11.28,Prima Infanzia e Maternità,Prima Infanzia e Maternità,Chicco,B0C5S8TV7W,1,40,88
"HuBorns - Cornice Impronta Mani e Piedi Neonati | Spazio per 4 Impronte, Kit per Dipingere Impronte, Set Impronte Famiglia, I",https://www.amazon.it/dp/B0D2H2ZZSC?tag=offertissimes-21,21.95,29.63,25.9,21.95,Prima Infanzia e Maternità,Prima Infanzia e Maternità,HuBorns,B0D2H2ZZSC,1,40,88
"Diario della Gravidanza da Compilare, Regalo Prezioso per Future Mamme | Tanto Spazio per Foto Ecografie Pensieri e Ricordi,",https://www.amazon.it/dp/B0CM9CTMGP?tag=offertissimes-21,19.99,26.99,25.9,19.99,Prima Infanzia e Maternità,Prima Infanzia e Maternità,Diario,B0CM9CTMGP,1,40,88
"Set Impronte Bimbi,Impronta Mani e Piedi Neonati,Non Tossici Sicuri, Kit Impronte Neonato, per Neonati da 0 a 6 Mesi Cucciolo",https://www.amazon.it/dp/B0B5ZX5LZ7?tag=offertissimes-21,7.99,10.79,25.9,7.99,Prima Infanzia e Maternità,Prima Infanzia e Maternità,Set,B0B5ZX5LZ7,1,40,88
"Tiny Love Magic Box Quadrata, Scatola Ricordi Neonato, Impronta Mani e Piedi Neonati, Kit impronte neonato, Testato Dermatolo",https://www.amazon.it/dp/B0F2MJQPB8?tag=offertissimes-21,12.99,17.54,25.9,12.99,Prima Infanzia e Maternità,Prima Infanzia e Maternità,Tiny,B0F2MJQPB8,1,40,88
HOMYKIDS® Scatola Dentini da Latte per Bambino e Bambina + [e-book GRATUITO] – Scatola dei Dentini – Topolino dei Dentini/Fat,https://www.amazon.it/dp/B0FZCGCWHC?tag=offertissimes-21,11.99,16.19,25.9,11.99,Prima Infanzia e Maternità,Prima Infanzia e Maternità,HOMYKIDS,B0FZCGCWHC,1,40,88
Interbaby Copertina Neonato Cotone 80x110 + Doudou Orsetto Regalo (Beige) | Coperta a bolle vellutata + peluche orso 28x17 cm,https://www.amazon.it/dp/B07FF35KPS?tag=offertissimes-21,14.36,19.39,25.9,14.36,Prima Infanzia e Maternità,Prima Infanzia e Maternità,Interbaby,B07FF35KPS,1,40,88
"HuBorns - Album Nascita Bambina e Bambino | Per Incollare Foto e Scritte, +50 Pagine e Adesivi, Album Fotografico Neonato, Pr",https://www.amazon.it/dp/B0DK29MZNC?tag=offertissimes-21,17.95,24.23,25.9,17.95,Prima Infanzia e Maternità,Prima Infanzia e Maternità,HuBorns,B0DK29MZNC,1,40,88
I tre piccoli gufi. Ediz. a colori,https://www.amazon.it/dp/8804702591?tag=offertissimes-21,6.23,8.41,25.9,6.23,Prima Infanzia e Maternità,Prima Infanzia e Maternità,I,8804702591,1,40,88
"PewinGo Kit Impronte Mani e Piedi Neonato, Argilla Sicura al 100% | Cornice Ricordo in Legno Massello Potenziata per Nuove Ma",https://www.amazon.it/dp/B076CPGRGR?tag=offertissimes-21,19.99,26.99,25.9,19.99,Prima Infanzia e Maternità,Prima Infanzia e Maternità,PewinGo,B076CPGRGR,1,40,88
"PewinGo Cornice con Impronta Bimbo, Set Impronte Bimbi con un Touchpad 100% Safe For Baby Senza Inchiostro- un Ricordo per il",https://www.amazon.it/dp/B07M7KPQFN?tag=offertissimes-21,18.99,25.64,25.9,18.99,Prima Infanzia e Maternità,Prima Infanzia e Maternità,PewinGo,B07M7KPQFN,1,40,88
"Mellin Merenda, Mix Gusti, Mela, Pera e Frutta Mista, 18x90g | 100% Frutta Mista con Vitamina C, Indicato a partire dal 6° me",https://www.amazon.it/dp/B089TG5954?tag=offertissimes-21,14.25,19.24,25.9,14.25,Prima Infanzia e Maternità,Prima Infanzia e Maternità,Mellin,B089TG5954,1,40,88
Plasmon Biscotto Classico 720 g,https://www.amazon.it/dp/B001OZC3NM?tag=offertissimes-21,11.5,15.53,25.9,11.5,Prima Infanzia e Maternità,Prima Infanzia e Maternità,Plasmon,B001OZC3NM,1,40,88
"Chicco Detergente Biberon, Ciucci e Stoviglie 300ml, Senza Coloranti e Fragranze, Formula con Ingredienti di Origine Naturale",https://www.amazon.it/dp/B07KDG6YPK?tag=offertissimes-21,12.9,17.42,25.9,12.9,Prima Infanzia e Maternità,Prima Infanzia e Maternità,Chicco,B07KDG6YPK,1,40,88
"APTAMIL Nutribiotik 3, Latte di Crescita Liquido - 6x1L | Dal 12° Mese Compiuto al 24° Mese, Pronto all'Uso, FORMATO CONVENIE",https://www.amazon.it/dp/B0F3NVFTLX?tag=offertissimes-21,15.48,20.9,25.9,15.48,Prima Infanzia e Maternità,Prima Infanzia e Maternità,APTAMIL,B0F3NVFTLX,1,40,88
Plasmon Omogeneizzato Pollo 12x80g,https://www.amazon.it/dp/B01M1LO29Q?tag=offertissimes-21,20.0,27.0,25.9,20.0,Prima Infanzia e Maternità,Prima Infanzia e Maternità,Plasmon,B01M1LO29Q,1,40,88
"Mellin Omogeneizzato, Mix Gusti Carne, Naturale, 24x80g | Pollo, Vitello e Manzo, Per Bambini dal 4° Mese Compiuto",https://www.amazon.it/dp/B0B2F1KKFN?tag=offertissimes-21,31.5,42.53,25.9,31.5,Prima Infanzia e Maternità,Prima Infanzia e Maternità,Mellin,B0B2F1KKFN,1,40,88
"Mellin 3, Latte di Crescita Liquido - 6x1L (6L) | Dal 1° Anno Compiuto al 2° Anno, Pronto all'uso FORMATO CONVENIENZA",https://www.amazon.it/dp/B0F3P3BRTX?tag=offertissimes-21,11.88,16.04,25.9,11.88,Prima Infanzia e Maternità,Prima Infanzia e Maternità,Mellin,B0F3P3BRTX,1,40,88
"Philips Avent Biberon Natural Response - 3 biberon da 260 ml per neonati da 3-6 mese in su, senza BPA (modello SCY903/03)",https://www.amazon.it/dp/B0BWFNBJ7C?tag=offertissimes-21,15.98,21.57,25.9,15.98,Prima Infanzia e Maternità,Prima Infanzia e Maternità,Philips,B0BWFNBJ7C,1,40,88
"APTAMIL Nutribiotik 4, Latte di Crescita Liquido - 6x1L | Dal 24° Mese Compiuto, Pronto all'Uso, FORMATO CONVENIENZA",https://www.amazon.it/dp/B0F3NYQYNQ?tag=offertissimes-21,16.14,21.79,25.9,16.14,Prima Infanzia e Maternità,Prima Infanzia e Maternità,APTAMIL,B0F3NYQYNQ,1,40,88
"MAM Biberon Easy Active Baby Bottle 330 ml (Set da 2), Kit da 2 biberon MAM per bambini attivi ergonomici e pratici, Accessor",https://www.amazon.it/dp/B0F29LG9NZ?tag=offertissimes-21,9.83,13.27,25.9,9.83,Prima Infanzia e Maternità,Prima Infanzia e Maternità,MAM,B0F29LG9NZ,1,40,88
"Philips Avent SCF721/20 Set Vasetti per la Conservazione delle Pappe, 10 Pezzi 180 ml + 10 Pezzi 240 ml",https://www.amazon.it/dp/B00M6POLUM?tag=offertissimes-21,20.24,27.32,25.9,20.24,Prima Infanzia e Maternità,Prima Infanzia e Maternità,Philips,B00M6POLUM,1,40,88
"Babymoov A004309 Babybols Set Da Sei Vasetti Ermetici Conservazione Pappe, 250 Ml, ‎Multicolore, ‎10.41 x 14.48 x 11.43 cm; 2",https://www.amazon.it/dp/B01M7SCDDA?tag=offertissimes-21,7.87,10.62,25.9,7.87,Prima Infanzia e Maternità,Prima Infanzia e Maternità,Babymoov,B01M7SCDDA,1,40,88
"Mellin 4, Latte di Crescita Liquido - 6x1L (6L) | Dal 2° Anno Compiuto al 3° Anno, Pronto all'uso FORMATO CONVENIENZA",https://www.amazon.it/dp/B0F3P24Y59?tag=offertissimes-21,11.76,15.88,25.9,11.76,Prima Infanzia e Maternità,Prima Infanzia e Maternità,Mellin,B0F3P24Y59,1,40,88
"Chicco Training Cup, in Plastica Un Bicchiere Antigoccia Bambini, Una Tazza per Imparare a Bere, Beccuccio Ergonomico Semi-So",https://www.amazon.it/dp/B0DTPQVJFT?tag=offertissimes-21,6.14,8.29,25.9,6.14,Prima Infanzia e Maternità,Prima Infanzia e Maternità,Chicco,B0DTPQVJFT,1,40,88
"Mellin Omogeneizzati, Mix Gusti Pesce con Verdure, 100% Naturale, 12x80g | Spigola, Platessa e Orata, Per Bambini dal 6° Mese",https://www.amazon.it/dp/B09MJ1KXG8?tag=offertissimes-21,28.15,38.0,25.9,28.15,Prima Infanzia e Maternità,Prima Infanzia e Maternità,Mellin,B09MJ1KXG8,1,40,88
"Philips Avent Tettarella per biberon Natural Response - 2 tettarelle per biberon a flusso 4, per bambini da 3 mesi in su, sen",https://www.amazon.it/dp/B0BWFP3RXD?tag=offertissimes-21,5.07,6.84,25.9,5.07,Prima Infanzia e Maternità,Prima Infanzia e Maternità,Philips,B0BWFP3RXD,1,40,88
"Medela Sacche Monouso Easy Pour per la Conservazione del Latte Materno, Capacità 210 ml, Design a Prova di Perdite con Protez",https://www.amazon.it/dp/B0D97R57G3?tag=offertissimes-21,13.11,17.7,25.9,13.11,Prima Infanzia e Maternità,Prima Infanzia e Maternità,Medela,B0D97R57G3,1,40,88
"Momcozy S9 Pro Tiralatte Elettrico Indossabile Mani Libere 24mm 285mmHg | 2 Modalità e 9 Livelli,Display LED,Autonomia fino a",https://www.amazon.it/dp/B0GQL7P18N?tag=offertissimes-21,64.99,87.74,25.9,64.99,Prima Infanzia e Maternità,Prima Infanzia e Maternità,Momcozy,B0GQL7P18N,1,40,88
"Haribo Orsetti D'Oro Multipack, 21 Mini Bustine Da 12gr, Caramelle Gommose, Gusto Frutta, Ideali Per Una Festa Di Compleanno",https://www.amazon.it/dp/B01D1PSRZK?tag=offertissimes-21,2.07,2.79,25.8,2.07,"Alimentari, Caffè e Bevande","Alimentari, Caffè e Bevande",Haribo,B01D1PSRZK,1,40,88
"essence Lash PRINCESS sculpted volume mascara, 12 ml | Mascara Nero con Scovolino Curvo e Affusolato per Volume Modulabile e",https://www.amazon.it/dp/B06WW9SJ5M?tag=offertissimes-21,2.3,3.1,25.8,2.3,Bellezza e Cura della Persona,Bellezza e Cura della Persona,essence,B06WW9SJ5M,1,40,88
"Cotton Sound GOLD Bastoncini Cotonati 1 confezione x 300 Pezzi | Scatola Apri e Chiudi, bastoncini in Carta Biodegradabile, 1",https://www.amazon.it/dp/B07MWDRYVW?tag=offertissimes-21,1.55,2.09,25.8,1.55,Bellezza e Cura della Persona,Bellezza e Cura della Persona,Cotton,B07MWDRYVW,1,40,88
"Leocrema - Crema Mani e Unghie Idratante, con Cheratina e Vitamina E, Assorbimento Rapido, 100ml",https://www.amazon.it/dp/B0087NESPA?tag=offertissimes-21,1.47,1.98,25.8,1.47,Bellezza e Cura della Persona,Bellezza e Cura della Persona,Leocrema,B0087NESPA,1,40,88
"essence Make-up THE slim STICK colore intenso (1.7g) | Tenuta a lunga durata, Ultra pigmentato, Risultati immediati, Rossetto",https://www.amazon.it/dp/B0CQKHPPJZ?tag=offertissimes-21,2.87,3.87,25.8,2.87,Bellezza e Cura della Persona,Bellezza e Cura della Persona,essence,B0CQKHPPJZ,1,40,88
Ess. I Love Extreme Mascara Crazy Volume,https://www.amazon.it/dp/B00GSUCEJ6?tag=offertissimes-21,2.21,2.98,25.8,2.21,Bellezza e Cura della Persona,Bellezza e Cura della Persona,Ess,B00GSUCEJ6,1,40,88
"MADAMA OLIVA, Lupini Sgusciati, Gustosi Snack Ideali per Accompagnare Insalate, Riso e Zuppe, Ricca Fonte di Proteine, Basso",https://www.amazon.it/dp/B07GT1KTKK?tag=offertissimes-21,1.78,2.4,25.8,1.78,"Alimentari, Caffè e Bevande","Alimentari, Caffè e Bevande",MADAMA,B07GT1KTKK,1,40,88
"PENTA Germogli Bambù Sottovuoto - 454 gr | Affettati premium dalla Thailandia, qualità superiore, confezionamento sottovuoto",https://www.amazon.it/dp/B089N73CCN?tag=offertissimes-21,2.27,3.06,25.8,2.27,"Alimentari, Caffè e Bevande","Alimentari, Caffè e Bevande",PENTA,B089N73CCN,1,40,88
"STAR il Mio Dado Vegetale con 9 verdure, 10 Dadi, 100 gr, senza conservanti, senza lattosio e senza glutine. Ottimo insaporit",https://www.amazon.it/dp/B0036ADWBK?tag=offertissimes-21,1.18,1.59,25.8,1.18,"Alimentari, Caffè e Bevande","Alimentari, Caffè e Bevande",STAR,B0036ADWBK,1,40,88
"Madama Oliva Olive Verdi Giganti Denocciolate 80g, Varietà Halkidiki, Gusto Lime e Pepe Rosa, Lavorazione Sivigliana, Senza C",https://www.amazon.it/dp/B0DYNTBGYD?tag=offertissimes-21,1.98,2.67,25.8,1.98,"Alimentari, Caffè e Bevande","Alimentari, Caffè e Bevande",Madama,B0DYNTBGYD,1,40,88
"by Amazon Mezze Pere Allo Sciroppo, 411g",https://www.amazon.it/dp/B0C8VCGD11?tag=offertissimes-21,1.87,2.52,25.8,1.87,"Alimentari, Caffè e Bevande","Alimentari, Caffè e Bevande",by,B0C8VCGD11,1,40,88
"CHEERIOOS Cereali Integrali al Miele 330g | Ciambelline di avena frumento e orzo integrali fonte di fibre. Con miele, 7 vitam",https://www.amazon.it/dp/B0CG2VSKBT?tag=offertissimes-21,2.84,3.83,25.8,2.84,"Alimentari, Caffè e Bevande","Alimentari, Caffè e Bevande",CHEERIOOS,B0CG2VSKBT,1,40,88
Farina di Fiocco di Avena 500 g BIO,https://www.amazon.it/dp/B01M2DAO8H?tag=offertissimes-21,2.64,3.56,25.8,2.64,"Alimentari, Caffè e Bevande","Alimentari, Caffè e Bevande",Farina,B01M2DAO8H,1,40,88
"Cannamela, Linea Busta Super, Cannella in Stecche, Confezione da 15g, Ideale per Strudel e Torte di Mele, Crema al Mascarpone",https://www.amazon.it/dp/B09MSJYG2X?tag=offertissimes-21,1.61,2.17,25.8,1.61,"Alimentari, Caffè e Bevande","Alimentari, Caffè e Bevande",Cannamela,B09MSJYG2X,1,40,88
"Hyalo Gyn – Ovuli Vaginali Contro la Secchezza Vaginale |10 Ovuli | Tecnologia Hydeal-D® 0,2% a Base di Acido Ialuronico | 1",https://www.amazon.it/dp/B081VDTFY9?tag=offertissimes-21,2.64,3.56,25.8,2.64,"Salute, Igiene e Integratori","Salute, Igiene e Integratori",Hyalo,B081VDTFY9,1,40,88
"Chicco Assorbenti Post-Parto Con 3 Strati, Garantisce Massima Protezione, Confortevoli e Assorbenti, Confezione Da 30 Pezzi,",https://www.amazon.it/dp/B008JVR67C?tag=offertissimes-21,1.35,1.82,25.8,1.35,"Salute, Igiene e Integratori","Salute, Igiene e Integratori",Chicco,B008JVR67C,1,40,88
"Naturaverde | Detergente Intimo all'Aloe e Menta, 300ml | 0",https://www.amazon.it/dp/B0B77KGX79?tag=offertissimes-21,1.47,1.98,25.8,1.47,"Salute, Igiene e Integratori","Salute, Igiene e Integratori",Naturaverde,B0B77KGX79,1,40,88
"Nuvenia Proteggi Slip Extra Lungo, 28 Pezzi | Uso Quotidiano, Controllo degli Odori, Protezione e Comfort per il Giorno",https://www.amazon.it/dp/B00E4L02YK?tag=offertissimes-21,1.81,2.44,25.8,1.81,"Salute, Igiene e Integratori","Salute, Igiene e Integratori",Nuvenia,B00E4L02YK,1,40,88
"o.b. ProComfort Normal Assorbenti Interni per Mestruazioni, 16 pezzi | Tamponi interni per flusso medio e intenso, Facili da",https://www.amazon.it/dp/B00DMAVC5C?tag=offertissimes-21,1.81,2.44,25.8,1.81,"Salute, Igiene e Integratori","Salute, Igiene e Integratori",o.b,B00DMAVC5C,1,40,88
"Staedtler matite Noris, confezione da 2 matite di gradazione 2H, alta qualità e resistenza, 120-4 BK2D",https://www.amazon.it/dp/B0012L8G2U?tag=offertissimes-21,1.55,2.09,25.8,1.55,"Casa, Cucina ed Elettrodomestici","Casa, Cucina ed Elettrodomestici",Staedtler,B0012L8G2U,0,40,88
"Amtra - Retino per Pesci d'Acqua Dolce o Salata, Retino Acquario in nylon a maglia fine, Manico Rinforzato, Resistente, 12X36",https://www.amazon.it/dp/B0186ZRB34?tag=offertissimes-21,2.04,2.75,25.8,2.04,Animali Domestici (Pet Care),Animali Domestici (Pet Care),Amtra,B0186ZRB34,1,40,88
"COTTON SOUND ECO Bastoncini Cotonati Busta 1 confezione x 160 Pezzi | Ecologici e biodegradabili, 100% Puro Cotone Idrofilo,",https://www.amazon.it/dp/B09TV71BYH?tag=offertissimes-21,0.98,1.32,25.8,0.98,Prima Infanzia e Maternità,Prima Infanzia e Maternità,COTTON,B09TV71BYH,1,40,88
"Nice Baby Talco Salviette per Cambio Pannolino, con Camomilla e Glicerina ad Effetto Addolcente sulla Pelle, Dermatologicamen",https://www.amazon.it/dp/B07Y73Y8L1?tag=offertissimes-21,0.75,1.01,25.7,0.75,Prima Infanzia e Maternità,Prima Infanzia e Maternità,Nice,B07Y73Y8L1,1,40,88
"Nice Baby Acqua Salviette per Cambio Pannolino, con il 98% di Acqua ed Estratto di Aloe, Dermatologicamente Testate, Confezio",https://www.amazon.it/dp/B0CWHXF9NY?tag=offertissimes-21,0.81,1.09,25.7,0.81,Prima Infanzia e Maternità,Prima Infanzia e Maternità,Nice,B0CWHXF9NY,1,40,88
"by Amazon Ceci In Acqua, 400g",https://www.amazon.it/dp/B08T6YYBHL?tag=offertissimes-21,1.04,1.4,25.7,1.04,"Alimentari, Caffè e Bevande","Alimentari, Caffè e Bevande",by,B08T6YYBHL,1,40,88
"LV Zheng Food Zenzero Rosso in Fette - 150 gr | Zenzero candito di qualità superiore dalla Cina, snack naturale e gustoso per",https://www.amazon.it/dp/B014DVA87Q?tag=offertissimes-21,1.27,1.71,25.7,1.27,"Alimentari, Caffè e Bevande","Alimentari, Caffè e Bevande",LV,B014DVA87Q,1,40,88
"by Amazon Fagioli Rossi In Acqua, 400g",https://www.amazon.it/dp/B08T6Z47YN?tag=offertissimes-21,0.87,1.17,25.6,0.87,"Alimentari, Caffè e Bevande","Alimentari, Caffè e Bevande",by,B08T6Z47YN,1,40,88
